ISO-10303-21;
HEADER;
FILE_DESCRIPTION(('FreeCAD Model'),'2;1');
FILE_NAME('Open CASCADE Shape Model','2026-10-02T21:04:03',('FreeCAD'),(
    'FreeCAD'),'Open CASCADE STEP processor 7.8','FreeCAD','Unknown');
FILE_SCHEMA(('AUTOMOTIVE_DESIGN { 1 0 10303 214 1 1 1 1 }'));
ENDSEC;
DATA;
#1 = APPLICATION_PROTOCOL_DEFINITION('international standard',
  'automotive_design',2000,#2);
#2 = APPLICATION_CONTEXT(
  'core data for automotive mechanical design processes');
#3 = SHAPE_DEFINITION_REPRESENTATION(#4,#10);
#4 = PRODUCT_DEFINITION_SHAPE('','',#5);
#5 = PRODUCT_DEFINITION('design','',#6,#9);
#6 = PRODUCT_DEFINITION_FORMATION('','',#7);
#7 = PRODUCT('Open CASCADE STEP translator 7.8 2',
  'Open CASCADE STEP translator 7.8 2','',(#8));
#8 = PRODUCT_CONTEXT('',#2,'mechanical');
#9 = PRODUCT_DEFINITION_CONTEXT('part definition',#2,'design');
#10 = ADVANCED_BREP_SHAPE_REPRESENTATION('',(#11,#15),#7209);
#11 = AXIS2_PLACEMENT_3D('',#12,#13,#14);
#12 = CARTESIAN_POINT('',(0.,0.,0.));
#13 = DIRECTION('',(0.,0.,1.));
#14 = DIRECTION('',(1.,0.,-0.));
#15 = MANIFOLD_SOLID_BREP('',#16);
#16 = CLOSED_SHELL('',(#17,#57,#90,#121,#783,#808,#833,#857,#2250,#2267,
    #2291,#2316,#2341,#2358,#2383,#2408,#2433,#2458,#2480,#2497,#2514,
    #2526,#2548,#2565,#2582,#2594,#2619,#2641,#2658,#2675,#2687,#2709,
    #2731,#2753,#2770,#2787,#2799,#2821,#2838,#2855,#2867,#2889,#2906,
    #2923,#2935,#2960,#2992,#3016,#3040,#3065,#3090,#3114,#3138,#3162,
    #3187,#3211,#3235,#3260,#3284,#3308,#3332,#3357,#3382,#3406,#3430,
    #3472,#3497,#3521,#3545,#3580,#3605,#3636,#3660,#3684,#3701,#3718,
    #3735,#3752,#3769,#3781,#3806,#3837,#3861,#3885,#3909,#3933,#3957,
    #3981,#4005,#4029,#4053,#4077,#4094,#4125,#4149,#4173,#4197,#4221,
    #4245,#4269,#4286,#4319,#4345,#4371,#4395,#4419,#4443,#4467,#4491,
    #4515,#4539,#4563,#4587,#4611,#4635,#4661,#4687,#4713,#4739,#4765,
    #4789,#4808,#4841,#4867,#4893,#4919,#4945,#4971,#4997,#5016,#5049,
    #5073,#5097,#5121,#5145,#5169,#5195,#5221,#5247,#5271,#5295,#5319,
    #5345,#5371,#5397,#5423,#5447,#5466,#5497,#5521,#5545,#5562,#5593,
    #5617,#5641,#5665,#5689,#5715,#5739,#5765,#5791,#5815,#5832,#5863,
    #5887,#5911,#5935,#5959,#5985,#6011,#6035,#6059,#6083,#6107,#6131,
    #6155,#6172,#6192,#6212,#6232,#6252,#6272,#6292,#6324,#6344,#6364,
    #6384,#6396,#6413,#6433,#6523,#6552,#6568,#6594,#6606,#6625,#6647,
    #6672,#6697,#6722,#6747,#6772,#6797,#6822,#6847,#6883,#6911,#6940,
    #6969,#6997,#7027,#7051,#7075,#7092,#7101,#7110,#7119,#7128,#7137,
    #7146,#7155,#7164,#7181,#7195));
#17 = ADVANCED_FACE('',(#18),#52,.F.);
#18 = FACE_BOUND('',#19,.F.);
#19 = EDGE_LOOP('',(#20,#30,#38,#46));
#20 = ORIENTED_EDGE('',*,*,#21,.F.);
#21 = EDGE_CURVE('',#22,#24,#26,.T.);
#22 = VERTEX_POINT('',#23);
#23 = CARTESIAN_POINT('',(-3.,-8.881784197001E-16,21.65));
#24 = VERTEX_POINT('',#25);
#25 = CARTESIAN_POINT('',(-3.,-8.881784197001E-16,22.85));
#26 = LINE('',#27,#28);
#27 = CARTESIAN_POINT('',(-3.,-8.881784197001E-16,21.65));
#28 = VECTOR('',#29,1.);
#29 = DIRECTION('',(0.,0.,1.));
#30 = ORIENTED_EDGE('',*,*,#31,.T.);
#31 = EDGE_CURVE('',#22,#32,#34,.T.);
#32 = VERTEX_POINT('',#33);
#33 = CARTESIAN_POINT('',(-3.,61.5,21.65));
#34 = LINE('',#35,#36);
#35 = CARTESIAN_POINT('',(-3.,-4.,21.65));
#36 = VECTOR('',#37,1.);
#37 = DIRECTION('',(-0.,1.,0.));
#38 = ORIENTED_EDGE('',*,*,#39,.T.);
#39 = EDGE_CURVE('',#32,#40,#42,.T.);
#40 = VERTEX_POINT('',#41);
#41 = CARTESIAN_POINT('',(-3.,61.5,22.85));
#42 = LINE('',#43,#44);
#43 = CARTESIAN_POINT('',(-3.,61.5,21.65));
#44 = VECTOR('',#45,1.);
#45 = DIRECTION('',(0.,0.,1.));
#46 = ORIENTED_EDGE('',*,*,#47,.F.);
#47 = EDGE_CURVE('',#24,#40,#48,.T.);
#48 = LINE('',#49,#50);
#49 = CARTESIAN_POINT('',(-3.,-8.881784197001E-16,22.85));
#50 = VECTOR('',#51,1.);
#51 = DIRECTION('',(-0.,1.,0.));
#52 = PLANE('',#53);
#53 = AXIS2_PLACEMENT_3D('',#54,#55,#56);
#54 = CARTESIAN_POINT('',(-3.,-4.,21.65));
#55 = DIRECTION('',(1.,0.,-0.));
#56 = DIRECTION('',(0.,0.,1.));
#57 = ADVANCED_FACE('',(#58),#85,.T.);
#58 = FACE_BOUND('',#59,.T.);
#59 = EDGE_LOOP('',(#60,#61,#70,#78));
#60 = ORIENTED_EDGE('',*,*,#21,.F.);
#61 = ORIENTED_EDGE('',*,*,#62,.T.);
#62 = EDGE_CURVE('',#22,#63,#65,.T.);
#63 = VERTEX_POINT('',#64);
#64 = CARTESIAN_POINT('',(1.,-4.,21.65));
#65 = CIRCLE('',#66,4.);
#66 = AXIS2_PLACEMENT_3D('',#67,#68,#69);
#67 = CARTESIAN_POINT('',(1.,-8.881784197001E-16,21.65));
#68 = DIRECTION('',(0.,0.,1.));
#69 = DIRECTION('',(0.,-1.,0.));
#70 = ORIENTED_EDGE('',*,*,#71,.T.);
#71 = EDGE_CURVE('',#63,#72,#74,.T.);
#72 = VERTEX_POINT('',#73);
#73 = CARTESIAN_POINT('',(1.,-4.,22.85));
#74 = LINE('',#75,#76);
#75 = CARTESIAN_POINT('',(1.,-4.,21.65));
#76 = VECTOR('',#77,1.);
#77 = DIRECTION('',(0.,0.,1.));
#78 = ORIENTED_EDGE('',*,*,#79,.T.);
#79 = EDGE_CURVE('',#72,#24,#80,.T.);
#80 = CIRCLE('',#81,4.);
#81 = AXIS2_PLACEMENT_3D('',#82,#83,#84);
#82 = CARTESIAN_POINT('',(1.,-8.881784197001E-16,22.85));
#83 = DIRECTION('',(-0.,0.,-1.));
#84 = DIRECTION('',(-2.498001805407E-16,-1.,0.));
#85 = CYLINDRICAL_SURFACE('',#86,4.);
#86 = AXIS2_PLACEMENT_3D('',#87,#88,#89);
#87 = CARTESIAN_POINT('',(1.,-8.881784197001E-16,21.65));
#88 = DIRECTION('',(0.,0.,1.));
#89 = DIRECTION('',(-1.,-0.,0.));
#90 = ADVANCED_FACE('',(#91),#116,.F.);
#91 = FACE_BOUND('',#92,.F.);
#92 = EDGE_LOOP('',(#93,#101,#102,#110));
#93 = ORIENTED_EDGE('',*,*,#94,.F.);
#94 = EDGE_CURVE('',#24,#95,#97,.T.);
#95 = VERTEX_POINT('',#96);
#96 = CARTESIAN_POINT('',(-2.2,-8.881784197001E-16,23.65));
#97 = LINE('',#98,#99);
#98 = CARTESIAN_POINT('',(-2.6,-8.881784197001E-16,23.25));
#99 = VECTOR('',#100,1.);
#100 = DIRECTION('',(0.707106781187,0.,0.707106781187));
#101 = ORIENTED_EDGE('',*,*,#47,.T.);
#102 = ORIENTED_EDGE('',*,*,#103,.T.);
#103 = EDGE_CURVE('',#40,#104,#106,.T.);
#104 = VERTEX_POINT('',#105);
#105 = CARTESIAN_POINT('',(-2.2,61.5,23.65));
#106 = LINE('',#107,#108);
#107 = CARTESIAN_POINT('',(-2.6,61.5,23.25));
#108 = VECTOR('',#109,1.);
#109 = DIRECTION('',(0.707106781187,0.,0.707106781187));
#110 = ORIENTED_EDGE('',*,*,#111,.F.);
#111 = EDGE_CURVE('',#95,#104,#112,.T.);
#112 = LINE('',#113,#114);
#113 = CARTESIAN_POINT('',(-2.2,-8.881784197001E-16,23.65));
#114 = VECTOR('',#115,1.);
#115 = DIRECTION('',(-0.,1.,0.));
#116 = PLANE('',#117);
#117 = AXIS2_PLACEMENT_3D('',#118,#119,#120);
#118 = CARTESIAN_POINT('',(-2.6,-8.881784197001E-16,23.25));
#119 = DIRECTION('',(0.707106781187,-6.983161618628E-18,-0.707106781187)
  );
#120 = DIRECTION('',(4.937840934654E-18,1.,-4.937840934654E-18));
#121 = ADVANCED_FACE('',(#122,#175,#186,#197,#208,#219,#255,#291,#302,
    #338,#392,#428,#464,#500,#511,#733,#744),#778,.F.);
#122 = FACE_BOUND('',#123,.F.);
#123 = EDGE_LOOP('',(#124,#125,#126,#134,#143,#151,#160,#168));
#124 = ORIENTED_EDGE('',*,*,#31,.F.);
#125 = ORIENTED_EDGE('',*,*,#62,.T.);
#126 = ORIENTED_EDGE('',*,*,#127,.T.);
#127 = EDGE_CURVE('',#63,#128,#130,.T.);
#128 = VERTEX_POINT('',#129);
#129 = CARTESIAN_POINT('',(84.,-4.,21.65));
#130 = LINE('',#131,#132);
#131 = CARTESIAN_POINT('',(-3.,-4.,21.65));
#132 = VECTOR('',#133,1.);
#133 = DIRECTION('',(1.,0.,-0.));
#134 = ORIENTED_EDGE('',*,*,#135,.F.);
#135 = EDGE_CURVE('',#136,#128,#138,.T.);
#136 = VERTEX_POINT('',#137);
#137 = CARTESIAN_POINT('',(88.,-8.881784197001E-16,21.65));
#138 = CIRCLE('',#139,4.);
#139 = AXIS2_PLACEMENT_3D('',#140,#141,#142);
#140 = CARTESIAN_POINT('',(84.,-8.881784197001E-16,21.65));
#141 = DIRECTION('',(-0.,-0.,-1.));
#142 = DIRECTION('',(0.,-1.,0.));
#143 = ORIENTED_EDGE('',*,*,#144,.T.);
#144 = EDGE_CURVE('',#136,#145,#147,.T.);
#145 = VERTEX_POINT('',#146);
#146 = CARTESIAN_POINT('',(88.,61.5,21.65));
#147 = LINE('',#148,#149);
#148 = CARTESIAN_POINT('',(88.,-4.,21.65));
#149 = VECTOR('',#150,1.);
#150 = DIRECTION('',(-0.,1.,0.));
#151 = ORIENTED_EDGE('',*,*,#152,.T.);
#152 = EDGE_CURVE('',#145,#153,#155,.T.);
#153 = VERTEX_POINT('',#154);
#154 = CARTESIAN_POINT('',(84.,65.5,21.65));
#155 = CIRCLE('',#156,4.);
#156 = AXIS2_PLACEMENT_3D('',#157,#158,#159);
#157 = CARTESIAN_POINT('',(84.,61.5,21.65));
#158 = DIRECTION('',(0.,0.,1.));
#159 = DIRECTION('',(0.,-1.,0.));
#160 = ORIENTED_EDGE('',*,*,#161,.F.);
#161 = EDGE_CURVE('',#162,#153,#164,.T.);
#162 = VERTEX_POINT('',#163);
#163 = CARTESIAN_POINT('',(1.,65.5,21.65));
#164 = LINE('',#165,#166);
#165 = CARTESIAN_POINT('',(-3.,65.5,21.65));
#166 = VECTOR('',#167,1.);
#167 = DIRECTION('',(1.,0.,-0.));
#168 = ORIENTED_EDGE('',*,*,#169,.F.);
#169 = EDGE_CURVE('',#32,#162,#170,.T.);
#170 = CIRCLE('',#171,4.);
#171 = AXIS2_PLACEMENT_3D('',#172,#173,#174);
#172 = CARTESIAN_POINT('',(1.,61.5,21.65));
#173 = DIRECTION('',(-0.,-0.,-1.));
#174 = DIRECTION('',(0.,-1.,0.));
#175 = FACE_BOUND('',#176,.F.);
#176 = EDGE_LOOP('',(#177));
#177 = ORIENTED_EDGE('',*,*,#178,.F.);
#178 = EDGE_CURVE('',#179,#179,#181,.T.);
#179 = VERTEX_POINT('',#180);
#180 = CARTESIAN_POINT('',(5.9,3.5,21.65));
#181 = CIRCLE('',#182,2.4);
#182 = AXIS2_PLACEMENT_3D('',#183,#184,#185);
#183 = CARTESIAN_POINT('',(3.5,3.5,21.65));
#184 = DIRECTION('',(0.,0.,1.));
#185 = DIRECTION('',(1.,0.,-0.));
#186 = FACE_BOUND('',#187,.F.);
#187 = EDGE_LOOP('',(#188));
#188 = ORIENTED_EDGE('',*,*,#189,.F.);
#189 = EDGE_CURVE('',#190,#190,#192,.T.);
#190 = VERTEX_POINT('',#191);
#191 = CARTESIAN_POINT('',(45.85,11.3,21.65));
#192 = CIRCLE('',#193,4.85);
#193 = AXIS2_PLACEMENT_3D('',#194,#195,#196);
#194 = CARTESIAN_POINT('',(41.,11.3,21.65));
#195 = DIRECTION('',(0.,0.,1.));
#196 = DIRECTION('',(1.,0.,-0.));
#197 = FACE_BOUND('',#198,.F.);
#198 = EDGE_LOOP('',(#199));
#199 = ORIENTED_EDGE('',*,*,#200,.F.);
#200 = EDGE_CURVE('',#201,#201,#203,.T.);
#201 = VERTEX_POINT('',#202);
#202 = CARTESIAN_POINT('',(30.7,21.8,21.65));
#203 = CIRCLE('',#204,2.1);
#204 = AXIS2_PLACEMENT_3D('',#205,#206,#207);
#205 = CARTESIAN_POINT('',(28.6,21.8,21.65));
#206 = DIRECTION('',(0.,0.,1.));
#207 = DIRECTION('',(1.,0.,-0.));
#208 = FACE_BOUND('',#209,.F.);
#209 = EDGE_LOOP('',(#210));
#210 = ORIENTED_EDGE('',*,*,#211,.F.);
#211 = EDGE_CURVE('',#212,#212,#214,.T.);
#212 = VERTEX_POINT('',#213);
#213 = CARTESIAN_POINT('',(43.2,21.8,21.65));
#214 = CIRCLE('',#215,2.1);
#215 = AXIS2_PLACEMENT_3D('',#216,#217,#218);
#216 = CARTESIAN_POINT('',(41.1,21.8,21.65));
#217 = DIRECTION('',(0.,0.,1.));
#218 = DIRECTION('',(1.,0.,-0.));
#219 = FACE_BOUND('',#220,.F.);
#220 = EDGE_LOOP('',(#221,#231,#240,#248));
#221 = ORIENTED_EDGE('',*,*,#222,.F.);
#222 = EDGE_CURVE('',#223,#225,#227,.T.);
#223 = VERTEX_POINT('',#224);
#224 = CARTESIAN_POINT('',(48.764518543558,26.1,21.65));
#225 = VERTEX_POINT('',#226);
#226 = CARTESIAN_POINT('',(35.835481456442,26.1,21.65));
#227 = LINE('',#228,#229);
#228 = CARTESIAN_POINT('',(14.15,26.1,21.65));
#229 = VECTOR('',#230,1.);
#230 = DIRECTION('',(-1.,-0.,0.));
#231 = ORIENTED_EDGE('',*,*,#232,.F.);
#232 = EDGE_CURVE('',#233,#223,#235,.T.);
#233 = VERTEX_POINT('',#234);
#234 = CARTESIAN_POINT('',(46.6577517139,24.9,21.65));
#235 = CIRCLE('',#236,11.);
#236 = AXIS2_PLACEMENT_3D('',#237,#238,#239);
#237 = CARTESIAN_POINT('',(42.3,35.,21.65));
#238 = DIRECTION('',(0.,0.,1.));
#239 = DIRECTION('',(1.,0.,-0.));
#240 = ORIENTED_EDGE('',*,*,#241,.T.);
#241 = EDGE_CURVE('',#233,#242,#244,.T.);
#242 = VERTEX_POINT('',#243);
#243 = CARTESIAN_POINT('',(37.9422482861,24.9,21.65));
#244 = LINE('',#245,#246);
#245 = CARTESIAN_POINT('',(14.15,24.9,21.65));
#246 = VECTOR('',#247,1.);
#247 = DIRECTION('',(-1.,-0.,0.));
#248 = ORIENTED_EDGE('',*,*,#249,.F.);
#249 = EDGE_CURVE('',#225,#242,#250,.T.);
#250 = CIRCLE('',#251,11.);
#251 = AXIS2_PLACEMENT_3D('',#252,#253,#254);
#252 = CARTESIAN_POINT('',(42.3,35.,21.65));
#253 = DIRECTION('',(0.,0.,1.));
#254 = DIRECTION('',(1.,0.,-0.));
#255 = FACE_BOUND('',#256,.F.);
#256 = EDGE_LOOP('',(#257,#268,#276,#285));
#257 = ORIENTED_EDGE('',*,*,#258,.F.);
#258 = EDGE_CURVE('',#259,#261,#263,.T.);
#259 = VERTEX_POINT('',#260);
#260 = CARTESIAN_POINT('',(50.43879597975,27.6,21.65));
#261 = VERTEX_POINT('',#262);
#262 = CARTESIAN_POINT('',(51.767840302836,29.4,21.65));
#263 = CIRCLE('',#264,11.);
#264 = AXIS2_PLACEMENT_3D('',#265,#266,#267);
#265 = CARTESIAN_POINT('',(42.3,35.,21.65));
#266 = DIRECTION('',(0.,0.,1.));
#267 = DIRECTION('',(1.,0.,-0.));
#268 = ORIENTED_EDGE('',*,*,#269,.T.);
#269 = EDGE_CURVE('',#259,#270,#272,.T.);
#270 = VERTEX_POINT('',#271);
#271 = CARTESIAN_POINT('',(34.16120402025,27.6,21.65));
#272 = LINE('',#273,#274);
#273 = CARTESIAN_POINT('',(14.15,27.6,21.65));
#274 = VECTOR('',#275,1.);
#275 = DIRECTION('',(-1.,-0.,0.));
#276 = ORIENTED_EDGE('',*,*,#277,.F.);
#277 = EDGE_CURVE('',#278,#270,#280,.T.);
#278 = VERTEX_POINT('',#279);
#279 = CARTESIAN_POINT('',(32.832159697164,29.4,21.65));
#280 = CIRCLE('',#281,11.);
#281 = AXIS2_PLACEMENT_3D('',#282,#283,#284);
#282 = CARTESIAN_POINT('',(42.3,35.,21.65));
#283 = DIRECTION('',(0.,0.,1.));
#284 = DIRECTION('',(1.,0.,-0.));
#285 = ORIENTED_EDGE('',*,*,#286,.F.);
#286 = EDGE_CURVE('',#261,#278,#287,.T.);
#287 = LINE('',#288,#289);
#288 = CARTESIAN_POINT('',(14.15,29.4,21.65));
#289 = VECTOR('',#290,1.);
#290 = DIRECTION('',(-1.,-0.,0.));
#291 = FACE_BOUND('',#292,.F.);
#292 = EDGE_LOOP('',(#293));
#293 = ORIENTED_EDGE('',*,*,#294,.F.);
#294 = EDGE_CURVE('',#295,#295,#297,.T.);
#295 = VERTEX_POINT('',#296);
#296 = CARTESIAN_POINT('',(63.9,3.5,21.65));
#297 = CIRCLE('',#298,2.4);
#298 = AXIS2_PLACEMENT_3D('',#299,#300,#301);
#299 = CARTESIAN_POINT('',(61.5,3.5,21.65));
#300 = DIRECTION('',(0.,0.,1.));
#301 = DIRECTION('',(1.,0.,-0.));
#302 = FACE_BOUND('',#303,.F.);
#303 = EDGE_LOOP('',(#304,#315,#323,#332));
#304 = ORIENTED_EDGE('',*,*,#305,.F.);
#305 = EDGE_CURVE('',#306,#308,#310,.T.);
#306 = VERTEX_POINT('',#307);
#307 = CARTESIAN_POINT('',(52.507350292804,30.9,21.65));
#308 = VERTEX_POINT('',#309);
#309 = CARTESIAN_POINT('',(53.056858277397,32.7,21.65));
#310 = CIRCLE('',#311,11.);
#311 = AXIS2_PLACEMENT_3D('',#312,#313,#314);
#312 = CARTESIAN_POINT('',(42.3,35.,21.65));
#313 = DIRECTION('',(0.,0.,1.));
#314 = DIRECTION('',(1.,0.,-0.));
#315 = ORIENTED_EDGE('',*,*,#316,.T.);
#316 = EDGE_CURVE('',#306,#317,#319,.T.);
#317 = VERTEX_POINT('',#318);
#318 = CARTESIAN_POINT('',(32.092649707196,30.9,21.65));
#319 = LINE('',#320,#321);
#320 = CARTESIAN_POINT('',(14.15,30.9,21.65));
#321 = VECTOR('',#322,1.);
#322 = DIRECTION('',(-1.,-0.,0.));
#323 = ORIENTED_EDGE('',*,*,#324,.F.);
#324 = EDGE_CURVE('',#325,#317,#327,.T.);
#325 = VERTEX_POINT('',#326);
#326 = CARTESIAN_POINT('',(31.543141722603,32.7,21.65));
#327 = CIRCLE('',#328,11.);
#328 = AXIS2_PLACEMENT_3D('',#329,#330,#331);
#329 = CARTESIAN_POINT('',(42.3,35.,21.65));
#330 = DIRECTION('',(0.,0.,1.));
#331 = DIRECTION('',(1.,0.,-0.));
#332 = ORIENTED_EDGE('',*,*,#333,.F.);
#333 = EDGE_CURVE('',#308,#325,#334,.T.);
#334 = LINE('',#335,#336);
#335 = CARTESIAN_POINT('',(14.15,32.7,21.65));
#336 = VECTOR('',#337,1.);
#337 = DIRECTION('',(-1.,-0.,0.));
#338 = FACE_BOUND('',#339,.F.);
#339 = EDGE_LOOP('',(#340,#351,#359,#368,#377,#385));
#340 = ORIENTED_EDGE('',*,*,#341,.F.);
#341 = EDGE_CURVE('',#342,#344,#346,.T.);
#342 = VERTEX_POINT('',#343);
#343 = CARTESIAN_POINT('',(31.345548849897,36.,21.65));
#344 = VERTEX_POINT('',#345);
#345 = CARTESIAN_POINT('',(31.3,35.,21.65));
#346 = CIRCLE('',#347,11.);
#347 = AXIS2_PLACEMENT_3D('',#348,#349,#350);
#348 = CARTESIAN_POINT('',(42.3,35.,21.65));
#349 = DIRECTION('',(0.,0.,1.));
#350 = DIRECTION('',(1.,0.,-0.));
#351 = ORIENTED_EDGE('',*,*,#352,.F.);
#352 = EDGE_CURVE('',#353,#342,#355,.T.);
#353 = VERTEX_POINT('',#354);
#354 = CARTESIAN_POINT('',(53.254451150103,36.,21.65));
#355 = LINE('',#356,#357);
#356 = CARTESIAN_POINT('',(14.15,36.,21.65));
#357 = VECTOR('',#358,1.);
#358 = DIRECTION('',(-1.,-0.,0.));
#359 = ORIENTED_EDGE('',*,*,#360,.F.);
#360 = EDGE_CURVE('',#361,#353,#363,.T.);
#361 = VERTEX_POINT('',#362);
#362 = CARTESIAN_POINT('',(53.3,35.,21.65));
#363 = CIRCLE('',#364,11.);
#364 = AXIS2_PLACEMENT_3D('',#365,#366,#367);
#365 = CARTESIAN_POINT('',(42.3,35.,21.65));
#366 = DIRECTION('',(0.,0.,1.));
#367 = DIRECTION('',(1.,0.,-0.));
#368 = ORIENTED_EDGE('',*,*,#369,.F.);
#369 = EDGE_CURVE('',#370,#361,#372,.T.);
#370 = VERTEX_POINT('',#371);
#371 = CARTESIAN_POINT('',(53.270870521522,34.2,21.65));
#372 = CIRCLE('',#373,11.);
#373 = AXIS2_PLACEMENT_3D('',#374,#375,#376);
#374 = CARTESIAN_POINT('',(42.3,35.,21.65));
#375 = DIRECTION('',(0.,0.,1.));
#376 = DIRECTION('',(1.,0.,-0.));
#377 = ORIENTED_EDGE('',*,*,#378,.T.);
#378 = EDGE_CURVE('',#370,#379,#381,.T.);
#379 = VERTEX_POINT('',#380);
#380 = CARTESIAN_POINT('',(31.329129478478,34.2,21.65));
#381 = LINE('',#382,#383);
#382 = CARTESIAN_POINT('',(14.15,34.2,21.65));
#383 = VECTOR('',#384,1.);
#384 = DIRECTION('',(-1.,-0.,0.));
#385 = ORIENTED_EDGE('',*,*,#386,.F.);
#386 = EDGE_CURVE('',#344,#379,#387,.T.);
#387 = CIRCLE('',#388,11.);
#388 = AXIS2_PLACEMENT_3D('',#389,#390,#391);
#389 = CARTESIAN_POINT('',(42.3,35.,21.65));
#390 = DIRECTION('',(0.,0.,1.));
#391 = DIRECTION('',(1.,0.,-0.));
#392 = FACE_BOUND('',#393,.F.);
#393 = EDGE_LOOP('',(#394,#405,#413,#422));
#394 = ORIENTED_EDGE('',*,*,#395,.F.);
#395 = EDGE_CURVE('',#396,#398,#400,.T.);
#396 = VERTEX_POINT('',#397);
#397 = CARTESIAN_POINT('',(53.012142642814,37.5,21.65));
#398 = VERTEX_POINT('',#399);
#399 = CARTESIAN_POINT('',(52.424722218412,39.3,21.65));
#400 = CIRCLE('',#401,11.);
#401 = AXIS2_PLACEMENT_3D('',#402,#403,#404);
#402 = CARTESIAN_POINT('',(42.3,35.,21.65));
#403 = DIRECTION('',(0.,0.,1.));
#404 = DIRECTION('',(1.,0.,-0.));
#405 = ORIENTED_EDGE('',*,*,#406,.T.);
#406 = EDGE_CURVE('',#396,#407,#409,.T.);
#407 = VERTEX_POINT('',#408);
#408 = CARTESIAN_POINT('',(31.587857357186,37.5,21.65));
#409 = LINE('',#410,#411);
#410 = CARTESIAN_POINT('',(14.15,37.5,21.65));
#411 = VECTOR('',#412,1.);
#412 = DIRECTION('',(-1.,-0.,0.));
#413 = ORIENTED_EDGE('',*,*,#414,.F.);
#414 = EDGE_CURVE('',#415,#407,#417,.T.);
#415 = VERTEX_POINT('',#416);
#416 = CARTESIAN_POINT('',(32.175277781588,39.3,21.65));
#417 = CIRCLE('',#418,11.);
#418 = AXIS2_PLACEMENT_3D('',#419,#420,#421);
#419 = CARTESIAN_POINT('',(42.3,35.,21.65));
#420 = DIRECTION('',(0.,0.,1.));
#421 = DIRECTION('',(1.,0.,-0.));
#422 = ORIENTED_EDGE('',*,*,#423,.F.);
#423 = EDGE_CURVE('',#398,#415,#424,.T.);
#424 = LINE('',#425,#426);
#425 = CARTESIAN_POINT('',(14.15,39.3,21.65));
#426 = VECTOR('',#427,1.);
#427 = DIRECTION('',(-1.,-0.,0.));
#428 = FACE_BOUND('',#429,.F.);
#429 = EDGE_LOOP('',(#430,#441,#449,#458));
#430 = ORIENTED_EDGE('',*,*,#431,.F.);
#431 = EDGE_CURVE('',#432,#434,#436,.T.);
#432 = VERTEX_POINT('',#433);
#433 = CARTESIAN_POINT('',(51.646657156438,40.8,21.65));
#434 = VERTEX_POINT('',#435);
#435 = CARTESIAN_POINT('',(50.252358140828,42.6,21.65));
#436 = CIRCLE('',#437,11.);
#437 = AXIS2_PLACEMENT_3D('',#438,#439,#440);
#438 = CARTESIAN_POINT('',(42.3,35.,21.65));
#439 = DIRECTION('',(0.,0.,1.));
#440 = DIRECTION('',(1.,0.,-0.));
#441 = ORIENTED_EDGE('',*,*,#442,.T.);
#442 = EDGE_CURVE('',#432,#443,#445,.T.);
#443 = VERTEX_POINT('',#444);
#444 = CARTESIAN_POINT('',(32.953342843562,40.8,21.65));
#445 = LINE('',#446,#447);
#446 = CARTESIAN_POINT('',(14.15,40.8,21.65));
#447 = VECTOR('',#448,1.);
#448 = DIRECTION('',(-1.,-0.,0.));
#449 = ORIENTED_EDGE('',*,*,#450,.F.);
#450 = EDGE_CURVE('',#451,#443,#453,.T.);
#451 = VERTEX_POINT('',#452);
#452 = CARTESIAN_POINT('',(34.347641859172,42.6,21.65));
#453 = CIRCLE('',#454,11.);
#454 = AXIS2_PLACEMENT_3D('',#455,#456,#457);
#455 = CARTESIAN_POINT('',(42.3,35.,21.65));
#456 = DIRECTION('',(0.,0.,1.));
#457 = DIRECTION('',(1.,0.,-0.));
#458 = ORIENTED_EDGE('',*,*,#459,.F.);
#459 = EDGE_CURVE('',#434,#451,#460,.T.);
#460 = LINE('',#461,#462);
#461 = CARTESIAN_POINT('',(14.15,42.6,21.65));
#462 = VECTOR('',#463,1.);
#463 = DIRECTION('',(-1.,-0.,0.));
#464 = FACE_BOUND('',#465,.F.);
#465 = EDGE_LOOP('',(#466,#477,#485,#494));
#466 = ORIENTED_EDGE('',*,*,#467,.F.);
#467 = EDGE_CURVE('',#468,#470,#472,.T.);
#468 = VERTEX_POINT('',#469);
#469 = CARTESIAN_POINT('',(48.479805822192,44.1,21.65));
#470 = VERTEX_POINT('',#471);
#471 = CARTESIAN_POINT('',(43.779864858695,45.9,21.65));
#472 = CIRCLE('',#473,11.);
#473 = AXIS2_PLACEMENT_3D('',#474,#475,#476);
#474 = CARTESIAN_POINT('',(42.3,35.,21.65));
#475 = DIRECTION('',(0.,0.,1.));
#476 = DIRECTION('',(1.,0.,-0.));
#477 = ORIENTED_EDGE('',*,*,#478,.T.);
#478 = EDGE_CURVE('',#468,#479,#481,.T.);
#479 = VERTEX_POINT('',#480);
#480 = CARTESIAN_POINT('',(36.120194177808,44.1,21.65));
#481 = LINE('',#482,#483);
#482 = CARTESIAN_POINT('',(14.15,44.1,21.65));
#483 = VECTOR('',#484,1.);
#484 = DIRECTION('',(-1.,-0.,0.));
#485 = ORIENTED_EDGE('',*,*,#486,.F.);
#486 = EDGE_CURVE('',#487,#479,#489,.T.);
#487 = VERTEX_POINT('',#488);
#488 = CARTESIAN_POINT('',(40.820135141305,45.9,21.65));
#489 = CIRCLE('',#490,11.);
#490 = AXIS2_PLACEMENT_3D('',#491,#492,#493);
#491 = CARTESIAN_POINT('',(42.3,35.,21.65));
#492 = DIRECTION('',(0.,0.,1.));
#493 = DIRECTION('',(1.,0.,-0.));
#494 = ORIENTED_EDGE('',*,*,#495,.F.);
#495 = EDGE_CURVE('',#470,#487,#496,.T.);
#496 = LINE('',#497,#498);
#497 = CARTESIAN_POINT('',(14.15,45.9,21.65));
#498 = VECTOR('',#499,1.);
#499 = DIRECTION('',(-1.,-0.,0.));
#500 = FACE_BOUND('',#501,.F.);
#501 = EDGE_LOOP('',(#502));
#502 = ORIENTED_EDGE('',*,*,#503,.F.);
#503 = EDGE_CURVE('',#504,#504,#506,.T.);
#504 = VERTEX_POINT('',#505);
#505 = CARTESIAN_POINT('',(5.9,52.5,21.65));
#506 = CIRCLE('',#507,2.4);
#507 = AXIS2_PLACEMENT_3D('',#508,#509,#510);
#508 = CARTESIAN_POINT('',(3.5,52.5,21.65));
#509 = DIRECTION('',(0.,0.,1.));
#510 = DIRECTION('',(1.,0.,-0.));
#511 = FACE_BOUND('',#512,.F.);
#512 = EDGE_LOOP('',(#513,#524,#532,#541,#549,#557,#565,#574,#582,#591,
    #599,#608,#617,#625,#634,#643,#651,#660,#668,#677,#685,#693,#701,
    #710,#718,#727));
#513 = ORIENTED_EDGE('',*,*,#514,.F.);
#514 = EDGE_CURVE('',#515,#517,#519,.T.);
#515 = VERTEX_POINT('',#516);
#516 = CARTESIAN_POINT('',(-0.75,-2.22044604925E-16,21.65));
#517 = VERTEX_POINT('',#518);
#518 = CARTESIAN_POINT('',(1.,-1.75,21.65));
#519 = CIRCLE('',#520,1.75);
#520 = AXIS2_PLACEMENT_3D('',#521,#522,#523);
#521 = CARTESIAN_POINT('',(1.,-2.22044604925E-16,21.65));
#522 = DIRECTION('',(0.,0.,1.));
#523 = DIRECTION('',(-1.,-0.,0.));
#524 = ORIENTED_EDGE('',*,*,#525,.T.);
#525 = EDGE_CURVE('',#515,#526,#528,.T.);
#526 = VERTEX_POINT('',#527);
#527 = CARTESIAN_POINT('',(-0.75,61.5,21.65));
#528 = LINE('',#529,#530);
#529 = CARTESIAN_POINT('',(-0.75,-2.875,21.65));
#530 = VECTOR('',#531,1.);
#531 = DIRECTION('',(-0.,1.,0.));
#532 = ORIENTED_EDGE('',*,*,#533,.F.);
#533 = EDGE_CURVE('',#534,#526,#536,.T.);
#534 = VERTEX_POINT('',#535);
#535 = CARTESIAN_POINT('',(1.,63.25,21.65));
#536 = CIRCLE('',#537,1.75);
#537 = AXIS2_PLACEMENT_3D('',#538,#539,#540);
#538 = CARTESIAN_POINT('',(1.,61.5,21.65));
#539 = DIRECTION('',(0.,0.,1.));
#540 = DIRECTION('',(-1.,-0.,0.));
#541 = ORIENTED_EDGE('',*,*,#542,.F.);
#542 = EDGE_CURVE('',#543,#534,#545,.T.);
#543 = VERTEX_POINT('',#544);
#544 = CARTESIAN_POINT('',(34.5,63.25,21.65));
#545 = LINE('',#546,#547);
#546 = CARTESIAN_POINT('',(-1.875,63.25,21.65));
#547 = VECTOR('',#548,1.);
#548 = DIRECTION('',(-1.,-0.,0.));
#549 = ORIENTED_EDGE('',*,*,#550,.F.);
#550 = EDGE_CURVE('',#551,#543,#553,.T.);
#551 = VERTEX_POINT('',#552);
#552 = CARTESIAN_POINT('',(34.5,62.05,21.65));
#553 = LINE('',#554,#555);
#554 = CARTESIAN_POINT('',(34.5,23.,21.65));
#555 = VECTOR('',#556,1.);
#556 = DIRECTION('',(-0.,1.,0.));
#557 = ORIENTED_EDGE('',*,*,#558,.T.);
#558 = EDGE_CURVE('',#551,#559,#561,.T.);
#559 = VERTEX_POINT('',#560);
#560 = CARTESIAN_POINT('',(1.,62.05,21.65));
#561 = LINE('',#562,#563);
#562 = CARTESIAN_POINT('',(-1.275,62.05,21.65));
#563 = VECTOR('',#564,1.);
#564 = DIRECTION('',(-1.,-0.,0.));
#565 = ORIENTED_EDGE('',*,*,#566,.T.);
#566 = EDGE_CURVE('',#559,#567,#569,.T.);
#567 = VERTEX_POINT('',#568);
#568 = CARTESIAN_POINT('',(0.45,61.5,21.65));
#569 = CIRCLE('',#570,0.55);
#570 = AXIS2_PLACEMENT_3D('',#571,#572,#573);
#571 = CARTESIAN_POINT('',(1.,61.5,21.65));
#572 = DIRECTION('',(0.,0.,1.));
#573 = DIRECTION('',(-1.,-0.,0.));
#574 = ORIENTED_EDGE('',*,*,#575,.F.);
#575 = EDGE_CURVE('',#576,#567,#578,.T.);
#576 = VERTEX_POINT('',#577);
#577 = CARTESIAN_POINT('',(0.45,-1.110223024625E-16,21.65));
#578 = LINE('',#579,#580);
#579 = CARTESIAN_POINT('',(0.45,-2.275,21.65));
#580 = VECTOR('',#581,1.);
#581 = DIRECTION('',(-0.,1.,0.));
#582 = ORIENTED_EDGE('',*,*,#583,.T.);
#583 = EDGE_CURVE('',#576,#584,#586,.T.);
#584 = VERTEX_POINT('',#585);
#585 = CARTESIAN_POINT('',(1.,-0.55,21.65));
#586 = CIRCLE('',#587,0.55);
#587 = AXIS2_PLACEMENT_3D('',#588,#589,#590);
#588 = CARTESIAN_POINT('',(1.,-1.110223024625E-16,21.65));
#589 = DIRECTION('',(0.,0.,1.));
#590 = DIRECTION('',(-1.,-0.,0.));
#591 = ORIENTED_EDGE('',*,*,#592,.F.);
#592 = EDGE_CURVE('',#593,#584,#595,.T.);
#593 = VERTEX_POINT('',#594);
#594 = CARTESIAN_POINT('',(26.991429205785,-0.55,21.65));
#595 = LINE('',#596,#597);
#596 = CARTESIAN_POINT('',(-1.275,-0.55,21.65));
#597 = VECTOR('',#598,1.);
#598 = DIRECTION('',(-1.,-0.,0.));
#599 = ORIENTED_EDGE('',*,*,#600,.F.);
#600 = EDGE_CURVE('',#601,#593,#603,.T.);
#601 = VERTEX_POINT('',#602);
#602 = CARTESIAN_POINT('',(30.7,0.8,21.65));
#603 = CIRCLE('',#604,2.1);
#604 = AXIS2_PLACEMENT_3D('',#605,#606,#607);
#605 = CARTESIAN_POINT('',(28.6,0.8,21.65));
#606 = DIRECTION('',(0.,0.,1.));
#607 = DIRECTION('',(1.,0.,-0.));
#608 = ORIENTED_EDGE('',*,*,#609,.F.);
#609 = EDGE_CURVE('',#610,#601,#612,.T.);
#610 = VERTEX_POINT('',#611);
#611 = CARTESIAN_POINT('',(30.208570794215,-0.55,21.65));
#612 = CIRCLE('',#613,2.1);
#613 = AXIS2_PLACEMENT_3D('',#614,#615,#616);
#614 = CARTESIAN_POINT('',(28.6,0.8,21.65));
#615 = DIRECTION('',(0.,0.,1.));
#616 = DIRECTION('',(1.,0.,-0.));
#617 = ORIENTED_EDGE('',*,*,#618,.F.);
#618 = EDGE_CURVE('',#619,#610,#621,.T.);
#619 = VERTEX_POINT('',#620);
#620 = CARTESIAN_POINT('',(39.491429205785,-0.55,21.65));
#621 = LINE('',#622,#623);
#622 = CARTESIAN_POINT('',(-1.275,-0.55,21.65));
#623 = VECTOR('',#624,1.);
#624 = DIRECTION('',(-1.,-0.,0.));
#625 = ORIENTED_EDGE('',*,*,#626,.F.);
#626 = EDGE_CURVE('',#627,#619,#629,.T.);
#627 = VERTEX_POINT('',#628);
#628 = CARTESIAN_POINT('',(43.2,0.8,21.65));
#629 = CIRCLE('',#630,2.1);
#630 = AXIS2_PLACEMENT_3D('',#631,#632,#633);
#631 = CARTESIAN_POINT('',(41.1,0.8,21.65));
#632 = DIRECTION('',(0.,0.,1.));
#633 = DIRECTION('',(1.,0.,-0.));
#634 = ORIENTED_EDGE('',*,*,#635,.F.);
#635 = EDGE_CURVE('',#636,#627,#638,.T.);
#636 = VERTEX_POINT('',#637);
#637 = CARTESIAN_POINT('',(42.708570794215,-0.55,21.65));
#638 = CIRCLE('',#639,2.1);
#639 = AXIS2_PLACEMENT_3D('',#640,#641,#642);
#640 = CARTESIAN_POINT('',(41.1,0.8,21.65));
#641 = DIRECTION('',(0.,0.,1.));
#642 = DIRECTION('',(1.,0.,-0.));
#643 = ORIENTED_EDGE('',*,*,#644,.F.);
#644 = EDGE_CURVE('',#645,#636,#647,.T.);
#645 = VERTEX_POINT('',#646);
#646 = CARTESIAN_POINT('',(84.,-0.55,21.65));
#647 = LINE('',#648,#649);
#648 = CARTESIAN_POINT('',(-1.275,-0.55,21.65));
#649 = VECTOR('',#650,1.);
#650 = DIRECTION('',(-1.,-0.,0.));
#651 = ORIENTED_EDGE('',*,*,#652,.T.);
#652 = EDGE_CURVE('',#645,#653,#655,.T.);
#653 = VERTEX_POINT('',#654);
#654 = CARTESIAN_POINT('',(84.55,-1.110223024625E-16,21.65));
#655 = CIRCLE('',#656,0.55);
#656 = AXIS2_PLACEMENT_3D('',#657,#658,#659);
#657 = CARTESIAN_POINT('',(84.,-1.110223024625E-16,21.65));
#658 = DIRECTION('',(0.,0.,1.));
#659 = DIRECTION('',(1.,0.,-0.));
#660 = ORIENTED_EDGE('',*,*,#661,.T.);
#661 = EDGE_CURVE('',#653,#662,#664,.T.);
#662 = VERTEX_POINT('',#663);
#663 = CARTESIAN_POINT('',(84.55,61.5,21.65));
#664 = LINE('',#665,#666);
#665 = CARTESIAN_POINT('',(84.55,-2.275,21.65));
#666 = VECTOR('',#667,1.);
#667 = DIRECTION('',(-0.,1.,0.));
#668 = ORIENTED_EDGE('',*,*,#669,.T.);
#669 = EDGE_CURVE('',#662,#670,#672,.T.);
#670 = VERTEX_POINT('',#671);
#671 = CARTESIAN_POINT('',(84.,62.05,21.65));
#672 = CIRCLE('',#673,0.55);
#673 = AXIS2_PLACEMENT_3D('',#674,#675,#676);
#674 = CARTESIAN_POINT('',(84.,61.5,21.65));
#675 = DIRECTION('',(0.,0.,1.));
#676 = DIRECTION('',(1.,0.,-0.));
#677 = ORIENTED_EDGE('',*,*,#678,.T.);
#678 = EDGE_CURVE('',#670,#679,#681,.T.);
#679 = VERTEX_POINT('',#680);
#680 = CARTESIAN_POINT('',(50.5,62.05,21.65));
#681 = LINE('',#682,#683);
#682 = CARTESIAN_POINT('',(-1.275,62.05,21.65));
#683 = VECTOR('',#684,1.);
#684 = DIRECTION('',(-1.,-0.,0.));
#685 = ORIENTED_EDGE('',*,*,#686,.T.);
#686 = EDGE_CURVE('',#679,#687,#689,.T.);
#687 = VERTEX_POINT('',#688);
#688 = CARTESIAN_POINT('',(50.5,63.25,21.65));
#689 = LINE('',#690,#691);
#690 = CARTESIAN_POINT('',(50.5,23.,21.65));
#691 = VECTOR('',#692,1.);
#692 = DIRECTION('',(-0.,1.,0.));
#693 = ORIENTED_EDGE('',*,*,#694,.F.);
#694 = EDGE_CURVE('',#695,#687,#697,.T.);
#695 = VERTEX_POINT('',#696);
#696 = CARTESIAN_POINT('',(84.,63.25,21.65));
#697 = LINE('',#698,#699);
#698 = CARTESIAN_POINT('',(-1.875,63.25,21.65));
#699 = VECTOR('',#700,1.);
#700 = DIRECTION('',(-1.,-0.,0.));
#701 = ORIENTED_EDGE('',*,*,#702,.F.);
#702 = EDGE_CURVE('',#703,#695,#705,.T.);
#703 = VERTEX_POINT('',#704);
#704 = CARTESIAN_POINT('',(85.75,61.5,21.65));
#705 = CIRCLE('',#706,1.75);
#706 = AXIS2_PLACEMENT_3D('',#707,#708,#709);
#707 = CARTESIAN_POINT('',(84.,61.5,21.65));
#708 = DIRECTION('',(0.,0.,1.));
#709 = DIRECTION('',(1.,0.,-0.));
#710 = ORIENTED_EDGE('',*,*,#711,.F.);
#711 = EDGE_CURVE('',#712,#703,#714,.T.);
#712 = VERTEX_POINT('',#713);
#713 = CARTESIAN_POINT('',(85.75,-2.22044604925E-16,21.65));
#714 = LINE('',#715,#716);
#715 = CARTESIAN_POINT('',(85.75,-2.875,21.65));
#716 = VECTOR('',#717,1.);
#717 = DIRECTION('',(-0.,1.,0.));
#718 = ORIENTED_EDGE('',*,*,#719,.F.);
#719 = EDGE_CURVE('',#720,#712,#722,.T.);
#720 = VERTEX_POINT('',#721);
#721 = CARTESIAN_POINT('',(84.,-1.75,21.65));
#722 = CIRCLE('',#723,1.75);
#723 = AXIS2_PLACEMENT_3D('',#724,#725,#726);
#724 = CARTESIAN_POINT('',(84.,-2.22044604925E-16,21.65));
#725 = DIRECTION('',(0.,0.,1.));
#726 = DIRECTION('',(1.,0.,-0.));
#727 = ORIENTED_EDGE('',*,*,#728,.T.);
#728 = EDGE_CURVE('',#720,#517,#729,.T.);
#729 = LINE('',#730,#731);
#730 = CARTESIAN_POINT('',(-1.875,-1.75,21.65));
#731 = VECTOR('',#732,1.);
#732 = DIRECTION('',(-1.,-0.,0.));
#733 = FACE_BOUND('',#734,.F.);
#734 = EDGE_LOOP('',(#735));
#735 = ORIENTED_EDGE('',*,*,#736,.F.);
#736 = EDGE_CURVE('',#737,#737,#739,.T.);
#737 = VERTEX_POINT('',#738);
#738 = CARTESIAN_POINT('',(63.9,52.5,21.65));
#739 = CIRCLE('',#740,2.4);
#740 = AXIS2_PLACEMENT_3D('',#741,#742,#743);
#741 = CARTESIAN_POINT('',(61.5,52.5,21.65));
#742 = DIRECTION('',(0.,0.,1.));
#743 = DIRECTION('',(1.,0.,-0.));
#744 = FACE_BOUND('',#745,.F.);
#745 = EDGE_LOOP('',(#746,#756,#764,#772));
#746 = ORIENTED_EDGE('',*,*,#747,.T.);
#747 = EDGE_CURVE('',#748,#750,#752,.T.);
#748 = VERTEX_POINT('',#749);
#749 = CARTESIAN_POINT('',(47.93,57.85,21.65));
#750 = VERTEX_POINT('',#751);
#751 = CARTESIAN_POINT('',(37.07,57.85,21.65));
#752 = LINE('',#753,#754);
#753 = CARTESIAN_POINT('',(17.035,57.85,21.65));
#754 = VECTOR('',#755,1.);
#755 = DIRECTION('',(-1.,-0.,0.));
#756 = ORIENTED_EDGE('',*,*,#757,.T.);
#757 = EDGE_CURVE('',#750,#758,#760,.T.);
#758 = VERTEX_POINT('',#759);
#759 = CARTESIAN_POINT('',(37.07,63.25,21.65));
#760 = LINE('',#761,#762);
#761 = CARTESIAN_POINT('',(37.07,26.925,21.65));
#762 = VECTOR('',#763,1.);
#763 = DIRECTION('',(-0.,1.,0.));
#764 = ORIENTED_EDGE('',*,*,#765,.F.);
#765 = EDGE_CURVE('',#766,#758,#768,.T.);
#766 = VERTEX_POINT('',#767);
#767 = CARTESIAN_POINT('',(47.93,63.25,21.65));
#768 = LINE('',#769,#770);
#769 = CARTESIAN_POINT('',(17.035,63.25,21.65));
#770 = VECTOR('',#771,1.);
#771 = DIRECTION('',(-1.,-0.,0.));
#772 = ORIENTED_EDGE('',*,*,#773,.F.);
#773 = EDGE_CURVE('',#748,#766,#774,.T.);
#774 = LINE('',#775,#776);
#775 = CARTESIAN_POINT('',(47.93,26.925,21.65));
#776 = VECTOR('',#777,1.);
#777 = DIRECTION('',(-0.,1.,0.));
#778 = PLANE('',#779);
#779 = AXIS2_PLACEMENT_3D('',#780,#781,#782);
#780 = CARTESIAN_POINT('',(-3.,-4.,21.65));
#781 = DIRECTION('',(0.,0.,1.));
#782 = DIRECTION('',(1.,0.,-0.));
#783 = ADVANCED_FACE('',(#784),#803,.T.);
#784 = FACE_BOUND('',#785,.F.);
#785 = EDGE_LOOP('',(#786,#787,#788,#796));
#786 = ORIENTED_EDGE('',*,*,#39,.F.);
#787 = ORIENTED_EDGE('',*,*,#169,.T.);
#788 = ORIENTED_EDGE('',*,*,#789,.T.);
#789 = EDGE_CURVE('',#162,#790,#792,.T.);
#790 = VERTEX_POINT('',#791);
#791 = CARTESIAN_POINT('',(1.,65.5,22.85));
#792 = LINE('',#793,#794);
#793 = CARTESIAN_POINT('',(1.,65.5,21.65));
#794 = VECTOR('',#795,1.);
#795 = DIRECTION('',(0.,0.,1.));
#796 = ORIENTED_EDGE('',*,*,#797,.F.);
#797 = EDGE_CURVE('',#40,#790,#798,.T.);
#798 = CIRCLE('',#799,4.);
#799 = AXIS2_PLACEMENT_3D('',#800,#801,#802);
#800 = CARTESIAN_POINT('',(1.,61.5,22.85));
#801 = DIRECTION('',(-0.,0.,-1.));
#802 = DIRECTION('',(-1.,0.,0.));
#803 = CYLINDRICAL_SURFACE('',#804,4.);
#804 = AXIS2_PLACEMENT_3D('',#805,#806,#807);
#805 = CARTESIAN_POINT('',(1.,61.5,21.65));
#806 = DIRECTION('',(0.,0.,1.));
#807 = DIRECTION('',(-1.,-0.,0.));
#808 = ADVANCED_FACE('',(#809),#828,.T.);
#809 = FACE_BOUND('',#810,.F.);
#810 = EDGE_LOOP('',(#811,#819,#820,#821));
#811 = ORIENTED_EDGE('',*,*,#812,.F.);
#812 = EDGE_CURVE('',#72,#813,#815,.T.);
#813 = VERTEX_POINT('',#814);
#814 = CARTESIAN_POINT('',(1.,-3.2,23.65));
#815 = LINE('',#816,#817);
#816 = CARTESIAN_POINT('',(1.,-3.6,23.25));
#817 = VECTOR('',#818,1.);
#818 = DIRECTION('',(0.,0.707106781187,0.707106781187));
#819 = ORIENTED_EDGE('',*,*,#79,.T.);
#820 = ORIENTED_EDGE('',*,*,#94,.T.);
#821 = ORIENTED_EDGE('',*,*,#822,.F.);
#822 = EDGE_CURVE('',#813,#95,#823,.T.);
#823 = CIRCLE('',#824,3.2);
#824 = AXIS2_PLACEMENT_3D('',#825,#826,#827);
#825 = CARTESIAN_POINT('',(1.,-8.881784197001E-16,23.65));
#826 = DIRECTION('',(-0.,0.,-1.));
#827 = DIRECTION('',(-2.498001805407E-16,-1.,0.));
#828 = CONICAL_SURFACE('',#829,4.,0.785398163397);
#829 = AXIS2_PLACEMENT_3D('',#830,#831,#832);
#830 = CARTESIAN_POINT('',(1.,-8.881784197001E-16,22.85));
#831 = DIRECTION('',(-0.,-0.,-1.));
#832 = DIRECTION('',(-2.498001805407E-16,-1.,0.));
#833 = ADVANCED_FACE('',(#834),#852,.F.);
#834 = FACE_BOUND('',#835,.F.);
#835 = EDGE_LOOP('',(#836,#837,#845,#851));
#836 = ORIENTED_EDGE('',*,*,#71,.T.);
#837 = ORIENTED_EDGE('',*,*,#838,.F.);
#838 = EDGE_CURVE('',#839,#72,#841,.T.);
#839 = VERTEX_POINT('',#840);
#840 = CARTESIAN_POINT('',(84.,-4.,22.85));
#841 = LINE('',#842,#843);
#842 = CARTESIAN_POINT('',(84.,-4.,22.85));
#843 = VECTOR('',#844,1.);
#844 = DIRECTION('',(-1.,-0.,0.));
#845 = ORIENTED_EDGE('',*,*,#846,.F.);
#846 = EDGE_CURVE('',#128,#839,#847,.T.);
#847 = LINE('',#848,#849);
#848 = CARTESIAN_POINT('',(84.,-4.,21.65));
#849 = VECTOR('',#850,1.);
#850 = DIRECTION('',(0.,0.,1.));
#851 = ORIENTED_EDGE('',*,*,#127,.F.);
#852 = PLANE('',#853);
#853 = AXIS2_PLACEMENT_3D('',#854,#855,#856);
#854 = CARTESIAN_POINT('',(-3.,-4.,21.65));
#855 = DIRECTION('',(-0.,1.,0.));
#856 = DIRECTION('',(0.,0.,1.));
#857 = ADVANCED_FACE('',(#858,#911,#922,#958,#994,#1030,#1084,#1120,
    #1156,#1192,#1290,#1356,#1581,#1735,#1991,#2025,#2127),#2245,.T.);
#858 = FACE_BOUND('',#859,.T.);
#859 = EDGE_LOOP('',(#860,#861,#862,#870,#879,#887,#896,#904));
#860 = ORIENTED_EDGE('',*,*,#111,.F.);
#861 = ORIENTED_EDGE('',*,*,#822,.F.);
#862 = ORIENTED_EDGE('',*,*,#863,.F.);
#863 = EDGE_CURVE('',#864,#813,#866,.T.);
#864 = VERTEX_POINT('',#865);
#865 = CARTESIAN_POINT('',(84.,-3.2,23.65));
#866 = LINE('',#867,#868);
#867 = CARTESIAN_POINT('',(84.,-3.2,23.65));
#868 = VECTOR('',#869,1.);
#869 = DIRECTION('',(-1.,-0.,0.));
#870 = ORIENTED_EDGE('',*,*,#871,.F.);
#871 = EDGE_CURVE('',#872,#864,#874,.T.);
#872 = VERTEX_POINT('',#873);
#873 = CARTESIAN_POINT('',(87.2,0.,23.65));
#874 = CIRCLE('',#875,3.2);
#875 = AXIS2_PLACEMENT_3D('',#876,#877,#878);
#876 = CARTESIAN_POINT('',(84.,-8.881784197001E-16,23.65));
#877 = DIRECTION('',(0.,-0.,-1.));
#878 = DIRECTION('',(1.,1.836970198721E-16,-0.));
#879 = ORIENTED_EDGE('',*,*,#880,.F.);
#880 = EDGE_CURVE('',#881,#872,#883,.T.);
#881 = VERTEX_POINT('',#882);
#882 = CARTESIAN_POINT('',(87.2,61.5,23.65));
#883 = LINE('',#884,#885);
#884 = CARTESIAN_POINT('',(87.2,61.5,23.65));
#885 = VECTOR('',#886,1.);
#886 = DIRECTION('',(0.,-1.,-0.));
#887 = ORIENTED_EDGE('',*,*,#888,.F.);
#888 = EDGE_CURVE('',#889,#881,#891,.T.);
#889 = VERTEX_POINT('',#890);
#890 = CARTESIAN_POINT('',(84.,64.7,23.65));
#891 = CIRCLE('',#892,3.2);
#892 = AXIS2_PLACEMENT_3D('',#893,#894,#895);
#893 = CARTESIAN_POINT('',(84.,61.5,23.65));
#894 = DIRECTION('',(0.,-0.,-1.));
#895 = DIRECTION('',(0.,1.,-0.));
#896 = ORIENTED_EDGE('',*,*,#897,.F.);
#897 = EDGE_CURVE('',#898,#889,#900,.T.);
#898 = VERTEX_POINT('',#899);
#899 = CARTESIAN_POINT('',(1.,64.7,23.65));
#900 = LINE('',#901,#902);
#901 = CARTESIAN_POINT('',(1.,64.7,23.65));
#902 = VECTOR('',#903,1.);
#903 = DIRECTION('',(1.,0.,-0.));
#904 = ORIENTED_EDGE('',*,*,#905,.F.);
#905 = EDGE_CURVE('',#104,#898,#906,.T.);
#906 = CIRCLE('',#907,3.2);
#907 = AXIS2_PLACEMENT_3D('',#908,#909,#910);
#908 = CARTESIAN_POINT('',(1.,61.5,23.65));
#909 = DIRECTION('',(-0.,0.,-1.));
#910 = DIRECTION('',(-1.,0.,0.));
#911 = FACE_BOUND('',#912,.T.);
#912 = EDGE_LOOP('',(#913));
#913 = ORIENTED_EDGE('',*,*,#914,.F.);
#914 = EDGE_CURVE('',#915,#915,#917,.T.);
#915 = VERTEX_POINT('',#916);
#916 = CARTESIAN_POINT('',(45.085,11.3,23.65));
#917 = CIRCLE('',#918,4.085);
#918 = AXIS2_PLACEMENT_3D('',#919,#920,#921);
#919 = CARTESIAN_POINT('',(41.,11.3,23.65));
#920 = DIRECTION('',(0.,0.,1.));
#921 = DIRECTION('',(1.,0.,-0.));
#922 = FACE_BOUND('',#923,.T.);
#923 = EDGE_LOOP('',(#924,#934,#943,#951));
#924 = ORIENTED_EDGE('',*,*,#925,.F.);
#925 = EDGE_CURVE('',#926,#928,#930,.T.);
#926 = VERTEX_POINT('',#927);
#927 = CARTESIAN_POINT('',(48.764518543558,26.1,23.65));
#928 = VERTEX_POINT('',#929);
#929 = CARTESIAN_POINT('',(35.835481456442,26.1,23.65));
#930 = LINE('',#931,#932);
#931 = CARTESIAN_POINT('',(14.15,26.1,23.65));
#932 = VECTOR('',#933,1.);
#933 = DIRECTION('',(-1.,-0.,0.));
#934 = ORIENTED_EDGE('',*,*,#935,.F.);
#935 = EDGE_CURVE('',#936,#926,#938,.T.);
#936 = VERTEX_POINT('',#937);
#937 = CARTESIAN_POINT('',(46.6577517139,24.9,23.65));
#938 = CIRCLE('',#939,11.);
#939 = AXIS2_PLACEMENT_3D('',#940,#941,#942);
#940 = CARTESIAN_POINT('',(42.3,35.,23.65));
#941 = DIRECTION('',(0.,0.,1.));
#942 = DIRECTION('',(1.,0.,-0.));
#943 = ORIENTED_EDGE('',*,*,#944,.T.);
#944 = EDGE_CURVE('',#936,#945,#947,.T.);
#945 = VERTEX_POINT('',#946);
#946 = CARTESIAN_POINT('',(37.9422482861,24.9,23.65));
#947 = LINE('',#948,#949);
#948 = CARTESIAN_POINT('',(14.15,24.9,23.65));
#949 = VECTOR('',#950,1.);
#950 = DIRECTION('',(-1.,-0.,0.));
#951 = ORIENTED_EDGE('',*,*,#952,.F.);
#952 = EDGE_CURVE('',#928,#945,#953,.T.);
#953 = CIRCLE('',#954,11.);
#954 = AXIS2_PLACEMENT_3D('',#955,#956,#957);
#955 = CARTESIAN_POINT('',(42.3,35.,23.65));
#956 = DIRECTION('',(0.,0.,1.));
#957 = DIRECTION('',(1.,0.,-0.));
#958 = FACE_BOUND('',#959,.T.);
#959 = EDGE_LOOP('',(#960,#971,#979,#988));
#960 = ORIENTED_EDGE('',*,*,#961,.F.);
#961 = EDGE_CURVE('',#962,#964,#966,.T.);
#962 = VERTEX_POINT('',#963);
#963 = CARTESIAN_POINT('',(50.43879597975,27.6,23.65));
#964 = VERTEX_POINT('',#965);
#965 = CARTESIAN_POINT('',(51.767840302836,29.4,23.65));
#966 = CIRCLE('',#967,11.);
#967 = AXIS2_PLACEMENT_3D('',#968,#969,#970);
#968 = CARTESIAN_POINT('',(42.3,35.,23.65));
#969 = DIRECTION('',(0.,0.,1.));
#970 = DIRECTION('',(1.,0.,-0.));
#971 = ORIENTED_EDGE('',*,*,#972,.T.);
#972 = EDGE_CURVE('',#962,#973,#975,.T.);
#973 = VERTEX_POINT('',#974);
#974 = CARTESIAN_POINT('',(34.16120402025,27.6,23.65));
#975 = LINE('',#976,#977);
#976 = CARTESIAN_POINT('',(14.15,27.6,23.65));
#977 = VECTOR('',#978,1.);
#978 = DIRECTION('',(-1.,-0.,0.));
#979 = ORIENTED_EDGE('',*,*,#980,.F.);
#980 = EDGE_CURVE('',#981,#973,#983,.T.);
#981 = VERTEX_POINT('',#982);
#982 = CARTESIAN_POINT('',(32.832159697164,29.4,23.65));
#983 = CIRCLE('',#984,11.);
#984 = AXIS2_PLACEMENT_3D('',#985,#986,#987);
#985 = CARTESIAN_POINT('',(42.3,35.,23.65));
#986 = DIRECTION('',(0.,0.,1.));
#987 = DIRECTION('',(1.,0.,-0.));
#988 = ORIENTED_EDGE('',*,*,#989,.F.);
#989 = EDGE_CURVE('',#964,#981,#990,.T.);
#990 = LINE('',#991,#992);
#991 = CARTESIAN_POINT('',(14.15,29.4,23.65));
#992 = VECTOR('',#993,1.);
#993 = DIRECTION('',(-1.,-0.,0.));
#994 = FACE_BOUND('',#995,.T.);
#995 = EDGE_LOOP('',(#996,#1007,#1015,#1024));
#996 = ORIENTED_EDGE('',*,*,#997,.F.);
#997 = EDGE_CURVE('',#998,#1000,#1002,.T.);
#998 = VERTEX_POINT('',#999);
#999 = CARTESIAN_POINT('',(52.507350292804,30.9,23.65));
#1000 = VERTEX_POINT('',#1001);
#1001 = CARTESIAN_POINT('',(53.056858277397,32.7,23.65));
#1002 = CIRCLE('',#1003,11.);
#1003 = AXIS2_PLACEMENT_3D('',#1004,#1005,#1006);
#1004 = CARTESIAN_POINT('',(42.3,35.,23.65));
#1005 = DIRECTION('',(0.,0.,1.));
#1006 = DIRECTION('',(1.,0.,-0.));
#1007 = ORIENTED_EDGE('',*,*,#1008,.T.);
#1008 = EDGE_CURVE('',#998,#1009,#1011,.T.);
#1009 = VERTEX_POINT('',#1010);
#1010 = CARTESIAN_POINT('',(32.092649707196,30.9,23.65));
#1011 = LINE('',#1012,#1013);
#1012 = CARTESIAN_POINT('',(14.15,30.9,23.65));
#1013 = VECTOR('',#1014,1.);
#1014 = DIRECTION('',(-1.,-0.,0.));
#1015 = ORIENTED_EDGE('',*,*,#1016,.F.);
#1016 = EDGE_CURVE('',#1017,#1009,#1019,.T.);
#1017 = VERTEX_POINT('',#1018);
#1018 = CARTESIAN_POINT('',(31.543141722603,32.7,23.65));
#1019 = CIRCLE('',#1020,11.);
#1020 = AXIS2_PLACEMENT_3D('',#1021,#1022,#1023);
#1021 = CARTESIAN_POINT('',(42.3,35.,23.65));
#1022 = DIRECTION('',(0.,0.,1.));
#1023 = DIRECTION('',(1.,0.,-0.));
#1024 = ORIENTED_EDGE('',*,*,#1025,.F.);
#1025 = EDGE_CURVE('',#1000,#1017,#1026,.T.);
#1026 = LINE('',#1027,#1028);
#1027 = CARTESIAN_POINT('',(14.15,32.7,23.65));
#1028 = VECTOR('',#1029,1.);
#1029 = DIRECTION('',(-1.,-0.,0.));
#1030 = FACE_BOUND('',#1031,.T.);
#1031 = EDGE_LOOP('',(#1032,#1043,#1051,#1060,#1069,#1077));
#1032 = ORIENTED_EDGE('',*,*,#1033,.F.);
#1033 = EDGE_CURVE('',#1034,#1036,#1038,.T.);
#1034 = VERTEX_POINT('',#1035);
#1035 = CARTESIAN_POINT('',(31.345548849897,36.,23.65));
#1036 = VERTEX_POINT('',#1037);
#1037 = CARTESIAN_POINT('',(31.3,35.,23.65));
#1038 = CIRCLE('',#1039,11.);
#1039 = AXIS2_PLACEMENT_3D('',#1040,#1041,#1042);
#1040 = CARTESIAN_POINT('',(42.3,35.,23.65));
#1041 = DIRECTION('',(0.,0.,1.));
#1042 = DIRECTION('',(1.,0.,-0.));
#1043 = ORIENTED_EDGE('',*,*,#1044,.F.);
#1044 = EDGE_CURVE('',#1045,#1034,#1047,.T.);
#1045 = VERTEX_POINT('',#1046);
#1046 = CARTESIAN_POINT('',(53.254451150103,36.,23.65));
#1047 = LINE('',#1048,#1049);
#1048 = CARTESIAN_POINT('',(14.15,36.,23.65));
#1049 = VECTOR('',#1050,1.);
#1050 = DIRECTION('',(-1.,-0.,0.));
#1051 = ORIENTED_EDGE('',*,*,#1052,.F.);
#1052 = EDGE_CURVE('',#1053,#1045,#1055,.T.);
#1053 = VERTEX_POINT('',#1054);
#1054 = CARTESIAN_POINT('',(53.3,35.,23.65));
#1055 = CIRCLE('',#1056,11.);
#1056 = AXIS2_PLACEMENT_3D('',#1057,#1058,#1059);
#1057 = CARTESIAN_POINT('',(42.3,35.,23.65));
#1058 = DIRECTION('',(0.,0.,1.));
#1059 = DIRECTION('',(1.,0.,-0.));
#1060 = ORIENTED_EDGE('',*,*,#1061,.F.);
#1061 = EDGE_CURVE('',#1062,#1053,#1064,.T.);
#1062 = VERTEX_POINT('',#1063);
#1063 = CARTESIAN_POINT('',(53.270870521522,34.2,23.65));
#1064 = CIRCLE('',#1065,11.);
#1065 = AXIS2_PLACEMENT_3D('',#1066,#1067,#1068);
#1066 = CARTESIAN_POINT('',(42.3,35.,23.65));
#1067 = DIRECTION('',(0.,0.,1.));
#1068 = DIRECTION('',(1.,0.,-0.));
#1069 = ORIENTED_EDGE('',*,*,#1070,.T.);
#1070 = EDGE_CURVE('',#1062,#1071,#1073,.T.);
#1071 = VERTEX_POINT('',#1072);
#1072 = CARTESIAN_POINT('',(31.329129478478,34.2,23.65));
#1073 = LINE('',#1074,#1075);
#1074 = CARTESIAN_POINT('',(14.15,34.2,23.65));
#1075 = VECTOR('',#1076,1.);
#1076 = DIRECTION('',(-1.,-0.,0.));
#1077 = ORIENTED_EDGE('',*,*,#1078,.F.);
#1078 = EDGE_CURVE('',#1036,#1071,#1079,.T.);
#1079 = CIRCLE('',#1080,11.);
#1080 = AXIS2_PLACEMENT_3D('',#1081,#1082,#1083);
#1081 = CARTESIAN_POINT('',(42.3,35.,23.65));
#1082 = DIRECTION('',(0.,0.,1.));
#1083 = DIRECTION('',(1.,0.,-0.));
#1084 = FACE_BOUND('',#1085,.T.);
#1085 = EDGE_LOOP('',(#1086,#1097,#1105,#1114));
#1086 = ORIENTED_EDGE('',*,*,#1087,.F.);
#1087 = EDGE_CURVE('',#1088,#1090,#1092,.T.);
#1088 = VERTEX_POINT('',#1089);
#1089 = CARTESIAN_POINT('',(53.012142642814,37.5,23.65));
#1090 = VERTEX_POINT('',#1091);
#1091 = CARTESIAN_POINT('',(52.424722218412,39.3,23.65));
#1092 = CIRCLE('',#1093,11.);
#1093 = AXIS2_PLACEMENT_3D('',#1094,#1095,#1096);
#1094 = CARTESIAN_POINT('',(42.3,35.,23.65));
#1095 = DIRECTION('',(0.,0.,1.));
#1096 = DIRECTION('',(1.,0.,-0.));
#1097 = ORIENTED_EDGE('',*,*,#1098,.T.);
#1098 = EDGE_CURVE('',#1088,#1099,#1101,.T.);
#1099 = VERTEX_POINT('',#1100);
#1100 = CARTESIAN_POINT('',(31.587857357186,37.5,23.65));
#1101 = LINE('',#1102,#1103);
#1102 = CARTESIAN_POINT('',(14.15,37.5,23.65));
#1103 = VECTOR('',#1104,1.);
#1104 = DIRECTION('',(-1.,-0.,0.));
#1105 = ORIENTED_EDGE('',*,*,#1106,.F.);
#1106 = EDGE_CURVE('',#1107,#1099,#1109,.T.);
#1107 = VERTEX_POINT('',#1108);
#1108 = CARTESIAN_POINT('',(32.175277781588,39.3,23.65));
#1109 = CIRCLE('',#1110,11.);
#1110 = AXIS2_PLACEMENT_3D('',#1111,#1112,#1113);
#1111 = CARTESIAN_POINT('',(42.3,35.,23.65));
#1112 = DIRECTION('',(0.,0.,1.));
#1113 = DIRECTION('',(1.,0.,-0.));
#1114 = ORIENTED_EDGE('',*,*,#1115,.F.);
#1115 = EDGE_CURVE('',#1090,#1107,#1116,.T.);
#1116 = LINE('',#1117,#1118);
#1117 = CARTESIAN_POINT('',(14.15,39.3,23.65));
#1118 = VECTOR('',#1119,1.);
#1119 = DIRECTION('',(-1.,-0.,0.));
#1120 = FACE_BOUND('',#1121,.T.);
#1121 = EDGE_LOOP('',(#1122,#1133,#1141,#1150));
#1122 = ORIENTED_EDGE('',*,*,#1123,.F.);
#1123 = EDGE_CURVE('',#1124,#1126,#1128,.T.);
#1124 = VERTEX_POINT('',#1125);
#1125 = CARTESIAN_POINT('',(51.646657156438,40.8,23.65));
#1126 = VERTEX_POINT('',#1127);
#1127 = CARTESIAN_POINT('',(50.252358140828,42.6,23.65));
#1128 = CIRCLE('',#1129,11.);
#1129 = AXIS2_PLACEMENT_3D('',#1130,#1131,#1132);
#1130 = CARTESIAN_POINT('',(42.3,35.,23.65));
#1131 = DIRECTION('',(0.,0.,1.));
#1132 = DIRECTION('',(1.,0.,-0.));
#1133 = ORIENTED_EDGE('',*,*,#1134,.T.);
#1134 = EDGE_CURVE('',#1124,#1135,#1137,.T.);
#1135 = VERTEX_POINT('',#1136);
#1136 = CARTESIAN_POINT('',(32.953342843562,40.8,23.65));
#1137 = LINE('',#1138,#1139);
#1138 = CARTESIAN_POINT('',(14.15,40.8,23.65));
#1139 = VECTOR('',#1140,1.);
#1140 = DIRECTION('',(-1.,-0.,0.));
#1141 = ORIENTED_EDGE('',*,*,#1142,.F.);
#1142 = EDGE_CURVE('',#1143,#1135,#1145,.T.);
#1143 = VERTEX_POINT('',#1144);
#1144 = CARTESIAN_POINT('',(34.347641859172,42.6,23.65));
#1145 = CIRCLE('',#1146,11.);
#1146 = AXIS2_PLACEMENT_3D('',#1147,#1148,#1149);
#1147 = CARTESIAN_POINT('',(42.3,35.,23.65));
#1148 = DIRECTION('',(0.,0.,1.));
#1149 = DIRECTION('',(1.,0.,-0.));
#1150 = ORIENTED_EDGE('',*,*,#1151,.F.);
#1151 = EDGE_CURVE('',#1126,#1143,#1152,.T.);
#1152 = LINE('',#1153,#1154);
#1153 = CARTESIAN_POINT('',(14.15,42.6,23.65));
#1154 = VECTOR('',#1155,1.);
#1155 = DIRECTION('',(-1.,-0.,0.));
#1156 = FACE_BOUND('',#1157,.T.);
#1157 = EDGE_LOOP('',(#1158,#1169,#1177,#1186));
#1158 = ORIENTED_EDGE('',*,*,#1159,.F.);
#1159 = EDGE_CURVE('',#1160,#1162,#1164,.T.);
#1160 = VERTEX_POINT('',#1161);
#1161 = CARTESIAN_POINT('',(48.479805822192,44.1,23.65));
#1162 = VERTEX_POINT('',#1163);
#1163 = CARTESIAN_POINT('',(43.779864858695,45.9,23.65));
#1164 = CIRCLE('',#1165,11.);
#1165 = AXIS2_PLACEMENT_3D('',#1166,#1167,#1168);
#1166 = CARTESIAN_POINT('',(42.3,35.,23.65));
#1167 = DIRECTION('',(0.,0.,1.));
#1168 = DIRECTION('',(1.,0.,-0.));
#1169 = ORIENTED_EDGE('',*,*,#1170,.T.);
#1170 = EDGE_CURVE('',#1160,#1171,#1173,.T.);
#1171 = VERTEX_POINT('',#1172);
#1172 = CARTESIAN_POINT('',(36.120194177808,44.1,23.65));
#1173 = LINE('',#1174,#1175);
#1174 = CARTESIAN_POINT('',(14.15,44.1,23.65));
#1175 = VECTOR('',#1176,1.);
#1176 = DIRECTION('',(-1.,-0.,0.));
#1177 = ORIENTED_EDGE('',*,*,#1178,.F.);
#1178 = EDGE_CURVE('',#1179,#1171,#1181,.T.);
#1179 = VERTEX_POINT('',#1180);
#1180 = CARTESIAN_POINT('',(40.820135141305,45.9,23.65));
#1181 = CIRCLE('',#1182,11.);
#1182 = AXIS2_PLACEMENT_3D('',#1183,#1184,#1185);
#1183 = CARTESIAN_POINT('',(42.3,35.,23.65));
#1184 = DIRECTION('',(0.,0.,1.));
#1185 = DIRECTION('',(1.,0.,-0.));
#1186 = ORIENTED_EDGE('',*,*,#1187,.F.);
#1187 = EDGE_CURVE('',#1162,#1179,#1188,.T.);
#1188 = LINE('',#1189,#1190);
#1189 = CARTESIAN_POINT('',(14.15,45.9,23.65));
#1190 = VECTOR('',#1191,1.);
#1191 = DIRECTION('',(-1.,-0.,0.));
#1192 = FACE_BOUND('',#1193,.T.);
#1193 = EDGE_LOOP('',(#1194,#1204,#1212,#1220,#1228,#1236,#1244,#1252,
    #1260,#1268,#1276,#1284));
#1194 = ORIENTED_EDGE('',*,*,#1195,.F.);
#1195 = EDGE_CURVE('',#1196,#1198,#1200,.T.);
#1196 = VERTEX_POINT('',#1197);
#1197 = CARTESIAN_POINT('',(24.303560939794,60.651982378855,23.65));
#1198 = VERTEX_POINT('',#1199);
#1199 = CARTESIAN_POINT('',(20.27184287812,60.651982378855,23.65));
#1200 = LINE('',#1201,#1202);
#1201 = CARTESIAN_POINT('',(8.63592143906,60.651982378855,23.65));
#1202 = VECTOR('',#1203,1.);
#1203 = DIRECTION('',(-1.,1.224646799147E-16,0.));
#1204 = ORIENTED_EDGE('',*,*,#1205,.F.);
#1205 = EDGE_CURVE('',#1206,#1196,#1208,.T.);
#1206 = VERTEX_POINT('',#1207);
#1207 = CARTESIAN_POINT('',(24.303560939794,59.585095447871,23.65));
#1208 = LINE('',#1209,#1210);
#1209 = CARTESIAN_POINT('',(24.303560939794,28.325991189427,23.65));
#1210 = VECTOR('',#1211,1.);
#1211 = DIRECTION('',(1.224646799147E-16,1.,-0.));
#1212 = ORIENTED_EDGE('',*,*,#1213,.F.);
#1213 = EDGE_CURVE('',#1214,#1206,#1216,.T.);
#1214 = VERTEX_POINT('',#1215);
#1215 = CARTESIAN_POINT('',(23.224155653451,59.088803230543,23.65));
#1216 = LINE('',#1217,#1218);
#1217 = CARTESIAN_POINT('',(0.967384533446,48.855517893287,23.65));
#1218 = VECTOR('',#1219,1.);
#1219 = DIRECTION('',(0.908565286718,0.417742887159,-0.));
#1220 = ORIENTED_EDGE('',*,*,#1221,.F.);
#1221 = EDGE_CURVE('',#1222,#1214,#1224,.T.);
#1222 = VERTEX_POINT('',#1223);
#1223 = CARTESIAN_POINT('',(23.224155653451,53.35781938326,23.65));
#1224 = LINE('',#1225,#1226);
#1225 = CARTESIAN_POINT('',(23.224155653451,27.544401615272,23.65));
#1226 = VECTOR('',#1227,1.);
#1227 = DIRECTION('',(1.224646799147E-16,1.,-0.));
#1228 = ORIENTED_EDGE('',*,*,#1229,.F.);
#1229 = EDGE_CURVE('',#1230,#1222,#1232,.T.);
#1230 = VERTEX_POINT('',#1231);
#1231 = CARTESIAN_POINT('',(24.303560939794,52.861527165932,23.65));
#1232 = LINE('',#1233,#1234);
#1233 = CARTESIAN_POINT('',(23.285240119512,53.329733783264,23.65));
#1234 = VECTOR('',#1235,1.);
#1235 = DIRECTION('',(-0.908565286718,0.417742887159,0.));
#1236 = ORIENTED_EDGE('',*,*,#1237,.F.);
#1237 = EDGE_CURVE('',#1238,#1230,#1240,.T.);
#1238 = VERTEX_POINT('',#1239);
#1239 = CARTESIAN_POINT('',(24.303560939794,51.794640234949,23.65));
#1240 = LINE('',#1241,#1242);
#1241 = CARTESIAN_POINT('',(24.303560939794,24.430763582966,23.65));
#1242 = VECTOR('',#1243,1.);
#1243 = DIRECTION('',(1.224646799147E-16,1.,-0.));
#1244 = ORIENTED_EDGE('',*,*,#1245,.F.);
#1245 = EDGE_CURVE('',#1246,#1238,#1248,.T.);
#1246 = VERTEX_POINT('',#1247);
#1247 = CARTESIAN_POINT('',(20.27184287812,51.794640234949,23.65));
#1248 = LINE('',#1249,#1250);
#1249 = CARTESIAN_POINT('',(10.651780469897,51.794640234949,23.65));
#1250 = VECTOR('',#1251,1.);
#1251 = DIRECTION('',(1.,-1.224646799147E-16,0.));
#1252 = ORIENTED_EDGE('',*,*,#1253,.F.);
#1253 = EDGE_CURVE('',#1254,#1246,#1256,.T.);
#1254 = VERTEX_POINT('',#1255);
#1255 = CARTESIAN_POINT('',(20.27184287812,52.861527165932,23.65));
#1256 = LINE('',#1257,#1258);
#1257 = CARTESIAN_POINT('',(20.27184287812,23.897320117474,23.65));
#1258 = VECTOR('',#1259,1.);
#1259 = DIRECTION('',(-1.224646799147E-16,-1.,0.));
#1260 = ORIENTED_EDGE('',*,*,#1261,.F.);
#1261 = EDGE_CURVE('',#1262,#1254,#1264,.T.);
#1262 = VERTEX_POINT('',#1263);
#1263 = CARTESIAN_POINT('',(21.351248164464,53.35781938326,23.65));
#1264 = LINE('',#1265,#1266);
#1265 = CARTESIAN_POINT('',(-0.12430625254,43.483724217342,23.65));
#1266 = VECTOR('',#1267,1.);
#1267 = DIRECTION('',(-0.908565286718,-0.417742887159,0.));
#1268 = ORIENTED_EDGE('',*,*,#1269,.F.);
#1269 = EDGE_CURVE('',#1270,#1262,#1272,.T.);
#1270 = VERTEX_POINT('',#1271);
#1271 = CARTESIAN_POINT('',(21.351248164464,59.088803230543,23.65));
#1272 = LINE('',#1273,#1274);
#1273 = CARTESIAN_POINT('',(21.351248164464,24.67890969163,23.65));
#1274 = VECTOR('',#1275,1.);
#1275 = DIRECTION('',(-1.224646799147E-16,-1.,0.));
#1276 = ORIENTED_EDGE('',*,*,#1277,.F.);
#1277 = EDGE_CURVE('',#1278,#1270,#1280,.T.);
#1278 = VERTEX_POINT('',#1279);
#1279 = CARTESIAN_POINT('',(20.27184287812,59.585095447871,23.65));
#1280 = LINE('',#1281,#1282);
#1281 = CARTESIAN_POINT('',(23.272954619869,58.205235241882,23.65));
#1282 = VECTOR('',#1283,1.);
#1283 = DIRECTION('',(0.908565286718,-0.417742887159,0.));
#1284 = ORIENTED_EDGE('',*,*,#1285,.F.);
#1285 = EDGE_CURVE('',#1198,#1278,#1286,.T.);
#1286 = LINE('',#1287,#1288);
#1287 = CARTESIAN_POINT('',(20.27184287812,27.792547723935,23.65));
#1288 = VECTOR('',#1289,1.);
#1289 = DIRECTION('',(-1.224646799147E-16,-1.,0.));
#1290 = FACE_BOUND('',#1291,.T.);
#1291 = EDGE_LOOP('',(#1292,#1302,#1310,#1318,#1326,#1334,#1342,#1350));
#1292 = ORIENTED_EDGE('',*,*,#1293,.F.);
#1293 = EDGE_CURVE('',#1294,#1296,#1298,.T.);
#1294 = VERTEX_POINT('',#1295);
#1295 = CARTESIAN_POINT('',(27.36248164464,58.543245227606,23.65));
#1296 = VERTEX_POINT('',#1297);
#1297 = CARTESIAN_POINT('',(26.717584434655,60.651982378855,23.65));
#1298 = LINE('',#1299,#1300);
#1299 = CARTESIAN_POINT('',(34.487205175141,35.246246933132,23.65));
#1300 = VECTOR('',#1301,1.);
#1301 = DIRECTION('',(-0.292451149107,0.956280463769,0.));
#1302 = ORIENTED_EDGE('',*,*,#1303,.F.);
#1303 = EDGE_CURVE('',#1304,#1294,#1306,.T.);
#1304 = VERTEX_POINT('',#1305);
#1305 = CARTESIAN_POINT('',(30.587775330396,58.543245227606,23.65));
#1306 = LINE('',#1307,#1308);
#1307 = CARTESIAN_POINT('',(12.18124082232,58.543245227606,23.65));
#1308 = VECTOR('',#1309,1.);
#1309 = DIRECTION('',(-1.,1.224646799147E-16,0.));
#1310 = ORIENTED_EDGE('',*,*,#1311,.F.);
#1311 = EDGE_CURVE('',#1312,#1304,#1314,.T.);
#1312 = VERTEX_POINT('',#1313);
#1313 = CARTESIAN_POINT('',(31.233076358297,60.651982378855,23.65));
#1314 = LINE('',#1315,#1316);
#1315 = CARTESIAN_POINT('',(20.399660780469,25.250170021271,23.65));
#1316 = VECTOR('',#1317,1.);
#1317 = DIRECTION('',(-0.292618598698,-0.956229238047,0.));
#1318 = ORIENTED_EDGE('',*,*,#1319,.F.);
#1319 = EDGE_CURVE('',#1320,#1312,#1322,.T.);
#1320 = VERTEX_POINT('',#1321);
#1321 = CARTESIAN_POINT('',(33.254992657856,60.651982378855,23.65));
#1322 = LINE('',#1323,#1324);
#1323 = CARTESIAN_POINT('',(14.116538179148,60.651982378855,23.65));
#1324 = VECTOR('',#1325,1.);
#1325 = DIRECTION('',(-1.,1.224646799147E-16,0.));
#1326 = ORIENTED_EDGE('',*,*,#1327,.F.);
#1327 = EDGE_CURVE('',#1328,#1320,#1330,.T.);
#1328 = VERTEX_POINT('',#1329);
#1329 = CARTESIAN_POINT('',(30.129038179148,51.757488986784,23.65));
#1330 = LINE('',#1331,#1332);
#1331 = CARTESIAN_POINT('',(21.15018106224,26.209328948414,23.65));
#1332 = VECTOR('',#1333,1.);
#1333 = DIRECTION('',(0.331567398058,0.943431534636,-0.));
#1334 = ORIENTED_EDGE('',*,*,#1335,.F.);
#1335 = EDGE_CURVE('',#1336,#1328,#1338,.T.);
#1336 = VERTEX_POINT('',#1337);
#1337 = CARTESIAN_POINT('',(27.833737151248,51.757488986784,23.65));
#1338 = LINE('',#1339,#1340);
#1339 = CARTESIAN_POINT('',(13.564519089574,51.757488986784,23.65));
#1340 = VECTOR('',#1341,1.);
#1341 = DIRECTION('',(1.,-1.224646799147E-16,0.));
#1342 = ORIENTED_EDGE('',*,*,#1343,.F.);
#1343 = EDGE_CURVE('',#1344,#1336,#1346,.T.);
#1344 = VERTEX_POINT('',#1345);
#1345 = CARTESIAN_POINT('',(24.695264317181,60.651982378855,23.65));
#1346 = LINE('',#1347,#1348);
#1347 = CARTESIAN_POINT('',(34.874745151054,31.803134611627,23.65));
#1348 = VECTOR('',#1349,1.);
#1349 = DIRECTION('',(0.332748453146,-0.943015623905,0.));
#1350 = ORIENTED_EDGE('',*,*,#1351,.F.);
#1351 = EDGE_CURVE('',#1296,#1344,#1352,.T.);
#1352 = LINE('',#1353,#1354);
#1353 = CARTESIAN_POINT('',(10.84763215859,60.651982378855,23.65));
#1354 = VECTOR('',#1355,1.);
#1355 = DIRECTION('',(-1.,1.224646799147E-16,0.));
#1356 = FACE_BOUND('',#1357,.T.);
#1357 = EDGE_LOOP('',(#1358,#1371,#1381,#1389,#1401,#1412,#1427,#1444,
    #1461,#1469,#1477,#1485,#1493,#1501,#1509,#1517,#1525,#1533,#1541,
    #1549,#1566));
#1358 = ORIENTED_EDGE('',*,*,#1359,.F.);
#1359 = EDGE_CURVE('',#1360,#1362,#1364,.T.);
#1360 = VERTEX_POINT('',#1361);
#1361 = CARTESIAN_POINT('',(34.214464023495,59.237812041116,23.65));
#1362 = VERTEX_POINT('',#1363);
#1363 = CARTESIAN_POINT('',(34.809691629956,59.3,23.65));
#1364 = B_SPLINE_CURVE_WITH_KNOTS('',5,(#1365,#1366,#1367,#1368,#1369,
    #1370),.UNSPECIFIED.,.F.,.F.,(6,6),(0.,1.),
  .PIECEWISE_BEZIER_KNOTS.);
#1365 = CARTESIAN_POINT('',(34.214464023495,59.237812041116,23.65));
#1366 = CARTESIAN_POINT('',(34.32930921953,59.262863259515,23.65));
#1367 = CARTESIAN_POINT('',(34.446412123618,59.281545941793,23.65));
#1368 = CARTESIAN_POINT('',(34.56561939047,59.293893928369,23.65));
#1369 = CARTESIAN_POINT('',(34.686768250668,59.3,23.65));
#1370 = CARTESIAN_POINT('',(34.809691629956,59.3,23.65));
#1371 = ORIENTED_EDGE('',*,*,#1372,.F.);
#1372 = EDGE_CURVE('',#1373,#1360,#1375,.T.);
#1373 = VERTEX_POINT('',#1374);
#1374 = CARTESIAN_POINT('',(33.643869309838,59.088803230543,23.65));
#1375 = B_SPLINE_CURVE_WITH_KNOTS('',4,(#1376,#1377,#1378,#1379,#1380),
  .UNSPECIFIED.,.F.,.F.,(5,5),(0.,1.),.PIECEWISE_BEZIER_KNOTS.);
#1376 = CARTESIAN_POINT('',(33.643869309838,59.088803230543,23.65));
#1377 = CARTESIAN_POINT('',(33.786033248235,59.132096781188,23.65));
#1378 = CARTESIAN_POINT('',(33.928546403075,59.17139291158,23.65));
#1379 = CARTESIAN_POINT('',(34.071370432008,59.20664314,23.65));
#1380 = CARTESIAN_POINT('',(34.214464023495,59.237812041116,23.65));
#1381 = ORIENTED_EDGE('',*,*,#1382,.F.);
#1382 = EDGE_CURVE('',#1383,#1373,#1385,.T.);
#1383 = VERTEX_POINT('',#1384);
#1384 = CARTESIAN_POINT('',(33.643869309838,60.465822320117,23.65));
#1385 = LINE('',#1386,#1387);
#1386 = CARTESIAN_POINT('',(33.643869309838,27.544401615272,23.65));
#1387 = VECTOR('',#1388,1.);
#1388 = DIRECTION('',(-1.224646799147E-16,-1.,0.));
#1389 = ORIENTED_EDGE('',*,*,#1390,.F.);
#1390 = EDGE_CURVE('',#1391,#1383,#1393,.T.);
#1391 = VERTEX_POINT('',#1392);
#1392 = CARTESIAN_POINT('',(34.38204845815,60.682672540382,23.65));
#1393 = B_SPLINE_CURVE_WITH_KNOTS('',6,(#1394,#1395,#1396,#1397,#1398,
    #1399,#1400),.UNSPECIFIED.,.F.,.F.,(7,7),(0.,1.),
  .PIECEWISE_BEZIER_KNOTS.);
#1394 = CARTESIAN_POINT('',(34.38204845815,60.682672540382,23.65));
#1395 = CARTESIAN_POINT('',(34.244135221595,60.653598255865,23.65));
#1396 = CARTESIAN_POINT('',(34.111197643757,60.621972890955,23.65));
#1397 = CARTESIAN_POINT('',(33.983858242486,60.587591787175,23.65));
#1398 = CARTESIAN_POINT('',(33.862897584868,60.550242529392,23.65));
#1399 = CARTESIAN_POINT('',(33.749236210261,60.509713281352,23.65));
#1400 = CARTESIAN_POINT('',(33.643869309838,60.465822320117,23.65));
#1401 = ORIENTED_EDGE('',*,*,#1402,.F.);
#1402 = EDGE_CURVE('',#1403,#1391,#1405,.T.);
#1403 = VERTEX_POINT('',#1404);
#1404 = CARTESIAN_POINT('',(35.343135095448,60.775954478708,23.65));
#1405 = B_SPLINE_CURVE_WITH_KNOTS('',5,(#1406,#1407,#1408,#1409,#1410,
    #1411),.UNSPECIFIED.,.F.,.F.,(6,6),(0.,1.),
  .PIECEWISE_BEZIER_KNOTS.);
#1406 = CARTESIAN_POINT('',(35.343135095448,60.775954478708,23.65));
#1407 = CARTESIAN_POINT('',(35.142336805143,60.775954478708,23.65));
#1408 = CARTESIAN_POINT('',(34.945135611992,60.767291542449,23.65));
#1409 = CARTESIAN_POINT('',(34.752158219161,60.749294405883,23.65));
#1410 = CARTESIAN_POINT('',(34.564180703467,60.721271208885,23.65));
#1411 = CARTESIAN_POINT('',(34.38204845815,60.682672540382,23.65));
#1412 = ORIENTED_EDGE('',*,*,#1413,.F.);
#1413 = EDGE_CURVE('',#1414,#1403,#1416,.T.);
#1414 = VERTEX_POINT('',#1415);
#1415 = CARTESIAN_POINT('',(36.428597650514,60.577679882526,23.65));
#1416 = B_SPLINE_CURVE_WITH_KNOTS('',5,(#1417,#1418,#1419,#1420,#1421,
    #1422,#1423,#1424,#1425,#1426),.UNSPECIFIED.,.F.,.F.,(6,4,6),(0.,
    0.490620835178,1.),.UNSPECIFIED.);
#1417 = CARTESIAN_POINT('',(36.428597650514,60.577679882526,23.65));
#1418 = CARTESIAN_POINT('',(36.331190236578,60.618108487972,23.65));
#1419 = CARTESIAN_POINT('',(36.23094952318,60.653158453238,23.65));
#1420 = CARTESIAN_POINT('',(36.128169238386,60.682855029444,23.65));
#1421 = CARTESIAN_POINT('',(36.023155441743,60.707332589834,23.65));
#1422 = CARTESIAN_POINT('',(35.805159865166,60.746974191918,23.65));
#1423 = CARTESIAN_POINT('',(35.692024876016,60.761746682939,23.65));
#1424 = CARTESIAN_POINT('',(35.577120773632,60.771313842724,23.65));
#1425 = CARTESIAN_POINT('',(35.460741983689,60.775954478708,23.65));
#1426 = CARTESIAN_POINT('',(35.343135095448,60.775954478708,23.65));
#1427 = ORIENTED_EDGE('',*,*,#1428,.F.);
#1428 = EDGE_CURVE('',#1429,#1414,#1431,.T.);
#1429 = VERTEX_POINT('',#1430);
#1430 = CARTESIAN_POINT('',(37.185352422907,59.889170337739,23.65));
#1431 = B_SPLINE_CURVE_WITH_KNOTS('',6,(#1432,#1433,#1434,#1435,#1436,
    #1437,#1438,#1439,#1440,#1441,#1442,#1443),.UNSPECIFIED.,.F.,.F.,(7,
    5,7),(0.,0.705316233415,1.),.UNSPECIFIED.);
#1432 = CARTESIAN_POINT('',(37.185352422907,59.889170337739,23.65));
#1433 = CARTESIAN_POINT('',(37.122464363342,59.999565730289,23.65));
#1434 = CARTESIAN_POINT('',(37.052190600697,60.10342379528,23.65));
#1435 = CARTESIAN_POINT('',(36.974270943691,60.199654685432,23.65));
#1436 = CARTESIAN_POINT('',(36.888637976905,60.287226537439,23.65));
#1437 = CARTESIAN_POINT('',(36.795535481003,60.365301765467,23.65));
#1438 = CARTESIAN_POINT('',(36.653950509512,60.461868742357,23.65));
#1439 = CARTESIAN_POINT('',(36.611042567009,60.488589496677,23.65));
#1440 = CARTESIAN_POINT('',(36.566996502338,60.513542100865,23.65));
#1441 = CARTESIAN_POINT('',(36.521866169316,60.536708924939,23.65));
#1442 = CARTESIAN_POINT('',(36.475711482294,60.558085626198,23.65));
#1443 = CARTESIAN_POINT('',(36.428597650514,60.577679882526,23.65));
#1444 = ORIENTED_EDGE('',*,*,#1445,.F.);
#1445 = EDGE_CURVE('',#1446,#1429,#1448,.T.);
#1446 = VERTEX_POINT('',#1447);
#1447 = CARTESIAN_POINT('',(37.464390602056,58.530726872247,23.65));
#1448 = B_SPLINE_CURVE_WITH_KNOTS('',6,(#1449,#1450,#1451,#1452,#1453,
    #1454,#1455,#1456,#1457,#1458,#1459,#1460),.UNSPECIFIED.,.F.,.F.,(7,
    5,7),(0.,0.536450643269,1.),.UNSPECIFIED.);
#1449 = CARTESIAN_POINT('',(37.464390602056,58.530726872247,23.65));
#1450 = CARTESIAN_POINT('',(37.464390602056,58.66438068261,23.65));
#1451 = CARTESIAN_POINT('',(37.460422778207,58.796675460065,23.65));
#1452 = CARTESIAN_POINT('',(37.452041082824,58.927342517461,23.65));
#1453 = CARTESIAN_POINT('',(37.438707902107,59.055948270389,23.65));
#1454 = CARTESIAN_POINT('',(37.419802765869,59.181898396873,23.65));
#1455 = CARTESIAN_POINT('',(37.372880073323,59.410332460151,23.65));
#1456 = CARTESIAN_POINT('',(37.346454346674,59.513659691612,23.65));
#1457 = CARTESIAN_POINT('',(37.314912333552,59.613925296794,23.65));
#1458 = CARTESIAN_POINT('',(37.27779898784,59.710466732737,23.65));
#1459 = CARTESIAN_POINT('',(37.234691169325,59.802488372253,23.65));
#1460 = CARTESIAN_POINT('',(37.185352422907,59.889170337739,23.65));
#1461 = ORIENTED_EDGE('',*,*,#1462,.F.);
#1462 = EDGE_CURVE('',#1463,#1446,#1465,.T.);
#1463 = VERTEX_POINT('',#1464);
#1464 = CARTESIAN_POINT('',(37.464390602056,55.268281938326,23.65));
#1465 = LINE('',#1466,#1467);
#1466 = CARTESIAN_POINT('',(37.464390602056,27.265363436123,23.65));
#1467 = VECTOR('',#1468,1.);
#1468 = DIRECTION('',(1.224646799147E-16,1.,-0.));
#1469 = ORIENTED_EDGE('',*,*,#1470,.F.);
#1470 = EDGE_CURVE('',#1471,#1463,#1473,.T.);
#1471 = VERTEX_POINT('',#1472);
#1472 = CARTESIAN_POINT('',(38.345117474302,55.268281938326,23.65));
#1473 = LINE('',#1474,#1475);
#1474 = CARTESIAN_POINT('',(17.232195301028,55.268281938326,23.65));
#1475 = VECTOR('',#1476,1.);
#1476 = DIRECTION('',(-1.,1.224646799147E-16,0.));
#1477 = ORIENTED_EDGE('',*,*,#1478,.F.);
#1478 = EDGE_CURVE('',#1479,#1471,#1481,.T.);
#1479 = VERTEX_POINT('',#1480);
#1480 = CARTESIAN_POINT('',(38.345117474302,54.486490455213,23.65));
#1481 = LINE('',#1482,#1483);
#1482 = CARTESIAN_POINT('',(38.345117474302,25.634140969163,23.65));
#1483 = VECTOR('',#1484,1.);
#1484 = DIRECTION('',(1.224646799147E-16,1.,-0.));
#1485 = ORIENTED_EDGE('',*,*,#1486,.F.);
#1486 = EDGE_CURVE('',#1487,#1479,#1489,.T.);
#1487 = VERTEX_POINT('',#1488);
#1488 = CARTESIAN_POINT('',(37.327900146843,53.866226138032,23.65));
#1489 = LINE('',#1490,#1491);
#1490 = CARTESIAN_POINT('',(10.27711381561,37.371582309222,23.65));
#1491 = VECTOR('',#1492,1.);
#1492 = DIRECTION('',(0.853792501217,0.520613450524,-0.));
#1493 = ORIENTED_EDGE('',*,*,#1494,.F.);
#1494 = EDGE_CURVE('',#1495,#1487,#1497,.T.);
#1495 = VERTEX_POINT('',#1496);
#1496 = CARTESIAN_POINT('',(36.794456681351,52.439537444934,23.65));
#1497 = LINE('',#1498,#1499);
#1498 = CARTESIAN_POINT('',(25.363403507486,21.867311204765,23.65));
#1499 = VECTOR('',#1500,1.);
#1500 = DIRECTION('',(0.350222599863,0.936666499105,-0.));
#1501 = ORIENTED_EDGE('',*,*,#1502,.F.);
#1502 = EDGE_CURVE('',#1503,#1495,#1505,.T.);
#1503 = VERTEX_POINT('',#1504);
#1504 = CARTESIAN_POINT('',(35.616116005874,52.439537444934,23.65));
#1505 = LINE('',#1506,#1507);
#1506 = CARTESIAN_POINT('',(16.897228340675,52.439537444934,23.65));
#1507 = VECTOR('',#1508,1.);
#1508 = DIRECTION('',(1.,-1.224646799147E-16,0.));
#1509 = ORIENTED_EDGE('',*,*,#1510,.F.);
#1510 = EDGE_CURVE('',#1511,#1503,#1513,.T.);
#1511 = VERTEX_POINT('',#1512);
#1512 = CARTESIAN_POINT('',(35.616116005874,53.878744493392,23.65));
#1513 = LINE('',#1514,#1515);
#1514 = CARTESIAN_POINT('',(35.616116005874,24.219768722467,23.65));
#1515 = VECTOR('',#1516,1.);
#1516 = DIRECTION('',(-1.224646799147E-16,-1.,0.));
#1517 = ORIENTED_EDGE('',*,*,#1518,.F.);
#1518 = EDGE_CURVE('',#1519,#1511,#1521,.T.);
#1519 = VERTEX_POINT('',#1520);
#1520 = CARTESIAN_POINT('',(33.718171806167,53.878744493392,23.65));
#1521 = LINE('',#1522,#1523);
#1522 = CARTESIAN_POINT('',(16.308058002937,53.878744493392,23.65));
#1523 = VECTOR('',#1524,1.);
#1524 = DIRECTION('',(1.,-1.224646799147E-16,0.));
#1525 = ORIENTED_EDGE('',*,*,#1526,.F.);
#1526 = EDGE_CURVE('',#1527,#1519,#1529,.T.);
#1527 = VERTEX_POINT('',#1528);
#1528 = CARTESIAN_POINT('',(33.718171806167,55.268281938326,23.65));
#1529 = LINE('',#1530,#1531);
#1530 = CARTESIAN_POINT('',(33.718171806167,24.939372246696,23.65));
#1531 = VECTOR('',#1532,1.);
#1532 = DIRECTION('',(-1.224646799147E-16,-1.,0.));
#1533 = ORIENTED_EDGE('',*,*,#1534,.F.);
#1534 = EDGE_CURVE('',#1535,#1527,#1537,.T.);
#1535 = VERTEX_POINT('',#1536);
#1536 = CARTESIAN_POINT('',(35.616116005874,55.268281938326,23.65));
#1537 = LINE('',#1538,#1539);
#1538 = CARTESIAN_POINT('',(15.359085903084,55.268281938326,23.65));
#1539 = VECTOR('',#1540,1.);
#1540 = DIRECTION('',(-1.,1.224646799147E-16,0.));
#1541 = ORIENTED_EDGE('',*,*,#1542,.F.);
#1542 = EDGE_CURVE('',#1543,#1535,#1545,.T.);
#1543 = VERTEX_POINT('',#1544);
#1544 = CARTESIAN_POINT('',(35.616116005874,58.530726872247,23.65));
#1545 = LINE('',#1546,#1547);
#1546 = CARTESIAN_POINT('',(35.616116005874,25.634140969163,23.65));
#1547 = VECTOR('',#1548,1.);
#1548 = DIRECTION('',(-1.224646799147E-16,-1.,0.));
#1549 = ORIENTED_EDGE('',*,*,#1550,.F.);
#1550 = EDGE_CURVE('',#1551,#1543,#1553,.T.);
#1551 = VERTEX_POINT('',#1552);
#1552 = CARTESIAN_POINT('',(35.392804698972,59.10778267254,23.65));
#1553 = B_SPLINE_CURVE_WITH_KNOTS('',6,(#1554,#1555,#1556,#1557,#1558,
    #1559,#1560,#1561,#1562,#1563,#1564,#1565),.UNSPECIFIED.,.F.,.F.,(7,
    5,7),(0.,0.146342353319,1.),.UNSPECIFIED.);
#1554 = CARTESIAN_POINT('',(35.392804698972,59.10778267254,23.65));
#1555 = CARTESIAN_POINT('',(35.403948894972,59.098170047781,23.65));
#1556 = CARTESIAN_POINT('',(35.41477221547,59.088259759126,23.65));
#1557 = CARTESIAN_POINT('',(35.425270047175,59.078053291882,23.65));
#1558 = CARTESIAN_POINT('',(35.435438384129,59.067552721573,23.65));
#1559 = CARTESIAN_POINT('',(35.445273827712,59.056760713945,23.65));
#1560 = CARTESIAN_POINT('',(35.510188452286,58.981046549658,23.65));
#1561 = CARTESIAN_POINT('',(35.554205152899,58.906578795346,23.65));
#1562 = CARTESIAN_POINT('',(35.586172491408,58.823000848984,23.65));
#1563 = CARTESIAN_POINT('',(35.60650281176,58.731570702255,23.65));
#1564 = CARTESIAN_POINT('',(35.616116005874,58.633699773638,23.65));
#1565 = CARTESIAN_POINT('',(35.616116005874,58.530726872247,23.65));
#1566 = ORIENTED_EDGE('',*,*,#1567,.F.);
#1567 = EDGE_CURVE('',#1362,#1551,#1568,.T.);
#1568 = B_SPLINE_CURVE_WITH_KNOTS('',6,(#1569,#1570,#1571,#1572,#1573,
    #1574,#1575,#1576,#1577,#1578,#1579,#1580),.UNSPECIFIED.,.F.,.F.,(7,
    5,7),(0.,0.886082638804,1.),.UNSPECIFIED.);
#1569 = CARTESIAN_POINT('',(34.809691629956,59.3,23.65));
#1570 = CARTESIAN_POINT('',(34.911557740587,59.3,23.65));
#1571 = CARTESIAN_POINT('',(35.009144773263,59.290755571722,23.65));
#1572 = CARTESIAN_POINT('',(35.101535355815,59.271489496746,23.65));
#1573 = CARTESIAN_POINT('',(35.187820775592,59.241614568734,23.65));
#1574 = CARTESIAN_POINT('',(35.267207769435,59.200915032849,23.65));
#1575 = CARTESIAN_POINT('',(35.348410230266,59.143217912448,23.65));
#1576 = CARTESIAN_POINT('',(35.357538055671,59.136472655977,23.65));
#1577 = CARTESIAN_POINT('',(35.366542304351,59.129555582464,23.65));
#1578 = CARTESIAN_POINT('',(35.375422039546,59.122467551342,23.65));
#1579 = CARTESIAN_POINT('',(35.384176419801,59.115209545751,23.65));
#1580 = CARTESIAN_POINT('',(35.392804698972,59.10778267254,23.65));
#1581 = FACE_BOUND('',#1582,.T.);
#1582 = EDGE_LOOP('',(#1583,#1604,#1626,#1648,#1663,#1678,#1700,#1722));
#1583 = ORIENTED_EDGE('',*,*,#1584,.F.);
#1584 = EDGE_CURVE('',#1585,#1587,#1589,.T.);
#1585 = VERTEX_POINT('',#1586);
#1586 = CARTESIAN_POINT('',(47.93983113069,51.416262848752,23.65));
#1587 = VERTEX_POINT('',#1588);
#1588 = CARTESIAN_POINT('',(48.646916299559,51.224045521292,23.65));
#1589 = B_SPLINE_CURVE_WITH_KNOTS('',5,(#1590,#1591,#1592,#1593,#1594,
    #1595,#1596,#1597,#1598,#1599,#1600,#1601,#1602,#1603),
  .UNSPECIFIED.,.F.,.F.,(6,4,4,6),(0.,7.275978391928E-02,0.531074972867,
    1.),.UNSPECIFIED.);
#1590 = CARTESIAN_POINT('',(47.93983113069,51.416262848752,23.65));
#1591 = CARTESIAN_POINT('',(47.948638383518,51.410574582339,23.65));
#1592 = CARTESIAN_POINT('',(47.957508446715,51.404990498842,23.65));
#1593 = CARTESIAN_POINT('',(47.966440836336,51.399511015224,23.65));
#1594 = CARTESIAN_POINT('',(47.975435037737,51.394136498627,23.65));
#1595 = CARTESIAN_POINT('',(48.041531060568,51.355676277532,23.65));
#1596 = CARTESIAN_POINT('',(48.101004162366,51.326661752031,23.65));
#1597 = CARTESIAN_POINT('',(48.162768957761,51.301906369191,23.65));
#1598 = CARTESIAN_POINT('',(48.22664848577,51.281402656783,23.65));
#1599 = CARTESIAN_POINT('',(48.359754733487,51.248365634,23.65));
#1600 = CARTESIAN_POINT('',(48.429073960118,51.236027154839,23.65));
#1601 = CARTESIAN_POINT('',(48.5001841375,51.227974481814,23.65));
#1602 = CARTESIAN_POINT('',(48.572866584283,51.224045521292,23.65));
#1603 = CARTESIAN_POINT('',(48.646916299559,51.224045521292,23.65));
#1604 = ORIENTED_EDGE('',*,*,#1605,.F.);
#1605 = EDGE_CURVE('',#1606,#1585,#1608,.T.);
#1606 = VERTEX_POINT('',#1607);
#1607 = CARTESIAN_POINT('',(47.64221732746,52.129405286344,23.65));
#1608 = B_SPLINE_CURVE_WITH_KNOTS('',6,(#1609,#1610,#1611,#1612,#1613,
    #1614,#1615,#1616,#1617,#1618,#1619,#1620,#1621,#1622,#1623,#1624,
    #1625),.UNSPECIFIED.,.F.,.F.,(7,5,5,7),(0.,0.345935359826,
    0.876633369637,1.),.UNSPECIFIED.);
#1609 = CARTESIAN_POINT('',(47.64221732746,52.129405286344,23.65));
#1610 = CARTESIAN_POINT('',(47.64221732746,52.075851849841,23.65));
#1611 = CARTESIAN_POINT('',(47.644104739666,52.023299133897,23.65));
#1612 = CARTESIAN_POINT('',(47.648022009897,51.971887879887,23.65));
#1613 = CARTESIAN_POINT('',(47.654122622094,51.921791776796,23.65));
#1614 = CARTESIAN_POINT('',(47.662557204207,51.873208748854,23.65));
#1615 = CARTESIAN_POINT('',(47.690185006785,51.754469870913,23.65));
#1616 = CARTESIAN_POINT('',(47.712727549112,51.686609386156,23.65));
#1617 = CARTESIAN_POINT('',(47.741559795269,51.623632522636,23.65));
#1618 = CARTESIAN_POINT('',(47.777016132805,51.566403265381,23.65));
#1619 = CARTESIAN_POINT('',(47.819144645203,51.515655435133,23.65));
#1620 = CARTESIAN_POINT('',(47.878717586176,51.46159855883,23.65));
#1621 = CARTESIAN_POINT('',(47.890290414163,51.451773888077,23.65));
#1622 = CARTESIAN_POINT('',(47.902194604115,51.442325115648,23.65));
#1623 = CARTESIAN_POINT('',(47.914424176706,51.433255689736,23.65));
#1624 = CARTESIAN_POINT('',(47.926972268247,51.424567894237,23.65));
#1625 = CARTESIAN_POINT('',(47.93983113069,51.416262848752,23.65));
#1626 = ORIENTED_EDGE('',*,*,#1627,.F.);
#1627 = EDGE_CURVE('',#1628,#1606,#1630,.T.);
#1628 = VERTEX_POINT('',#1629);
#1629 = CARTESIAN_POINT('',(47.93983113069,52.836894273128,23.65));
#1630 = B_SPLINE_CURVE_WITH_KNOTS('',6,(#1631,#1632,#1633,#1634,#1635,
    #1636,#1637,#1638,#1639,#1640,#1641,#1642,#1643,#1644,#1645,#1646,
    #1647),.UNSPECIFIED.,.F.,.F.,(7,5,5,7),(0.,0.13941075151,
    0.668259152748,1.),.UNSPECIFIED.);
#1631 = CARTESIAN_POINT('',(47.93983113069,52.836894273128,23.65));
#1632 = CARTESIAN_POINT('',(47.925397626627,52.827258880999,23.65));
#1633 = CARTESIAN_POINT('',(47.911354099712,52.817165817536,23.65));
#1634 = CARTESIAN_POINT('',(47.897711131631,52.806616474801,23.65));
#1635 = CARTESIAN_POINT('',(47.884477999987,52.795613892025,23.65));
#1636 = CARTESIAN_POINT('',(47.871662678294,52.784162755608,23.65));
#1637 = CARTESIAN_POINT('',(47.812267734224,52.727152487429,23.65));
#1638 = CARTESIAN_POINT('',(47.771355581496,52.675656645636,23.65));
#1639 = CARTESIAN_POINT('',(47.736948351451,52.618162388783,23.65));
#1640 = CARTESIAN_POINT('',(47.709008170496,52.555324177547,23.65));
#1641 = CARTESIAN_POINT('',(47.68723339349,52.487914446306,23.65));
#1642 = CARTESIAN_POINT('',(47.661123298801,52.372050049499,23.65));
#1643 = CARTESIAN_POINT('',(47.653309813752,52.32588044357,23.65));
#1644 = CARTESIAN_POINT('',(47.647638183896,52.278378203287,23.65));
#1645 = CARTESIAN_POINT('',(47.643983643747,52.229705773712,23.65));
#1646 = CARTESIAN_POINT('',(47.64221732746,52.180007960284,23.65));
#1647 = CARTESIAN_POINT('',(47.64221732746,52.129405286344,23.65));
#1648 = ORIENTED_EDGE('',*,*,#1649,.F.);
#1649 = EDGE_CURVE('',#1650,#1628,#1652,.T.);
#1650 = VERTEX_POINT('',#1651);
#1651 = CARTESIAN_POINT('',(48.646916299559,53.03516886931,23.65));
#1652 = B_SPLINE_CURVE_WITH_KNOTS('',5,(#1653,#1654,#1655,#1656,#1657,
    #1658,#1659,#1660,#1661,#1662),.UNSPECIFIED.,.F.,.F.,(6,4,6),(0.,
    0.885741953895,1.),.UNSPECIFIED.);
#1653 = CARTESIAN_POINT('',(48.646916299559,53.03516886931,23.65));
#1654 = CARTESIAN_POINT('',(48.506915061245,53.03516886931,23.65));
#1655 = CARTESIAN_POINT('',(48.371750039664,53.020681585116,23.65));
#1656 = CARTESIAN_POINT('',(48.242971537043,52.990331105251,23.65));
#1657 = CARTESIAN_POINT('',(48.122135726075,52.943291550223,23.65));
#1658 = CARTESIAN_POINT('',(47.995966882899,52.87209072986,23.65));
#1659 = CARTESIAN_POINT('',(47.9817016963,52.863688505027,23.65));
#1660 = CARTESIAN_POINT('',(47.967589355697,52.855020581217,23.65));
#1661 = CARTESIAN_POINT('',(47.953631890151,52.846088537571,23.65));
#1662 = CARTESIAN_POINT('',(47.93983113069,52.836894273128,23.65));
#1663 = ORIENTED_EDGE('',*,*,#1664,.F.);
#1664 = EDGE_CURVE('',#1665,#1650,#1667,.T.);
#1665 = VERTEX_POINT('',#1666);
#1666 = CARTESIAN_POINT('',(49.360058737151,52.836894273128,23.65));
#1667 = B_SPLINE_CURVE_WITH_KNOTS('',5,(#1668,#1669,#1670,#1671,#1672,
    #1673,#1674,#1675,#1676,#1677),.UNSPECIFIED.,.F.,.F.,(6,4,6),(0.,
    0.503428805971,1.),.UNSPECIFIED.);
#1668 = CARTESIAN_POINT('',(49.360058737151,52.836894273128,23.65));
#1669 = CARTESIAN_POINT('',(49.30001580732,52.877726791891,23.65));
#1670 = CARTESIAN_POINT('',(49.236494036543,52.913325586975,23.65));
#1671 = CARTESIAN_POINT('',(49.169695097037,52.943536986955,23.65));
#1672 = CARTESIAN_POINT('',(49.099894941033,52.968369661028,23.65));
#1673 = CARTESIAN_POINT('',(48.955929174366,53.007265533923,23.65));
#1674 = CARTESIAN_POINT('',(48.881830800769,53.021472078095,23.65));
#1675 = CARTESIAN_POINT('',(48.805427013636,53.030693990263,23.65));
#1676 = CARTESIAN_POINT('',(48.727028348073,53.03516886931,23.65));
#1677 = CARTESIAN_POINT('',(48.646916299559,53.03516886931,23.65));
#1678 = ORIENTED_EDGE('',*,*,#1679,.F.);
#1679 = EDGE_CURVE('',#1680,#1665,#1682,.T.);
#1680 = VERTEX_POINT('',#1681);
#1681 = CARTESIAN_POINT('',(49.651615271659,52.129405286344,23.65));
#1682 = B_SPLINE_CURVE_WITH_KNOTS('',6,(#1683,#1684,#1685,#1686,#1687,
    #1688,#1689,#1690,#1691,#1692,#1693,#1694,#1695,#1696,#1697,#1698,
    #1699),.UNSPECIFIED.,.F.,.F.,(7,5,5,7),(0.,0.340361215665,
    0.876172950415,1.),.UNSPECIFIED.);
#1683 = CARTESIAN_POINT('',(49.651615271659,52.129405286344,23.65));
#1684 = CARTESIAN_POINT('',(49.651615271659,52.181244790578,23.65));
#1685 = CARTESIAN_POINT('',(49.649799274615,52.232134572988,23.65));
#1686 = CARTESIAN_POINT('',(49.646038920813,52.281946928573,23.65));
#1687 = CARTESIAN_POINT('',(49.640197873667,52.330527506906,23.65));
#1688 = CARTESIAN_POINT('',(49.632143722034,52.377702614944,23.65));
#1689 = CARTESIAN_POINT('',(49.60541318142,52.49504672641,23.65));
#1690 = CARTESIAN_POINT('',(49.583284752335,52.562900986501,23.65));
#1691 = CARTESIAN_POINT('',(49.554928701032,52.626043889763,23.65));
#1692 = CARTESIAN_POINT('',(49.520034683036,52.683676592175,23.65));
#1693 = CARTESIAN_POINT('',(49.478562071204,52.735122998603,23.65));
#1694 = CARTESIAN_POINT('',(49.419929690713,52.790367033483,23.65));
#1695 = CARTESIAN_POINT('',(49.408593724023,52.800387195134,23.65));
#1696 = CARTESIAN_POINT('',(49.396932832122,52.810052806692,23.65));
#1697 = CARTESIAN_POINT('',(49.384952424311,52.819360553564,23.65));
#1698 = CARTESIAN_POINT('',(49.372658717688,52.828308136807,23.65));
#1699 = CARTESIAN_POINT('',(49.360058737151,52.836894273128,23.65));
#1700 = ORIENTED_EDGE('',*,*,#1701,.F.);
#1701 = EDGE_CURVE('',#1702,#1680,#1704,.T.);
#1702 = VERTEX_POINT('',#1703);
#1703 = CARTESIAN_POINT('',(49.360058737151,51.416262848752,23.65));
#1704 = B_SPLINE_CURVE_WITH_KNOTS('',6,(#1705,#1706,#1707,#1708,#1709,
    #1710,#1711,#1712,#1713,#1714,#1715,#1716,#1717,#1718,#1719,#1720,
    #1721),.UNSPECIFIED.,.F.,.F.,(7,5,5,7),(0.,0.107904602475,
    0.645431608564,1.),.UNSPECIFIED.);
#1705 = CARTESIAN_POINT('',(49.360058737151,51.416262848752,23.65));
#1706 = CARTESIAN_POINT('',(49.371113253399,51.423550867774,23.65));
#1707 = CARTESIAN_POINT('',(49.381931061421,51.431132148326,23.65));
#1708 = CARTESIAN_POINT('',(49.392507241805,51.439005717987,23.65));
#1709 = CARTESIAN_POINT('',(49.402837390823,51.447169927561,23.65));
#1710 = CARTESIAN_POINT('',(49.412917620437,51.455622451069,23.65));
#1711 = CARTESIAN_POINT('',(49.471697470086,51.507887827783,23.65));
#1712 = CARTESIAN_POINT('',(49.514383432156,51.558511665804,23.65));
#1713 = CARTESIAN_POINT('',(49.550322921844,51.615821336408,23.65));
#1714 = CARTESIAN_POINT('',(49.579566316422,51.679058511403,23.65));
#1715 = CARTESIAN_POINT('',(49.602457143244,51.747328974765,23.65));
#1716 = CARTESIAN_POINT('',(49.630706685498,51.867508559638,23.65));
#1717 = CARTESIAN_POINT('',(49.639385041796,51.917095919385,23.65));
#1718 = CARTESIAN_POINT('',(49.645655883726,51.96827634415,23.65));
#1719 = CARTESIAN_POINT('',(49.649678651645,52.020838560392,23.65));
#1720 = CARTESIAN_POINT('',(49.651615271659,52.074597790339,23.65));
#1721 = CARTESIAN_POINT('',(49.651615271659,52.129405286344,23.65));
#1722 = ORIENTED_EDGE('',*,*,#1723,.F.);
#1723 = EDGE_CURVE('',#1587,#1702,#1724,.T.);
#1724 = B_SPLINE_CURVE_WITH_KNOTS('',5,(#1725,#1726,#1727,#1728,#1729,
    #1730,#1731,#1732,#1733,#1734),.UNSPECIFIED.,.F.,.F.,(6,4,6),(0.,
    0.508901996137,1.),.UNSPECIFIED.);
#1725 = CARTESIAN_POINT('',(48.646916299559,51.224045521292,23.65));
#1726 = CARTESIAN_POINT('',(48.728933704934,51.224045521292,23.65));
#1727 = CARTESIAN_POINT('',(48.809155123739,51.228592510693,23.65));
#1728 = CARTESIAN_POINT('',(48.887287934931,51.237969541255,23.65));
#1729 = CARTESIAN_POINT('',(48.963007324071,51.252427108344,23.65));
#1730 = CARTESIAN_POINT('',(49.106428919943,51.29108434483,23.65));
#1731 = CARTESIAN_POINT('',(49.17432323316,51.314926512178,23.65));
#1732 = CARTESIAN_POINT('',(49.239385095916,51.343746202857,23.65));
#1733 = CARTESIAN_POINT('',(49.3013606445,51.377564383236,23.65));
#1734 = CARTESIAN_POINT('',(49.360058737151,51.416262848752,23.65));
#1735 = FACE_BOUND('',#1736,.T.);
#1736 = EDGE_LOOP('',(#1737,#1749,#1762,#1770,#1787,#1802,#1825,#1847,
    #1855,#1863,#1871,#1913,#1936,#1953,#1961,#1969,#1977,#1985));
#1737 = ORIENTED_EDGE('',*,*,#1738,.F.);
#1738 = EDGE_CURVE('',#1739,#1741,#1743,.T.);
#1739 = VERTEX_POINT('',#1740);
#1740 = CARTESIAN_POINT('',(43.986857562408,54.102055800294,23.65));
#1741 = VERTEX_POINT('',#1742);
#1742 = CARTESIAN_POINT('',(43.955763582966,53.146622613803,23.65));
#1743 = B_SPLINE_CURVE_WITH_KNOTS('',4,(#1744,#1745,#1746,#1747,#1748),
  .UNSPECIFIED.,.F.,.F.,(5,5),(0.,1.),.PIECEWISE_BEZIER_KNOTS.);
#1744 = CARTESIAN_POINT('',(43.986857562408,54.102055800294,23.65));
#1745 = CARTESIAN_POINT('',(43.97102993516,53.868341356376,23.65));
#1746 = CARTESIAN_POINT('',(43.960760810544,53.630973238747,23.65));
#1747 = CARTESIAN_POINT('',(43.955763582966,53.390301815801,23.65));
#1748 = CARTESIAN_POINT('',(43.955763582966,53.146622613803,23.65));
#1749 = ORIENTED_EDGE('',*,*,#1750,.F.);
#1750 = EDGE_CURVE('',#1751,#1739,#1753,.T.);
#1751 = VERTEX_POINT('',#1752);
#1752 = CARTESIAN_POINT('',(44.042584434655,54.746953010279,23.65));
#1753 = B_SPLINE_CURVE_WITH_KNOTS('',7,(#1754,#1755,#1756,#1757,#1758,
    #1759,#1760,#1761),.UNSPECIFIED.,.F.,.F.,(8,8),(0.,1.),
  .PIECEWISE_BEZIER_KNOTS.);
#1754 = CARTESIAN_POINT('',(44.042584434655,54.746953010279,23.65));
#1755 = CARTESIAN_POINT('',(44.034554446392,54.687246162064,23.65));
#1756 = CARTESIAN_POINT('',(44.026463194463,54.613249793874,23.65));
#1757 = CARTESIAN_POINT('',(44.018381648009,54.527217450564,23.65));
#1758 = CARTESIAN_POINT('',(44.010359445107,54.431441819676,23.65));
#1759 = CARTESIAN_POINT('',(44.002426926703,54.327802473339,23.65));
#1760 = CARTESIAN_POINT('',(43.994595446712,54.217716807787,23.65));
#1761 = CARTESIAN_POINT('',(43.986857562408,54.102055800294,23.65));
#1762 = ORIENTED_EDGE('',*,*,#1763,.F.);
#1763 = EDGE_CURVE('',#1764,#1751,#1766,.T.);
#1764 = VERTEX_POINT('',#1765);
#1765 = CARTESIAN_POINT('',(43.943245227606,54.746953010279,23.65));
#1766 = LINE('',#1767,#1768);
#1767 = CARTESIAN_POINT('',(20.521292217327,54.746953010279,23.65));
#1768 = VECTOR('',#1769,1.);
#1769 = DIRECTION('',(1.,-1.224646799147E-16,0.));
#1770 = ORIENTED_EDGE('',*,*,#1771,.F.);
#1771 = EDGE_CURVE('',#1772,#1764,#1774,.T.);
#1772 = VERTEX_POINT('',#1773);
#1773 = CARTESIAN_POINT('',(43.112187958884,53.9906020558,23.65));
#1774 = B_SPLINE_CURVE_WITH_KNOTS('',6,(#1775,#1776,#1777,#1778,#1779,
    #1780,#1781,#1782,#1783,#1784,#1785,#1786),.UNSPECIFIED.,.F.,.F.,(7,
    5,7),(0.,0.230826900662,1.),.UNSPECIFIED.);
#1775 = CARTESIAN_POINT('',(43.112187958884,53.9906020558,23.65));
#1776 = CARTESIAN_POINT('',(43.151693740805,54.008895837262,23.65));
#1777 = CARTESIAN_POINT('',(43.190615680465,54.028265154413,23.65));
#1778 = CARTESIAN_POINT('',(43.228926571769,54.048708957987,23.65));
#1779 = CARTESIAN_POINT('',(43.266601219075,54.070222022326,23.65));
#1780 = CARTESIAN_POINT('',(43.303616437195,54.09279494539,23.65));
#1781 = CARTESIAN_POINT('',(43.461027094688,54.195119255487,23.65));
#1782 = CARTESIAN_POINT('',(43.57458002356,54.285463644327,23.65));
#1783 = CARTESIAN_POINT('',(43.679739762393,54.386900529792,23.65));
#1784 = CARTESIAN_POINT('',(43.776177201119,54.498446564426,23.65));
#1785 = CARTESIAN_POINT('',(43.863925676263,54.618890155169,23.65));
#1786 = CARTESIAN_POINT('',(43.943245227606,54.746953010279,23.65));
#1787 = ORIENTED_EDGE('',*,*,#1788,.F.);
#1788 = EDGE_CURVE('',#1789,#1772,#1791,.T.);
#1789 = VERTEX_POINT('',#1790);
#1790 = CARTESIAN_POINT('',(41.983113069016,53.754772393539,23.65));
#1791 = B_SPLINE_CURVE_WITH_KNOTS('',5,(#1792,#1793,#1794,#1795,#1796,
    #1797,#1798,#1799,#1800,#1801),.UNSPECIFIED.,.F.,.F.,(6,4,6),(0.,
    0.507447584376,1.),.UNSPECIFIED.);
#1792 = CARTESIAN_POINT('',(41.983113069016,53.754772393539,23.65));
#1793 = CARTESIAN_POINT('',(42.104299325992,53.754772393539,23.65));
#1794 = CARTESIAN_POINT('',(42.224440455449,53.760398894807,23.65));
#1795 = CARTESIAN_POINT('',(42.343246119838,53.771951061972,23.65));
#1796 = CARTESIAN_POINT('',(42.460386988061,53.78968326196,23.65));
#1797 = CARTESIAN_POINT('',(42.687261576801,53.837070515116,23.65));
#1798 = CARTESIAN_POINT('',(42.797116942213,53.866361292808,23.65));
#1799 = CARTESIAN_POINT('',(42.904754518622,53.901724365597,23.65));
#1800 = CARTESIAN_POINT('',(43.009868867106,53.943177968818,23.65));
#1801 = CARTESIAN_POINT('',(43.112187958884,53.9906020558,23.65));
#1802 = ORIENTED_EDGE('',*,*,#1803,.F.);
#1803 = EDGE_CURVE('',#1804,#1789,#1806,.T.);
#1804 = VERTEX_POINT('',#1805);
#1805 = CARTESIAN_POINT('',(40.2156020558,54.343942731278,23.65));
#1806 = B_SPLINE_CURVE_WITH_KNOTS('',5,(#1807,#1808,#1809,#1810,#1811,
    #1812,#1813,#1814,#1815,#1816,#1817,#1818,#1819,#1820,#1821,#1822,
    #1823,#1824),.UNSPECIFIED.,.F.,.F.,(6,4,4,4,6),(0.,
    9.536538519542E-02,0.362260820733,0.639808339878,1.),.UNSPECIFIED.);
#1807 = CARTESIAN_POINT('',(40.2156020558,54.343942731278,23.65));
#1808 = CARTESIAN_POINT('',(40.24235854313,54.320182709967,23.65));
#1809 = CARTESIAN_POINT('',(40.269598515878,54.296989877571,23.65));
#1810 = CARTESIAN_POINT('',(40.297312718323,54.274377804036,23.65));
#1811 = CARTESIAN_POINT('',(40.325490091933,54.252358106575,23.65));
#1812 = CARTESIAN_POINT('',(40.434236971896,54.17099967707,23.65));
#1813 = CARTESIAN_POINT('',(40.517888042895,54.115770695744,23.65));
#1814 = CARTESIAN_POINT('',(40.604777221275,54.06547546765,23.65));
#1815 = CARTESIAN_POINT('',(40.694542662218,54.020169541177,23.65));
#1816 = CARTESIAN_POINT('',(40.882707519877,53.937800266529,23.65));
#1817 = CARTESIAN_POINT('',(40.981316158033,53.90113494365,23.65));
#1818 = CARTESIAN_POINT('',(41.082173732681,53.869719735268,23.65));
#1819 = CARTESIAN_POINT('',(41.184862240667,53.843327283774,23.65));
#1820 = CARTESIAN_POINT('',(41.424205932364,53.793595811338,23.65));
#1821 = CARTESIAN_POINT('',(41.561866806008,53.77350719566,23.65));
#1822 = CARTESIAN_POINT('',(41.701259593226,53.760805773268,23.65));
#1823 = CARTESIAN_POINT('',(41.841800025454,53.754772393539,23.65));
#1824 = CARTESIAN_POINT('',(41.983113069016,53.754772393539,23.65));
#1825 = ORIENTED_EDGE('',*,*,#1826,.F.);
#1826 = EDGE_CURVE('',#1827,#1804,#1829,.T.);
#1827 = VERTEX_POINT('',#1828);
#1828 = CARTESIAN_POINT('',(39.551725403818,56.235829662261,23.65));
#1829 = B_SPLINE_CURVE_WITH_KNOTS('',6,(#1830,#1831,#1832,#1833,#1834,
    #1835,#1836,#1837,#1838,#1839,#1840,#1841,#1842,#1843,#1844,#1845,
    #1846),.UNSPECIFIED.,.F.,.F.,(7,5,5,7),(0.,0.474422031682,
    0.735858815978,1.),.UNSPECIFIED.);
#1830 = CARTESIAN_POINT('',(39.551725403818,56.235829662261,23.65));
#1831 = CARTESIAN_POINT('',(39.551725403818,56.066145518987,23.65));
#1832 = CARTESIAN_POINT('',(39.558483148254,55.897454915683,23.65));
#1833 = CARTESIAN_POINT('',(39.572937098457,55.730091046566,23.65));
#1834 = CARTESIAN_POINT('',(39.596253709979,55.564800568935,23.65));
#1835 = CARTESIAN_POINT('',(39.629819485014,55.402743473268,23.65));
#1836 = CARTESIAN_POINT('',(39.699971476477,55.158751143347,23.65));
#1837 = CARTESIAN_POINT('',(39.728430742359,55.073530149161,23.65));
#1838 = CARTESIAN_POINT('',(39.760648364636,54.990052449952,23.65));
#1839 = CARTESIAN_POINT('',(39.796838063406,54.90865835269,23.65));
#1840 = CARTESIAN_POINT('',(39.837162071036,54.829726381153,23.65));
#1841 = CARTESIAN_POINT('',(39.926675922547,54.676785839003,23.65));
#1842 = CARTESIAN_POINT('',(39.975960195552,54.602823544871,23.65));
#1843 = CARTESIAN_POINT('',(40.02959562056,54.532196871146,23.65));
#1844 = CARTESIAN_POINT('',(40.087545770482,54.465302339737,23.65));
#1845 = CARTESIAN_POINT('',(40.149652049433,54.40247135615,23.65));
#1846 = CARTESIAN_POINT('',(40.2156020558,54.343942731278,23.65));
#1847 = ORIENTED_EDGE('',*,*,#1848,.F.);
#1848 = EDGE_CURVE('',#1849,#1827,#1851,.T.);
#1849 = VERTEX_POINT('',#1850);
#1850 = CARTESIAN_POINT('',(39.551725403818,60.651982378855,23.65));
#1851 = LINE('',#1852,#1853);
#1852 = CARTESIAN_POINT('',(39.551725403818,26.117914831131,23.65));
#1853 = VECTOR('',#1854,1.);
#1854 = DIRECTION('',(-1.224646799147E-16,-1.,0.));
#1855 = ORIENTED_EDGE('',*,*,#1856,.F.);
#1856 = EDGE_CURVE('',#1857,#1849,#1859,.T.);
#1857 = VERTEX_POINT('',#1858);
#1858 = CARTESIAN_POINT('',(41.4,60.651982378855,23.65));
#1859 = LINE('',#1860,#1861);
#1860 = CARTESIAN_POINT('',(18.275862701909,60.651982378855,23.65));
#1861 = VECTOR('',#1862,1.);
#1862 = DIRECTION('',(-1.,1.224646799147E-16,0.));
#1863 = ORIENTED_EDGE('',*,*,#1864,.F.);
#1864 = EDGE_CURVE('',#1865,#1857,#1867,.T.);
#1865 = VERTEX_POINT('',#1866);
#1866 = CARTESIAN_POINT('',(41.4,56.69456681351,23.65));
#1867 = LINE('',#1868,#1869);
#1868 = CARTESIAN_POINT('',(41.4,28.325991189427,23.65));
#1869 = VECTOR('',#1870,1.);
#1870 = DIRECTION('',(1.224646799147E-16,1.,-0.));
#1871 = ORIENTED_EDGE('',*,*,#1872,.F.);
#1872 = EDGE_CURVE('',#1873,#1865,#1875,.T.);
#1873 = VERTEX_POINT('',#1874);
#1874 = CARTESIAN_POINT('',(42.491923641703,55.230726872247,23.65));
#1875 = B_SPLINE_CURVE_WITH_KNOTS('',6,(#1876,#1877,#1878,#1879,#1880,
    #1881,#1882,#1883,#1884,#1885,#1886,#1887,#1888,#1889,#1890,#1891,
    #1892,#1893,#1894,#1895,#1896,#1897,#1898,#1899,#1900,#1901,#1902,
    #1903,#1904,#1905,#1906,#1907,#1908,#1909,#1910,#1911,#1912),
  .UNSPECIFIED.,.F.,.F.,(7,5,5,5,5,5,5,7),(0.,0.132075839169,
    0.199239431827,0.331472074875,0.455570230584,0.516781085062,
    0.631040761287,1.),.UNSPECIFIED.);
#1876 = CARTESIAN_POINT('',(42.491923641703,55.230726872247,23.65));
#1877 = CARTESIAN_POINT('',(42.445594119364,55.230726872247,23.65));
#1878 = CARTESIAN_POINT('',(42.399470253425,55.232308188156,23.65));
#1879 = CARTESIAN_POINT('',(42.35362581535,55.23559472368,23.65));
#1880 = CARTESIAN_POINT('',(42.308161601102,55.240721144266,23.65));
#1881 = CARTESIAN_POINT('',(42.263202520509,55.247820455621,23.65));
#1882 = CARTESIAN_POINT('',(42.196363137154,55.261685480862,23.65));
#1883 = CARTESIAN_POINT('',(42.174000384004,55.266900013408,23.65));
#1884 = CARTESIAN_POINT('',(42.151826377159,55.272671020681,23.65));
#1885 = CARTESIAN_POINT('',(42.12986231699,55.279012320221,23.65));
#1886 = CARTESIAN_POINT('',(42.108130654268,55.285935706294,23.65));
#1887 = CARTESIAN_POINT('',(42.044373692005,55.308247069105,23.65));
#1888 = CARTESIAN_POINT('',(42.003078076921,55.325339069841,23.65));
#1889 = CARTESIAN_POINT('',(41.962960532544,55.344794511208,23.65));
#1890 = CARTESIAN_POINT('',(41.924207757516,55.366639605137,23.65));
#1891 = CARTESIAN_POINT('',(41.886990756925,55.390841707447,23.65));
#1892 = CARTESIAN_POINT('',(41.818104769526,55.442114793137,23.65));
#1893 = CARTESIAN_POINT('',(41.786228026964,55.468923126081,23.65));
#1894 = CARTESIAN_POINT('',(41.755944920798,55.497628916676,23.65));
#1895 = CARTESIAN_POINT('',(41.727325874072,55.528107701057,23.65));
#1896 = CARTESIAN_POINT('',(41.70040089093,55.560208692782,23.65));
#1897 = CARTESIAN_POINT('',(41.662723671086,55.610316546224,23.65));
#1898 = CARTESIAN_POINT('',(41.650689473504,55.627223240434,23.65));
#1899 = CARTESIAN_POINT('',(41.639065541382,55.644465882606,23.65));
#1900 = CARTESIAN_POINT('',(41.627849138515,55.662025507093,23.65));
#1901 = CARTESIAN_POINT('',(41.617035783774,55.679883415662,23.65));
#1902 = CARTESIAN_POINT('',(41.587175156411,55.731878159437,23.65));
#1903 = CARTESIAN_POINT('',(41.569114473777,55.766709967122,23.65));
#1904 = CARTESIAN_POINT('',(41.55239693198,55.802399594984,23.65));
#1905 = CARTESIAN_POINT('',(41.536968003004,55.838838210829,23.65));
#1906 = CARTESIAN_POINT('',(41.522765523264,55.875929182178,23.65));
#1907 = CARTESIAN_POINT('',(41.46762102821,56.03521053273,23.65));
#1908 = CARTESIAN_POINT('',(41.437714493681,56.16259073534,23.65));
#1909 = CARTESIAN_POINT('',(41.417644333449,56.293413186984,23.65));
#1910 = CARTESIAN_POINT('',(41.405547770102,56.426113450655,23.65));
#1911 = CARTESIAN_POINT('',(41.4,56.559863250641,23.65));
#1912 = CARTESIAN_POINT('',(41.4,56.69456681351,23.65));
#1913 = ORIENTED_EDGE('',*,*,#1914,.F.);
#1914 = EDGE_CURVE('',#1915,#1873,#1917,.T.);
#1915 = VERTEX_POINT('',#1916);
#1916 = CARTESIAN_POINT('',(43.639574155653,55.80778267254,23.65));
#1917 = B_SPLINE_CURVE_WITH_KNOTS('',5,(#1918,#1919,#1920,#1921,#1922,
    #1923,#1924,#1925,#1926,#1927,#1928,#1929,#1930,#1931,#1932,#1933,
    #1934,#1935),.UNSPECIFIED.,.F.,.F.,(6,4,4,4,6),(0.,0.272889930289,
    0.554645999686,0.701323057784,1.),.UNSPECIFIED.);
#1918 = CARTESIAN_POINT('',(43.639574155653,55.80778267254,23.65));
#1919 = CARTESIAN_POINT('',(43.604350108678,55.743579658346,23.65));
#1920 = CARTESIAN_POINT('',(43.564528364423,55.682715854905,23.65));
#1921 = CARTESIAN_POINT('',(43.519990703164,55.625796497104,23.65));
#1922 = CARTESIAN_POINT('',(43.470796651482,55.573357181332,23.65));
#1923 = CARTESIAN_POINT('',(43.362123515509,55.476559940851,23.65));
#1924 = CARTESIAN_POINT('',(43.302342726135,55.432502618226,23.65));
#1925 = CARTESIAN_POINT('',(43.238402641467,55.393936440041,23.65));
#1926 = CARTESIAN_POINT('',(43.17090280459,55.360843837739,23.65));
#1927 = CARTESIAN_POINT('',(43.063833992059,55.31851233538,23.65));
#1928 = CARTESIAN_POINT('',(43.026384173566,55.305441782635,23.65));
#1929 = CARTESIAN_POINT('',(42.988225523223,55.293760421056,23.65));
#1930 = CARTESIAN_POINT('',(42.949439474717,55.283420037521,23.65));
#1931 = CARTESIAN_POINT('',(42.829989793211,55.255931536604,23.65));
#1932 = CARTESIAN_POINT('',(42.747588079525,55.24283531875,23.65));
#1933 = CARTESIAN_POINT('',(42.663490410729,55.234611716561,23.65));
#1934 = CARTESIAN_POINT('',(42.578169758147,55.230726872247,23.65));
#1935 = CARTESIAN_POINT('',(42.491923641703,55.230726872247,23.65));
#1936 = ORIENTED_EDGE('',*,*,#1937,.F.);
#1937 = EDGE_CURVE('',#1938,#1915,#1940,.T.);
#1938 = VERTEX_POINT('',#1939);
#1939 = CARTESIAN_POINT('',(43.955763582966,57.463839941263,23.65));
#1940 = B_SPLINE_CURVE_WITH_KNOTS('',6,(#1941,#1942,#1943,#1944,#1945,
    #1946,#1947,#1948,#1949,#1950,#1951,#1952),.UNSPECIFIED.,.F.,.F.,(7,
    5,7),(0.,0.585914136945,1.),.UNSPECIFIED.);
#1941 = CARTESIAN_POINT('',(43.955763582966,57.463839941263,23.65));
#1942 = CARTESIAN_POINT('',(43.955763582966,57.288507885853,23.65));
#1943 = CARTESIAN_POINT('',(43.950757825184,57.114644138657,23.65));
#1944 = CARTESIAN_POINT('',(43.94005275497,56.942534868214,23.65));
#1945 = CARTESIAN_POINT('',(43.922750565699,56.772801116839,23.65));
#1946 = CARTESIAN_POINT('',(43.897739229519,56.606401406533,23.65));
#1947 = CARTESIAN_POINT('',(43.839409038451,56.330394563742,23.65));
#1948 = CARTESIAN_POINT('',(43.810688410127,56.218494234744,23.65));
#1949 = CARTESIAN_POINT('',(43.776893745309,56.109462131537,23.65));
#1950 = CARTESIAN_POINT('',(43.73746987927,56.004018221496,23.65));
#1951 = CARTESIAN_POINT('',(43.691841865605,55.903106158888,23.65));
#1952 = CARTESIAN_POINT('',(43.639574155653,55.80778267254,23.65));
#1953 = ORIENTED_EDGE('',*,*,#1954,.F.);
#1954 = EDGE_CURVE('',#1955,#1938,#1957,.T.);
#1955 = VERTEX_POINT('',#1956);
#1956 = CARTESIAN_POINT('',(43.955763582966,60.651982378855,23.65));
#1957 = LINE('',#1958,#1959);
#1958 = CARTESIAN_POINT('',(43.955763582966,26.731919970631,23.65));
#1959 = VECTOR('',#1960,1.);
#1960 = DIRECTION('',(-1.224646799147E-16,-1.,0.));
#1961 = ORIENTED_EDGE('',*,*,#1962,.F.);
#1962 = EDGE_CURVE('',#1963,#1955,#1965,.T.);
#1963 = VERTEX_POINT('',#1964);
#1964 = CARTESIAN_POINT('',(45.804038179148,60.651982378855,23.65));
#1965 = LINE('',#1966,#1967);
#1966 = CARTESIAN_POINT('',(20.477881791483,60.651982378855,23.65));
#1967 = VECTOR('',#1968,1.);
#1968 = DIRECTION('',(-1.,1.224646799147E-16,0.));
#1969 = ORIENTED_EDGE('',*,*,#1970,.F.);
#1970 = EDGE_CURVE('',#1971,#1963,#1973,.T.);
#1971 = VERTEX_POINT('',#1972);
#1972 = CARTESIAN_POINT('',(45.804038179148,51.224045521292,23.65));
#1973 = LINE('',#1974,#1975);
#1974 = CARTESIAN_POINT('',(45.804038179148,28.325991189427,23.65));
#1975 = VECTOR('',#1976,1.);
#1976 = DIRECTION('',(1.224646799147E-16,1.,-0.));
#1977 = ORIENTED_EDGE('',*,*,#1978,.F.);
#1978 = EDGE_CURVE('',#1979,#1971,#1981,.T.);
#1979 = VERTEX_POINT('',#1980);
#1980 = CARTESIAN_POINT('',(43.955763582966,51.224045521292,23.65));
#1981 = LINE('',#1982,#1983);
#1982 = CARTESIAN_POINT('',(21.402019089574,51.224045521292,23.65));
#1983 = VECTOR('',#1984,1.);
#1984 = DIRECTION('',(1.,-1.224646799147E-16,0.));
#1985 = ORIENTED_EDGE('',*,*,#1986,.F.);
#1986 = EDGE_CURVE('',#1741,#1979,#1987,.T.);
#1987 = LINE('',#1988,#1989);
#1988 = CARTESIAN_POINT('',(43.955763582966,23.612022760646,23.65));
#1989 = VECTOR('',#1990,1.);
#1990 = DIRECTION('',(-1.224646799147E-16,-1.,0.));
#1991 = FACE_BOUND('',#1992,.T.);
#1992 = EDGE_LOOP('',(#1993,#2003,#2011,#2019));
#1993 = ORIENTED_EDGE('',*,*,#1994,.F.);
#1994 = EDGE_CURVE('',#1995,#1997,#1999,.T.);
#1995 = VERTEX_POINT('',#1996);
#1996 = CARTESIAN_POINT('',(47.729038179148,60.651982378855,23.65));
#1997 = VERTEX_POINT('',#1998);
#1998 = CARTESIAN_POINT('',(47.729038179148,53.878744493392,23.65));
#1999 = LINE('',#2000,#2001);
#2000 = CARTESIAN_POINT('',(47.729038179148,24.939372246696,23.65));
#2001 = VECTOR('',#2002,1.);
#2002 = DIRECTION('',(-1.224646799147E-16,-1.,0.));
#2003 = ORIENTED_EDGE('',*,*,#2004,.F.);
#2004 = EDGE_CURVE('',#2005,#1995,#2007,.T.);
#2005 = VERTEX_POINT('',#2006);
#2006 = CARTESIAN_POINT('',(49.57731277533,60.651982378855,23.65));
#2007 = LINE('',#2008,#2009);
#2008 = CARTESIAN_POINT('',(22.364519089574,60.651982378855,23.65));
#2009 = VECTOR('',#2010,1.);
#2010 = DIRECTION('',(-1.,1.224646799147E-16,0.));
#2011 = ORIENTED_EDGE('',*,*,#2012,.F.);
#2012 = EDGE_CURVE('',#2013,#2005,#2015,.T.);
#2013 = VERTEX_POINT('',#2014);
#2014 = CARTESIAN_POINT('',(49.57731277533,53.878744493392,23.65));
#2015 = LINE('',#2016,#2017);
#2016 = CARTESIAN_POINT('',(49.57731277533,28.325991189427,23.65));
#2017 = VECTOR('',#2018,1.);
#2018 = DIRECTION('',(1.224646799147E-16,1.,-0.));
#2019 = ORIENTED_EDGE('',*,*,#2020,.F.);
#2020 = EDGE_CURVE('',#1997,#2013,#2021,.T.);
#2021 = LINE('',#2022,#2023);
#2022 = CARTESIAN_POINT('',(23.288656387665,53.878744493392,23.65));
#2023 = VECTOR('',#2024,1.);
#2024 = DIRECTION('',(1.,-1.224646799147E-16,0.));
#2025 = FACE_BOUND('',#2026,.T.);
#2026 = EDGE_LOOP('',(#2027,#2037,#2045,#2053,#2063,#2074,#2082,#2097,
    #2105,#2113,#2121));
#2027 = ORIENTED_EDGE('',*,*,#2028,.F.);
#2028 = EDGE_CURVE('',#2029,#2031,#2033,.T.);
#2029 = VERTEX_POINT('',#2030);
#2030 = CARTESIAN_POINT('',(57.600367107195,53.878744493392,23.65));
#2031 = VERTEX_POINT('',#2032);
#2032 = CARTESIAN_POINT('',(55.019970631424,60.651982378855,23.65));
#2033 = LINE('',#2034,#2035);
#2034 = CARTESIAN_POINT('',(62.09752259926,42.074239161875,23.65));
#2035 = VECTOR('',#2036,1.);
#2036 = DIRECTION('',(-0.356009228345,0.934482439286,0.));
#2037 = ORIENTED_EDGE('',*,*,#2038,.F.);
#2038 = EDGE_CURVE('',#2039,#2029,#2041,.T.);
#2039 = VERTEX_POINT('',#2040);
#2040 = CARTESIAN_POINT('',(55.665271659325,53.878744493392,23.65));
#2041 = LINE('',#2042,#2043);
#2042 = CARTESIAN_POINT('',(27.300183553598,53.878744493392,23.65));
#2043 = VECTOR('',#2044,1.);
#2044 = DIRECTION('',(1.,-1.224646799147E-16,0.));
#2045 = ORIENTED_EDGE('',*,*,#2046,.F.);
#2046 = EDGE_CURVE('',#2047,#2039,#2049,.T.);
#2047 = VERTEX_POINT('',#2048);
#2048 = CARTESIAN_POINT('',(54.362555066079,57.736820851689,23.65));
#2049 = LINE('',#2050,#2051);
#2050 = CARTESIAN_POINT('',(61.434791273076,36.79195268007,23.65));
#2051 = VECTOR('',#2052,1.);
#2052 = DIRECTION('',(0.319914406755,-0.947446448276,0.));
#2053 = ORIENTED_EDGE('',*,*,#2054,.F.);
#2054 = EDGE_CURVE('',#2055,#2047,#2057,.T.);
#2055 = VERTEX_POINT('',#2056);
#2056 = CARTESIAN_POINT('',(54.182856093979,58.456424375918,23.65));
#2057 = B_SPLINE_CURVE_WITH_KNOTS('',4,(#2058,#2059,#2060,#2061,#2062),
  .UNSPECIFIED.,.F.,.F.,(5,5),(0.,1.),.PIECEWISE_BEZIER_KNOTS.);
#2058 = CARTESIAN_POINT('',(54.182856093979,58.456424375918,23.65));
#2059 = CARTESIAN_POINT('',(54.216737187224,58.271581961886,23.65));
#2060 = CARTESIAN_POINT('',(54.257899535315,58.08986157726,23.65));
#2061 = CARTESIAN_POINT('',(54.306487006063,57.911525676377,23.65));
#2062 = CARTESIAN_POINT('',(54.362555066079,57.736820851689,23.65));
#2063 = ORIENTED_EDGE('',*,*,#2064,.F.);
#2064 = EDGE_CURVE('',#2065,#2055,#2067,.T.);
#2065 = VERTEX_POINT('',#2066);
#2066 = CARTESIAN_POINT('',(54.102092511013,59.125954478708,23.65));
#2067 = B_SPLINE_CURVE_WITH_KNOTS('',5,(#2068,#2069,#2070,#2071,#2072,
    #2073),.UNSPECIFIED.,.F.,.F.,(6,6),(0.,1.),
  .PIECEWISE_BEZIER_KNOTS.);
#2068 = CARTESIAN_POINT('',(54.102092511013,59.125954478708,23.65));
#2069 = CARTESIAN_POINT('',(54.107285062771,59.002505748207,23.65));
#2070 = CARTESIAN_POINT('',(54.118379557504,58.873224027903,23.65));
#2071 = CARTESIAN_POINT('',(54.134953099985,58.738744355179,23.65));
#2072 = CARTESIAN_POINT('',(54.156574746939,58.59964994174,23.65));
#2073 = CARTESIAN_POINT('',(54.182856093979,58.456424375918,23.65));
#2074 = ORIENTED_EDGE('',*,*,#2075,.F.);
#2075 = EDGE_CURVE('',#2076,#2065,#2078,.T.);
#2076 = VERTEX_POINT('',#2077);
#2077 = CARTESIAN_POINT('',(54.052422907489,59.125954478708,23.65));
#2078 = LINE('',#2079,#2080);
#2079 = CARTESIAN_POINT('',(25.551046255507,59.125954478708,23.65));
#2080 = VECTOR('',#2081,1.);
#2081 = DIRECTION('',(1.,-1.224646799147E-16,0.));
#2082 = ORIENTED_EDGE('',*,*,#2083,.F.);
#2083 = EDGE_CURVE('',#2084,#2076,#2086,.T.);
#2084 = VERTEX_POINT('',#2085);
#2085 = CARTESIAN_POINT('',(53.779441997063,57.736820851689,23.65));
#2086 = B_SPLINE_CURVE_WITH_KNOTS('',5,(#2087,#2088,#2089,#2090,#2091,
    #2092,#2093,#2094,#2095,#2096),.UNSPECIFIED.,.F.,.F.,(6,4,6),(0.,
    0.51024969369,1.),.UNSPECIFIED.);
#2087 = CARTESIAN_POINT('',(53.779441997063,57.736820851689,23.65));
#2088 = CARTESIAN_POINT('',(53.825504305989,57.877373992965,23.65));
#2089 = CARTESIAN_POINT('',(53.867395325242,58.018460213569,23.65));
#2090 = CARTESIAN_POINT('',(53.904873027698,58.159992149582,23.65));
#2091 = CARTESIAN_POINT('',(53.937687425635,58.301855239834,23.65));
#2092 = CARTESIAN_POINT('',(53.992395209903,58.580249881674,23.65));
#2093 = CARTESIAN_POINT('',(54.014674427355,58.716766838507,23.65));
#2094 = CARTESIAN_POINT('',(54.032230642246,58.85332851803,23.65));
#2095 = CARTESIAN_POINT('',(54.044866944123,58.98978287804,23.65));
#2096 = CARTESIAN_POINT('',(54.052422907489,59.125954478708,23.65));
#2097 = ORIENTED_EDGE('',*,*,#2098,.F.);
#2098 = EDGE_CURVE('',#2099,#2084,#2101,.T.);
#2099 = VERTEX_POINT('',#2100);
#2100 = CARTESIAN_POINT('',(52.477129221733,53.878744493392,23.65));
#2101 = LINE('',#2102,#2103);
#2102 = CARTESIAN_POINT('',(41.521543428679,21.423033899026,23.65));
#2103 = VECTOR('',#2104,1.);
#2104 = DIRECTION('',(0.319825384325,0.947476502897,-0.));
#2105 = ORIENTED_EDGE('',*,*,#2106,.F.);
#2106 = EDGE_CURVE('',#2107,#2099,#2109,.T.);
#2107 = VERTEX_POINT('',#2108);
#2108 = CARTESIAN_POINT('',(50.541629955947,53.878744493392,23.65));
#2109 = LINE('',#2110,#2111);
#2110 = CARTESIAN_POINT('',(24.738564610866,53.878744493392,23.65));
#2111 = VECTOR('',#2112,1.);
#2112 = DIRECTION('',(1.,-1.224646799147E-16,0.));
#2113 = ORIENTED_EDGE('',*,*,#2114,.F.);
#2114 = EDGE_CURVE('',#2115,#2107,#2117,.T.);
#2115 = VERTEX_POINT('',#2116);
#2116 = CARTESIAN_POINT('',(53.122026431718,60.651982378855,23.65));
#2117 = LINE('',#2118,#2119);
#2118 = CARTESIAN_POINT('',(37.520951161575,19.700990906851,23.65));
#2119 = VECTOR('',#2120,1.);
#2120 = DIRECTION('',(-0.356009228345,-0.934482439286,0.));
#2121 = ORIENTED_EDGE('',*,*,#2122,.F.);
#2122 = EDGE_CURVE('',#2031,#2115,#2123,.T.);
#2123 = LINE('',#2124,#2125);
#2124 = CARTESIAN_POINT('',(25.061013215859,60.651982378855,23.65));
#2125 = VECTOR('',#2126,1.);
#2126 = DIRECTION('',(-1.,1.224646799147E-16,0.));
#2127 = FACE_BOUND('',#2128,.T.);
#2128 = EDGE_LOOP('',(#2129,#2139,#2147,#2155,#2163,#2171,#2179,#2187,
    #2195,#2205,#2215,#2223,#2231,#2239));
#2129 = ORIENTED_EDGE('',*,*,#2130,.F.);
#2130 = EDGE_CURVE('',#2131,#2133,#2135,.T.);
#2131 = VERTEX_POINT('',#2132);
#2132 = CARTESIAN_POINT('',(59.74140969163,60.651982378855,23.65));
#2133 = VERTEX_POINT('',#2134);
#2134 = CARTESIAN_POINT('',(57.607635829662,60.651982378855,23.65));
#2135 = LINE('',#2136,#2137);
#2136 = CARTESIAN_POINT('',(27.303817914831,60.651982378855,23.65));
#2137 = VECTOR('',#2138,1.);
#2138 = DIRECTION('',(-1.,1.224646799147E-16,0.));
#2139 = ORIENTED_EDGE('',*,*,#2140,.F.);
#2140 = EDGE_CURVE('',#2141,#2131,#2143,.T.);
#2141 = VERTEX_POINT('',#2142);
#2142 = CARTESIAN_POINT('',(62.06093979442,56.917878120411,23.65));
#2143 = LINE('',#2144,#2145);
#2144 = CARTESIAN_POINT('',(65.496294976931,51.387458661379,23.65));
#2145 = VECTOR('',#2146,1.);
#2146 = DIRECTION('',(-0.527660102352,0.849455600009,0.));
#2147 = ORIENTED_EDGE('',*,*,#2148,.F.);
#2148 = EDGE_CURVE('',#2149,#2141,#2151,.T.);
#2149 = VERTEX_POINT('',#2150);
#2150 = CARTESIAN_POINT('',(62.854845814978,57.488472834068,23.65));
#2151 = LINE('',#2152,#2153);
#2152 = CARTESIAN_POINT('',(26.175770439012,31.126553451443,23.65));
#2153 = VECTOR('',#2154,1.);
#2154 = DIRECTION('',(-0.81202760531,-0.583619026604,0.));
#2155 = ORIENTED_EDGE('',*,*,#2156,.F.);
#2156 = EDGE_CURVE('',#2157,#2149,#2159,.T.);
#2157 = VERTEX_POINT('',#2158);
#2158 = CARTESIAN_POINT('',(62.854845814978,60.651982378855,23.65));
#2159 = LINE('',#2160,#2161);
#2160 = CARTESIAN_POINT('',(62.854845814978,26.744236417034,23.65));
#2161 = VECTOR('',#2162,1.);
#2162 = DIRECTION('',(-1.224646799147E-16,-1.,0.));
#2163 = ORIENTED_EDGE('',*,*,#2164,.F.);
#2164 = EDGE_CURVE('',#2165,#2157,#2167,.T.);
#2165 = VERTEX_POINT('',#2166);
#2166 = CARTESIAN_POINT('',(64.72815712188,60.651982378855,23.65));
#2167 = LINE('',#2168,#2169);
#2168 = CARTESIAN_POINT('',(29.927422907489,60.651982378855,23.65));
#2169 = VECTOR('',#2170,1.);
#2170 = DIRECTION('',(-1.,1.224646799147E-16,0.));
#2171 = ORIENTED_EDGE('',*,*,#2172,.F.);
#2172 = EDGE_CURVE('',#2173,#2165,#2175,.T.);
#2173 = VERTEX_POINT('',#2174);
#2174 = CARTESIAN_POINT('',(64.72815712188,51.794640234949,23.65));
#2175 = LINE('',#2176,#2177);
#2176 = CARTESIAN_POINT('',(64.72815712188,28.325991189427,23.65));
#2177 = VECTOR('',#2178,1.);
#2178 = DIRECTION('',(1.224646799147E-16,1.,-0.));
#2179 = ORIENTED_EDGE('',*,*,#2180,.F.);
#2180 = EDGE_CURVE('',#2181,#2173,#2183,.T.);
#2181 = VERTEX_POINT('',#2182);
#2182 = CARTESIAN_POINT('',(62.854845814978,51.794640234949,23.65));
#2183 = LINE('',#2184,#2185);
#2184 = CARTESIAN_POINT('',(30.86407856094,51.794640234949,23.65));
#2185 = VECTOR('',#2186,1.);
#2186 = DIRECTION('',(1.,-1.224646799147E-16,0.));
#2187 = ORIENTED_EDGE('',*,*,#2188,.F.);
#2188 = EDGE_CURVE('',#2189,#2181,#2191,.T.);
#2189 = VERTEX_POINT('',#2190);
#2190 = CARTESIAN_POINT('',(62.854845814978,55.850991189427,23.65));
#2191 = LINE('',#2192,#2193);
#2192 = CARTESIAN_POINT('',(62.854845814978,23.897320117474,23.65));
#2193 = VECTOR('',#2194,1.);
#2194 = DIRECTION('',(-1.224646799147E-16,-1.,0.));
#2195 = ORIENTED_EDGE('',*,*,#2196,.F.);
#2196 = EDGE_CURVE('',#2197,#2189,#2199,.T.);
#2197 = VERTEX_POINT('',#2198);
#2198 = CARTESIAN_POINT('',(62.482929515419,55.330066079295,23.65));
#2199 = B_SPLINE_CURVE_WITH_KNOTS('',4,(#2200,#2201,#2202,#2203,#2204),
  .UNSPECIFIED.,.F.,.F.,(5,5),(0.,1.),.PIECEWISE_BEZIER_KNOTS.);
#2200 = CARTESIAN_POINT('',(62.482929515419,55.330066079295,23.65));
#2201 = CARTESIAN_POINT('',(62.57599962595,55.460283479063,23.65));
#2202 = CARTESIAN_POINT('',(62.669009063302,55.590510134738,23.65));
#2203 = CARTESIAN_POINT('',(62.761957801597,55.720746040231,23.65));
#2204 = CARTESIAN_POINT('',(62.854845814978,55.850991189427,23.65));
#2205 = ORIENTED_EDGE('',*,*,#2206,.F.);
#2206 = EDGE_CURVE('',#2207,#2197,#2209,.T.);
#2207 = VERTEX_POINT('',#2208);
#2208 = CARTESIAN_POINT('',(62.110609397944,54.809140969163,23.65));
#2209 = B_SPLINE_CURVE_WITH_KNOTS('',4,(#2210,#2211,#2212,#2213,#2214),
  .UNSPECIFIED.,.F.,.F.,(5,5),(0.,1.),.PIECEWISE_BEZIER_KNOTS.);
#2210 = CARTESIAN_POINT('',(62.110609397944,54.809140969163,23.65));
#2211 = CARTESIAN_POINT('',(62.203689427313,54.939372246696,23.65));
#2212 = CARTESIAN_POINT('',(62.296769456681,55.069603524229,23.65));
#2213 = CARTESIAN_POINT('',(62.38984948605,55.199834801762,23.65));
#2214 = CARTESIAN_POINT('',(62.482929515419,55.330066079295,23.65));
#2215 = ORIENTED_EDGE('',*,*,#2216,.F.);
#2216 = EDGE_CURVE('',#2217,#2207,#2219,.T.);
#2217 = VERTEX_POINT('',#2218);
#2218 = CARTESIAN_POINT('',(59.71637298091,51.794640234949,23.65));
#2219 = LINE('',#2220,#2221);
#2220 = CARTESIAN_POINT('',(35.197277929912,20.923490874904,23.65));
#2221 = VECTOR('',#2222,1.);
#2222 = DIRECTION('',(0.621940795751,0.783064267209,-0.));
#2223 = ORIENTED_EDGE('',*,*,#2224,.F.);
#2224 = EDGE_CURVE('',#2225,#2217,#2227,.T.);
#2225 = VERTEX_POINT('',#2226);
#2226 = CARTESIAN_POINT('',(57.632268722467,51.794640234949,23.65));
#2227 = LINE('',#2228,#2229);
#2228 = CARTESIAN_POINT('',(28.358186490455,51.794640234949,23.65));
#2229 = VECTOR('',#2230,1.);
#2230 = DIRECTION('',(1.,-1.224646799147E-16,0.));
#2231 = ORIENTED_EDGE('',*,*,#2232,.F.);
#2232 = EDGE_CURVE('',#2233,#2225,#2235,.T.);
#2233 = VERTEX_POINT('',#2234);
#2234 = CARTESIAN_POINT('',(60.721475770925,55.714500734214,23.65));
#2235 = LINE('',#2236,#2237);
#2236 = CARTESIAN_POINT('',(32.454971952046,19.847448110704,23.65));
#2237 = VECTOR('',#2238,1.);
#2238 = DIRECTION('',(-0.618975091566,-0.785410616188,0.));
#2239 = ORIENTED_EDGE('',*,*,#2240,.F.);
#2240 = EDGE_CURVE('',#2133,#2233,#2241,.T.);
#2241 = LINE('',#2242,#2243);
#2242 = CARTESIAN_POINT('',(65.12707064257,48.728739030725,23.65));
#2243 = VECTOR('',#2244,1.);
#2244 = DIRECTION('',(0.533433284243,-0.845842143229,0.));
#2245 = PLANE('',#2246);
#2246 = AXIS2_PLACEMENT_3D('',#2247,#2248,#2249);
#2247 = CARTESIAN_POINT('',(-3.,-4.,23.65));
#2248 = DIRECTION('',(0.,0.,1.));
#2249 = DIRECTION('',(1.,0.,-0.));
#2250 = ADVANCED_FACE('',(#2251),#2262,.T.);
#2251 = FACE_BOUND('',#2252,.F.);
#2252 = EDGE_LOOP('',(#2253,#2254,#2255,#2261));
#2253 = ORIENTED_EDGE('',*,*,#103,.F.);
#2254 = ORIENTED_EDGE('',*,*,#797,.T.);
#2255 = ORIENTED_EDGE('',*,*,#2256,.T.);
#2256 = EDGE_CURVE('',#790,#898,#2257,.T.);
#2257 = LINE('',#2258,#2259);
#2258 = CARTESIAN_POINT('',(1.,65.5,22.85));
#2259 = VECTOR('',#2260,1.);
#2260 = DIRECTION('',(4.329780281177E-17,-0.707106781187,0.707106781187)
  );
#2261 = ORIENTED_EDGE('',*,*,#905,.F.);
#2262 = CONICAL_SURFACE('',#2263,4.,0.785398163397);
#2263 = AXIS2_PLACEMENT_3D('',#2264,#2265,#2266);
#2264 = CARTESIAN_POINT('',(1.,61.5,22.85));
#2265 = DIRECTION('',(-0.,-0.,-1.));
#2266 = DIRECTION('',(-1.,0.,0.));
#2267 = ADVANCED_FACE('',(#2268),#2286,.T.);
#2268 = FACE_BOUND('',#2269,.T.);
#2269 = EDGE_LOOP('',(#2270,#2271,#2279,#2285));
#2270 = ORIENTED_EDGE('',*,*,#789,.T.);
#2271 = ORIENTED_EDGE('',*,*,#2272,.T.);
#2272 = EDGE_CURVE('',#790,#2273,#2275,.T.);
#2273 = VERTEX_POINT('',#2274);
#2274 = CARTESIAN_POINT('',(84.,65.5,22.85));
#2275 = LINE('',#2276,#2277);
#2276 = CARTESIAN_POINT('',(1.,65.5,22.85));
#2277 = VECTOR('',#2278,1.);
#2278 = DIRECTION('',(1.,0.,-0.));
#2279 = ORIENTED_EDGE('',*,*,#2280,.F.);
#2280 = EDGE_CURVE('',#153,#2273,#2281,.T.);
#2281 = LINE('',#2282,#2283);
#2282 = CARTESIAN_POINT('',(84.,65.5,21.65));
#2283 = VECTOR('',#2284,1.);
#2284 = DIRECTION('',(0.,0.,1.));
#2285 = ORIENTED_EDGE('',*,*,#161,.F.);
#2286 = PLANE('',#2287);
#2287 = AXIS2_PLACEMENT_3D('',#2288,#2289,#2290);
#2288 = CARTESIAN_POINT('',(-3.,65.5,21.65));
#2289 = DIRECTION('',(-0.,1.,0.));
#2290 = DIRECTION('',(0.,0.,1.));
#2291 = ADVANCED_FACE('',(#2292),#2311,.T.);
#2292 = FACE_BOUND('',#2293,.F.);
#2293 = EDGE_LOOP('',(#2294,#2302,#2303,#2304));
#2294 = ORIENTED_EDGE('',*,*,#2295,.F.);
#2295 = EDGE_CURVE('',#136,#2296,#2298,.T.);
#2296 = VERTEX_POINT('',#2297);
#2297 = CARTESIAN_POINT('',(88.,0.,22.85));
#2298 = LINE('',#2299,#2300);
#2299 = CARTESIAN_POINT('',(88.,-8.881784197001E-16,21.65));
#2300 = VECTOR('',#2301,1.);
#2301 = DIRECTION('',(0.,0.,1.));
#2302 = ORIENTED_EDGE('',*,*,#135,.T.);
#2303 = ORIENTED_EDGE('',*,*,#846,.T.);
#2304 = ORIENTED_EDGE('',*,*,#2305,.F.);
#2305 = EDGE_CURVE('',#2296,#839,#2306,.T.);
#2306 = CIRCLE('',#2307,4.);
#2307 = AXIS2_PLACEMENT_3D('',#2308,#2309,#2310);
#2308 = CARTESIAN_POINT('',(84.,-8.881784197001E-16,22.85));
#2309 = DIRECTION('',(0.,-0.,-1.));
#2310 = DIRECTION('',(1.,1.836970198721E-16,-0.));
#2311 = CYLINDRICAL_SURFACE('',#2312,4.);
#2312 = AXIS2_PLACEMENT_3D('',#2313,#2314,#2315);
#2313 = CARTESIAN_POINT('',(84.,-8.881784197001E-16,21.65));
#2314 = DIRECTION('',(0.,0.,1.));
#2315 = DIRECTION('',(1.,0.,-0.));
#2316 = ADVANCED_FACE('',(#2317),#2336,.T.);
#2317 = FACE_BOUND('',#2318,.T.);
#2318 = EDGE_LOOP('',(#2319,#2327,#2328,#2329));
#2319 = ORIENTED_EDGE('',*,*,#2320,.F.);
#2320 = EDGE_CURVE('',#145,#2321,#2323,.T.);
#2321 = VERTEX_POINT('',#2322);
#2322 = CARTESIAN_POINT('',(88.,61.5,22.85));
#2323 = LINE('',#2324,#2325);
#2324 = CARTESIAN_POINT('',(88.,61.5,21.65));
#2325 = VECTOR('',#2326,1.);
#2326 = DIRECTION('',(0.,0.,1.));
#2327 = ORIENTED_EDGE('',*,*,#152,.T.);
#2328 = ORIENTED_EDGE('',*,*,#2280,.T.);
#2329 = ORIENTED_EDGE('',*,*,#2330,.T.);
#2330 = EDGE_CURVE('',#2273,#2321,#2331,.T.);
#2331 = CIRCLE('',#2332,4.);
#2332 = AXIS2_PLACEMENT_3D('',#2333,#2334,#2335);
#2333 = CARTESIAN_POINT('',(84.,61.5,22.85));
#2334 = DIRECTION('',(0.,-0.,-1.));
#2335 = DIRECTION('',(0.,1.,-0.));
#2336 = CYLINDRICAL_SURFACE('',#2337,4.);
#2337 = AXIS2_PLACEMENT_3D('',#2338,#2339,#2340);
#2338 = CARTESIAN_POINT('',(84.,61.5,21.65));
#2339 = DIRECTION('',(0.,0.,1.));
#2340 = DIRECTION('',(1.,0.,-0.));
#2341 = ADVANCED_FACE('',(#2342),#2353,.T.);
#2342 = FACE_BOUND('',#2343,.T.);
#2343 = EDGE_LOOP('',(#2344,#2345,#2346,#2347));
#2344 = ORIENTED_EDGE('',*,*,#2295,.F.);
#2345 = ORIENTED_EDGE('',*,*,#144,.T.);
#2346 = ORIENTED_EDGE('',*,*,#2320,.T.);
#2347 = ORIENTED_EDGE('',*,*,#2348,.T.);
#2348 = EDGE_CURVE('',#2321,#2296,#2349,.T.);
#2349 = LINE('',#2350,#2351);
#2350 = CARTESIAN_POINT('',(88.,61.5,22.85));
#2351 = VECTOR('',#2352,1.);
#2352 = DIRECTION('',(0.,-1.,-0.));
#2353 = PLANE('',#2354);
#2354 = AXIS2_PLACEMENT_3D('',#2355,#2356,#2357);
#2355 = CARTESIAN_POINT('',(88.,-4.,21.65));
#2356 = DIRECTION('',(1.,0.,-0.));
#2357 = DIRECTION('',(0.,0.,1.));
#2358 = ADVANCED_FACE('',(#2359),#2378,.T.);
#2359 = FACE_BOUND('',#2360,.T.);
#2360 = EDGE_LOOP('',(#2361,#2362,#2370,#2377));
#2361 = ORIENTED_EDGE('',*,*,#178,.F.);
#2362 = ORIENTED_EDGE('',*,*,#2363,.F.);
#2363 = EDGE_CURVE('',#2364,#179,#2366,.T.);
#2364 = VERTEX_POINT('',#2365);
#2365 = CARTESIAN_POINT('',(5.9,3.5,1.31));
#2366 = LINE('',#2367,#2368);
#2367 = CARTESIAN_POINT('',(5.9,3.5,1.31));
#2368 = VECTOR('',#2369,1.);
#2369 = DIRECTION('',(0.,0.,1.));
#2370 = ORIENTED_EDGE('',*,*,#2371,.T.);
#2371 = EDGE_CURVE('',#2364,#2364,#2372,.T.);
#2372 = CIRCLE('',#2373,2.4);
#2373 = AXIS2_PLACEMENT_3D('',#2374,#2375,#2376);
#2374 = CARTESIAN_POINT('',(3.5,3.5,1.31));
#2375 = DIRECTION('',(0.,0.,1.));
#2376 = DIRECTION('',(1.,0.,-0.));
#2377 = ORIENTED_EDGE('',*,*,#2363,.T.);
#2378 = CYLINDRICAL_SURFACE('',#2379,2.4);
#2379 = AXIS2_PLACEMENT_3D('',#2380,#2381,#2382);
#2380 = CARTESIAN_POINT('',(3.5,3.5,1.31));
#2381 = DIRECTION('',(0.,0.,1.));
#2382 = DIRECTION('',(1.,0.,-0.));
#2383 = ADVANCED_FACE('',(#2384),#2403,.F.);
#2384 = FACE_BOUND('',#2385,.F.);
#2385 = EDGE_LOOP('',(#2386,#2394,#2401,#2402));
#2386 = ORIENTED_EDGE('',*,*,#2387,.T.);
#2387 = EDGE_CURVE('',#190,#2388,#2390,.T.);
#2388 = VERTEX_POINT('',#2389);
#2389 = CARTESIAN_POINT('',(45.85,11.3,22.6));
#2390 = LINE('',#2391,#2392);
#2391 = CARTESIAN_POINT('',(45.85,11.3,21.45));
#2392 = VECTOR('',#2393,1.);
#2393 = DIRECTION('',(0.,0.,1.));
#2394 = ORIENTED_EDGE('',*,*,#2395,.F.);
#2395 = EDGE_CURVE('',#2388,#2388,#2396,.T.);
#2396 = CIRCLE('',#2397,4.85);
#2397 = AXIS2_PLACEMENT_3D('',#2398,#2399,#2400);
#2398 = CARTESIAN_POINT('',(41.,11.3,22.6));
#2399 = DIRECTION('',(0.,0.,1.));
#2400 = DIRECTION('',(1.,0.,-0.));
#2401 = ORIENTED_EDGE('',*,*,#2387,.F.);
#2402 = ORIENTED_EDGE('',*,*,#189,.T.);
#2403 = CYLINDRICAL_SURFACE('',#2404,4.85);
#2404 = AXIS2_PLACEMENT_3D('',#2405,#2406,#2407);
#2405 = CARTESIAN_POINT('',(41.,11.3,21.45));
#2406 = DIRECTION('',(0.,0.,1.));
#2407 = DIRECTION('',(1.,0.,-0.));
#2408 = ADVANCED_FACE('',(#2409),#2428,.T.);
#2409 = FACE_BOUND('',#2410,.T.);
#2410 = EDGE_LOOP('',(#2411,#2412,#2420,#2427));
#2411 = ORIENTED_EDGE('',*,*,#200,.F.);
#2412 = ORIENTED_EDGE('',*,*,#2413,.F.);
#2413 = EDGE_CURVE('',#2414,#201,#2416,.T.);
#2414 = VERTEX_POINT('',#2415);
#2415 = CARTESIAN_POINT('',(30.7,21.8,16.24));
#2416 = LINE('',#2417,#2418);
#2417 = CARTESIAN_POINT('',(30.7,21.8,16.24));
#2418 = VECTOR('',#2419,1.);
#2419 = DIRECTION('',(0.,0.,1.));
#2420 = ORIENTED_EDGE('',*,*,#2421,.T.);
#2421 = EDGE_CURVE('',#2414,#2414,#2422,.T.);
#2422 = CIRCLE('',#2423,2.1);
#2423 = AXIS2_PLACEMENT_3D('',#2424,#2425,#2426);
#2424 = CARTESIAN_POINT('',(28.6,21.8,16.24));
#2425 = DIRECTION('',(0.,0.,1.));
#2426 = DIRECTION('',(1.,0.,-0.));
#2427 = ORIENTED_EDGE('',*,*,#2413,.T.);
#2428 = CYLINDRICAL_SURFACE('',#2429,2.1);
#2429 = AXIS2_PLACEMENT_3D('',#2430,#2431,#2432);
#2430 = CARTESIAN_POINT('',(28.6,21.8,16.24));
#2431 = DIRECTION('',(0.,0.,1.));
#2432 = DIRECTION('',(1.,0.,-0.));
#2433 = ADVANCED_FACE('',(#2434),#2453,.T.);
#2434 = FACE_BOUND('',#2435,.T.);
#2435 = EDGE_LOOP('',(#2436,#2437,#2445,#2452));
#2436 = ORIENTED_EDGE('',*,*,#211,.F.);
#2437 = ORIENTED_EDGE('',*,*,#2438,.F.);
#2438 = EDGE_CURVE('',#2439,#212,#2441,.T.);
#2439 = VERTEX_POINT('',#2440);
#2440 = CARTESIAN_POINT('',(43.2,21.8,16.24));
#2441 = LINE('',#2442,#2443);
#2442 = CARTESIAN_POINT('',(43.2,21.8,16.24));
#2443 = VECTOR('',#2444,1.);
#2444 = DIRECTION('',(0.,0.,1.));
#2445 = ORIENTED_EDGE('',*,*,#2446,.T.);
#2446 = EDGE_CURVE('',#2439,#2439,#2447,.T.);
#2447 = CIRCLE('',#2448,2.1);
#2448 = AXIS2_PLACEMENT_3D('',#2449,#2450,#2451);
#2449 = CARTESIAN_POINT('',(41.1,21.8,16.24));
#2450 = DIRECTION('',(0.,0.,1.));
#2451 = DIRECTION('',(1.,0.,-0.));
#2452 = ORIENTED_EDGE('',*,*,#2438,.T.);
#2453 = CYLINDRICAL_SURFACE('',#2454,2.1);
#2454 = AXIS2_PLACEMENT_3D('',#2455,#2456,#2457);
#2455 = CARTESIAN_POINT('',(41.1,21.8,16.24));
#2456 = DIRECTION('',(0.,0.,1.));
#2457 = DIRECTION('',(1.,0.,-0.));
#2458 = ADVANCED_FACE('',(#2459),#2475,.F.);
#2459 = FACE_BOUND('',#2460,.F.);
#2460 = EDGE_LOOP('',(#2461,#2462,#2468,#2469));
#2461 = ORIENTED_EDGE('',*,*,#222,.T.);
#2462 = ORIENTED_EDGE('',*,*,#2463,.T.);
#2463 = EDGE_CURVE('',#225,#928,#2464,.T.);
#2464 = LINE('',#2465,#2466);
#2465 = CARTESIAN_POINT('',(35.835481456442,26.1,21.55));
#2466 = VECTOR('',#2467,1.);
#2467 = DIRECTION('',(0.,0.,1.));
#2468 = ORIENTED_EDGE('',*,*,#925,.F.);
#2469 = ORIENTED_EDGE('',*,*,#2470,.F.);
#2470 = EDGE_CURVE('',#223,#926,#2471,.T.);
#2471 = LINE('',#2472,#2473);
#2472 = CARTESIAN_POINT('',(48.764518543558,26.1,21.55));
#2473 = VECTOR('',#2474,1.);
#2474 = DIRECTION('',(0.,0.,1.));
#2475 = PLANE('',#2476);
#2476 = AXIS2_PLACEMENT_3D('',#2477,#2478,#2479);
#2477 = CARTESIAN_POINT('',(31.3,26.1,21.55));
#2478 = DIRECTION('',(-0.,1.,0.));
#2479 = DIRECTION('',(0.,0.,1.));
#2480 = ADVANCED_FACE('',(#2481),#2492,.F.);
#2481 = FACE_BOUND('',#2482,.F.);
#2482 = EDGE_LOOP('',(#2483,#2484,#2485,#2491));
#2483 = ORIENTED_EDGE('',*,*,#2463,.F.);
#2484 = ORIENTED_EDGE('',*,*,#249,.T.);
#2485 = ORIENTED_EDGE('',*,*,#2486,.T.);
#2486 = EDGE_CURVE('',#242,#945,#2487,.T.);
#2487 = LINE('',#2488,#2489);
#2488 = CARTESIAN_POINT('',(37.9422482861,24.9,21.55));
#2489 = VECTOR('',#2490,1.);
#2490 = DIRECTION('',(0.,0.,1.));
#2491 = ORIENTED_EDGE('',*,*,#952,.F.);
#2492 = CYLINDRICAL_SURFACE('',#2493,11.);
#2493 = AXIS2_PLACEMENT_3D('',#2494,#2495,#2496);
#2494 = CARTESIAN_POINT('',(42.3,35.,21.55));
#2495 = DIRECTION('',(0.,0.,1.));
#2496 = DIRECTION('',(1.,0.,-0.));
#2497 = ADVANCED_FACE('',(#2498),#2509,.T.);
#2498 = FACE_BOUND('',#2499,.T.);
#2499 = EDGE_LOOP('',(#2500,#2506,#2507,#2508));
#2500 = ORIENTED_EDGE('',*,*,#2501,.F.);
#2501 = EDGE_CURVE('',#233,#936,#2502,.T.);
#2502 = LINE('',#2503,#2504);
#2503 = CARTESIAN_POINT('',(46.6577517139,24.9,21.55));
#2504 = VECTOR('',#2505,1.);
#2505 = DIRECTION('',(0.,0.,1.));
#2506 = ORIENTED_EDGE('',*,*,#241,.T.);
#2507 = ORIENTED_EDGE('',*,*,#2486,.T.);
#2508 = ORIENTED_EDGE('',*,*,#944,.F.);
#2509 = PLANE('',#2510);
#2510 = AXIS2_PLACEMENT_3D('',#2511,#2512,#2513);
#2511 = CARTESIAN_POINT('',(31.3,24.9,21.45));
#2512 = DIRECTION('',(-0.,1.,0.));
#2513 = DIRECTION('',(0.,0.,1.));
#2514 = ADVANCED_FACE('',(#2515),#2521,.F.);
#2515 = FACE_BOUND('',#2516,.F.);
#2516 = EDGE_LOOP('',(#2517,#2518,#2519,#2520));
#2517 = ORIENTED_EDGE('',*,*,#2501,.F.);
#2518 = ORIENTED_EDGE('',*,*,#232,.T.);
#2519 = ORIENTED_EDGE('',*,*,#2470,.T.);
#2520 = ORIENTED_EDGE('',*,*,#935,.F.);
#2521 = CYLINDRICAL_SURFACE('',#2522,11.);
#2522 = AXIS2_PLACEMENT_3D('',#2523,#2524,#2525);
#2523 = CARTESIAN_POINT('',(42.3,35.,21.55));
#2524 = DIRECTION('',(0.,0.,1.));
#2525 = DIRECTION('',(1.,0.,-0.));
#2526 = ADVANCED_FACE('',(#2527),#2543,.F.);
#2527 = FACE_BOUND('',#2528,.F.);
#2528 = EDGE_LOOP('',(#2529,#2530,#2536,#2537));
#2529 = ORIENTED_EDGE('',*,*,#258,.T.);
#2530 = ORIENTED_EDGE('',*,*,#2531,.T.);
#2531 = EDGE_CURVE('',#261,#964,#2532,.T.);
#2532 = LINE('',#2533,#2534);
#2533 = CARTESIAN_POINT('',(51.767840302836,29.4,21.55));
#2534 = VECTOR('',#2535,1.);
#2535 = DIRECTION('',(0.,0.,1.));
#2536 = ORIENTED_EDGE('',*,*,#961,.F.);
#2537 = ORIENTED_EDGE('',*,*,#2538,.F.);
#2538 = EDGE_CURVE('',#259,#962,#2539,.T.);
#2539 = LINE('',#2540,#2541);
#2540 = CARTESIAN_POINT('',(50.43879597975,27.6,21.55));
#2541 = VECTOR('',#2542,1.);
#2542 = DIRECTION('',(0.,0.,1.));
#2543 = CYLINDRICAL_SURFACE('',#2544,11.);
#2544 = AXIS2_PLACEMENT_3D('',#2545,#2546,#2547);
#2545 = CARTESIAN_POINT('',(42.3,35.,21.55));
#2546 = DIRECTION('',(0.,0.,1.));
#2547 = DIRECTION('',(1.,0.,-0.));
#2548 = ADVANCED_FACE('',(#2549),#2560,.F.);
#2549 = FACE_BOUND('',#2550,.F.);
#2550 = EDGE_LOOP('',(#2551,#2552,#2558,#2559));
#2551 = ORIENTED_EDGE('',*,*,#286,.T.);
#2552 = ORIENTED_EDGE('',*,*,#2553,.T.);
#2553 = EDGE_CURVE('',#278,#981,#2554,.T.);
#2554 = LINE('',#2555,#2556);
#2555 = CARTESIAN_POINT('',(32.832159697164,29.4,21.55));
#2556 = VECTOR('',#2557,1.);
#2557 = DIRECTION('',(0.,0.,1.));
#2558 = ORIENTED_EDGE('',*,*,#989,.F.);
#2559 = ORIENTED_EDGE('',*,*,#2531,.F.);
#2560 = PLANE('',#2561);
#2561 = AXIS2_PLACEMENT_3D('',#2562,#2563,#2564);
#2562 = CARTESIAN_POINT('',(31.3,29.4,21.55));
#2563 = DIRECTION('',(-0.,1.,0.));
#2564 = DIRECTION('',(0.,0.,1.));
#2565 = ADVANCED_FACE('',(#2566),#2577,.F.);
#2566 = FACE_BOUND('',#2567,.F.);
#2567 = EDGE_LOOP('',(#2568,#2569,#2575,#2576));
#2568 = ORIENTED_EDGE('',*,*,#277,.T.);
#2569 = ORIENTED_EDGE('',*,*,#2570,.T.);
#2570 = EDGE_CURVE('',#270,#973,#2571,.T.);
#2571 = LINE('',#2572,#2573);
#2572 = CARTESIAN_POINT('',(34.16120402025,27.6,21.55));
#2573 = VECTOR('',#2574,1.);
#2574 = DIRECTION('',(0.,0.,1.));
#2575 = ORIENTED_EDGE('',*,*,#980,.F.);
#2576 = ORIENTED_EDGE('',*,*,#2553,.F.);
#2577 = CYLINDRICAL_SURFACE('',#2578,11.);
#2578 = AXIS2_PLACEMENT_3D('',#2579,#2580,#2581);
#2579 = CARTESIAN_POINT('',(42.3,35.,21.55));
#2580 = DIRECTION('',(0.,0.,1.));
#2581 = DIRECTION('',(1.,0.,-0.));
#2582 = ADVANCED_FACE('',(#2583),#2589,.T.);
#2583 = FACE_BOUND('',#2584,.T.);
#2584 = EDGE_LOOP('',(#2585,#2586,#2587,#2588));
#2585 = ORIENTED_EDGE('',*,*,#269,.T.);
#2586 = ORIENTED_EDGE('',*,*,#2570,.T.);
#2587 = ORIENTED_EDGE('',*,*,#972,.F.);
#2588 = ORIENTED_EDGE('',*,*,#2538,.F.);
#2589 = PLANE('',#2590);
#2590 = AXIS2_PLACEMENT_3D('',#2591,#2592,#2593);
#2591 = CARTESIAN_POINT('',(31.3,27.6,21.55));
#2592 = DIRECTION('',(-0.,1.,0.));
#2593 = DIRECTION('',(0.,0.,1.));
#2594 = ADVANCED_FACE('',(#2595),#2614,.T.);
#2595 = FACE_BOUND('',#2596,.T.);
#2596 = EDGE_LOOP('',(#2597,#2598,#2606,#2613));
#2597 = ORIENTED_EDGE('',*,*,#294,.F.);
#2598 = ORIENTED_EDGE('',*,*,#2599,.F.);
#2599 = EDGE_CURVE('',#2600,#295,#2602,.T.);
#2600 = VERTEX_POINT('',#2601);
#2601 = CARTESIAN_POINT('',(63.9,3.5,1.31));
#2602 = LINE('',#2603,#2604);
#2603 = CARTESIAN_POINT('',(63.9,3.5,1.31));
#2604 = VECTOR('',#2605,1.);
#2605 = DIRECTION('',(0.,0.,1.));
#2606 = ORIENTED_EDGE('',*,*,#2607,.T.);
#2607 = EDGE_CURVE('',#2600,#2600,#2608,.T.);
#2608 = CIRCLE('',#2609,2.4);
#2609 = AXIS2_PLACEMENT_3D('',#2610,#2611,#2612);
#2610 = CARTESIAN_POINT('',(61.5,3.5,1.31));
#2611 = DIRECTION('',(0.,0.,1.));
#2612 = DIRECTION('',(1.,0.,-0.));
#2613 = ORIENTED_EDGE('',*,*,#2599,.T.);
#2614 = CYLINDRICAL_SURFACE('',#2615,2.4);
#2615 = AXIS2_PLACEMENT_3D('',#2616,#2617,#2618);
#2616 = CARTESIAN_POINT('',(61.5,3.5,1.31));
#2617 = DIRECTION('',(0.,0.,1.));
#2618 = DIRECTION('',(1.,0.,-0.));
#2619 = ADVANCED_FACE('',(#2620),#2636,.F.);
#2620 = FACE_BOUND('',#2621,.F.);
#2621 = EDGE_LOOP('',(#2622,#2623,#2629,#2630));
#2622 = ORIENTED_EDGE('',*,*,#305,.T.);
#2623 = ORIENTED_EDGE('',*,*,#2624,.T.);
#2624 = EDGE_CURVE('',#308,#1000,#2625,.T.);
#2625 = LINE('',#2626,#2627);
#2626 = CARTESIAN_POINT('',(53.056858277397,32.7,21.55));
#2627 = VECTOR('',#2628,1.);
#2628 = DIRECTION('',(0.,0.,1.));
#2629 = ORIENTED_EDGE('',*,*,#997,.F.);
#2630 = ORIENTED_EDGE('',*,*,#2631,.F.);
#2631 = EDGE_CURVE('',#306,#998,#2632,.T.);
#2632 = LINE('',#2633,#2634);
#2633 = CARTESIAN_POINT('',(52.507350292804,30.9,21.55));
#2634 = VECTOR('',#2635,1.);
#2635 = DIRECTION('',(0.,0.,1.));
#2636 = CYLINDRICAL_SURFACE('',#2637,11.);
#2637 = AXIS2_PLACEMENT_3D('',#2638,#2639,#2640);
#2638 = CARTESIAN_POINT('',(42.3,35.,21.55));
#2639 = DIRECTION('',(0.,0.,1.));
#2640 = DIRECTION('',(1.,0.,-0.));
#2641 = ADVANCED_FACE('',(#2642),#2653,.F.);
#2642 = FACE_BOUND('',#2643,.F.);
#2643 = EDGE_LOOP('',(#2644,#2645,#2651,#2652));
#2644 = ORIENTED_EDGE('',*,*,#333,.T.);
#2645 = ORIENTED_EDGE('',*,*,#2646,.T.);
#2646 = EDGE_CURVE('',#325,#1017,#2647,.T.);
#2647 = LINE('',#2648,#2649);
#2648 = CARTESIAN_POINT('',(31.543141722603,32.7,21.55));
#2649 = VECTOR('',#2650,1.);
#2650 = DIRECTION('',(0.,0.,1.));
#2651 = ORIENTED_EDGE('',*,*,#1025,.F.);
#2652 = ORIENTED_EDGE('',*,*,#2624,.F.);
#2653 = PLANE('',#2654);
#2654 = AXIS2_PLACEMENT_3D('',#2655,#2656,#2657);
#2655 = CARTESIAN_POINT('',(31.3,32.7,21.55));
#2656 = DIRECTION('',(-0.,1.,0.));
#2657 = DIRECTION('',(0.,0.,1.));
#2658 = ADVANCED_FACE('',(#2659),#2670,.F.);
#2659 = FACE_BOUND('',#2660,.F.);
#2660 = EDGE_LOOP('',(#2661,#2662,#2668,#2669));
#2661 = ORIENTED_EDGE('',*,*,#324,.T.);
#2662 = ORIENTED_EDGE('',*,*,#2663,.T.);
#2663 = EDGE_CURVE('',#317,#1009,#2664,.T.);
#2664 = LINE('',#2665,#2666);
#2665 = CARTESIAN_POINT('',(32.092649707196,30.9,21.55));
#2666 = VECTOR('',#2667,1.);
#2667 = DIRECTION('',(0.,0.,1.));
#2668 = ORIENTED_EDGE('',*,*,#1016,.F.);
#2669 = ORIENTED_EDGE('',*,*,#2646,.F.);
#2670 = CYLINDRICAL_SURFACE('',#2671,11.);
#2671 = AXIS2_PLACEMENT_3D('',#2672,#2673,#2674);
#2672 = CARTESIAN_POINT('',(42.3,35.,21.55));
#2673 = DIRECTION('',(0.,0.,1.));
#2674 = DIRECTION('',(1.,0.,-0.));
#2675 = ADVANCED_FACE('',(#2676),#2682,.T.);
#2676 = FACE_BOUND('',#2677,.T.);
#2677 = EDGE_LOOP('',(#2678,#2679,#2680,#2681));
#2678 = ORIENTED_EDGE('',*,*,#316,.T.);
#2679 = ORIENTED_EDGE('',*,*,#2663,.T.);
#2680 = ORIENTED_EDGE('',*,*,#1008,.F.);
#2681 = ORIENTED_EDGE('',*,*,#2631,.F.);
#2682 = PLANE('',#2683);
#2683 = AXIS2_PLACEMENT_3D('',#2684,#2685,#2686);
#2684 = CARTESIAN_POINT('',(31.3,30.9,21.55));
#2685 = DIRECTION('',(-0.,1.,0.));
#2686 = DIRECTION('',(0.,0.,1.));
#2687 = ADVANCED_FACE('',(#2688),#2704,.T.);
#2688 = FACE_BOUND('',#2689,.T.);
#2689 = EDGE_LOOP('',(#2690,#2691,#2697,#2698));
#2690 = ORIENTED_EDGE('',*,*,#378,.T.);
#2691 = ORIENTED_EDGE('',*,*,#2692,.T.);
#2692 = EDGE_CURVE('',#379,#1071,#2693,.T.);
#2693 = LINE('',#2694,#2695);
#2694 = CARTESIAN_POINT('',(31.329129478478,34.2,21.55));
#2695 = VECTOR('',#2696,1.);
#2696 = DIRECTION('',(0.,0.,1.));
#2697 = ORIENTED_EDGE('',*,*,#1070,.F.);
#2698 = ORIENTED_EDGE('',*,*,#2699,.F.);
#2699 = EDGE_CURVE('',#370,#1062,#2700,.T.);
#2700 = LINE('',#2701,#2702);
#2701 = CARTESIAN_POINT('',(53.270870521522,34.2,21.55));
#2702 = VECTOR('',#2703,1.);
#2703 = DIRECTION('',(0.,0.,1.));
#2704 = PLANE('',#2705);
#2705 = AXIS2_PLACEMENT_3D('',#2706,#2707,#2708);
#2706 = CARTESIAN_POINT('',(31.3,34.2,21.55));
#2707 = DIRECTION('',(-0.,1.,0.));
#2708 = DIRECTION('',(0.,0.,1.));
#2709 = ADVANCED_FACE('',(#2710),#2726,.F.);
#2710 = FACE_BOUND('',#2711,.F.);
#2711 = EDGE_LOOP('',(#2712,#2713,#2719,#2720));
#2712 = ORIENTED_EDGE('',*,*,#352,.T.);
#2713 = ORIENTED_EDGE('',*,*,#2714,.T.);
#2714 = EDGE_CURVE('',#342,#1034,#2715,.T.);
#2715 = LINE('',#2716,#2717);
#2716 = CARTESIAN_POINT('',(31.345548849897,36.,21.55));
#2717 = VECTOR('',#2718,1.);
#2718 = DIRECTION('',(0.,0.,1.));
#2719 = ORIENTED_EDGE('',*,*,#1044,.F.);
#2720 = ORIENTED_EDGE('',*,*,#2721,.F.);
#2721 = EDGE_CURVE('',#353,#1045,#2722,.T.);
#2722 = LINE('',#2723,#2724);
#2723 = CARTESIAN_POINT('',(53.254451150103,36.,21.55));
#2724 = VECTOR('',#2725,1.);
#2725 = DIRECTION('',(0.,0.,1.));
#2726 = PLANE('',#2727);
#2727 = AXIS2_PLACEMENT_3D('',#2728,#2729,#2730);
#2728 = CARTESIAN_POINT('',(31.3,36.,21.55));
#2729 = DIRECTION('',(-0.,1.,0.));
#2730 = DIRECTION('',(0.,0.,1.));
#2731 = ADVANCED_FACE('',(#2732),#2748,.F.);
#2732 = FACE_BOUND('',#2733,.F.);
#2733 = EDGE_LOOP('',(#2734,#2735,#2741,#2742));
#2734 = ORIENTED_EDGE('',*,*,#1087,.F.);
#2735 = ORIENTED_EDGE('',*,*,#2736,.F.);
#2736 = EDGE_CURVE('',#396,#1088,#2737,.T.);
#2737 = LINE('',#2738,#2739);
#2738 = CARTESIAN_POINT('',(53.012142642814,37.5,21.55));
#2739 = VECTOR('',#2740,1.);
#2740 = DIRECTION('',(0.,0.,1.));
#2741 = ORIENTED_EDGE('',*,*,#395,.T.);
#2742 = ORIENTED_EDGE('',*,*,#2743,.T.);
#2743 = EDGE_CURVE('',#398,#1090,#2744,.T.);
#2744 = LINE('',#2745,#2746);
#2745 = CARTESIAN_POINT('',(52.424722218412,39.3,21.55));
#2746 = VECTOR('',#2747,1.);
#2747 = DIRECTION('',(0.,0.,1.));
#2748 = CYLINDRICAL_SURFACE('',#2749,11.);
#2749 = AXIS2_PLACEMENT_3D('',#2750,#2751,#2752);
#2750 = CARTESIAN_POINT('',(42.3,35.,21.55));
#2751 = DIRECTION('',(0.,0.,1.));
#2752 = DIRECTION('',(1.,0.,-0.));
#2753 = ADVANCED_FACE('',(#2754),#2765,.F.);
#2754 = FACE_BOUND('',#2755,.F.);
#2755 = EDGE_LOOP('',(#2756,#2757,#2763,#2764));
#2756 = ORIENTED_EDGE('',*,*,#423,.T.);
#2757 = ORIENTED_EDGE('',*,*,#2758,.T.);
#2758 = EDGE_CURVE('',#415,#1107,#2759,.T.);
#2759 = LINE('',#2760,#2761);
#2760 = CARTESIAN_POINT('',(32.175277781588,39.3,21.55));
#2761 = VECTOR('',#2762,1.);
#2762 = DIRECTION('',(0.,0.,1.));
#2763 = ORIENTED_EDGE('',*,*,#1115,.F.);
#2764 = ORIENTED_EDGE('',*,*,#2743,.F.);
#2765 = PLANE('',#2766);
#2766 = AXIS2_PLACEMENT_3D('',#2767,#2768,#2769);
#2767 = CARTESIAN_POINT('',(31.3,39.3,21.55));
#2768 = DIRECTION('',(-0.,1.,0.));
#2769 = DIRECTION('',(0.,0.,1.));
#2770 = ADVANCED_FACE('',(#2771),#2782,.F.);
#2771 = FACE_BOUND('',#2772,.F.);
#2772 = EDGE_LOOP('',(#2773,#2774,#2775,#2776));
#2773 = ORIENTED_EDGE('',*,*,#1106,.F.);
#2774 = ORIENTED_EDGE('',*,*,#2758,.F.);
#2775 = ORIENTED_EDGE('',*,*,#414,.T.);
#2776 = ORIENTED_EDGE('',*,*,#2777,.T.);
#2777 = EDGE_CURVE('',#407,#1099,#2778,.T.);
#2778 = LINE('',#2779,#2780);
#2779 = CARTESIAN_POINT('',(31.587857357186,37.5,21.55));
#2780 = VECTOR('',#2781,1.);
#2781 = DIRECTION('',(0.,0.,1.));
#2782 = CYLINDRICAL_SURFACE('',#2783,11.);
#2783 = AXIS2_PLACEMENT_3D('',#2784,#2785,#2786);
#2784 = CARTESIAN_POINT('',(42.3,35.,21.55));
#2785 = DIRECTION('',(0.,0.,1.));
#2786 = DIRECTION('',(1.,0.,-0.));
#2787 = ADVANCED_FACE('',(#2788),#2794,.T.);
#2788 = FACE_BOUND('',#2789,.T.);
#2789 = EDGE_LOOP('',(#2790,#2791,#2792,#2793));
#2790 = ORIENTED_EDGE('',*,*,#406,.T.);
#2791 = ORIENTED_EDGE('',*,*,#2777,.T.);
#2792 = ORIENTED_EDGE('',*,*,#1098,.F.);
#2793 = ORIENTED_EDGE('',*,*,#2736,.F.);
#2794 = PLANE('',#2795);
#2795 = AXIS2_PLACEMENT_3D('',#2796,#2797,#2798);
#2796 = CARTESIAN_POINT('',(31.3,37.5,21.55));
#2797 = DIRECTION('',(-0.,1.,0.));
#2798 = DIRECTION('',(0.,0.,1.));
#2799 = ADVANCED_FACE('',(#2800),#2816,.F.);
#2800 = FACE_BOUND('',#2801,.F.);
#2801 = EDGE_LOOP('',(#2802,#2803,#2809,#2810));
#2802 = ORIENTED_EDGE('',*,*,#1123,.F.);
#2803 = ORIENTED_EDGE('',*,*,#2804,.F.);
#2804 = EDGE_CURVE('',#432,#1124,#2805,.T.);
#2805 = LINE('',#2806,#2807);
#2806 = CARTESIAN_POINT('',(51.646657156438,40.8,21.55));
#2807 = VECTOR('',#2808,1.);
#2808 = DIRECTION('',(0.,0.,1.));
#2809 = ORIENTED_EDGE('',*,*,#431,.T.);
#2810 = ORIENTED_EDGE('',*,*,#2811,.T.);
#2811 = EDGE_CURVE('',#434,#1126,#2812,.T.);
#2812 = LINE('',#2813,#2814);
#2813 = CARTESIAN_POINT('',(50.252358140828,42.6,21.55));
#2814 = VECTOR('',#2815,1.);
#2815 = DIRECTION('',(0.,0.,1.));
#2816 = CYLINDRICAL_SURFACE('',#2817,11.);
#2817 = AXIS2_PLACEMENT_3D('',#2818,#2819,#2820);
#2818 = CARTESIAN_POINT('',(42.3,35.,21.55));
#2819 = DIRECTION('',(0.,0.,1.));
#2820 = DIRECTION('',(1.,0.,-0.));
#2821 = ADVANCED_FACE('',(#2822),#2833,.F.);
#2822 = FACE_BOUND('',#2823,.F.);
#2823 = EDGE_LOOP('',(#2824,#2825,#2831,#2832));
#2824 = ORIENTED_EDGE('',*,*,#459,.T.);
#2825 = ORIENTED_EDGE('',*,*,#2826,.T.);
#2826 = EDGE_CURVE('',#451,#1143,#2827,.T.);
#2827 = LINE('',#2828,#2829);
#2828 = CARTESIAN_POINT('',(34.347641859172,42.6,21.55));
#2829 = VECTOR('',#2830,1.);
#2830 = DIRECTION('',(0.,0.,1.));
#2831 = ORIENTED_EDGE('',*,*,#1151,.F.);
#2832 = ORIENTED_EDGE('',*,*,#2811,.F.);
#2833 = PLANE('',#2834);
#2834 = AXIS2_PLACEMENT_3D('',#2835,#2836,#2837);
#2835 = CARTESIAN_POINT('',(31.3,42.6,21.55));
#2836 = DIRECTION('',(-0.,1.,0.));
#2837 = DIRECTION('',(0.,0.,1.));
#2838 = ADVANCED_FACE('',(#2839),#2850,.F.);
#2839 = FACE_BOUND('',#2840,.F.);
#2840 = EDGE_LOOP('',(#2841,#2842,#2843,#2844));
#2841 = ORIENTED_EDGE('',*,*,#1142,.F.);
#2842 = ORIENTED_EDGE('',*,*,#2826,.F.);
#2843 = ORIENTED_EDGE('',*,*,#450,.T.);
#2844 = ORIENTED_EDGE('',*,*,#2845,.T.);
#2845 = EDGE_CURVE('',#443,#1135,#2846,.T.);
#2846 = LINE('',#2847,#2848);
#2847 = CARTESIAN_POINT('',(32.953342843562,40.8,21.55));
#2848 = VECTOR('',#2849,1.);
#2849 = DIRECTION('',(0.,0.,1.));
#2850 = CYLINDRICAL_SURFACE('',#2851,11.);
#2851 = AXIS2_PLACEMENT_3D('',#2852,#2853,#2854);
#2852 = CARTESIAN_POINT('',(42.3,35.,21.55));
#2853 = DIRECTION('',(0.,0.,1.));
#2854 = DIRECTION('',(1.,0.,-0.));
#2855 = ADVANCED_FACE('',(#2856),#2862,.T.);
#2856 = FACE_BOUND('',#2857,.T.);
#2857 = EDGE_LOOP('',(#2858,#2859,#2860,#2861));
#2858 = ORIENTED_EDGE('',*,*,#442,.T.);
#2859 = ORIENTED_EDGE('',*,*,#2845,.T.);
#2860 = ORIENTED_EDGE('',*,*,#1134,.F.);
#2861 = ORIENTED_EDGE('',*,*,#2804,.F.);
#2862 = PLANE('',#2863);
#2863 = AXIS2_PLACEMENT_3D('',#2864,#2865,#2866);
#2864 = CARTESIAN_POINT('',(31.3,40.8,21.55));
#2865 = DIRECTION('',(-0.,1.,0.));
#2866 = DIRECTION('',(0.,0.,1.));
#2867 = ADVANCED_FACE('',(#2868),#2884,.F.);
#2868 = FACE_BOUND('',#2869,.F.);
#2869 = EDGE_LOOP('',(#2870,#2871,#2877,#2878));
#2870 = ORIENTED_EDGE('',*,*,#1159,.F.);
#2871 = ORIENTED_EDGE('',*,*,#2872,.F.);
#2872 = EDGE_CURVE('',#468,#1160,#2873,.T.);
#2873 = LINE('',#2874,#2875);
#2874 = CARTESIAN_POINT('',(48.479805822192,44.1,21.55));
#2875 = VECTOR('',#2876,1.);
#2876 = DIRECTION('',(0.,0.,1.));
#2877 = ORIENTED_EDGE('',*,*,#467,.T.);
#2878 = ORIENTED_EDGE('',*,*,#2879,.T.);
#2879 = EDGE_CURVE('',#470,#1162,#2880,.T.);
#2880 = LINE('',#2881,#2882);
#2881 = CARTESIAN_POINT('',(43.779864858695,45.9,21.55));
#2882 = VECTOR('',#2883,1.);
#2883 = DIRECTION('',(0.,0.,1.));
#2884 = CYLINDRICAL_SURFACE('',#2885,11.);
#2885 = AXIS2_PLACEMENT_3D('',#2886,#2887,#2888);
#2886 = CARTESIAN_POINT('',(42.3,35.,21.55));
#2887 = DIRECTION('',(0.,0.,1.));
#2888 = DIRECTION('',(1.,0.,-0.));
#2889 = ADVANCED_FACE('',(#2890),#2901,.F.);
#2890 = FACE_BOUND('',#2891,.F.);
#2891 = EDGE_LOOP('',(#2892,#2893,#2899,#2900));
#2892 = ORIENTED_EDGE('',*,*,#495,.T.);
#2893 = ORIENTED_EDGE('',*,*,#2894,.T.);
#2894 = EDGE_CURVE('',#487,#1179,#2895,.T.);
#2895 = LINE('',#2896,#2897);
#2896 = CARTESIAN_POINT('',(40.820135141305,45.9,21.55));
#2897 = VECTOR('',#2898,1.);
#2898 = DIRECTION('',(0.,0.,1.));
#2899 = ORIENTED_EDGE('',*,*,#1187,.F.);
#2900 = ORIENTED_EDGE('',*,*,#2879,.F.);
#2901 = PLANE('',#2902);
#2902 = AXIS2_PLACEMENT_3D('',#2903,#2904,#2905);
#2903 = CARTESIAN_POINT('',(31.3,45.9,21.55));
#2904 = DIRECTION('',(-0.,1.,0.));
#2905 = DIRECTION('',(0.,0.,1.));
#2906 = ADVANCED_FACE('',(#2907),#2918,.F.);
#2907 = FACE_BOUND('',#2908,.F.);
#2908 = EDGE_LOOP('',(#2909,#2910,#2911,#2912));
#2909 = ORIENTED_EDGE('',*,*,#1178,.F.);
#2910 = ORIENTED_EDGE('',*,*,#2894,.F.);
#2911 = ORIENTED_EDGE('',*,*,#486,.T.);
#2912 = ORIENTED_EDGE('',*,*,#2913,.T.);
#2913 = EDGE_CURVE('',#479,#1171,#2914,.T.);
#2914 = LINE('',#2915,#2916);
#2915 = CARTESIAN_POINT('',(36.120194177808,44.1,21.55));
#2916 = VECTOR('',#2917,1.);
#2917 = DIRECTION('',(0.,0.,1.));
#2918 = CYLINDRICAL_SURFACE('',#2919,11.);
#2919 = AXIS2_PLACEMENT_3D('',#2920,#2921,#2922);
#2920 = CARTESIAN_POINT('',(42.3,35.,21.55));
#2921 = DIRECTION('',(0.,0.,1.));
#2922 = DIRECTION('',(1.,0.,-0.));
#2923 = ADVANCED_FACE('',(#2924),#2930,.T.);
#2924 = FACE_BOUND('',#2925,.T.);
#2925 = EDGE_LOOP('',(#2926,#2927,#2928,#2929));
#2926 = ORIENTED_EDGE('',*,*,#478,.T.);
#2927 = ORIENTED_EDGE('',*,*,#2913,.T.);
#2928 = ORIENTED_EDGE('',*,*,#1170,.F.);
#2929 = ORIENTED_EDGE('',*,*,#2872,.F.);
#2930 = PLANE('',#2931);
#2931 = AXIS2_PLACEMENT_3D('',#2932,#2933,#2934);
#2932 = CARTESIAN_POINT('',(31.3,44.1,21.55));
#2933 = DIRECTION('',(-0.,1.,0.));
#2934 = DIRECTION('',(0.,0.,1.));
#2935 = ADVANCED_FACE('',(#2936),#2955,.T.);
#2936 = FACE_BOUND('',#2937,.T.);
#2937 = EDGE_LOOP('',(#2938,#2939,#2947,#2954));
#2938 = ORIENTED_EDGE('',*,*,#503,.F.);
#2939 = ORIENTED_EDGE('',*,*,#2940,.F.);
#2940 = EDGE_CURVE('',#2941,#504,#2943,.T.);
#2941 = VERTEX_POINT('',#2942);
#2942 = CARTESIAN_POINT('',(5.9,52.5,1.31));
#2943 = LINE('',#2944,#2945);
#2944 = CARTESIAN_POINT('',(5.9,52.5,1.31));
#2945 = VECTOR('',#2946,1.);
#2946 = DIRECTION('',(0.,0.,1.));
#2947 = ORIENTED_EDGE('',*,*,#2948,.T.);
#2948 = EDGE_CURVE('',#2941,#2941,#2949,.T.);
#2949 = CIRCLE('',#2950,2.4);
#2950 = AXIS2_PLACEMENT_3D('',#2951,#2952,#2953);
#2951 = CARTESIAN_POINT('',(3.5,52.5,1.31));
#2952 = DIRECTION('',(0.,0.,1.));
#2953 = DIRECTION('',(1.,0.,-0.));
#2954 = ORIENTED_EDGE('',*,*,#2940,.T.);
#2955 = CYLINDRICAL_SURFACE('',#2956,2.4);
#2956 = AXIS2_PLACEMENT_3D('',#2957,#2958,#2959);
#2957 = CARTESIAN_POINT('',(3.5,52.5,1.31));
#2958 = DIRECTION('',(0.,0.,1.));
#2959 = DIRECTION('',(1.,0.,-0.));
#2960 = ADVANCED_FACE('',(#2961),#2987,.T.);
#2961 = FACE_BOUND('',#2962,.T.);
#2962 = EDGE_LOOP('',(#2963,#2971,#2980,#2986));
#2963 = ORIENTED_EDGE('',*,*,#2964,.F.);
#2964 = EDGE_CURVE('',#2965,#515,#2967,.T.);
#2965 = VERTEX_POINT('',#2966);
#2966 = CARTESIAN_POINT('',(-0.75,-2.22044604925E-16,19.15));
#2967 = LINE('',#2968,#2969);
#2968 = CARTESIAN_POINT('',(-0.75,-2.22044604925E-16,19.15));
#2969 = VECTOR('',#2970,1.);
#2970 = DIRECTION('',(0.,0.,1.));
#2971 = ORIENTED_EDGE('',*,*,#2972,.T.);
#2972 = EDGE_CURVE('',#2965,#2973,#2975,.T.);
#2973 = VERTEX_POINT('',#2974);
#2974 = CARTESIAN_POINT('',(1.,-1.75,19.15));
#2975 = CIRCLE('',#2976,1.75);
#2976 = AXIS2_PLACEMENT_3D('',#2977,#2978,#2979);
#2977 = CARTESIAN_POINT('',(1.,-2.22044604925E-16,19.15));
#2978 = DIRECTION('',(0.,0.,1.));
#2979 = DIRECTION('',(0.,-1.,0.));
#2980 = ORIENTED_EDGE('',*,*,#2981,.T.);
#2981 = EDGE_CURVE('',#2973,#517,#2982,.T.);
#2982 = LINE('',#2983,#2984);
#2983 = CARTESIAN_POINT('',(1.,-1.75,19.15));
#2984 = VECTOR('',#2985,1.);
#2985 = DIRECTION('',(0.,0.,1.));
#2986 = ORIENTED_EDGE('',*,*,#514,.F.);
#2987 = CYLINDRICAL_SURFACE('',#2988,1.75);
#2988 = AXIS2_PLACEMENT_3D('',#2989,#2990,#2991);
#2989 = CARTESIAN_POINT('',(1.,-2.22044604925E-16,19.15));
#2990 = DIRECTION('',(0.,0.,1.));
#2991 = DIRECTION('',(-1.,-0.,0.));
#2992 = ADVANCED_FACE('',(#2993),#3011,.F.);
#2993 = FACE_BOUND('',#2994,.F.);
#2994 = EDGE_LOOP('',(#2995,#2996,#2997,#3005));
#2995 = ORIENTED_EDGE('',*,*,#525,.F.);
#2996 = ORIENTED_EDGE('',*,*,#2964,.F.);
#2997 = ORIENTED_EDGE('',*,*,#2998,.T.);
#2998 = EDGE_CURVE('',#2965,#2999,#3001,.T.);
#2999 = VERTEX_POINT('',#3000);
#3000 = CARTESIAN_POINT('',(-0.75,61.5,19.15));
#3001 = LINE('',#3002,#3003);
#3002 = CARTESIAN_POINT('',(-0.75,-1.75,19.15));
#3003 = VECTOR('',#3004,1.);
#3004 = DIRECTION('',(-0.,1.,0.));
#3005 = ORIENTED_EDGE('',*,*,#3006,.T.);
#3006 = EDGE_CURVE('',#2999,#526,#3007,.T.);
#3007 = LINE('',#3008,#3009);
#3008 = CARTESIAN_POINT('',(-0.75,61.5,19.15));
#3009 = VECTOR('',#3010,1.);
#3010 = DIRECTION('',(0.,0.,1.));
#3011 = PLANE('',#3012);
#3012 = AXIS2_PLACEMENT_3D('',#3013,#3014,#3015);
#3013 = CARTESIAN_POINT('',(-0.75,-1.75,19.15));
#3014 = DIRECTION('',(1.,0.,-0.));
#3015 = DIRECTION('',(0.,0.,1.));
#3016 = ADVANCED_FACE('',(#3017),#3035,.F.);
#3017 = FACE_BOUND('',#3018,.F.);
#3018 = EDGE_LOOP('',(#3019,#3027,#3028,#3029));
#3019 = ORIENTED_EDGE('',*,*,#3020,.F.);
#3020 = EDGE_CURVE('',#2973,#3021,#3023,.T.);
#3021 = VERTEX_POINT('',#3022);
#3022 = CARTESIAN_POINT('',(84.,-1.75,19.15));
#3023 = LINE('',#3024,#3025);
#3024 = CARTESIAN_POINT('',(-0.75,-1.75,19.15));
#3025 = VECTOR('',#3026,1.);
#3026 = DIRECTION('',(1.,0.,-0.));
#3027 = ORIENTED_EDGE('',*,*,#2981,.T.);
#3028 = ORIENTED_EDGE('',*,*,#728,.F.);
#3029 = ORIENTED_EDGE('',*,*,#3030,.F.);
#3030 = EDGE_CURVE('',#3021,#720,#3031,.T.);
#3031 = LINE('',#3032,#3033);
#3032 = CARTESIAN_POINT('',(84.,-1.75,19.15));
#3033 = VECTOR('',#3034,1.);
#3034 = DIRECTION('',(0.,0.,1.));
#3035 = PLANE('',#3036);
#3036 = AXIS2_PLACEMENT_3D('',#3037,#3038,#3039);
#3037 = CARTESIAN_POINT('',(-0.75,-1.75,19.15));
#3038 = DIRECTION('',(-0.,1.,0.));
#3039 = DIRECTION('',(0.,0.,1.));
#3040 = ADVANCED_FACE('',(#3041),#3060,.T.);
#3041 = FACE_BOUND('',#3042,.F.);
#3042 = EDGE_LOOP('',(#3043,#3044,#3053,#3059));
#3043 = ORIENTED_EDGE('',*,*,#3006,.F.);
#3044 = ORIENTED_EDGE('',*,*,#3045,.T.);
#3045 = EDGE_CURVE('',#2999,#3046,#3048,.T.);
#3046 = VERTEX_POINT('',#3047);
#3047 = CARTESIAN_POINT('',(1.,63.25,19.15));
#3048 = CIRCLE('',#3049,1.75);
#3049 = AXIS2_PLACEMENT_3D('',#3050,#3051,#3052);
#3050 = CARTESIAN_POINT('',(1.,61.5,19.15));
#3051 = DIRECTION('',(-0.,-0.,-1.));
#3052 = DIRECTION('',(0.,-1.,0.));
#3053 = ORIENTED_EDGE('',*,*,#3054,.T.);
#3054 = EDGE_CURVE('',#3046,#534,#3055,.T.);
#3055 = LINE('',#3056,#3057);
#3056 = CARTESIAN_POINT('',(1.,63.25,19.15));
#3057 = VECTOR('',#3058,1.);
#3058 = DIRECTION('',(0.,0.,1.));
#3059 = ORIENTED_EDGE('',*,*,#533,.T.);
#3060 = CYLINDRICAL_SURFACE('',#3061,1.75);
#3061 = AXIS2_PLACEMENT_3D('',#3062,#3063,#3064);
#3062 = CARTESIAN_POINT('',(1.,61.5,19.15));
#3063 = DIRECTION('',(0.,0.,1.));
#3064 = DIRECTION('',(-1.,-0.,0.));
#3065 = ADVANCED_FACE('',(#3066),#3085,.T.);
#3066 = FACE_BOUND('',#3067,.F.);
#3067 = EDGE_LOOP('',(#3068,#3076,#3083,#3084));
#3068 = ORIENTED_EDGE('',*,*,#3069,.F.);
#3069 = EDGE_CURVE('',#3070,#712,#3072,.T.);
#3070 = VERTEX_POINT('',#3071);
#3071 = CARTESIAN_POINT('',(85.75,-2.22044604925E-16,19.15));
#3072 = LINE('',#3073,#3074);
#3073 = CARTESIAN_POINT('',(85.75,-2.22044604925E-16,19.15));
#3074 = VECTOR('',#3075,1.);
#3075 = DIRECTION('',(0.,0.,1.));
#3076 = ORIENTED_EDGE('',*,*,#3077,.T.);
#3077 = EDGE_CURVE('',#3070,#3021,#3078,.T.);
#3078 = CIRCLE('',#3079,1.75);
#3079 = AXIS2_PLACEMENT_3D('',#3080,#3081,#3082);
#3080 = CARTESIAN_POINT('',(84.,-2.22044604925E-16,19.15));
#3081 = DIRECTION('',(-0.,-0.,-1.));
#3082 = DIRECTION('',(0.,-1.,0.));
#3083 = ORIENTED_EDGE('',*,*,#3030,.T.);
#3084 = ORIENTED_EDGE('',*,*,#719,.T.);
#3085 = CYLINDRICAL_SURFACE('',#3086,1.75);
#3086 = AXIS2_PLACEMENT_3D('',#3087,#3088,#3089);
#3087 = CARTESIAN_POINT('',(84.,-2.22044604925E-16,19.15));
#3088 = DIRECTION('',(0.,0.,1.));
#3089 = DIRECTION('',(1.,0.,-0.));
#3090 = ADVANCED_FACE('',(#3091),#3109,.T.);
#3091 = FACE_BOUND('',#3092,.T.);
#3092 = EDGE_LOOP('',(#3093,#3101,#3102,#3103));
#3093 = ORIENTED_EDGE('',*,*,#3094,.F.);
#3094 = EDGE_CURVE('',#3046,#3095,#3097,.T.);
#3095 = VERTEX_POINT('',#3096);
#3096 = CARTESIAN_POINT('',(34.5,63.25,19.15));
#3097 = LINE('',#3098,#3099);
#3098 = CARTESIAN_POINT('',(-0.75,63.25,19.15));
#3099 = VECTOR('',#3100,1.);
#3100 = DIRECTION('',(1.,0.,-0.));
#3101 = ORIENTED_EDGE('',*,*,#3054,.T.);
#3102 = ORIENTED_EDGE('',*,*,#542,.F.);
#3103 = ORIENTED_EDGE('',*,*,#3104,.T.);
#3104 = EDGE_CURVE('',#543,#3095,#3105,.T.);
#3105 = LINE('',#3106,#3107);
#3106 = CARTESIAN_POINT('',(34.5,63.25,18.65));
#3107 = VECTOR('',#3108,1.);
#3108 = DIRECTION('',(-0.,0.,-1.));
#3109 = PLANE('',#3110);
#3110 = AXIS2_PLACEMENT_3D('',#3111,#3112,#3113);
#3111 = CARTESIAN_POINT('',(-0.75,63.25,19.15));
#3112 = DIRECTION('',(-0.,1.,0.));
#3113 = DIRECTION('',(0.,0.,1.));
#3114 = ADVANCED_FACE('',(#3115),#3133,.T.);
#3115 = FACE_BOUND('',#3116,.T.);
#3116 = EDGE_LOOP('',(#3117,#3118,#3119,#3127));
#3117 = ORIENTED_EDGE('',*,*,#711,.F.);
#3118 = ORIENTED_EDGE('',*,*,#3069,.F.);
#3119 = ORIENTED_EDGE('',*,*,#3120,.T.);
#3120 = EDGE_CURVE('',#3070,#3121,#3123,.T.);
#3121 = VERTEX_POINT('',#3122);
#3122 = CARTESIAN_POINT('',(85.75,61.5,19.15));
#3123 = LINE('',#3124,#3125);
#3124 = CARTESIAN_POINT('',(85.75,-1.75,19.15));
#3125 = VECTOR('',#3126,1.);
#3126 = DIRECTION('',(-0.,1.,0.));
#3127 = ORIENTED_EDGE('',*,*,#3128,.T.);
#3128 = EDGE_CURVE('',#3121,#703,#3129,.T.);
#3129 = LINE('',#3130,#3131);
#3130 = CARTESIAN_POINT('',(85.75,61.5,19.15));
#3131 = VECTOR('',#3132,1.);
#3132 = DIRECTION('',(0.,0.,1.));
#3133 = PLANE('',#3134);
#3134 = AXIS2_PLACEMENT_3D('',#3135,#3136,#3137);
#3135 = CARTESIAN_POINT('',(85.75,-1.75,19.15));
#3136 = DIRECTION('',(1.,0.,-0.));
#3137 = DIRECTION('',(0.,0.,1.));
#3138 = ADVANCED_FACE('',(#3139),#3157,.T.);
#3139 = FACE_BOUND('',#3140,.T.);
#3140 = EDGE_LOOP('',(#3141,#3142,#3150,#3156));
#3141 = ORIENTED_EDGE('',*,*,#550,.F.);
#3142 = ORIENTED_EDGE('',*,*,#3143,.T.);
#3143 = EDGE_CURVE('',#551,#3144,#3146,.T.);
#3144 = VERTEX_POINT('',#3145);
#3145 = CARTESIAN_POINT('',(34.5,62.05,19.15));
#3146 = LINE('',#3147,#3148);
#3147 = CARTESIAN_POINT('',(34.5,62.05,18.15));
#3148 = VECTOR('',#3149,1.);
#3149 = DIRECTION('',(-0.,0.,-1.));
#3150 = ORIENTED_EDGE('',*,*,#3151,.T.);
#3151 = EDGE_CURVE('',#3144,#3095,#3152,.T.);
#3152 = LINE('',#3153,#3154);
#3153 = CARTESIAN_POINT('',(34.5,24.125,19.15));
#3154 = VECTOR('',#3155,1.);
#3155 = DIRECTION('',(-0.,1.,0.));
#3156 = ORIENTED_EDGE('',*,*,#3104,.F.);
#3157 = PLANE('',#3158);
#3158 = AXIS2_PLACEMENT_3D('',#3159,#3160,#3161);
#3159 = CARTESIAN_POINT('',(34.5,50.,18.15));
#3160 = DIRECTION('',(1.,0.,-0.));
#3161 = DIRECTION('',(0.,0.,1.));
#3162 = ADVANCED_FACE('',(#3163),#3182,.T.);
#3163 = FACE_BOUND('',#3164,.T.);
#3164 = EDGE_LOOP('',(#3165,#3166,#3175,#3181));
#3165 = ORIENTED_EDGE('',*,*,#3128,.F.);
#3166 = ORIENTED_EDGE('',*,*,#3167,.T.);
#3167 = EDGE_CURVE('',#3121,#3168,#3170,.T.);
#3168 = VERTEX_POINT('',#3169);
#3169 = CARTESIAN_POINT('',(84.,63.25,19.15));
#3170 = CIRCLE('',#3171,1.75);
#3171 = AXIS2_PLACEMENT_3D('',#3172,#3173,#3174);
#3172 = CARTESIAN_POINT('',(84.,61.5,19.15));
#3173 = DIRECTION('',(0.,0.,1.));
#3174 = DIRECTION('',(0.,-1.,0.));
#3175 = ORIENTED_EDGE('',*,*,#3176,.T.);
#3176 = EDGE_CURVE('',#3168,#695,#3177,.T.);
#3177 = LINE('',#3178,#3179);
#3178 = CARTESIAN_POINT('',(84.,63.25,19.15));
#3179 = VECTOR('',#3180,1.);
#3180 = DIRECTION('',(0.,0.,1.));
#3181 = ORIENTED_EDGE('',*,*,#702,.F.);
#3182 = CYLINDRICAL_SURFACE('',#3183,1.75);
#3183 = AXIS2_PLACEMENT_3D('',#3184,#3185,#3186);
#3184 = CARTESIAN_POINT('',(84.,61.5,19.15));
#3185 = DIRECTION('',(0.,0.,1.));
#3186 = DIRECTION('',(1.,0.,-0.));
#3187 = ADVANCED_FACE('',(#3188),#3206,.F.);
#3188 = FACE_BOUND('',#3189,.F.);
#3189 = EDGE_LOOP('',(#3190,#3191,#3192,#3200));
#3190 = ORIENTED_EDGE('',*,*,#558,.F.);
#3191 = ORIENTED_EDGE('',*,*,#3143,.T.);
#3192 = ORIENTED_EDGE('',*,*,#3193,.T.);
#3193 = EDGE_CURVE('',#3144,#3194,#3196,.T.);
#3194 = VERTEX_POINT('',#3195);
#3195 = CARTESIAN_POINT('',(1.,62.05,19.15));
#3196 = LINE('',#3197,#3198);
#3197 = CARTESIAN_POINT('',(-0.15,62.05,19.15));
#3198 = VECTOR('',#3199,1.);
#3199 = DIRECTION('',(-1.,-0.,0.));
#3200 = ORIENTED_EDGE('',*,*,#3201,.T.);
#3201 = EDGE_CURVE('',#3194,#559,#3202,.T.);
#3202 = LINE('',#3203,#3204);
#3203 = CARTESIAN_POINT('',(1.,62.05,18.15));
#3204 = VECTOR('',#3205,1.);
#3205 = DIRECTION('',(0.,0.,1.));
#3206 = PLANE('',#3207);
#3207 = AXIS2_PLACEMENT_3D('',#3208,#3209,#3210);
#3208 = CARTESIAN_POINT('',(0.45,62.05,18.15));
#3209 = DIRECTION('',(-0.,1.,0.));
#3210 = DIRECTION('',(0.,0.,1.));
#3211 = ADVANCED_FACE('',(#3212),#3230,.T.);
#3212 = FACE_BOUND('',#3213,.T.);
#3213 = EDGE_LOOP('',(#3214,#3222,#3228,#3229));
#3214 = ORIENTED_EDGE('',*,*,#3215,.F.);
#3215 = EDGE_CURVE('',#3216,#3168,#3218,.T.);
#3216 = VERTEX_POINT('',#3217);
#3217 = CARTESIAN_POINT('',(50.5,63.25,19.15));
#3218 = LINE('',#3219,#3220);
#3219 = CARTESIAN_POINT('',(-0.75,63.25,19.15));
#3220 = VECTOR('',#3221,1.);
#3221 = DIRECTION('',(1.,0.,-0.));
#3222 = ORIENTED_EDGE('',*,*,#3223,.F.);
#3223 = EDGE_CURVE('',#687,#3216,#3224,.T.);
#3224 = LINE('',#3225,#3226);
#3225 = CARTESIAN_POINT('',(50.5,63.25,18.65));
#3226 = VECTOR('',#3227,1.);
#3227 = DIRECTION('',(-0.,0.,-1.));
#3228 = ORIENTED_EDGE('',*,*,#694,.F.);
#3229 = ORIENTED_EDGE('',*,*,#3176,.F.);
#3230 = PLANE('',#3231);
#3231 = AXIS2_PLACEMENT_3D('',#3232,#3233,#3234);
#3232 = CARTESIAN_POINT('',(-0.75,63.25,19.15));
#3233 = DIRECTION('',(-0.,1.,0.));
#3234 = DIRECTION('',(0.,0.,1.));
#3235 = ADVANCED_FACE('',(#3236),#3255,.F.);
#3236 = FACE_BOUND('',#3237,.T.);
#3237 = EDGE_LOOP('',(#3238,#3246,#3253,#3254));
#3238 = ORIENTED_EDGE('',*,*,#3239,.F.);
#3239 = EDGE_CURVE('',#3240,#567,#3242,.T.);
#3240 = VERTEX_POINT('',#3241);
#3241 = CARTESIAN_POINT('',(0.45,61.5,19.15));
#3242 = LINE('',#3243,#3244);
#3243 = CARTESIAN_POINT('',(0.45,61.5,18.15));
#3244 = VECTOR('',#3245,1.);
#3245 = DIRECTION('',(0.,0.,1.));
#3246 = ORIENTED_EDGE('',*,*,#3247,.F.);
#3247 = EDGE_CURVE('',#3194,#3240,#3248,.T.);
#3248 = CIRCLE('',#3249,0.55);
#3249 = AXIS2_PLACEMENT_3D('',#3250,#3251,#3252);
#3250 = CARTESIAN_POINT('',(1.,61.5,19.15));
#3251 = DIRECTION('',(0.,0.,1.));
#3252 = DIRECTION('',(-1.,-0.,0.));
#3253 = ORIENTED_EDGE('',*,*,#3201,.T.);
#3254 = ORIENTED_EDGE('',*,*,#566,.T.);
#3255 = CYLINDRICAL_SURFACE('',#3256,0.55);
#3256 = AXIS2_PLACEMENT_3D('',#3257,#3258,#3259);
#3257 = CARTESIAN_POINT('',(1.,61.5,18.15));
#3258 = DIRECTION('',(0.,0.,1.));
#3259 = DIRECTION('',(-1.,-0.,0.));
#3260 = ADVANCED_FACE('',(#3261),#3279,.F.);
#3261 = FACE_BOUND('',#3262,.F.);
#3262 = EDGE_LOOP('',(#3263,#3264,#3272,#3278));
#3263 = ORIENTED_EDGE('',*,*,#686,.F.);
#3264 = ORIENTED_EDGE('',*,*,#3265,.T.);
#3265 = EDGE_CURVE('',#679,#3266,#3268,.T.);
#3266 = VERTEX_POINT('',#3267);
#3267 = CARTESIAN_POINT('',(50.5,62.05,19.15));
#3268 = LINE('',#3269,#3270);
#3269 = CARTESIAN_POINT('',(50.5,62.05,18.15));
#3270 = VECTOR('',#3271,1.);
#3271 = DIRECTION('',(-0.,0.,-1.));
#3272 = ORIENTED_EDGE('',*,*,#3273,.T.);
#3273 = EDGE_CURVE('',#3266,#3216,#3274,.T.);
#3274 = LINE('',#3275,#3276);
#3275 = CARTESIAN_POINT('',(50.5,24.125,19.15));
#3276 = VECTOR('',#3277,1.);
#3277 = DIRECTION('',(-0.,1.,0.));
#3278 = ORIENTED_EDGE('',*,*,#3223,.F.);
#3279 = PLANE('',#3280);
#3280 = AXIS2_PLACEMENT_3D('',#3281,#3282,#3283);
#3281 = CARTESIAN_POINT('',(50.5,50.,18.15));
#3282 = DIRECTION('',(1.,0.,-0.));
#3283 = DIRECTION('',(0.,0.,1.));
#3284 = ADVANCED_FACE('',(#3285),#3303,.T.);
#3285 = FACE_BOUND('',#3286,.T.);
#3286 = EDGE_LOOP('',(#3287,#3288,#3296,#3302));
#3287 = ORIENTED_EDGE('',*,*,#575,.F.);
#3288 = ORIENTED_EDGE('',*,*,#3289,.F.);
#3289 = EDGE_CURVE('',#3290,#576,#3292,.T.);
#3290 = VERTEX_POINT('',#3291);
#3291 = CARTESIAN_POINT('',(0.45,-1.110223024625E-16,19.15));
#3292 = LINE('',#3293,#3294);
#3293 = CARTESIAN_POINT('',(0.45,-1.110223024625E-16,18.15));
#3294 = VECTOR('',#3295,1.);
#3295 = DIRECTION('',(0.,0.,1.));
#3296 = ORIENTED_EDGE('',*,*,#3297,.T.);
#3297 = EDGE_CURVE('',#3290,#3240,#3298,.T.);
#3298 = LINE('',#3299,#3300);
#3299 = CARTESIAN_POINT('',(0.45,-1.15,19.15));
#3300 = VECTOR('',#3301,1.);
#3301 = DIRECTION('',(-0.,1.,0.));
#3302 = ORIENTED_EDGE('',*,*,#3239,.T.);
#3303 = PLANE('',#3304);
#3304 = AXIS2_PLACEMENT_3D('',#3305,#3306,#3307);
#3305 = CARTESIAN_POINT('',(0.45,-0.55,18.15));
#3306 = DIRECTION('',(1.,0.,-0.));
#3307 = DIRECTION('',(0.,0.,1.));
#3308 = ADVANCED_FACE('',(#3309),#3327,.F.);
#3309 = FACE_BOUND('',#3310,.F.);
#3310 = EDGE_LOOP('',(#3311,#3319,#3325,#3326));
#3311 = ORIENTED_EDGE('',*,*,#3312,.F.);
#3312 = EDGE_CURVE('',#3313,#670,#3315,.T.);
#3313 = VERTEX_POINT('',#3314);
#3314 = CARTESIAN_POINT('',(84.,62.05,19.15));
#3315 = LINE('',#3316,#3317);
#3316 = CARTESIAN_POINT('',(84.,62.05,18.15));
#3317 = VECTOR('',#3318,1.);
#3318 = DIRECTION('',(0.,0.,1.));
#3319 = ORIENTED_EDGE('',*,*,#3320,.T.);
#3320 = EDGE_CURVE('',#3313,#3266,#3321,.T.);
#3321 = LINE('',#3322,#3323);
#3322 = CARTESIAN_POINT('',(-0.15,62.05,19.15));
#3323 = VECTOR('',#3324,1.);
#3324 = DIRECTION('',(-1.,-0.,0.));
#3325 = ORIENTED_EDGE('',*,*,#3265,.F.);
#3326 = ORIENTED_EDGE('',*,*,#678,.F.);
#3327 = PLANE('',#3328);
#3328 = AXIS2_PLACEMENT_3D('',#3329,#3330,#3331);
#3329 = CARTESIAN_POINT('',(0.45,62.05,18.15));
#3330 = DIRECTION('',(-0.,1.,0.));
#3331 = DIRECTION('',(0.,0.,1.));
#3332 = ADVANCED_FACE('',(#3333),#3352,.F.);
#3333 = FACE_BOUND('',#3334,.F.);
#3334 = EDGE_LOOP('',(#3335,#3336,#3345,#3351));
#3335 = ORIENTED_EDGE('',*,*,#3289,.F.);
#3336 = ORIENTED_EDGE('',*,*,#3337,.T.);
#3337 = EDGE_CURVE('',#3290,#3338,#3340,.T.);
#3338 = VERTEX_POINT('',#3339);
#3339 = CARTESIAN_POINT('',(1.,-0.55,19.15));
#3340 = CIRCLE('',#3341,0.55);
#3341 = AXIS2_PLACEMENT_3D('',#3342,#3343,#3344);
#3342 = CARTESIAN_POINT('',(1.,-1.110223024625E-16,19.15));
#3343 = DIRECTION('',(0.,0.,1.));
#3344 = DIRECTION('',(-1.,-0.,0.));
#3345 = ORIENTED_EDGE('',*,*,#3346,.T.);
#3346 = EDGE_CURVE('',#3338,#584,#3347,.T.);
#3347 = LINE('',#3348,#3349);
#3348 = CARTESIAN_POINT('',(1.,-0.55,18.15));
#3349 = VECTOR('',#3350,1.);
#3350 = DIRECTION('',(0.,0.,1.));
#3351 = ORIENTED_EDGE('',*,*,#583,.F.);
#3352 = CYLINDRICAL_SURFACE('',#3353,0.55);
#3353 = AXIS2_PLACEMENT_3D('',#3354,#3355,#3356);
#3354 = CARTESIAN_POINT('',(1.,-1.110223024625E-16,18.15));
#3355 = DIRECTION('',(0.,0.,1.));
#3356 = DIRECTION('',(-1.,-0.,0.));
#3357 = ADVANCED_FACE('',(#3358),#3377,.F.);
#3358 = FACE_BOUND('',#3359,.F.);
#3359 = EDGE_LOOP('',(#3360,#3368,#3375,#3376));
#3360 = ORIENTED_EDGE('',*,*,#3361,.F.);
#3361 = EDGE_CURVE('',#3362,#662,#3364,.T.);
#3362 = VERTEX_POINT('',#3363);
#3363 = CARTESIAN_POINT('',(84.55,61.5,19.15));
#3364 = LINE('',#3365,#3366);
#3365 = CARTESIAN_POINT('',(84.55,61.5,18.15));
#3366 = VECTOR('',#3367,1.);
#3367 = DIRECTION('',(0.,0.,1.));
#3368 = ORIENTED_EDGE('',*,*,#3369,.T.);
#3369 = EDGE_CURVE('',#3362,#3313,#3370,.T.);
#3370 = CIRCLE('',#3371,0.55);
#3371 = AXIS2_PLACEMENT_3D('',#3372,#3373,#3374);
#3372 = CARTESIAN_POINT('',(84.,61.5,19.15));
#3373 = DIRECTION('',(0.,0.,1.));
#3374 = DIRECTION('',(1.,0.,-0.));
#3375 = ORIENTED_EDGE('',*,*,#3312,.T.);
#3376 = ORIENTED_EDGE('',*,*,#669,.F.);
#3377 = CYLINDRICAL_SURFACE('',#3378,0.55);
#3378 = AXIS2_PLACEMENT_3D('',#3379,#3380,#3381);
#3379 = CARTESIAN_POINT('',(84.,61.5,18.15));
#3380 = DIRECTION('',(0.,0.,1.));
#3381 = DIRECTION('',(1.,0.,-0.));
#3382 = ADVANCED_FACE('',(#3383),#3401,.T.);
#3383 = FACE_BOUND('',#3384,.T.);
#3384 = EDGE_LOOP('',(#3385,#3393,#3399,#3400));
#3385 = ORIENTED_EDGE('',*,*,#3386,.F.);
#3386 = EDGE_CURVE('',#3387,#593,#3389,.T.);
#3387 = VERTEX_POINT('',#3388);
#3388 = CARTESIAN_POINT('',(26.991429205786,-0.55,19.15));
#3389 = LINE('',#3390,#3391);
#3390 = CARTESIAN_POINT('',(26.991429205785,-0.55,16.24));
#3391 = VECTOR('',#3392,1.);
#3392 = DIRECTION('',(0.,0.,1.));
#3393 = ORIENTED_EDGE('',*,*,#3394,.T.);
#3394 = EDGE_CURVE('',#3387,#3338,#3395,.T.);
#3395 = LINE('',#3396,#3397);
#3396 = CARTESIAN_POINT('',(-0.15,-0.55,19.15));
#3397 = VECTOR('',#3398,1.);
#3398 = DIRECTION('',(-1.,-0.,0.));
#3399 = ORIENTED_EDGE('',*,*,#3346,.T.);
#3400 = ORIENTED_EDGE('',*,*,#592,.F.);
#3401 = PLANE('',#3402);
#3402 = AXIS2_PLACEMENT_3D('',#3403,#3404,#3405);
#3403 = CARTESIAN_POINT('',(0.45,-0.55,18.15));
#3404 = DIRECTION('',(-0.,1.,0.));
#3405 = DIRECTION('',(0.,0.,1.));
#3406 = ADVANCED_FACE('',(#3407),#3425,.F.);
#3407 = FACE_BOUND('',#3408,.F.);
#3408 = EDGE_LOOP('',(#3409,#3410,#3418,#3424));
#3409 = ORIENTED_EDGE('',*,*,#661,.F.);
#3410 = ORIENTED_EDGE('',*,*,#3411,.F.);
#3411 = EDGE_CURVE('',#3412,#653,#3414,.T.);
#3412 = VERTEX_POINT('',#3413);
#3413 = CARTESIAN_POINT('',(84.55,-1.110223024625E-16,19.15));
#3414 = LINE('',#3415,#3416);
#3415 = CARTESIAN_POINT('',(84.55,-1.110223024625E-16,18.15));
#3416 = VECTOR('',#3417,1.);
#3417 = DIRECTION('',(0.,0.,1.));
#3418 = ORIENTED_EDGE('',*,*,#3419,.T.);
#3419 = EDGE_CURVE('',#3412,#3362,#3420,.T.);
#3420 = LINE('',#3421,#3422);
#3421 = CARTESIAN_POINT('',(84.55,-1.15,19.15));
#3422 = VECTOR('',#3423,1.);
#3423 = DIRECTION('',(-0.,1.,0.));
#3424 = ORIENTED_EDGE('',*,*,#3361,.T.);
#3425 = PLANE('',#3426);
#3426 = AXIS2_PLACEMENT_3D('',#3427,#3428,#3429);
#3427 = CARTESIAN_POINT('',(84.55,-0.55,18.15));
#3428 = DIRECTION('',(1.,0.,-0.));
#3429 = DIRECTION('',(0.,0.,1.));
#3430 = ADVANCED_FACE('',(#3431),#3467,.T.);
#3431 = FACE_BOUND('',#3432,.T.);
#3432 = EDGE_LOOP('',(#3433,#3434,#3442,#3449,#3450,#3451,#3459,#3466));
#3433 = ORIENTED_EDGE('',*,*,#600,.F.);
#3434 = ORIENTED_EDGE('',*,*,#3435,.F.);
#3435 = EDGE_CURVE('',#3436,#601,#3438,.T.);
#3436 = VERTEX_POINT('',#3437);
#3437 = CARTESIAN_POINT('',(30.7,0.8,16.24));
#3438 = LINE('',#3439,#3440);
#3439 = CARTESIAN_POINT('',(30.7,0.8,16.24));
#3440 = VECTOR('',#3441,1.);
#3441 = DIRECTION('',(0.,0.,1.));
#3442 = ORIENTED_EDGE('',*,*,#3443,.T.);
#3443 = EDGE_CURVE('',#3436,#3436,#3444,.T.);
#3444 = CIRCLE('',#3445,2.1);
#3445 = AXIS2_PLACEMENT_3D('',#3446,#3447,#3448);
#3446 = CARTESIAN_POINT('',(28.6,0.8,16.24));
#3447 = DIRECTION('',(0.,0.,1.));
#3448 = DIRECTION('',(1.,0.,-0.));
#3449 = ORIENTED_EDGE('',*,*,#3435,.T.);
#3450 = ORIENTED_EDGE('',*,*,#609,.F.);
#3451 = ORIENTED_EDGE('',*,*,#3452,.F.);
#3452 = EDGE_CURVE('',#3453,#610,#3455,.T.);
#3453 = VERTEX_POINT('',#3454);
#3454 = CARTESIAN_POINT('',(30.208570794215,-0.55,19.15));
#3455 = LINE('',#3456,#3457);
#3456 = CARTESIAN_POINT('',(30.208570794215,-0.55,16.24));
#3457 = VECTOR('',#3458,1.);
#3458 = DIRECTION('',(0.,0.,1.));
#3459 = ORIENTED_EDGE('',*,*,#3460,.F.);
#3460 = EDGE_CURVE('',#3387,#3453,#3461,.T.);
#3461 = CIRCLE('',#3462,2.1);
#3462 = AXIS2_PLACEMENT_3D('',#3463,#3464,#3465);
#3463 = CARTESIAN_POINT('',(28.6,0.8,19.15));
#3464 = DIRECTION('',(0.,0.,1.));
#3465 = DIRECTION('',(1.,0.,-0.));
#3466 = ORIENTED_EDGE('',*,*,#3386,.T.);
#3467 = CYLINDRICAL_SURFACE('',#3468,2.1);
#3468 = AXIS2_PLACEMENT_3D('',#3469,#3470,#3471);
#3469 = CARTESIAN_POINT('',(28.6,0.8,16.24));
#3470 = DIRECTION('',(0.,0.,1.));
#3471 = DIRECTION('',(1.,0.,-0.));
#3472 = ADVANCED_FACE('',(#3473),#3492,.F.);
#3473 = FACE_BOUND('',#3474,.T.);
#3474 = EDGE_LOOP('',(#3475,#3476,#3485,#3491));
#3475 = ORIENTED_EDGE('',*,*,#3411,.F.);
#3476 = ORIENTED_EDGE('',*,*,#3477,.F.);
#3477 = EDGE_CURVE('',#3478,#3412,#3480,.T.);
#3478 = VERTEX_POINT('',#3479);
#3479 = CARTESIAN_POINT('',(84.,-0.55,19.15));
#3480 = CIRCLE('',#3481,0.55);
#3481 = AXIS2_PLACEMENT_3D('',#3482,#3483,#3484);
#3482 = CARTESIAN_POINT('',(84.,-1.110223024625E-16,19.15));
#3483 = DIRECTION('',(0.,0.,1.));
#3484 = DIRECTION('',(1.,0.,-0.));
#3485 = ORIENTED_EDGE('',*,*,#3486,.T.);
#3486 = EDGE_CURVE('',#3478,#645,#3487,.T.);
#3487 = LINE('',#3488,#3489);
#3488 = CARTESIAN_POINT('',(84.,-0.55,18.15));
#3489 = VECTOR('',#3490,1.);
#3490 = DIRECTION('',(0.,0.,1.));
#3491 = ORIENTED_EDGE('',*,*,#652,.T.);
#3492 = CYLINDRICAL_SURFACE('',#3493,0.55);
#3493 = AXIS2_PLACEMENT_3D('',#3494,#3495,#3496);
#3494 = CARTESIAN_POINT('',(84.,-1.110223024625E-16,18.15));
#3495 = DIRECTION('',(0.,0.,1.));
#3496 = DIRECTION('',(1.,0.,-0.));
#3497 = ADVANCED_FACE('',(#3498),#3516,.T.);
#3498 = FACE_BOUND('',#3499,.T.);
#3499 = EDGE_LOOP('',(#3500,#3501,#3509,#3515));
#3500 = ORIENTED_EDGE('',*,*,#3486,.F.);
#3501 = ORIENTED_EDGE('',*,*,#3502,.T.);
#3502 = EDGE_CURVE('',#3478,#3503,#3505,.T.);
#3503 = VERTEX_POINT('',#3504);
#3504 = CARTESIAN_POINT('',(42.708570794215,-0.55,19.15));
#3505 = LINE('',#3506,#3507);
#3506 = CARTESIAN_POINT('',(-0.15,-0.55,19.15));
#3507 = VECTOR('',#3508,1.);
#3508 = DIRECTION('',(-1.,-0.,0.));
#3509 = ORIENTED_EDGE('',*,*,#3510,.T.);
#3510 = EDGE_CURVE('',#3503,#636,#3511,.T.);
#3511 = LINE('',#3512,#3513);
#3512 = CARTESIAN_POINT('',(42.708570794215,-0.55,16.24));
#3513 = VECTOR('',#3514,1.);
#3514 = DIRECTION('',(0.,0.,1.));
#3515 = ORIENTED_EDGE('',*,*,#644,.F.);
#3516 = PLANE('',#3517);
#3517 = AXIS2_PLACEMENT_3D('',#3518,#3519,#3520);
#3518 = CARTESIAN_POINT('',(0.45,-0.55,18.15));
#3519 = DIRECTION('',(-0.,1.,0.));
#3520 = DIRECTION('',(0.,0.,1.));
#3521 = ADVANCED_FACE('',(#3522),#3540,.T.);
#3522 = FACE_BOUND('',#3523,.T.);
#3523 = EDGE_LOOP('',(#3524,#3532,#3538,#3539));
#3524 = ORIENTED_EDGE('',*,*,#3525,.F.);
#3525 = EDGE_CURVE('',#3526,#619,#3528,.T.);
#3526 = VERTEX_POINT('',#3527);
#3527 = CARTESIAN_POINT('',(39.491429205786,-0.55,19.15));
#3528 = LINE('',#3529,#3530);
#3529 = CARTESIAN_POINT('',(39.491429205785,-0.55,16.24));
#3530 = VECTOR('',#3531,1.);
#3531 = DIRECTION('',(0.,0.,1.));
#3532 = ORIENTED_EDGE('',*,*,#3533,.T.);
#3533 = EDGE_CURVE('',#3526,#3453,#3534,.T.);
#3534 = LINE('',#3535,#3536);
#3535 = CARTESIAN_POINT('',(-0.15,-0.55,19.15));
#3536 = VECTOR('',#3537,1.);
#3537 = DIRECTION('',(-1.,-0.,0.));
#3538 = ORIENTED_EDGE('',*,*,#3452,.T.);
#3539 = ORIENTED_EDGE('',*,*,#618,.F.);
#3540 = PLANE('',#3541);
#3541 = AXIS2_PLACEMENT_3D('',#3542,#3543,#3544);
#3542 = CARTESIAN_POINT('',(0.45,-0.55,18.15));
#3543 = DIRECTION('',(-0.,1.,0.));
#3544 = DIRECTION('',(0.,0.,1.));
#3545 = ADVANCED_FACE('',(#3546),#3575,.T.);
#3546 = FACE_BOUND('',#3547,.T.);
#3547 = EDGE_LOOP('',(#3548,#3549,#3557,#3564,#3565,#3566,#3567,#3574));
#3548 = ORIENTED_EDGE('',*,*,#626,.F.);
#3549 = ORIENTED_EDGE('',*,*,#3550,.F.);
#3550 = EDGE_CURVE('',#3551,#627,#3553,.T.);
#3551 = VERTEX_POINT('',#3552);
#3552 = CARTESIAN_POINT('',(43.2,0.8,16.24));
#3553 = LINE('',#3554,#3555);
#3554 = CARTESIAN_POINT('',(43.2,0.8,16.24));
#3555 = VECTOR('',#3556,1.);
#3556 = DIRECTION('',(0.,0.,1.));
#3557 = ORIENTED_EDGE('',*,*,#3558,.T.);
#3558 = EDGE_CURVE('',#3551,#3551,#3559,.T.);
#3559 = CIRCLE('',#3560,2.1);
#3560 = AXIS2_PLACEMENT_3D('',#3561,#3562,#3563);
#3561 = CARTESIAN_POINT('',(41.1,0.8,16.24));
#3562 = DIRECTION('',(0.,0.,1.));
#3563 = DIRECTION('',(1.,0.,-0.));
#3564 = ORIENTED_EDGE('',*,*,#3550,.T.);
#3565 = ORIENTED_EDGE('',*,*,#635,.F.);
#3566 = ORIENTED_EDGE('',*,*,#3510,.F.);
#3567 = ORIENTED_EDGE('',*,*,#3568,.F.);
#3568 = EDGE_CURVE('',#3526,#3503,#3569,.T.);
#3569 = CIRCLE('',#3570,2.1);
#3570 = AXIS2_PLACEMENT_3D('',#3571,#3572,#3573);
#3571 = CARTESIAN_POINT('',(41.1,0.8,19.15));
#3572 = DIRECTION('',(0.,0.,1.));
#3573 = DIRECTION('',(1.,0.,-0.));
#3574 = ORIENTED_EDGE('',*,*,#3525,.T.);
#3575 = CYLINDRICAL_SURFACE('',#3576,2.1);
#3576 = AXIS2_PLACEMENT_3D('',#3577,#3578,#3579);
#3577 = CARTESIAN_POINT('',(41.1,0.8,16.24));
#3578 = DIRECTION('',(0.,0.,1.));
#3579 = DIRECTION('',(1.,0.,-0.));
#3580 = ADVANCED_FACE('',(#3581),#3600,.T.);
#3581 = FACE_BOUND('',#3582,.T.);
#3582 = EDGE_LOOP('',(#3583,#3584,#3592,#3599));
#3583 = ORIENTED_EDGE('',*,*,#736,.F.);
#3584 = ORIENTED_EDGE('',*,*,#3585,.F.);
#3585 = EDGE_CURVE('',#3586,#737,#3588,.T.);
#3586 = VERTEX_POINT('',#3587);
#3587 = CARTESIAN_POINT('',(63.9,52.5,1.31));
#3588 = LINE('',#3589,#3590);
#3589 = CARTESIAN_POINT('',(63.9,52.5,1.31));
#3590 = VECTOR('',#3591,1.);
#3591 = DIRECTION('',(0.,0.,1.));
#3592 = ORIENTED_EDGE('',*,*,#3593,.T.);
#3593 = EDGE_CURVE('',#3586,#3586,#3594,.T.);
#3594 = CIRCLE('',#3595,2.4);
#3595 = AXIS2_PLACEMENT_3D('',#3596,#3597,#3598);
#3596 = CARTESIAN_POINT('',(61.5,52.5,1.31));
#3597 = DIRECTION('',(0.,0.,1.));
#3598 = DIRECTION('',(1.,0.,-0.));
#3599 = ORIENTED_EDGE('',*,*,#3585,.T.);
#3600 = CYLINDRICAL_SURFACE('',#3601,2.4);
#3601 = AXIS2_PLACEMENT_3D('',#3602,#3603,#3604);
#3602 = CARTESIAN_POINT('',(61.5,52.5,1.31));
#3603 = DIRECTION('',(0.,0.,1.));
#3604 = DIRECTION('',(1.,0.,-0.));
#3605 = ADVANCED_FACE('',(#3606),#3631,.F.);
#3606 = FACE_BOUND('',#3607,.F.);
#3607 = EDGE_LOOP('',(#3608,#3616,#3624,#3630));
#3608 = ORIENTED_EDGE('',*,*,#3609,.F.);
#3609 = EDGE_CURVE('',#3610,#748,#3612,.T.);
#3610 = VERTEX_POINT('',#3611);
#3611 = CARTESIAN_POINT('',(47.93,57.85,16.916434084913));
#3612 = LINE('',#3613,#3614);
#3613 = CARTESIAN_POINT('',(47.93,57.85,16.916434084913));
#3614 = VECTOR('',#3615,1.);
#3615 = DIRECTION('',(0.,0.,1.));
#3616 = ORIENTED_EDGE('',*,*,#3617,.F.);
#3617 = EDGE_CURVE('',#3618,#3610,#3620,.T.);
#3618 = VERTEX_POINT('',#3619);
#3619 = CARTESIAN_POINT('',(37.07,57.85,16.916434084913));
#3620 = LINE('',#3621,#3622);
#3621 = CARTESIAN_POINT('',(37.07,57.85,16.916434084913));
#3622 = VECTOR('',#3623,1.);
#3623 = DIRECTION('',(1.,0.,-0.));
#3624 = ORIENTED_EDGE('',*,*,#3625,.T.);
#3625 = EDGE_CURVE('',#3618,#750,#3626,.T.);
#3626 = LINE('',#3627,#3628);
#3627 = CARTESIAN_POINT('',(37.07,57.85,16.916434084913));
#3628 = VECTOR('',#3629,1.);
#3629 = DIRECTION('',(0.,0.,1.));
#3630 = ORIENTED_EDGE('',*,*,#747,.F.);
#3631 = PLANE('',#3632);
#3632 = AXIS2_PLACEMENT_3D('',#3633,#3634,#3635);
#3633 = CARTESIAN_POINT('',(37.07,57.85,16.916434084913));
#3634 = DIRECTION('',(-0.,1.,0.));
#3635 = DIRECTION('',(0.,0.,1.));
#3636 = ADVANCED_FACE('',(#3637),#3655,.T.);
#3637 = FACE_BOUND('',#3638,.T.);
#3638 = EDGE_LOOP('',(#3639,#3640,#3648,#3654));
#3639 = ORIENTED_EDGE('',*,*,#3609,.F.);
#3640 = ORIENTED_EDGE('',*,*,#3641,.T.);
#3641 = EDGE_CURVE('',#3610,#3642,#3644,.T.);
#3642 = VERTEX_POINT('',#3643);
#3643 = CARTESIAN_POINT('',(47.93,63.25,16.916434084913));
#3644 = LINE('',#3645,#3646);
#3645 = CARTESIAN_POINT('',(47.93,57.85,16.916434084913));
#3646 = VECTOR('',#3647,1.);
#3647 = DIRECTION('',(-0.,1.,0.));
#3648 = ORIENTED_EDGE('',*,*,#3649,.T.);
#3649 = EDGE_CURVE('',#3642,#766,#3650,.T.);
#3650 = LINE('',#3651,#3652);
#3651 = CARTESIAN_POINT('',(47.93,63.25,16.916434084913));
#3652 = VECTOR('',#3653,1.);
#3653 = DIRECTION('',(0.,0.,1.));
#3654 = ORIENTED_EDGE('',*,*,#773,.F.);
#3655 = PLANE('',#3656);
#3656 = AXIS2_PLACEMENT_3D('',#3657,#3658,#3659);
#3657 = CARTESIAN_POINT('',(47.93,57.85,16.916434084913));
#3658 = DIRECTION('',(1.,0.,-0.));
#3659 = DIRECTION('',(0.,0.,1.));
#3660 = ADVANCED_FACE('',(#3661),#3679,.F.);
#3661 = FACE_BOUND('',#3662,.F.);
#3662 = EDGE_LOOP('',(#3663,#3664,#3672,#3678));
#3663 = ORIENTED_EDGE('',*,*,#3625,.F.);
#3664 = ORIENTED_EDGE('',*,*,#3665,.T.);
#3665 = EDGE_CURVE('',#3618,#3666,#3668,.T.);
#3666 = VERTEX_POINT('',#3667);
#3667 = CARTESIAN_POINT('',(37.07,63.25,16.916434084913));
#3668 = LINE('',#3669,#3670);
#3669 = CARTESIAN_POINT('',(37.07,57.85,16.916434084913));
#3670 = VECTOR('',#3671,1.);
#3671 = DIRECTION('',(-0.,1.,0.));
#3672 = ORIENTED_EDGE('',*,*,#3673,.T.);
#3673 = EDGE_CURVE('',#3666,#758,#3674,.T.);
#3674 = LINE('',#3675,#3676);
#3675 = CARTESIAN_POINT('',(37.07,63.25,16.916434084913));
#3676 = VECTOR('',#3677,1.);
#3677 = DIRECTION('',(0.,0.,1.));
#3678 = ORIENTED_EDGE('',*,*,#757,.F.);
#3679 = PLANE('',#3680);
#3680 = AXIS2_PLACEMENT_3D('',#3681,#3682,#3683);
#3681 = CARTESIAN_POINT('',(37.07,57.85,16.916434084913));
#3682 = DIRECTION('',(1.,0.,-0.));
#3683 = DIRECTION('',(0.,0.,1.));
#3684 = ADVANCED_FACE('',(#3685),#3696,.T.);
#3685 = FACE_BOUND('',#3686,.T.);
#3686 = EDGE_LOOP('',(#3687,#3688,#3694,#3695));
#3687 = ORIENTED_EDGE('',*,*,#3649,.F.);
#3688 = ORIENTED_EDGE('',*,*,#3689,.F.);
#3689 = EDGE_CURVE('',#3666,#3642,#3690,.T.);
#3690 = LINE('',#3691,#3692);
#3691 = CARTESIAN_POINT('',(37.07,63.25,16.916434084913));
#3692 = VECTOR('',#3693,1.);
#3693 = DIRECTION('',(1.,0.,-0.));
#3694 = ORIENTED_EDGE('',*,*,#3673,.T.);
#3695 = ORIENTED_EDGE('',*,*,#765,.F.);
#3696 = PLANE('',#3697);
#3697 = AXIS2_PLACEMENT_3D('',#3698,#3699,#3700);
#3698 = CARTESIAN_POINT('',(37.07,63.25,16.916434084913));
#3699 = DIRECTION('',(-0.,1.,0.));
#3700 = DIRECTION('',(0.,0.,1.));
#3701 = ADVANCED_FACE('',(#3702),#3713,.F.);
#3702 = FACE_BOUND('',#3703,.F.);
#3703 = EDGE_LOOP('',(#3704,#3710,#3711,#3712));
#3704 = ORIENTED_EDGE('',*,*,#3705,.F.);
#3705 = EDGE_CURVE('',#839,#864,#3706,.T.);
#3706 = LINE('',#3707,#3708);
#3707 = CARTESIAN_POINT('',(84.,-4.,22.85));
#3708 = VECTOR('',#3709,1.);
#3709 = DIRECTION('',(-1.731912112471E-16,0.707106781187,0.707106781187)
  );
#3710 = ORIENTED_EDGE('',*,*,#838,.T.);
#3711 = ORIENTED_EDGE('',*,*,#812,.T.);
#3712 = ORIENTED_EDGE('',*,*,#863,.F.);
#3713 = PLANE('',#3714);
#3714 = AXIS2_PLACEMENT_3D('',#3715,#3716,#3717);
#3715 = CARTESIAN_POINT('',(84.,-3.6,23.25));
#3716 = DIRECTION('',(6.983161618628E-18,0.707106781187,-0.707106781187)
  );
#3717 = DIRECTION('',(-1.,4.937840934654E-18,-4.937840934654E-18));
#3718 = ADVANCED_FACE('',(#3719),#3730,.T.);
#3719 = FACE_BOUND('',#3720,.F.);
#3720 = EDGE_LOOP('',(#3721,#3722,#3723,#3729));
#3721 = ORIENTED_EDGE('',*,*,#2256,.F.);
#3722 = ORIENTED_EDGE('',*,*,#2272,.T.);
#3723 = ORIENTED_EDGE('',*,*,#3724,.T.);
#3724 = EDGE_CURVE('',#2273,#889,#3725,.T.);
#3725 = LINE('',#3726,#3727);
#3726 = CARTESIAN_POINT('',(84.,65.1,23.25));
#3727 = VECTOR('',#3728,1.);
#3728 = DIRECTION('',(-0.,-0.707106781187,0.707106781187));
#3729 = ORIENTED_EDGE('',*,*,#897,.F.);
#3730 = PLANE('',#3731);
#3731 = AXIS2_PLACEMENT_3D('',#3732,#3733,#3734);
#3732 = CARTESIAN_POINT('',(1.,65.1,23.25));
#3733 = DIRECTION('',(-6.983161618628E-18,0.707106781187,0.707106781187)
  );
#3734 = DIRECTION('',(-1.,-4.937840934654E-18,-4.937840934654E-18));
#3735 = ADVANCED_FACE('',(#3736),#3747,.T.);
#3736 = FACE_BOUND('',#3737,.F.);
#3737 = EDGE_LOOP('',(#3738,#3744,#3745,#3746));
#3738 = ORIENTED_EDGE('',*,*,#3739,.F.);
#3739 = EDGE_CURVE('',#2296,#872,#3740,.T.);
#3740 = LINE('',#3741,#3742);
#3741 = CARTESIAN_POINT('',(87.6,0.,23.25));
#3742 = VECTOR('',#3743,1.);
#3743 = DIRECTION('',(-0.707106781187,-0.,0.707106781187));
#3744 = ORIENTED_EDGE('',*,*,#2305,.T.);
#3745 = ORIENTED_EDGE('',*,*,#3705,.T.);
#3746 = ORIENTED_EDGE('',*,*,#871,.F.);
#3747 = CONICAL_SURFACE('',#3748,4.,0.785398163397);
#3748 = AXIS2_PLACEMENT_3D('',#3749,#3750,#3751);
#3749 = CARTESIAN_POINT('',(84.,-8.881784197001E-16,22.85));
#3750 = DIRECTION('',(-0.,-0.,-1.));
#3751 = DIRECTION('',(1.,1.836970198721E-16,-0.));
#3752 = ADVANCED_FACE('',(#3753),#3764,.T.);
#3753 = FACE_BOUND('',#3754,.F.);
#3754 = EDGE_LOOP('',(#3755,#3756,#3757,#3763));
#3755 = ORIENTED_EDGE('',*,*,#3724,.F.);
#3756 = ORIENTED_EDGE('',*,*,#2330,.T.);
#3757 = ORIENTED_EDGE('',*,*,#3758,.T.);
#3758 = EDGE_CURVE('',#2321,#881,#3759,.T.);
#3759 = LINE('',#3760,#3761);
#3760 = CARTESIAN_POINT('',(88.,61.5,22.85));
#3761 = VECTOR('',#3762,1.);
#3762 = DIRECTION('',(-0.707106781187,-4.329780281177E-17,0.707106781187
    ));
#3763 = ORIENTED_EDGE('',*,*,#888,.F.);
#3764 = CONICAL_SURFACE('',#3765,4.,0.785398163397);
#3765 = AXIS2_PLACEMENT_3D('',#3766,#3767,#3768);
#3766 = CARTESIAN_POINT('',(84.,61.5,22.85));
#3767 = DIRECTION('',(-0.,-0.,-1.));
#3768 = DIRECTION('',(0.,1.,-0.));
#3769 = ADVANCED_FACE('',(#3770),#3776,.T.);
#3770 = FACE_BOUND('',#3771,.F.);
#3771 = EDGE_LOOP('',(#3772,#3773,#3774,#3775));
#3772 = ORIENTED_EDGE('',*,*,#3758,.F.);
#3773 = ORIENTED_EDGE('',*,*,#2348,.T.);
#3774 = ORIENTED_EDGE('',*,*,#3739,.T.);
#3775 = ORIENTED_EDGE('',*,*,#880,.F.);
#3776 = PLANE('',#3777);
#3777 = AXIS2_PLACEMENT_3D('',#3778,#3779,#3780);
#3778 = CARTESIAN_POINT('',(87.6,61.5,23.25));
#3779 = DIRECTION('',(0.707106781187,6.983161618628E-18,0.707106781187)
  );
#3780 = DIRECTION('',(-4.937840934654E-18,1.,-4.937840934654E-18));
#3781 = ADVANCED_FACE('',(#3782),#3801,.F.);
#3782 = FACE_BOUND('',#3783,.F.);
#3783 = EDGE_LOOP('',(#3784,#3785,#3793,#3800));
#3784 = ORIENTED_EDGE('',*,*,#914,.F.);
#3785 = ORIENTED_EDGE('',*,*,#3786,.F.);
#3786 = EDGE_CURVE('',#3787,#915,#3789,.T.);
#3787 = VERTEX_POINT('',#3788);
#3788 = CARTESIAN_POINT('',(44.485,11.3,23.05));
#3789 = LINE('',#3790,#3791);
#3790 = CARTESIAN_POINT('',(44.485,11.3,23.05));
#3791 = VECTOR('',#3792,1.);
#3792 = DIRECTION('',(0.707106781187,-1.731912112471E-16,0.707106781187)
  );
#3793 = ORIENTED_EDGE('',*,*,#3794,.T.);
#3794 = EDGE_CURVE('',#3787,#3787,#3795,.T.);
#3795 = CIRCLE('',#3796,3.485);
#3796 = AXIS2_PLACEMENT_3D('',#3797,#3798,#3799);
#3797 = CARTESIAN_POINT('',(41.,11.3,23.05));
#3798 = DIRECTION('',(0.,0.,1.));
#3799 = DIRECTION('',(1.,0.,-0.));
#3800 = ORIENTED_EDGE('',*,*,#3786,.T.);
#3801 = CONICAL_SURFACE('',#3802,3.485,0.785398163397);
#3802 = AXIS2_PLACEMENT_3D('',#3803,#3804,#3805);
#3803 = CARTESIAN_POINT('',(41.,11.3,23.05));
#3804 = DIRECTION('',(0.,0.,1.));
#3805 = DIRECTION('',(1.,0.,-0.));
#3806 = ADVANCED_FACE('',(#3807),#3832,.F.);
#3807 = FACE_BOUND('',#3808,.F.);
#3808 = EDGE_LOOP('',(#3809,#3819,#3825,#3826));
#3809 = ORIENTED_EDGE('',*,*,#3810,.F.);
#3810 = EDGE_CURVE('',#3811,#3813,#3815,.T.);
#3811 = VERTEX_POINT('',#3812);
#3812 = CARTESIAN_POINT('',(20.27184287812,60.651982378855,23.05));
#3813 = VERTEX_POINT('',#3814);
#3814 = CARTESIAN_POINT('',(24.303560939794,60.651982378855,23.05));
#3815 = LINE('',#3816,#3817);
#3816 = CARTESIAN_POINT('',(20.27184287812,60.651982378855,23.05));
#3817 = VECTOR('',#3818,1.);
#3818 = DIRECTION('',(1.,-1.224646799147E-16,0.));
#3819 = ORIENTED_EDGE('',*,*,#3820,.T.);
#3820 = EDGE_CURVE('',#3811,#1198,#3821,.T.);
#3821 = LINE('',#3822,#3823);
#3822 = CARTESIAN_POINT('',(20.27184287812,60.651982378855,23.05));
#3823 = VECTOR('',#3824,1.);
#3824 = DIRECTION('',(0.,0.,1.));
#3825 = ORIENTED_EDGE('',*,*,#1195,.F.);
#3826 = ORIENTED_EDGE('',*,*,#3827,.F.);
#3827 = EDGE_CURVE('',#3813,#1196,#3828,.T.);
#3828 = LINE('',#3829,#3830);
#3829 = CARTESIAN_POINT('',(24.303560939794,60.651982378855,23.05));
#3830 = VECTOR('',#3831,1.);
#3831 = DIRECTION('',(0.,0.,1.));
#3832 = PLANE('',#3833);
#3833 = AXIS2_PLACEMENT_3D('',#3834,#3835,#3836);
#3834 = CARTESIAN_POINT('',(20.27184287812,60.651982378855,23.05));
#3835 = DIRECTION('',(1.224646799147E-16,1.,0.));
#3836 = DIRECTION('',(1.,-1.224646799147E-16,0.));
#3837 = ADVANCED_FACE('',(#3838),#3856,.F.);
#3838 = FACE_BOUND('',#3839,.F.);
#3839 = EDGE_LOOP('',(#3840,#3848,#3854,#3855));
#3840 = ORIENTED_EDGE('',*,*,#3841,.F.);
#3841 = EDGE_CURVE('',#3842,#3811,#3844,.T.);
#3842 = VERTEX_POINT('',#3843);
#3843 = CARTESIAN_POINT('',(20.27184287812,59.585095447871,23.05));
#3844 = LINE('',#3845,#3846);
#3845 = CARTESIAN_POINT('',(20.27184287812,59.585095447871,23.05));
#3846 = VECTOR('',#3847,1.);
#3847 = DIRECTION('',(1.224646799147E-16,1.,0.));
#3848 = ORIENTED_EDGE('',*,*,#3849,.T.);
#3849 = EDGE_CURVE('',#3842,#1278,#3850,.T.);
#3850 = LINE('',#3851,#3852);
#3851 = CARTESIAN_POINT('',(20.27184287812,59.585095447871,23.05));
#3852 = VECTOR('',#3853,1.);
#3853 = DIRECTION('',(0.,0.,1.));
#3854 = ORIENTED_EDGE('',*,*,#1285,.F.);
#3855 = ORIENTED_EDGE('',*,*,#3820,.F.);
#3856 = PLANE('',#3857);
#3857 = AXIS2_PLACEMENT_3D('',#3858,#3859,#3860);
#3858 = CARTESIAN_POINT('',(20.27184287812,59.585095447871,23.05));
#3859 = DIRECTION('',(-1.,1.224646799147E-16,0.));
#3860 = DIRECTION('',(1.224646799147E-16,1.,0.));
#3861 = ADVANCED_FACE('',(#3862),#3880,.F.);
#3862 = FACE_BOUND('',#3863,.F.);
#3863 = EDGE_LOOP('',(#3864,#3872,#3878,#3879));
#3864 = ORIENTED_EDGE('',*,*,#3865,.F.);
#3865 = EDGE_CURVE('',#3866,#3842,#3868,.T.);
#3866 = VERTEX_POINT('',#3867);
#3867 = CARTESIAN_POINT('',(21.351248164464,59.088803230543,23.05));
#3868 = LINE('',#3869,#3870);
#3869 = CARTESIAN_POINT('',(21.351248164464,59.088803230543,23.05));
#3870 = VECTOR('',#3871,1.);
#3871 = DIRECTION('',(-0.908565286718,0.417742887159,0.));
#3872 = ORIENTED_EDGE('',*,*,#3873,.T.);
#3873 = EDGE_CURVE('',#3866,#1270,#3874,.T.);
#3874 = LINE('',#3875,#3876);
#3875 = CARTESIAN_POINT('',(21.351248164464,59.088803230543,23.05));
#3876 = VECTOR('',#3877,1.);
#3877 = DIRECTION('',(0.,0.,1.));
#3878 = ORIENTED_EDGE('',*,*,#1277,.F.);
#3879 = ORIENTED_EDGE('',*,*,#3849,.F.);
#3880 = PLANE('',#3881);
#3881 = AXIS2_PLACEMENT_3D('',#3882,#3883,#3884);
#3882 = CARTESIAN_POINT('',(21.351248164464,59.088803230543,23.05));
#3883 = DIRECTION('',(-0.417742887159,-0.908565286718,0.));
#3884 = DIRECTION('',(-0.908565286718,0.417742887159,0.));
#3885 = ADVANCED_FACE('',(#3886),#3904,.F.);
#3886 = FACE_BOUND('',#3887,.F.);
#3887 = EDGE_LOOP('',(#3888,#3896,#3902,#3903));
#3888 = ORIENTED_EDGE('',*,*,#3889,.F.);
#3889 = EDGE_CURVE('',#3890,#3866,#3892,.T.);
#3890 = VERTEX_POINT('',#3891);
#3891 = CARTESIAN_POINT('',(21.351248164464,53.35781938326,23.05));
#3892 = LINE('',#3893,#3894);
#3893 = CARTESIAN_POINT('',(21.351248164464,53.35781938326,23.05));
#3894 = VECTOR('',#3895,1.);
#3895 = DIRECTION('',(1.224646799147E-16,1.,0.));
#3896 = ORIENTED_EDGE('',*,*,#3897,.T.);
#3897 = EDGE_CURVE('',#3890,#1262,#3898,.T.);
#3898 = LINE('',#3899,#3900);
#3899 = CARTESIAN_POINT('',(21.351248164464,53.35781938326,23.05));
#3900 = VECTOR('',#3901,1.);
#3901 = DIRECTION('',(0.,0.,1.));
#3902 = ORIENTED_EDGE('',*,*,#1269,.F.);
#3903 = ORIENTED_EDGE('',*,*,#3873,.F.);
#3904 = PLANE('',#3905);
#3905 = AXIS2_PLACEMENT_3D('',#3906,#3907,#3908);
#3906 = CARTESIAN_POINT('',(21.351248164464,53.35781938326,23.05));
#3907 = DIRECTION('',(-1.,1.224646799147E-16,0.));
#3908 = DIRECTION('',(1.224646799147E-16,1.,0.));
#3909 = ADVANCED_FACE('',(#3910),#3928,.F.);
#3910 = FACE_BOUND('',#3911,.F.);
#3911 = EDGE_LOOP('',(#3912,#3920,#3926,#3927));
#3912 = ORIENTED_EDGE('',*,*,#3913,.F.);
#3913 = EDGE_CURVE('',#3914,#3890,#3916,.T.);
#3914 = VERTEX_POINT('',#3915);
#3915 = CARTESIAN_POINT('',(20.27184287812,52.861527165932,23.05));
#3916 = LINE('',#3917,#3918);
#3917 = CARTESIAN_POINT('',(20.27184287812,52.861527165932,23.05));
#3918 = VECTOR('',#3919,1.);
#3919 = DIRECTION('',(0.908565286718,0.417742887159,0.));
#3920 = ORIENTED_EDGE('',*,*,#3921,.T.);
#3921 = EDGE_CURVE('',#3914,#1254,#3922,.T.);
#3922 = LINE('',#3923,#3924);
#3923 = CARTESIAN_POINT('',(20.27184287812,52.861527165932,23.05));
#3924 = VECTOR('',#3925,1.);
#3925 = DIRECTION('',(0.,0.,1.));
#3926 = ORIENTED_EDGE('',*,*,#1261,.F.);
#3927 = ORIENTED_EDGE('',*,*,#3897,.F.);
#3928 = PLANE('',#3929);
#3929 = AXIS2_PLACEMENT_3D('',#3930,#3931,#3932);
#3930 = CARTESIAN_POINT('',(20.27184287812,52.861527165932,23.05));
#3931 = DIRECTION('',(-0.417742887159,0.908565286718,0.));
#3932 = DIRECTION('',(0.908565286718,0.417742887159,0.));
#3933 = ADVANCED_FACE('',(#3934),#3952,.F.);
#3934 = FACE_BOUND('',#3935,.F.);
#3935 = EDGE_LOOP('',(#3936,#3944,#3950,#3951));
#3936 = ORIENTED_EDGE('',*,*,#3937,.F.);
#3937 = EDGE_CURVE('',#3938,#3914,#3940,.T.);
#3938 = VERTEX_POINT('',#3939);
#3939 = CARTESIAN_POINT('',(20.27184287812,51.794640234949,23.05));
#3940 = LINE('',#3941,#3942);
#3941 = CARTESIAN_POINT('',(20.27184287812,51.794640234949,23.05));
#3942 = VECTOR('',#3943,1.);
#3943 = DIRECTION('',(1.224646799147E-16,1.,0.));
#3944 = ORIENTED_EDGE('',*,*,#3945,.T.);
#3945 = EDGE_CURVE('',#3938,#1246,#3946,.T.);
#3946 = LINE('',#3947,#3948);
#3947 = CARTESIAN_POINT('',(20.27184287812,51.794640234949,23.05));
#3948 = VECTOR('',#3949,1.);
#3949 = DIRECTION('',(0.,0.,1.));
#3950 = ORIENTED_EDGE('',*,*,#1253,.F.);
#3951 = ORIENTED_EDGE('',*,*,#3921,.F.);
#3952 = PLANE('',#3953);
#3953 = AXIS2_PLACEMENT_3D('',#3954,#3955,#3956);
#3954 = CARTESIAN_POINT('',(20.27184287812,51.794640234949,23.05));
#3955 = DIRECTION('',(-1.,1.224646799147E-16,0.));
#3956 = DIRECTION('',(1.224646799147E-16,1.,0.));
#3957 = ADVANCED_FACE('',(#3958),#3976,.F.);
#3958 = FACE_BOUND('',#3959,.F.);
#3959 = EDGE_LOOP('',(#3960,#3968,#3974,#3975));
#3960 = ORIENTED_EDGE('',*,*,#3961,.F.);
#3961 = EDGE_CURVE('',#3962,#3938,#3964,.T.);
#3962 = VERTEX_POINT('',#3963);
#3963 = CARTESIAN_POINT('',(24.303560939794,51.794640234949,23.05));
#3964 = LINE('',#3965,#3966);
#3965 = CARTESIAN_POINT('',(24.303560939794,51.794640234949,23.05));
#3966 = VECTOR('',#3967,1.);
#3967 = DIRECTION('',(-1.,1.224646799147E-16,0.));
#3968 = ORIENTED_EDGE('',*,*,#3969,.T.);
#3969 = EDGE_CURVE('',#3962,#1238,#3970,.T.);
#3970 = LINE('',#3971,#3972);
#3971 = CARTESIAN_POINT('',(24.303560939794,51.794640234949,23.05));
#3972 = VECTOR('',#3973,1.);
#3973 = DIRECTION('',(0.,0.,1.));
#3974 = ORIENTED_EDGE('',*,*,#1245,.F.);
#3975 = ORIENTED_EDGE('',*,*,#3945,.F.);
#3976 = PLANE('',#3977);
#3977 = AXIS2_PLACEMENT_3D('',#3978,#3979,#3980);
#3978 = CARTESIAN_POINT('',(24.303560939794,51.794640234949,23.05));
#3979 = DIRECTION('',(-1.224646799147E-16,-1.,0.));
#3980 = DIRECTION('',(-1.,1.224646799147E-16,0.));
#3981 = ADVANCED_FACE('',(#3982),#4000,.F.);
#3982 = FACE_BOUND('',#3983,.F.);
#3983 = EDGE_LOOP('',(#3984,#3992,#3998,#3999));
#3984 = ORIENTED_EDGE('',*,*,#3985,.F.);
#3985 = EDGE_CURVE('',#3986,#3962,#3988,.T.);
#3986 = VERTEX_POINT('',#3987);
#3987 = CARTESIAN_POINT('',(24.303560939794,52.861527165932,23.05));
#3988 = LINE('',#3989,#3990);
#3989 = CARTESIAN_POINT('',(24.303560939794,52.861527165932,23.05));
#3990 = VECTOR('',#3991,1.);
#3991 = DIRECTION('',(-1.224646799147E-16,-1.,0.));
#3992 = ORIENTED_EDGE('',*,*,#3993,.T.);
#3993 = EDGE_CURVE('',#3986,#1230,#3994,.T.);
#3994 = LINE('',#3995,#3996);
#3995 = CARTESIAN_POINT('',(24.303560939794,52.861527165932,23.05));
#3996 = VECTOR('',#3997,1.);
#3997 = DIRECTION('',(0.,0.,1.));
#3998 = ORIENTED_EDGE('',*,*,#1237,.F.);
#3999 = ORIENTED_EDGE('',*,*,#3969,.F.);
#4000 = PLANE('',#4001);
#4001 = AXIS2_PLACEMENT_3D('',#4002,#4003,#4004);
#4002 = CARTESIAN_POINT('',(24.303560939794,52.861527165932,23.05));
#4003 = DIRECTION('',(1.,-1.224646799147E-16,0.));
#4004 = DIRECTION('',(-1.224646799147E-16,-1.,0.));
#4005 = ADVANCED_FACE('',(#4006),#4024,.F.);
#4006 = FACE_BOUND('',#4007,.F.);
#4007 = EDGE_LOOP('',(#4008,#4016,#4022,#4023));
#4008 = ORIENTED_EDGE('',*,*,#4009,.F.);
#4009 = EDGE_CURVE('',#4010,#3986,#4012,.T.);
#4010 = VERTEX_POINT('',#4011);
#4011 = CARTESIAN_POINT('',(23.224155653451,53.35781938326,23.05));
#4012 = LINE('',#4013,#4014);
#4013 = CARTESIAN_POINT('',(23.224155653451,53.35781938326,23.05));
#4014 = VECTOR('',#4015,1.);
#4015 = DIRECTION('',(0.908565286718,-0.417742887159,0.));
#4016 = ORIENTED_EDGE('',*,*,#4017,.T.);
#4017 = EDGE_CURVE('',#4010,#1222,#4018,.T.);
#4018 = LINE('',#4019,#4020);
#4019 = CARTESIAN_POINT('',(23.224155653451,53.35781938326,23.05));
#4020 = VECTOR('',#4021,1.);
#4021 = DIRECTION('',(0.,0.,1.));
#4022 = ORIENTED_EDGE('',*,*,#1229,.F.);
#4023 = ORIENTED_EDGE('',*,*,#3993,.F.);
#4024 = PLANE('',#4025);
#4025 = AXIS2_PLACEMENT_3D('',#4026,#4027,#4028);
#4026 = CARTESIAN_POINT('',(23.224155653451,53.35781938326,23.05));
#4027 = DIRECTION('',(0.417742887159,0.908565286718,0.));
#4028 = DIRECTION('',(0.908565286718,-0.417742887159,0.));
#4029 = ADVANCED_FACE('',(#4030),#4048,.F.);
#4030 = FACE_BOUND('',#4031,.F.);
#4031 = EDGE_LOOP('',(#4032,#4040,#4046,#4047));
#4032 = ORIENTED_EDGE('',*,*,#4033,.F.);
#4033 = EDGE_CURVE('',#4034,#4010,#4036,.T.);
#4034 = VERTEX_POINT('',#4035);
#4035 = CARTESIAN_POINT('',(23.224155653451,59.088803230543,23.05));
#4036 = LINE('',#4037,#4038);
#4037 = CARTESIAN_POINT('',(23.224155653451,59.088803230543,23.05));
#4038 = VECTOR('',#4039,1.);
#4039 = DIRECTION('',(-1.224646799147E-16,-1.,0.));
#4040 = ORIENTED_EDGE('',*,*,#4041,.T.);
#4041 = EDGE_CURVE('',#4034,#1214,#4042,.T.);
#4042 = LINE('',#4043,#4044);
#4043 = CARTESIAN_POINT('',(23.224155653451,59.088803230543,23.05));
#4044 = VECTOR('',#4045,1.);
#4045 = DIRECTION('',(0.,0.,1.));
#4046 = ORIENTED_EDGE('',*,*,#1221,.F.);
#4047 = ORIENTED_EDGE('',*,*,#4017,.F.);
#4048 = PLANE('',#4049);
#4049 = AXIS2_PLACEMENT_3D('',#4050,#4051,#4052);
#4050 = CARTESIAN_POINT('',(23.224155653451,59.088803230543,23.05));
#4051 = DIRECTION('',(1.,-1.224646799147E-16,0.));
#4052 = DIRECTION('',(-1.224646799147E-16,-1.,0.));
#4053 = ADVANCED_FACE('',(#4054),#4072,.F.);
#4054 = FACE_BOUND('',#4055,.F.);
#4055 = EDGE_LOOP('',(#4056,#4064,#4070,#4071));
#4056 = ORIENTED_EDGE('',*,*,#4057,.F.);
#4057 = EDGE_CURVE('',#4058,#4034,#4060,.T.);
#4058 = VERTEX_POINT('',#4059);
#4059 = CARTESIAN_POINT('',(24.303560939794,59.585095447871,23.05));
#4060 = LINE('',#4061,#4062);
#4061 = CARTESIAN_POINT('',(24.303560939794,59.585095447871,23.05));
#4062 = VECTOR('',#4063,1.);
#4063 = DIRECTION('',(-0.908565286718,-0.417742887159,0.));
#4064 = ORIENTED_EDGE('',*,*,#4065,.T.);
#4065 = EDGE_CURVE('',#4058,#1206,#4066,.T.);
#4066 = LINE('',#4067,#4068);
#4067 = CARTESIAN_POINT('',(24.303560939794,59.585095447871,23.05));
#4068 = VECTOR('',#4069,1.);
#4069 = DIRECTION('',(0.,0.,1.));
#4070 = ORIENTED_EDGE('',*,*,#1213,.F.);
#4071 = ORIENTED_EDGE('',*,*,#4041,.F.);
#4072 = PLANE('',#4073);
#4073 = AXIS2_PLACEMENT_3D('',#4074,#4075,#4076);
#4074 = CARTESIAN_POINT('',(24.303560939794,59.585095447871,23.05));
#4075 = DIRECTION('',(0.417742887159,-0.908565286718,0.));
#4076 = DIRECTION('',(-0.908565286718,-0.417742887159,0.));
#4077 = ADVANCED_FACE('',(#4078),#4089,.F.);
#4078 = FACE_BOUND('',#4079,.F.);
#4079 = EDGE_LOOP('',(#4080,#4086,#4087,#4088));
#4080 = ORIENTED_EDGE('',*,*,#4081,.F.);
#4081 = EDGE_CURVE('',#3813,#4058,#4082,.T.);
#4082 = LINE('',#4083,#4084);
#4083 = CARTESIAN_POINT('',(24.303560939794,60.651982378855,23.05));
#4084 = VECTOR('',#4085,1.);
#4085 = DIRECTION('',(-1.224646799147E-16,-1.,0.));
#4086 = ORIENTED_EDGE('',*,*,#3827,.T.);
#4087 = ORIENTED_EDGE('',*,*,#1205,.F.);
#4088 = ORIENTED_EDGE('',*,*,#4065,.F.);
#4089 = PLANE('',#4090);
#4090 = AXIS2_PLACEMENT_3D('',#4091,#4092,#4093);
#4091 = CARTESIAN_POINT('',(24.303560939794,60.651982378855,23.05));
#4092 = DIRECTION('',(1.,-1.224646799147E-16,0.));
#4093 = DIRECTION('',(-1.224646799147E-16,-1.,0.));
#4094 = ADVANCED_FACE('',(#4095),#4120,.F.);
#4095 = FACE_BOUND('',#4096,.F.);
#4096 = EDGE_LOOP('',(#4097,#4107,#4113,#4114));
#4097 = ORIENTED_EDGE('',*,*,#4098,.F.);
#4098 = EDGE_CURVE('',#4099,#4101,#4103,.T.);
#4099 = VERTEX_POINT('',#4100);
#4100 = CARTESIAN_POINT('',(26.717584434655,60.651982378855,23.05));
#4101 = VERTEX_POINT('',#4102);
#4102 = CARTESIAN_POINT('',(27.36248164464,58.543245227606,23.05));
#4103 = LINE('',#4104,#4105);
#4104 = CARTESIAN_POINT('',(26.717584434655,60.651982378855,23.05));
#4105 = VECTOR('',#4106,1.);
#4106 = DIRECTION('',(0.292451149107,-0.956280463769,0.));
#4107 = ORIENTED_EDGE('',*,*,#4108,.T.);
#4108 = EDGE_CURVE('',#4099,#1296,#4109,.T.);
#4109 = LINE('',#4110,#4111);
#4110 = CARTESIAN_POINT('',(26.717584434655,60.651982378855,23.05));
#4111 = VECTOR('',#4112,1.);
#4112 = DIRECTION('',(0.,0.,1.));
#4113 = ORIENTED_EDGE('',*,*,#1293,.F.);
#4114 = ORIENTED_EDGE('',*,*,#4115,.F.);
#4115 = EDGE_CURVE('',#4101,#1294,#4116,.T.);
#4116 = LINE('',#4117,#4118);
#4117 = CARTESIAN_POINT('',(27.36248164464,58.543245227606,23.05));
#4118 = VECTOR('',#4119,1.);
#4119 = DIRECTION('',(0.,0.,1.));
#4120 = PLANE('',#4121);
#4121 = AXIS2_PLACEMENT_3D('',#4122,#4123,#4124);
#4122 = CARTESIAN_POINT('',(26.717584434655,60.651982378855,23.05));
#4123 = DIRECTION('',(0.956280463769,0.292451149107,0.));
#4124 = DIRECTION('',(0.292451149107,-0.956280463769,0.));
#4125 = ADVANCED_FACE('',(#4126),#4144,.F.);
#4126 = FACE_BOUND('',#4127,.F.);
#4127 = EDGE_LOOP('',(#4128,#4136,#4142,#4143));
#4128 = ORIENTED_EDGE('',*,*,#4129,.F.);
#4129 = EDGE_CURVE('',#4130,#4099,#4132,.T.);
#4130 = VERTEX_POINT('',#4131);
#4131 = CARTESIAN_POINT('',(24.695264317181,60.651982378855,23.05));
#4132 = LINE('',#4133,#4134);
#4133 = CARTESIAN_POINT('',(24.695264317181,60.651982378855,23.05));
#4134 = VECTOR('',#4135,1.);
#4135 = DIRECTION('',(1.,-1.224646799147E-16,0.));
#4136 = ORIENTED_EDGE('',*,*,#4137,.T.);
#4137 = EDGE_CURVE('',#4130,#1344,#4138,.T.);
#4138 = LINE('',#4139,#4140);
#4139 = CARTESIAN_POINT('',(24.695264317181,60.651982378855,23.05));
#4140 = VECTOR('',#4141,1.);
#4141 = DIRECTION('',(0.,0.,1.));
#4142 = ORIENTED_EDGE('',*,*,#1351,.F.);
#4143 = ORIENTED_EDGE('',*,*,#4108,.F.);
#4144 = PLANE('',#4145);
#4145 = AXIS2_PLACEMENT_3D('',#4146,#4147,#4148);
#4146 = CARTESIAN_POINT('',(24.695264317181,60.651982378855,23.05));
#4147 = DIRECTION('',(1.224646799147E-16,1.,0.));
#4148 = DIRECTION('',(1.,-1.224646799147E-16,0.));
#4149 = ADVANCED_FACE('',(#4150),#4168,.F.);
#4150 = FACE_BOUND('',#4151,.F.);
#4151 = EDGE_LOOP('',(#4152,#4160,#4166,#4167));
#4152 = ORIENTED_EDGE('',*,*,#4153,.F.);
#4153 = EDGE_CURVE('',#4154,#4130,#4156,.T.);
#4154 = VERTEX_POINT('',#4155);
#4155 = CARTESIAN_POINT('',(27.833737151248,51.757488986784,23.05));
#4156 = LINE('',#4157,#4158);
#4157 = CARTESIAN_POINT('',(27.833737151248,51.757488986784,23.05));
#4158 = VECTOR('',#4159,1.);
#4159 = DIRECTION('',(-0.332748453146,0.943015623905,0.));
#4160 = ORIENTED_EDGE('',*,*,#4161,.T.);
#4161 = EDGE_CURVE('',#4154,#1336,#4162,.T.);
#4162 = LINE('',#4163,#4164);
#4163 = CARTESIAN_POINT('',(27.833737151248,51.757488986784,23.05));
#4164 = VECTOR('',#4165,1.);
#4165 = DIRECTION('',(0.,0.,1.));
#4166 = ORIENTED_EDGE('',*,*,#1343,.F.);
#4167 = ORIENTED_EDGE('',*,*,#4137,.F.);
#4168 = PLANE('',#4169);
#4169 = AXIS2_PLACEMENT_3D('',#4170,#4171,#4172);
#4170 = CARTESIAN_POINT('',(27.833737151248,51.757488986784,23.05));
#4171 = DIRECTION('',(-0.943015623905,-0.332748453146,0.));
#4172 = DIRECTION('',(-0.332748453146,0.943015623905,0.));
#4173 = ADVANCED_FACE('',(#4174),#4192,.F.);
#4174 = FACE_BOUND('',#4175,.F.);
#4175 = EDGE_LOOP('',(#4176,#4184,#4190,#4191));
#4176 = ORIENTED_EDGE('',*,*,#4177,.F.);
#4177 = EDGE_CURVE('',#4178,#4154,#4180,.T.);
#4178 = VERTEX_POINT('',#4179);
#4179 = CARTESIAN_POINT('',(30.129038179148,51.757488986784,23.05));
#4180 = LINE('',#4181,#4182);
#4181 = CARTESIAN_POINT('',(30.129038179148,51.757488986784,23.05));
#4182 = VECTOR('',#4183,1.);
#4183 = DIRECTION('',(-1.,1.224646799147E-16,0.));
#4184 = ORIENTED_EDGE('',*,*,#4185,.T.);
#4185 = EDGE_CURVE('',#4178,#1328,#4186,.T.);
#4186 = LINE('',#4187,#4188);
#4187 = CARTESIAN_POINT('',(30.129038179148,51.757488986784,23.05));
#4188 = VECTOR('',#4189,1.);
#4189 = DIRECTION('',(0.,0.,1.));
#4190 = ORIENTED_EDGE('',*,*,#1335,.F.);
#4191 = ORIENTED_EDGE('',*,*,#4161,.F.);
#4192 = PLANE('',#4193);
#4193 = AXIS2_PLACEMENT_3D('',#4194,#4195,#4196);
#4194 = CARTESIAN_POINT('',(30.129038179148,51.757488986784,23.05));
#4195 = DIRECTION('',(-1.224646799147E-16,-1.,0.));
#4196 = DIRECTION('',(-1.,1.224646799147E-16,0.));
#4197 = ADVANCED_FACE('',(#4198),#4216,.F.);
#4198 = FACE_BOUND('',#4199,.F.);
#4199 = EDGE_LOOP('',(#4200,#4208,#4214,#4215));
#4200 = ORIENTED_EDGE('',*,*,#4201,.F.);
#4201 = EDGE_CURVE('',#4202,#4178,#4204,.T.);
#4202 = VERTEX_POINT('',#4203);
#4203 = CARTESIAN_POINT('',(33.254992657856,60.651982378855,23.05));
#4204 = LINE('',#4205,#4206);
#4205 = CARTESIAN_POINT('',(33.254992657856,60.651982378855,23.05));
#4206 = VECTOR('',#4207,1.);
#4207 = DIRECTION('',(-0.331567398058,-0.943431534636,0.));
#4208 = ORIENTED_EDGE('',*,*,#4209,.T.);
#4209 = EDGE_CURVE('',#4202,#1320,#4210,.T.);
#4210 = LINE('',#4211,#4212);
#4211 = CARTESIAN_POINT('',(33.254992657856,60.651982378855,23.05));
#4212 = VECTOR('',#4213,1.);
#4213 = DIRECTION('',(0.,0.,1.));
#4214 = ORIENTED_EDGE('',*,*,#1327,.F.);
#4215 = ORIENTED_EDGE('',*,*,#4185,.F.);
#4216 = PLANE('',#4217);
#4217 = AXIS2_PLACEMENT_3D('',#4218,#4219,#4220);
#4218 = CARTESIAN_POINT('',(33.254992657856,60.651982378855,23.05));
#4219 = DIRECTION('',(0.943431534636,-0.331567398058,0.));
#4220 = DIRECTION('',(-0.331567398058,-0.943431534636,0.));
#4221 = ADVANCED_FACE('',(#4222),#4240,.F.);
#4222 = FACE_BOUND('',#4223,.F.);
#4223 = EDGE_LOOP('',(#4224,#4232,#4238,#4239));
#4224 = ORIENTED_EDGE('',*,*,#4225,.F.);
#4225 = EDGE_CURVE('',#4226,#4202,#4228,.T.);
#4226 = VERTEX_POINT('',#4227);
#4227 = CARTESIAN_POINT('',(31.233076358297,60.651982378855,23.05));
#4228 = LINE('',#4229,#4230);
#4229 = CARTESIAN_POINT('',(31.233076358297,60.651982378855,23.05));
#4230 = VECTOR('',#4231,1.);
#4231 = DIRECTION('',(1.,-1.224646799147E-16,0.));
#4232 = ORIENTED_EDGE('',*,*,#4233,.T.);
#4233 = EDGE_CURVE('',#4226,#1312,#4234,.T.);
#4234 = LINE('',#4235,#4236);
#4235 = CARTESIAN_POINT('',(31.233076358297,60.651982378855,23.05));
#4236 = VECTOR('',#4237,1.);
#4237 = DIRECTION('',(0.,0.,1.));
#4238 = ORIENTED_EDGE('',*,*,#1319,.F.);
#4239 = ORIENTED_EDGE('',*,*,#4209,.F.);
#4240 = PLANE('',#4241);
#4241 = AXIS2_PLACEMENT_3D('',#4242,#4243,#4244);
#4242 = CARTESIAN_POINT('',(31.233076358297,60.651982378855,23.05));
#4243 = DIRECTION('',(1.224646799147E-16,1.,0.));
#4244 = DIRECTION('',(1.,-1.224646799147E-16,0.));
#4245 = ADVANCED_FACE('',(#4246),#4264,.F.);
#4246 = FACE_BOUND('',#4247,.F.);
#4247 = EDGE_LOOP('',(#4248,#4256,#4262,#4263));
#4248 = ORIENTED_EDGE('',*,*,#4249,.F.);
#4249 = EDGE_CURVE('',#4250,#4226,#4252,.T.);
#4250 = VERTEX_POINT('',#4251);
#4251 = CARTESIAN_POINT('',(30.587775330396,58.543245227606,23.05));
#4252 = LINE('',#4253,#4254);
#4253 = CARTESIAN_POINT('',(30.587775330396,58.543245227606,23.05));
#4254 = VECTOR('',#4255,1.);
#4255 = DIRECTION('',(0.292618598698,0.956229238047,0.));
#4256 = ORIENTED_EDGE('',*,*,#4257,.T.);
#4257 = EDGE_CURVE('',#4250,#1304,#4258,.T.);
#4258 = LINE('',#4259,#4260);
#4259 = CARTESIAN_POINT('',(30.587775330396,58.543245227606,23.05));
#4260 = VECTOR('',#4261,1.);
#4261 = DIRECTION('',(0.,0.,1.));
#4262 = ORIENTED_EDGE('',*,*,#1311,.F.);
#4263 = ORIENTED_EDGE('',*,*,#4233,.F.);
#4264 = PLANE('',#4265);
#4265 = AXIS2_PLACEMENT_3D('',#4266,#4267,#4268);
#4266 = CARTESIAN_POINT('',(30.587775330396,58.543245227606,23.05));
#4267 = DIRECTION('',(-0.956229238047,0.292618598698,0.));
#4268 = DIRECTION('',(0.292618598698,0.956229238047,0.));
#4269 = ADVANCED_FACE('',(#4270),#4281,.F.);
#4270 = FACE_BOUND('',#4271,.F.);
#4271 = EDGE_LOOP('',(#4272,#4278,#4279,#4280));
#4272 = ORIENTED_EDGE('',*,*,#4273,.F.);
#4273 = EDGE_CURVE('',#4101,#4250,#4274,.T.);
#4274 = LINE('',#4275,#4276);
#4275 = CARTESIAN_POINT('',(27.36248164464,58.543245227606,23.05));
#4276 = VECTOR('',#4277,1.);
#4277 = DIRECTION('',(1.,-1.224646799147E-16,0.));
#4278 = ORIENTED_EDGE('',*,*,#4115,.T.);
#4279 = ORIENTED_EDGE('',*,*,#1303,.F.);
#4280 = ORIENTED_EDGE('',*,*,#4257,.F.);
#4281 = PLANE('',#4282);
#4282 = AXIS2_PLACEMENT_3D('',#4283,#4284,#4285);
#4283 = CARTESIAN_POINT('',(27.36248164464,58.543245227606,23.05));
#4284 = DIRECTION('',(1.224646799147E-16,1.,0.));
#4285 = DIRECTION('',(1.,-1.224646799147E-16,0.));
#4286 = ADVANCED_FACE('',(#4287),#4312,.F.);
#4287 = FACE_BOUND('',#4288,.F.);
#4288 = EDGE_LOOP('',(#4289,#4299,#4305,#4306));
#4289 = ORIENTED_EDGE('',*,*,#4290,.F.);
#4290 = EDGE_CURVE('',#4291,#4293,#4295,.T.);
#4291 = VERTEX_POINT('',#4292);
#4292 = CARTESIAN_POINT('',(34.809691629956,59.3,23.05));
#4293 = VERTEX_POINT('',#4294);
#4294 = CARTESIAN_POINT('',(34.214464023495,59.237812041116,23.05));
#4295 = B_SPLINE_CURVE_WITH_KNOTS('',2,(#4296,#4297,#4298),
  .UNSPECIFIED.,.F.,.F.,(3,3),(0.,1.),.PIECEWISE_BEZIER_KNOTS.);
#4296 = CARTESIAN_POINT('',(34.809691629956,59.3,23.05));
#4297 = CARTESIAN_POINT('',(34.499559471366,59.3,23.05));
#4298 = CARTESIAN_POINT('',(34.214464023495,59.237812041116,23.05));
#4299 = ORIENTED_EDGE('',*,*,#4300,.T.);
#4300 = EDGE_CURVE('',#4291,#1362,#4301,.T.);
#4301 = LINE('',#4302,#4303);
#4302 = CARTESIAN_POINT('',(34.809691629956,59.3,23.05));
#4303 = VECTOR('',#4304,1.);
#4304 = DIRECTION('',(0.,0.,1.));
#4305 = ORIENTED_EDGE('',*,*,#1359,.F.);
#4306 = ORIENTED_EDGE('',*,*,#4307,.F.);
#4307 = EDGE_CURVE('',#4293,#1360,#4308,.T.);
#4308 = LINE('',#4309,#4310);
#4309 = CARTESIAN_POINT('',(34.214464023495,59.237812041116,23.05));
#4310 = VECTOR('',#4311,1.);
#4311 = DIRECTION('',(0.,0.,1.));
#4312 = SURFACE_OF_LINEAR_EXTRUSION('',#4313,#4317);
#4313 = B_SPLINE_CURVE_WITH_KNOTS('',2,(#4314,#4315,#4316),
  .UNSPECIFIED.,.F.,.F.,(3,3),(0.,1.),.PIECEWISE_BEZIER_KNOTS.);
#4314 = CARTESIAN_POINT('',(34.809691629956,59.3,23.05));
#4315 = CARTESIAN_POINT('',(34.499559471366,59.3,23.05));
#4316 = CARTESIAN_POINT('',(34.214464023495,59.237812041116,23.05));
#4317 = VECTOR('',#4318,1.);
#4318 = DIRECTION('',(0.,0.,-1.));
#4319 = ADVANCED_FACE('',(#4320),#4338,.F.);
#4320 = FACE_BOUND('',#4321,.F.);
#4321 = EDGE_LOOP('',(#4322,#4330,#4336,#4337));
#4322 = ORIENTED_EDGE('',*,*,#4323,.F.);
#4323 = EDGE_CURVE('',#4324,#4291,#4326,.T.);
#4324 = VERTEX_POINT('',#4325);
#4325 = CARTESIAN_POINT('',(35.392804698972,59.10778267254,23.05));
#4326 = B_SPLINE_CURVE_WITH_KNOTS('',2,(#4327,#4328,#4329),
  .UNSPECIFIED.,.F.,.F.,(3,3),(0.,1.),.PIECEWISE_BEZIER_KNOTS.);
#4327 = CARTESIAN_POINT('',(35.392804698972,59.10778267254,23.05));
#4328 = CARTESIAN_POINT('',(35.16949339207,59.3,23.05));
#4329 = CARTESIAN_POINT('',(34.809691629956,59.3,23.05));
#4330 = ORIENTED_EDGE('',*,*,#4331,.T.);
#4331 = EDGE_CURVE('',#4324,#1551,#4332,.T.);
#4332 = LINE('',#4333,#4334);
#4333 = CARTESIAN_POINT('',(35.392804698972,59.10778267254,23.05));
#4334 = VECTOR('',#4335,1.);
#4335 = DIRECTION('',(0.,0.,1.));
#4336 = ORIENTED_EDGE('',*,*,#1567,.F.);
#4337 = ORIENTED_EDGE('',*,*,#4300,.F.);
#4338 = SURFACE_OF_LINEAR_EXTRUSION('',#4339,#4343);
#4339 = B_SPLINE_CURVE_WITH_KNOTS('',2,(#4340,#4341,#4342),
  .UNSPECIFIED.,.F.,.F.,(3,3),(0.,1.),.PIECEWISE_BEZIER_KNOTS.);
#4340 = CARTESIAN_POINT('',(35.392804698972,59.10778267254,23.05));
#4341 = CARTESIAN_POINT('',(35.16949339207,59.3,23.05));
#4342 = CARTESIAN_POINT('',(34.809691629956,59.3,23.05));
#4343 = VECTOR('',#4344,1.);
#4344 = DIRECTION('',(0.,0.,-1.));
#4345 = ADVANCED_FACE('',(#4346),#4364,.F.);
#4346 = FACE_BOUND('',#4347,.F.);
#4347 = EDGE_LOOP('',(#4348,#4356,#4362,#4363));
#4348 = ORIENTED_EDGE('',*,*,#4349,.F.);
#4349 = EDGE_CURVE('',#4350,#4324,#4352,.T.);
#4350 = VERTEX_POINT('',#4351);
#4351 = CARTESIAN_POINT('',(35.616116005874,58.530726872247,23.05));
#4352 = B_SPLINE_CURVE_WITH_KNOTS('',2,(#4353,#4354,#4355),
  .UNSPECIFIED.,.F.,.F.,(3,3),(0.,1.),.PIECEWISE_BEZIER_KNOTS.);
#4353 = CARTESIAN_POINT('',(35.616116005874,58.530726872247,23.05));
#4354 = CARTESIAN_POINT('',(35.616116005874,58.915161527166,23.05));
#4355 = CARTESIAN_POINT('',(35.392804698972,59.10778267254,23.05));
#4356 = ORIENTED_EDGE('',*,*,#4357,.T.);
#4357 = EDGE_CURVE('',#4350,#1543,#4358,.T.);
#4358 = LINE('',#4359,#4360);
#4359 = CARTESIAN_POINT('',(35.616116005874,58.530726872247,23.05));
#4360 = VECTOR('',#4361,1.);
#4361 = DIRECTION('',(0.,0.,1.));
#4362 = ORIENTED_EDGE('',*,*,#1550,.F.);
#4363 = ORIENTED_EDGE('',*,*,#4331,.F.);
#4364 = SURFACE_OF_LINEAR_EXTRUSION('',#4365,#4369);
#4365 = B_SPLINE_CURVE_WITH_KNOTS('',2,(#4366,#4367,#4368),
  .UNSPECIFIED.,.F.,.F.,(3,3),(0.,1.),.PIECEWISE_BEZIER_KNOTS.);
#4366 = CARTESIAN_POINT('',(35.616116005874,58.530726872247,23.05));
#4367 = CARTESIAN_POINT('',(35.616116005874,58.915161527166,23.05));
#4368 = CARTESIAN_POINT('',(35.392804698972,59.10778267254,23.05));
#4369 = VECTOR('',#4370,1.);
#4370 = DIRECTION('',(0.,0.,-1.));
#4371 = ADVANCED_FACE('',(#4372),#4390,.F.);
#4372 = FACE_BOUND('',#4373,.F.);
#4373 = EDGE_LOOP('',(#4374,#4382,#4388,#4389));
#4374 = ORIENTED_EDGE('',*,*,#4375,.F.);
#4375 = EDGE_CURVE('',#4376,#4350,#4378,.T.);
#4376 = VERTEX_POINT('',#4377);
#4377 = CARTESIAN_POINT('',(35.616116005874,55.268281938326,23.05));
#4378 = LINE('',#4379,#4380);
#4379 = CARTESIAN_POINT('',(35.616116005874,55.268281938326,23.05));
#4380 = VECTOR('',#4381,1.);
#4381 = DIRECTION('',(1.224646799147E-16,1.,0.));
#4382 = ORIENTED_EDGE('',*,*,#4383,.T.);
#4383 = EDGE_CURVE('',#4376,#1535,#4384,.T.);
#4384 = LINE('',#4385,#4386);
#4385 = CARTESIAN_POINT('',(35.616116005874,55.268281938326,23.05));
#4386 = VECTOR('',#4387,1.);
#4387 = DIRECTION('',(0.,0.,1.));
#4388 = ORIENTED_EDGE('',*,*,#1542,.F.);
#4389 = ORIENTED_EDGE('',*,*,#4357,.F.);
#4390 = PLANE('',#4391);
#4391 = AXIS2_PLACEMENT_3D('',#4392,#4393,#4394);
#4392 = CARTESIAN_POINT('',(35.616116005874,55.268281938326,23.05));
#4393 = DIRECTION('',(-1.,1.224646799147E-16,0.));
#4394 = DIRECTION('',(1.224646799147E-16,1.,0.));
#4395 = ADVANCED_FACE('',(#4396),#4414,.F.);
#4396 = FACE_BOUND('',#4397,.F.);
#4397 = EDGE_LOOP('',(#4398,#4406,#4412,#4413));
#4398 = ORIENTED_EDGE('',*,*,#4399,.F.);
#4399 = EDGE_CURVE('',#4400,#4376,#4402,.T.);
#4400 = VERTEX_POINT('',#4401);
#4401 = CARTESIAN_POINT('',(33.718171806167,55.268281938326,23.05));
#4402 = LINE('',#4403,#4404);
#4403 = CARTESIAN_POINT('',(33.718171806167,55.268281938326,23.05));
#4404 = VECTOR('',#4405,1.);
#4405 = DIRECTION('',(1.,-1.224646799147E-16,0.));
#4406 = ORIENTED_EDGE('',*,*,#4407,.T.);
#4407 = EDGE_CURVE('',#4400,#1527,#4408,.T.);
#4408 = LINE('',#4409,#4410);
#4409 = CARTESIAN_POINT('',(33.718171806167,55.268281938326,23.05));
#4410 = VECTOR('',#4411,1.);
#4411 = DIRECTION('',(0.,0.,1.));
#4412 = ORIENTED_EDGE('',*,*,#1534,.F.);
#4413 = ORIENTED_EDGE('',*,*,#4383,.F.);
#4414 = PLANE('',#4415);
#4415 = AXIS2_PLACEMENT_3D('',#4416,#4417,#4418);
#4416 = CARTESIAN_POINT('',(33.718171806167,55.268281938326,23.05));
#4417 = DIRECTION('',(1.224646799147E-16,1.,0.));
#4418 = DIRECTION('',(1.,-1.224646799147E-16,0.));
#4419 = ADVANCED_FACE('',(#4420),#4438,.F.);
#4420 = FACE_BOUND('',#4421,.F.);
#4421 = EDGE_LOOP('',(#4422,#4430,#4436,#4437));
#4422 = ORIENTED_EDGE('',*,*,#4423,.F.);
#4423 = EDGE_CURVE('',#4424,#4400,#4426,.T.);
#4424 = VERTEX_POINT('',#4425);
#4425 = CARTESIAN_POINT('',(33.718171806167,53.878744493392,23.05));
#4426 = LINE('',#4427,#4428);
#4427 = CARTESIAN_POINT('',(33.718171806167,53.878744493392,23.05));
#4428 = VECTOR('',#4429,1.);
#4429 = DIRECTION('',(1.224646799147E-16,1.,0.));
#4430 = ORIENTED_EDGE('',*,*,#4431,.T.);
#4431 = EDGE_CURVE('',#4424,#1519,#4432,.T.);
#4432 = LINE('',#4433,#4434);
#4433 = CARTESIAN_POINT('',(33.718171806167,53.878744493392,23.05));
#4434 = VECTOR('',#4435,1.);
#4435 = DIRECTION('',(0.,0.,1.));
#4436 = ORIENTED_EDGE('',*,*,#1526,.F.);
#4437 = ORIENTED_EDGE('',*,*,#4407,.F.);
#4438 = PLANE('',#4439);
#4439 = AXIS2_PLACEMENT_3D('',#4440,#4441,#4442);
#4440 = CARTESIAN_POINT('',(33.718171806167,53.878744493392,23.05));
#4441 = DIRECTION('',(-1.,1.224646799147E-16,0.));
#4442 = DIRECTION('',(1.224646799147E-16,1.,0.));
#4443 = ADVANCED_FACE('',(#4444),#4462,.F.);
#4444 = FACE_BOUND('',#4445,.F.);
#4445 = EDGE_LOOP('',(#4446,#4454,#4460,#4461));
#4446 = ORIENTED_EDGE('',*,*,#4447,.F.);
#4447 = EDGE_CURVE('',#4448,#4424,#4450,.T.);
#4448 = VERTEX_POINT('',#4449);
#4449 = CARTESIAN_POINT('',(35.616116005874,53.878744493392,23.05));
#4450 = LINE('',#4451,#4452);
#4451 = CARTESIAN_POINT('',(35.616116005874,53.878744493392,23.05));
#4452 = VECTOR('',#4453,1.);
#4453 = DIRECTION('',(-1.,1.224646799147E-16,0.));
#4454 = ORIENTED_EDGE('',*,*,#4455,.T.);
#4455 = EDGE_CURVE('',#4448,#1511,#4456,.T.);
#4456 = LINE('',#4457,#4458);
#4457 = CARTESIAN_POINT('',(35.616116005874,53.878744493392,23.05));
#4458 = VECTOR('',#4459,1.);
#4459 = DIRECTION('',(0.,0.,1.));
#4460 = ORIENTED_EDGE('',*,*,#1518,.F.);
#4461 = ORIENTED_EDGE('',*,*,#4431,.F.);
#4462 = PLANE('',#4463);
#4463 = AXIS2_PLACEMENT_3D('',#4464,#4465,#4466);
#4464 = CARTESIAN_POINT('',(35.616116005874,53.878744493392,23.05));
#4465 = DIRECTION('',(-1.224646799147E-16,-1.,0.));
#4466 = DIRECTION('',(-1.,1.224646799147E-16,0.));
#4467 = ADVANCED_FACE('',(#4468),#4486,.F.);
#4468 = FACE_BOUND('',#4469,.F.);
#4469 = EDGE_LOOP('',(#4470,#4478,#4484,#4485));
#4470 = ORIENTED_EDGE('',*,*,#4471,.F.);
#4471 = EDGE_CURVE('',#4472,#4448,#4474,.T.);
#4472 = VERTEX_POINT('',#4473);
#4473 = CARTESIAN_POINT('',(35.616116005874,52.439537444934,23.05));
#4474 = LINE('',#4475,#4476);
#4475 = CARTESIAN_POINT('',(35.616116005874,52.439537444934,23.05));
#4476 = VECTOR('',#4477,1.);
#4477 = DIRECTION('',(1.224646799147E-16,1.,0.));
#4478 = ORIENTED_EDGE('',*,*,#4479,.T.);
#4479 = EDGE_CURVE('',#4472,#1503,#4480,.T.);
#4480 = LINE('',#4481,#4482);
#4481 = CARTESIAN_POINT('',(35.616116005874,52.439537444934,23.05));
#4482 = VECTOR('',#4483,1.);
#4483 = DIRECTION('',(0.,0.,1.));
#4484 = ORIENTED_EDGE('',*,*,#1510,.F.);
#4485 = ORIENTED_EDGE('',*,*,#4455,.F.);
#4486 = PLANE('',#4487);
#4487 = AXIS2_PLACEMENT_3D('',#4488,#4489,#4490);
#4488 = CARTESIAN_POINT('',(35.616116005874,52.439537444934,23.05));
#4489 = DIRECTION('',(-1.,1.224646799147E-16,0.));
#4490 = DIRECTION('',(1.224646799147E-16,1.,0.));
#4491 = ADVANCED_FACE('',(#4492),#4510,.F.);
#4492 = FACE_BOUND('',#4493,.F.);
#4493 = EDGE_LOOP('',(#4494,#4502,#4508,#4509));
#4494 = ORIENTED_EDGE('',*,*,#4495,.F.);
#4495 = EDGE_CURVE('',#4496,#4472,#4498,.T.);
#4496 = VERTEX_POINT('',#4497);
#4497 = CARTESIAN_POINT('',(36.794456681351,52.439537444934,23.05));
#4498 = LINE('',#4499,#4500);
#4499 = CARTESIAN_POINT('',(36.794456681351,52.439537444934,23.05));
#4500 = VECTOR('',#4501,1.);
#4501 = DIRECTION('',(-1.,1.224646799147E-16,0.));
#4502 = ORIENTED_EDGE('',*,*,#4503,.T.);
#4503 = EDGE_CURVE('',#4496,#1495,#4504,.T.);
#4504 = LINE('',#4505,#4506);
#4505 = CARTESIAN_POINT('',(36.794456681351,52.439537444934,23.05));
#4506 = VECTOR('',#4507,1.);
#4507 = DIRECTION('',(0.,0.,1.));
#4508 = ORIENTED_EDGE('',*,*,#1502,.F.);
#4509 = ORIENTED_EDGE('',*,*,#4479,.F.);
#4510 = PLANE('',#4511);
#4511 = AXIS2_PLACEMENT_3D('',#4512,#4513,#4514);
#4512 = CARTESIAN_POINT('',(36.794456681351,52.439537444934,23.05));
#4513 = DIRECTION('',(-1.224646799147E-16,-1.,0.));
#4514 = DIRECTION('',(-1.,1.224646799147E-16,0.));
#4515 = ADVANCED_FACE('',(#4516),#4534,.F.);
#4516 = FACE_BOUND('',#4517,.F.);
#4517 = EDGE_LOOP('',(#4518,#4526,#4532,#4533));
#4518 = ORIENTED_EDGE('',*,*,#4519,.F.);
#4519 = EDGE_CURVE('',#4520,#4496,#4522,.T.);
#4520 = VERTEX_POINT('',#4521);
#4521 = CARTESIAN_POINT('',(37.327900146843,53.866226138032,23.05));
#4522 = LINE('',#4523,#4524);
#4523 = CARTESIAN_POINT('',(37.327900146843,53.866226138032,23.05));
#4524 = VECTOR('',#4525,1.);
#4525 = DIRECTION('',(-0.350222599863,-0.936666499105,0.));
#4526 = ORIENTED_EDGE('',*,*,#4527,.T.);
#4527 = EDGE_CURVE('',#4520,#1487,#4528,.T.);
#4528 = LINE('',#4529,#4530);
#4529 = CARTESIAN_POINT('',(37.327900146843,53.866226138032,23.05));
#4530 = VECTOR('',#4531,1.);
#4531 = DIRECTION('',(0.,0.,1.));
#4532 = ORIENTED_EDGE('',*,*,#1494,.F.);
#4533 = ORIENTED_EDGE('',*,*,#4503,.F.);
#4534 = PLANE('',#4535);
#4535 = AXIS2_PLACEMENT_3D('',#4536,#4537,#4538);
#4536 = CARTESIAN_POINT('',(37.327900146843,53.866226138032,23.05));
#4537 = DIRECTION('',(0.936666499105,-0.350222599863,0.));
#4538 = DIRECTION('',(-0.350222599863,-0.936666499105,0.));
#4539 = ADVANCED_FACE('',(#4540),#4558,.F.);
#4540 = FACE_BOUND('',#4541,.F.);
#4541 = EDGE_LOOP('',(#4542,#4550,#4556,#4557));
#4542 = ORIENTED_EDGE('',*,*,#4543,.F.);
#4543 = EDGE_CURVE('',#4544,#4520,#4546,.T.);
#4544 = VERTEX_POINT('',#4545);
#4545 = CARTESIAN_POINT('',(38.345117474302,54.486490455213,23.05));
#4546 = LINE('',#4547,#4548);
#4547 = CARTESIAN_POINT('',(38.345117474302,54.486490455213,23.05));
#4548 = VECTOR('',#4549,1.);
#4549 = DIRECTION('',(-0.853792501217,-0.520613450524,0.));
#4550 = ORIENTED_EDGE('',*,*,#4551,.T.);
#4551 = EDGE_CURVE('',#4544,#1479,#4552,.T.);
#4552 = LINE('',#4553,#4554);
#4553 = CARTESIAN_POINT('',(38.345117474302,54.486490455213,23.05));
#4554 = VECTOR('',#4555,1.);
#4555 = DIRECTION('',(0.,0.,1.));
#4556 = ORIENTED_EDGE('',*,*,#1486,.F.);
#4557 = ORIENTED_EDGE('',*,*,#4527,.F.);
#4558 = PLANE('',#4559);
#4559 = AXIS2_PLACEMENT_3D('',#4560,#4561,#4562);
#4560 = CARTESIAN_POINT('',(38.345117474302,54.486490455213,23.05));
#4561 = DIRECTION('',(0.520613450524,-0.853792501217,0.));
#4562 = DIRECTION('',(-0.853792501217,-0.520613450524,0.));
#4563 = ADVANCED_FACE('',(#4564),#4582,.F.);
#4564 = FACE_BOUND('',#4565,.F.);
#4565 = EDGE_LOOP('',(#4566,#4574,#4580,#4581));
#4566 = ORIENTED_EDGE('',*,*,#4567,.F.);
#4567 = EDGE_CURVE('',#4568,#4544,#4570,.T.);
#4568 = VERTEX_POINT('',#4569);
#4569 = CARTESIAN_POINT('',(38.345117474302,55.268281938326,23.05));
#4570 = LINE('',#4571,#4572);
#4571 = CARTESIAN_POINT('',(38.345117474302,55.268281938326,23.05));
#4572 = VECTOR('',#4573,1.);
#4573 = DIRECTION('',(-1.224646799147E-16,-1.,0.));
#4574 = ORIENTED_EDGE('',*,*,#4575,.T.);
#4575 = EDGE_CURVE('',#4568,#1471,#4576,.T.);
#4576 = LINE('',#4577,#4578);
#4577 = CARTESIAN_POINT('',(38.345117474302,55.268281938326,23.05));
#4578 = VECTOR('',#4579,1.);
#4579 = DIRECTION('',(0.,0.,1.));
#4580 = ORIENTED_EDGE('',*,*,#1478,.F.);
#4581 = ORIENTED_EDGE('',*,*,#4551,.F.);
#4582 = PLANE('',#4583);
#4583 = AXIS2_PLACEMENT_3D('',#4584,#4585,#4586);
#4584 = CARTESIAN_POINT('',(38.345117474302,55.268281938326,23.05));
#4585 = DIRECTION('',(1.,-1.224646799147E-16,0.));
#4586 = DIRECTION('',(-1.224646799147E-16,-1.,0.));
#4587 = ADVANCED_FACE('',(#4588),#4606,.F.);
#4588 = FACE_BOUND('',#4589,.F.);
#4589 = EDGE_LOOP('',(#4590,#4598,#4604,#4605));
#4590 = ORIENTED_EDGE('',*,*,#4591,.F.);
#4591 = EDGE_CURVE('',#4592,#4568,#4594,.T.);
#4592 = VERTEX_POINT('',#4593);
#4593 = CARTESIAN_POINT('',(37.464390602056,55.268281938326,23.05));
#4594 = LINE('',#4595,#4596);
#4595 = CARTESIAN_POINT('',(37.464390602056,55.268281938326,23.05));
#4596 = VECTOR('',#4597,1.);
#4597 = DIRECTION('',(1.,-1.224646799147E-16,0.));
#4598 = ORIENTED_EDGE('',*,*,#4599,.T.);
#4599 = EDGE_CURVE('',#4592,#1463,#4600,.T.);
#4600 = LINE('',#4601,#4602);
#4601 = CARTESIAN_POINT('',(37.464390602056,55.268281938326,23.05));
#4602 = VECTOR('',#4603,1.);
#4603 = DIRECTION('',(0.,0.,1.));
#4604 = ORIENTED_EDGE('',*,*,#1470,.F.);
#4605 = ORIENTED_EDGE('',*,*,#4575,.F.);
#4606 = PLANE('',#4607);
#4607 = AXIS2_PLACEMENT_3D('',#4608,#4609,#4610);
#4608 = CARTESIAN_POINT('',(37.464390602056,55.268281938326,23.05));
#4609 = DIRECTION('',(1.224646799147E-16,1.,0.));
#4610 = DIRECTION('',(1.,-1.224646799147E-16,0.));
#4611 = ADVANCED_FACE('',(#4612),#4630,.F.);
#4612 = FACE_BOUND('',#4613,.F.);
#4613 = EDGE_LOOP('',(#4614,#4622,#4628,#4629));
#4614 = ORIENTED_EDGE('',*,*,#4615,.F.);
#4615 = EDGE_CURVE('',#4616,#4592,#4618,.T.);
#4616 = VERTEX_POINT('',#4617);
#4617 = CARTESIAN_POINT('',(37.464390602056,58.530726872247,23.05));
#4618 = LINE('',#4619,#4620);
#4619 = CARTESIAN_POINT('',(37.464390602056,58.530726872247,23.05));
#4620 = VECTOR('',#4621,1.);
#4621 = DIRECTION('',(-1.224646799147E-16,-1.,0.));
#4622 = ORIENTED_EDGE('',*,*,#4623,.T.);
#4623 = EDGE_CURVE('',#4616,#1446,#4624,.T.);
#4624 = LINE('',#4625,#4626);
#4625 = CARTESIAN_POINT('',(37.464390602056,58.530726872247,23.05));
#4626 = VECTOR('',#4627,1.);
#4627 = DIRECTION('',(0.,0.,1.));
#4628 = ORIENTED_EDGE('',*,*,#1462,.F.);
#4629 = ORIENTED_EDGE('',*,*,#4599,.F.);
#4630 = PLANE('',#4631);
#4631 = AXIS2_PLACEMENT_3D('',#4632,#4633,#4634);
#4632 = CARTESIAN_POINT('',(37.464390602056,58.530726872247,23.05));
#4633 = DIRECTION('',(1.,-1.224646799147E-16,0.));
#4634 = DIRECTION('',(-1.224646799147E-16,-1.,0.));
#4635 = ADVANCED_FACE('',(#4636),#4654,.F.);
#4636 = FACE_BOUND('',#4637,.F.);
#4637 = EDGE_LOOP('',(#4638,#4646,#4652,#4653));
#4638 = ORIENTED_EDGE('',*,*,#4639,.F.);
#4639 = EDGE_CURVE('',#4640,#4616,#4642,.T.);
#4640 = VERTEX_POINT('',#4641);
#4641 = CARTESIAN_POINT('',(37.185352422907,59.889170337739,23.05));
#4642 = B_SPLINE_CURVE_WITH_KNOTS('',2,(#4643,#4644,#4645),
  .UNSPECIFIED.,.F.,.F.,(3,3),(0.,1.),.PIECEWISE_BEZIER_KNOTS.);
#4643 = CARTESIAN_POINT('',(37.185352422907,59.889170337739,23.05));
#4644 = CARTESIAN_POINT('',(37.464390602056,59.398935389134,23.05));
#4645 = CARTESIAN_POINT('',(37.464390602056,58.530726872247,23.05));
#4646 = ORIENTED_EDGE('',*,*,#4647,.T.);
#4647 = EDGE_CURVE('',#4640,#1429,#4648,.T.);
#4648 = LINE('',#4649,#4650);
#4649 = CARTESIAN_POINT('',(37.185352422907,59.889170337739,23.05));
#4650 = VECTOR('',#4651,1.);
#4651 = DIRECTION('',(0.,0.,1.));
#4652 = ORIENTED_EDGE('',*,*,#1445,.F.);
#4653 = ORIENTED_EDGE('',*,*,#4623,.F.);
#4654 = SURFACE_OF_LINEAR_EXTRUSION('',#4655,#4659);
#4655 = B_SPLINE_CURVE_WITH_KNOTS('',2,(#4656,#4657,#4658),
  .UNSPECIFIED.,.F.,.F.,(3,3),(0.,1.),.PIECEWISE_BEZIER_KNOTS.);
#4656 = CARTESIAN_POINT('',(37.185352422907,59.889170337739,23.05));
#4657 = CARTESIAN_POINT('',(37.464390602056,59.398935389134,23.05));
#4658 = CARTESIAN_POINT('',(37.464390602056,58.530726872247,23.05));
#4659 = VECTOR('',#4660,1.);
#4660 = DIRECTION('',(0.,0.,-1.));
#4661 = ADVANCED_FACE('',(#4662),#4680,.F.);
#4662 = FACE_BOUND('',#4663,.F.);
#4663 = EDGE_LOOP('',(#4664,#4672,#4678,#4679));
#4664 = ORIENTED_EDGE('',*,*,#4665,.F.);
#4665 = EDGE_CURVE('',#4666,#4640,#4668,.T.);
#4666 = VERTEX_POINT('',#4667);
#4667 = CARTESIAN_POINT('',(36.428597650514,60.577679882526,23.05));
#4668 = B_SPLINE_CURVE_WITH_KNOTS('',2,(#4669,#4670,#4671),
  .UNSPECIFIED.,.F.,.F.,(3,3),(0.,1.),.PIECEWISE_BEZIER_KNOTS.);
#4669 = CARTESIAN_POINT('',(36.428597650514,60.577679882526,23.05));
#4670 = CARTESIAN_POINT('',(36.906314243759,60.379001468429,23.05));
#4671 = CARTESIAN_POINT('',(37.185352422907,59.889170337739,23.05));
#4672 = ORIENTED_EDGE('',*,*,#4673,.T.);
#4673 = EDGE_CURVE('',#4666,#1414,#4674,.T.);
#4674 = LINE('',#4675,#4676);
#4675 = CARTESIAN_POINT('',(36.428597650514,60.577679882526,23.05));
#4676 = VECTOR('',#4677,1.);
#4677 = DIRECTION('',(0.,0.,1.));
#4678 = ORIENTED_EDGE('',*,*,#1428,.F.);
#4679 = ORIENTED_EDGE('',*,*,#4647,.F.);
#4680 = SURFACE_OF_LINEAR_EXTRUSION('',#4681,#4685);
#4681 = B_SPLINE_CURVE_WITH_KNOTS('',2,(#4682,#4683,#4684),
  .UNSPECIFIED.,.F.,.F.,(3,3),(0.,1.),.PIECEWISE_BEZIER_KNOTS.);
#4682 = CARTESIAN_POINT('',(36.428597650514,60.577679882526,23.05));
#4683 = CARTESIAN_POINT('',(36.906314243759,60.379001468429,23.05));
#4684 = CARTESIAN_POINT('',(37.185352422907,59.889170337739,23.05));
#4685 = VECTOR('',#4686,1.);
#4686 = DIRECTION('',(0.,0.,-1.));
#4687 = ADVANCED_FACE('',(#4688),#4706,.F.);
#4688 = FACE_BOUND('',#4689,.F.);
#4689 = EDGE_LOOP('',(#4690,#4698,#4704,#4705));
#4690 = ORIENTED_EDGE('',*,*,#4691,.F.);
#4691 = EDGE_CURVE('',#4692,#4666,#4694,.T.);
#4692 = VERTEX_POINT('',#4693);
#4693 = CARTESIAN_POINT('',(35.343135095448,60.775954478708,23.05));
#4694 = B_SPLINE_CURVE_WITH_KNOTS('',2,(#4695,#4696,#4697),
  .UNSPECIFIED.,.F.,.F.,(3,3),(0.,1.),.PIECEWISE_BEZIER_KNOTS.);
#4695 = CARTESIAN_POINT('',(35.343135095448,60.775954478708,23.05));
#4696 = CARTESIAN_POINT('',(35.950881057269,60.775954478708,23.05));
#4697 = CARTESIAN_POINT('',(36.428597650514,60.577679882526,23.05));
#4698 = ORIENTED_EDGE('',*,*,#4699,.T.);
#4699 = EDGE_CURVE('',#4692,#1403,#4700,.T.);
#4700 = LINE('',#4701,#4702);
#4701 = CARTESIAN_POINT('',(35.343135095448,60.775954478708,23.05));
#4702 = VECTOR('',#4703,1.);
#4703 = DIRECTION('',(0.,0.,1.));
#4704 = ORIENTED_EDGE('',*,*,#1413,.F.);
#4705 = ORIENTED_EDGE('',*,*,#4673,.F.);
#4706 = SURFACE_OF_LINEAR_EXTRUSION('',#4707,#4711);
#4707 = B_SPLINE_CURVE_WITH_KNOTS('',2,(#4708,#4709,#4710),
  .UNSPECIFIED.,.F.,.F.,(3,3),(0.,1.),.PIECEWISE_BEZIER_KNOTS.);
#4708 = CARTESIAN_POINT('',(35.343135095448,60.775954478708,23.05));
#4709 = CARTESIAN_POINT('',(35.950881057269,60.775954478708,23.05));
#4710 = CARTESIAN_POINT('',(36.428597650514,60.577679882526,23.05));
#4711 = VECTOR('',#4712,1.);
#4712 = DIRECTION('',(0.,0.,-1.));
#4713 = ADVANCED_FACE('',(#4714),#4732,.F.);
#4714 = FACE_BOUND('',#4715,.F.);
#4715 = EDGE_LOOP('',(#4716,#4724,#4730,#4731));
#4716 = ORIENTED_EDGE('',*,*,#4717,.F.);
#4717 = EDGE_CURVE('',#4718,#4692,#4720,.T.);
#4718 = VERTEX_POINT('',#4719);
#4719 = CARTESIAN_POINT('',(34.38204845815,60.682672540382,23.05));
#4720 = B_SPLINE_CURVE_WITH_KNOTS('',2,(#4721,#4722,#4723),
  .UNSPECIFIED.,.F.,.F.,(3,3),(0.,1.),.PIECEWISE_BEZIER_KNOTS.);
#4721 = CARTESIAN_POINT('',(34.38204845815,60.682672540382,23.05));
#4722 = CARTESIAN_POINT('',(34.822209985316,60.775954478708,23.05));
#4723 = CARTESIAN_POINT('',(35.343135095448,60.775954478708,23.05));
#4724 = ORIENTED_EDGE('',*,*,#4725,.T.);
#4725 = EDGE_CURVE('',#4718,#1391,#4726,.T.);
#4726 = LINE('',#4727,#4728);
#4727 = CARTESIAN_POINT('',(34.38204845815,60.682672540382,23.05));
#4728 = VECTOR('',#4729,1.);
#4729 = DIRECTION('',(0.,0.,1.));
#4730 = ORIENTED_EDGE('',*,*,#1402,.F.);
#4731 = ORIENTED_EDGE('',*,*,#4699,.F.);
#4732 = SURFACE_OF_LINEAR_EXTRUSION('',#4733,#4737);
#4733 = B_SPLINE_CURVE_WITH_KNOTS('',2,(#4734,#4735,#4736),
  .UNSPECIFIED.,.F.,.F.,(3,3),(0.,1.),.PIECEWISE_BEZIER_KNOTS.);
#4734 = CARTESIAN_POINT('',(34.38204845815,60.682672540382,23.05));
#4735 = CARTESIAN_POINT('',(34.822209985316,60.775954478708,23.05));
#4736 = CARTESIAN_POINT('',(35.343135095448,60.775954478708,23.05));
#4737 = VECTOR('',#4738,1.);
#4738 = DIRECTION('',(0.,0.,-1.));
#4739 = ADVANCED_FACE('',(#4740),#4758,.F.);
#4740 = FACE_BOUND('',#4741,.F.);
#4741 = EDGE_LOOP('',(#4742,#4750,#4756,#4757));
#4742 = ORIENTED_EDGE('',*,*,#4743,.F.);
#4743 = EDGE_CURVE('',#4744,#4718,#4746,.T.);
#4744 = VERTEX_POINT('',#4745);
#4745 = CARTESIAN_POINT('',(33.643869309838,60.465822320117,23.05));
#4746 = B_SPLINE_CURVE_WITH_KNOTS('',2,(#4747,#4748,#4749),
  .UNSPECIFIED.,.F.,.F.,(3,3),(0.,1.),.PIECEWISE_BEZIER_KNOTS.);
#4747 = CARTESIAN_POINT('',(33.643869309838,60.465822320117,23.05));
#4748 = CARTESIAN_POINT('',(33.941483113069,60.589794419971,23.05));
#4749 = CARTESIAN_POINT('',(34.38204845815,60.682672540382,23.05));
#4750 = ORIENTED_EDGE('',*,*,#4751,.T.);
#4751 = EDGE_CURVE('',#4744,#1383,#4752,.T.);
#4752 = LINE('',#4753,#4754);
#4753 = CARTESIAN_POINT('',(33.643869309838,60.465822320117,23.05));
#4754 = VECTOR('',#4755,1.);
#4755 = DIRECTION('',(0.,0.,1.));
#4756 = ORIENTED_EDGE('',*,*,#1390,.F.);
#4757 = ORIENTED_EDGE('',*,*,#4725,.F.);
#4758 = SURFACE_OF_LINEAR_EXTRUSION('',#4759,#4763);
#4759 = B_SPLINE_CURVE_WITH_KNOTS('',2,(#4760,#4761,#4762),
  .UNSPECIFIED.,.F.,.F.,(3,3),(0.,1.),.PIECEWISE_BEZIER_KNOTS.);
#4760 = CARTESIAN_POINT('',(33.643869309838,60.465822320117,23.05));
#4761 = CARTESIAN_POINT('',(33.941483113069,60.589794419971,23.05));
#4762 = CARTESIAN_POINT('',(34.38204845815,60.682672540382,23.05));
#4763 = VECTOR('',#4764,1.);
#4764 = DIRECTION('',(0.,0.,-1.));
#4765 = ADVANCED_FACE('',(#4766),#4784,.F.);
#4766 = FACE_BOUND('',#4767,.F.);
#4767 = EDGE_LOOP('',(#4768,#4776,#4782,#4783));
#4768 = ORIENTED_EDGE('',*,*,#4769,.F.);
#4769 = EDGE_CURVE('',#4770,#4744,#4772,.T.);
#4770 = VERTEX_POINT('',#4771);
#4771 = CARTESIAN_POINT('',(33.643869309838,59.088803230543,23.05));
#4772 = LINE('',#4773,#4774);
#4773 = CARTESIAN_POINT('',(33.643869309838,59.088803230543,23.05));
#4774 = VECTOR('',#4775,1.);
#4775 = DIRECTION('',(1.224646799147E-16,1.,0.));
#4776 = ORIENTED_EDGE('',*,*,#4777,.T.);
#4777 = EDGE_CURVE('',#4770,#1373,#4778,.T.);
#4778 = LINE('',#4779,#4780);
#4779 = CARTESIAN_POINT('',(33.643869309838,59.088803230543,23.05));
#4780 = VECTOR('',#4781,1.);
#4781 = DIRECTION('',(0.,0.,1.));
#4782 = ORIENTED_EDGE('',*,*,#1382,.F.);
#4783 = ORIENTED_EDGE('',*,*,#4751,.F.);
#4784 = PLANE('',#4785);
#4785 = AXIS2_PLACEMENT_3D('',#4786,#4787,#4788);
#4786 = CARTESIAN_POINT('',(33.643869309838,59.088803230543,23.05));
#4787 = DIRECTION('',(-1.,1.224646799147E-16,0.));
#4788 = DIRECTION('',(1.224646799147E-16,1.,0.));
#4789 = ADVANCED_FACE('',(#4790),#4801,.F.);
#4790 = FACE_BOUND('',#4791,.F.);
#4791 = EDGE_LOOP('',(#4792,#4798,#4799,#4800));
#4792 = ORIENTED_EDGE('',*,*,#4793,.F.);
#4793 = EDGE_CURVE('',#4293,#4770,#4794,.T.);
#4794 = B_SPLINE_CURVE_WITH_KNOTS('',2,(#4795,#4796,#4797),
  .UNSPECIFIED.,.F.,.F.,(3,3),(0.,1.),.PIECEWISE_BEZIER_KNOTS.);
#4795 = CARTESIAN_POINT('',(34.214464023495,59.237812041116,23.05));
#4796 = CARTESIAN_POINT('',(33.928964757709,59.175624082232,23.05));
#4797 = CARTESIAN_POINT('',(33.643869309838,59.088803230543,23.05));
#4798 = ORIENTED_EDGE('',*,*,#4307,.T.);
#4799 = ORIENTED_EDGE('',*,*,#1372,.F.);
#4800 = ORIENTED_EDGE('',*,*,#4777,.F.);
#4801 = SURFACE_OF_LINEAR_EXTRUSION('',#4802,#4806);
#4802 = B_SPLINE_CURVE_WITH_KNOTS('',2,(#4803,#4804,#4805),
  .UNSPECIFIED.,.F.,.F.,(3,3),(0.,1.),.PIECEWISE_BEZIER_KNOTS.);
#4803 = CARTESIAN_POINT('',(34.214464023495,59.237812041116,23.05));
#4804 = CARTESIAN_POINT('',(33.928964757709,59.175624082232,23.05));
#4805 = CARTESIAN_POINT('',(33.643869309838,59.088803230543,23.05));
#4806 = VECTOR('',#4807,1.);
#4807 = DIRECTION('',(0.,0.,-1.));
#4808 = ADVANCED_FACE('',(#4809),#4834,.F.);
#4809 = FACE_BOUND('',#4810,.F.);
#4810 = EDGE_LOOP('',(#4811,#4821,#4827,#4828));
#4811 = ORIENTED_EDGE('',*,*,#4812,.F.);
#4812 = EDGE_CURVE('',#4813,#4815,#4817,.T.);
#4813 = VERTEX_POINT('',#4814);
#4814 = CARTESIAN_POINT('',(48.646916299559,51.224045521292,23.05));
#4815 = VERTEX_POINT('',#4816);
#4816 = CARTESIAN_POINT('',(47.93983113069,51.416262848752,23.05));
#4817 = B_SPLINE_CURVE_WITH_KNOTS('',2,(#4818,#4819,#4820),
  .UNSPECIFIED.,.F.,.F.,(3,3),(0.,1.),.PIECEWISE_BEZIER_KNOTS.);
#4818 = CARTESIAN_POINT('',(48.646916299559,51.224045521292,23.05));
#4819 = CARTESIAN_POINT('',(48.237444933921,51.224045521292,23.05));
#4820 = CARTESIAN_POINT('',(47.93983113069,51.416262848752,23.05));
#4821 = ORIENTED_EDGE('',*,*,#4822,.T.);
#4822 = EDGE_CURVE('',#4813,#1587,#4823,.T.);
#4823 = LINE('',#4824,#4825);
#4824 = CARTESIAN_POINT('',(48.646916299559,51.224045521292,23.05));
#4825 = VECTOR('',#4826,1.);
#4826 = DIRECTION('',(0.,0.,1.));
#4827 = ORIENTED_EDGE('',*,*,#1584,.F.);
#4828 = ORIENTED_EDGE('',*,*,#4829,.F.);
#4829 = EDGE_CURVE('',#4815,#1585,#4830,.T.);
#4830 = LINE('',#4831,#4832);
#4831 = CARTESIAN_POINT('',(47.93983113069,51.416262848752,23.05));
#4832 = VECTOR('',#4833,1.);
#4833 = DIRECTION('',(0.,0.,1.));
#4834 = SURFACE_OF_LINEAR_EXTRUSION('',#4835,#4839);
#4835 = B_SPLINE_CURVE_WITH_KNOTS('',2,(#4836,#4837,#4838),
  .UNSPECIFIED.,.F.,.F.,(3,3),(0.,1.),.PIECEWISE_BEZIER_KNOTS.);
#4836 = CARTESIAN_POINT('',(48.646916299559,51.224045521292,23.05));
#4837 = CARTESIAN_POINT('',(48.237444933921,51.224045521292,23.05));
#4838 = CARTESIAN_POINT('',(47.93983113069,51.416262848752,23.05));
#4839 = VECTOR('',#4840,1.);
#4840 = DIRECTION('',(0.,0.,-1.));
#4841 = ADVANCED_FACE('',(#4842),#4860,.F.);
#4842 = FACE_BOUND('',#4843,.F.);
#4843 = EDGE_LOOP('',(#4844,#4852,#4858,#4859));
#4844 = ORIENTED_EDGE('',*,*,#4845,.F.);
#4845 = EDGE_CURVE('',#4846,#4813,#4848,.T.);
#4846 = VERTEX_POINT('',#4847);
#4847 = CARTESIAN_POINT('',(49.360058737151,51.416262848752,23.05));
#4848 = B_SPLINE_CURVE_WITH_KNOTS('',2,(#4849,#4850,#4851),
  .UNSPECIFIED.,.F.,.F.,(3,3),(0.,1.),.PIECEWISE_BEZIER_KNOTS.);
#4849 = CARTESIAN_POINT('',(49.360058737151,51.416262848752,23.05));
#4850 = CARTESIAN_POINT('',(49.068502202643,51.224045521292,23.05));
#4851 = CARTESIAN_POINT('',(48.646916299559,51.224045521292,23.05));
#4852 = ORIENTED_EDGE('',*,*,#4853,.T.);
#4853 = EDGE_CURVE('',#4846,#1702,#4854,.T.);
#4854 = LINE('',#4855,#4856);
#4855 = CARTESIAN_POINT('',(49.360058737151,51.416262848752,23.05));
#4856 = VECTOR('',#4857,1.);
#4857 = DIRECTION('',(0.,0.,1.));
#4858 = ORIENTED_EDGE('',*,*,#1723,.F.);
#4859 = ORIENTED_EDGE('',*,*,#4822,.F.);
#4860 = SURFACE_OF_LINEAR_EXTRUSION('',#4861,#4865);
#4861 = B_SPLINE_CURVE_WITH_KNOTS('',2,(#4862,#4863,#4864),
  .UNSPECIFIED.,.F.,.F.,(3,3),(0.,1.),.PIECEWISE_BEZIER_KNOTS.);
#4862 = CARTESIAN_POINT('',(49.360058737151,51.416262848752,23.05));
#4863 = CARTESIAN_POINT('',(49.068502202643,51.224045521292,23.05));
#4864 = CARTESIAN_POINT('',(48.646916299559,51.224045521292,23.05));
#4865 = VECTOR('',#4866,1.);
#4866 = DIRECTION('',(0.,0.,-1.));
#4867 = ADVANCED_FACE('',(#4868),#4886,.F.);
#4868 = FACE_BOUND('',#4869,.F.);
#4869 = EDGE_LOOP('',(#4870,#4878,#4884,#4885));
#4870 = ORIENTED_EDGE('',*,*,#4871,.F.);
#4871 = EDGE_CURVE('',#4872,#4846,#4874,.T.);
#4872 = VERTEX_POINT('',#4873);
#4873 = CARTESIAN_POINT('',(49.651615271659,52.129405286344,23.05));
#4874 = B_SPLINE_CURVE_WITH_KNOTS('',2,(#4875,#4876,#4877),
  .UNSPECIFIED.,.F.,.F.,(3,3),(0.,1.),.PIECEWISE_BEZIER_KNOTS.);
#4875 = CARTESIAN_POINT('',(49.651615271659,52.129405286344,23.05));
#4876 = CARTESIAN_POINT('',(49.651615271659,51.608480176211,23.05));
#4877 = CARTESIAN_POINT('',(49.360058737151,51.416262848752,23.05));
#4878 = ORIENTED_EDGE('',*,*,#4879,.T.);
#4879 = EDGE_CURVE('',#4872,#1680,#4880,.T.);
#4880 = LINE('',#4881,#4882);
#4881 = CARTESIAN_POINT('',(49.651615271659,52.129405286344,23.05));
#4882 = VECTOR('',#4883,1.);
#4883 = DIRECTION('',(0.,0.,1.));
#4884 = ORIENTED_EDGE('',*,*,#1701,.F.);
#4885 = ORIENTED_EDGE('',*,*,#4853,.F.);
#4886 = SURFACE_OF_LINEAR_EXTRUSION('',#4887,#4891);
#4887 = B_SPLINE_CURVE_WITH_KNOTS('',2,(#4888,#4889,#4890),
  .UNSPECIFIED.,.F.,.F.,(3,3),(0.,1.),.PIECEWISE_BEZIER_KNOTS.);
#4888 = CARTESIAN_POINT('',(49.651615271659,52.129405286344,23.05));
#4889 = CARTESIAN_POINT('',(49.651615271659,51.608480176211,23.05));
#4890 = CARTESIAN_POINT('',(49.360058737151,51.416262848752,23.05));
#4891 = VECTOR('',#4892,1.);
#4892 = DIRECTION('',(0.,0.,-1.));
#4893 = ADVANCED_FACE('',(#4894),#4912,.F.);
#4894 = FACE_BOUND('',#4895,.F.);
#4895 = EDGE_LOOP('',(#4896,#4904,#4910,#4911));
#4896 = ORIENTED_EDGE('',*,*,#4897,.F.);
#4897 = EDGE_CURVE('',#4898,#4872,#4900,.T.);
#4898 = VERTEX_POINT('',#4899);
#4899 = CARTESIAN_POINT('',(49.360058737151,52.836894273128,23.05));
#4900 = B_SPLINE_CURVE_WITH_KNOTS('',2,(#4901,#4902,#4903),
  .UNSPECIFIED.,.F.,.F.,(3,3),(0.,1.),.PIECEWISE_BEZIER_KNOTS.);
#4901 = CARTESIAN_POINT('',(49.360058737151,52.836894273128,23.05));
#4902 = CARTESIAN_POINT('',(49.651615271659,52.638215859031,23.05));
#4903 = CARTESIAN_POINT('',(49.651615271659,52.129405286344,23.05));
#4904 = ORIENTED_EDGE('',*,*,#4905,.T.);
#4905 = EDGE_CURVE('',#4898,#1665,#4906,.T.);
#4906 = LINE('',#4907,#4908);
#4907 = CARTESIAN_POINT('',(49.360058737151,52.836894273128,23.05));
#4908 = VECTOR('',#4909,1.);
#4909 = DIRECTION('',(0.,0.,1.));
#4910 = ORIENTED_EDGE('',*,*,#1679,.F.);
#4911 = ORIENTED_EDGE('',*,*,#4879,.F.);
#4912 = SURFACE_OF_LINEAR_EXTRUSION('',#4913,#4917);
#4913 = B_SPLINE_CURVE_WITH_KNOTS('',2,(#4914,#4915,#4916),
  .UNSPECIFIED.,.F.,.F.,(3,3),(0.,1.),.PIECEWISE_BEZIER_KNOTS.);
#4914 = CARTESIAN_POINT('',(49.360058737151,52.836894273128,23.05));
#4915 = CARTESIAN_POINT('',(49.651615271659,52.638215859031,23.05));
#4916 = CARTESIAN_POINT('',(49.651615271659,52.129405286344,23.05));
#4917 = VECTOR('',#4918,1.);
#4918 = DIRECTION('',(0.,0.,-1.));
#4919 = ADVANCED_FACE('',(#4920),#4938,.F.);
#4920 = FACE_BOUND('',#4921,.F.);
#4921 = EDGE_LOOP('',(#4922,#4930,#4936,#4937));
#4922 = ORIENTED_EDGE('',*,*,#4923,.F.);
#4923 = EDGE_CURVE('',#4924,#4898,#4926,.T.);
#4924 = VERTEX_POINT('',#4925);
#4925 = CARTESIAN_POINT('',(48.646916299559,53.03516886931,23.05));
#4926 = B_SPLINE_CURVE_WITH_KNOTS('',2,(#4927,#4928,#4929),
  .UNSPECIFIED.,.F.,.F.,(3,3),(0.,1.),.PIECEWISE_BEZIER_KNOTS.);
#4927 = CARTESIAN_POINT('',(48.646916299559,53.03516886931,23.05));
#4928 = CARTESIAN_POINT('',(49.068502202643,53.03516886931,23.05));
#4929 = CARTESIAN_POINT('',(49.360058737151,52.836894273128,23.05));
#4930 = ORIENTED_EDGE('',*,*,#4931,.T.);
#4931 = EDGE_CURVE('',#4924,#1650,#4932,.T.);
#4932 = LINE('',#4933,#4934);
#4933 = CARTESIAN_POINT('',(48.646916299559,53.03516886931,23.05));
#4934 = VECTOR('',#4935,1.);
#4935 = DIRECTION('',(0.,0.,1.));
#4936 = ORIENTED_EDGE('',*,*,#1664,.F.);
#4937 = ORIENTED_EDGE('',*,*,#4905,.F.);
#4938 = SURFACE_OF_LINEAR_EXTRUSION('',#4939,#4943);
#4939 = B_SPLINE_CURVE_WITH_KNOTS('',2,(#4940,#4941,#4942),
  .UNSPECIFIED.,.F.,.F.,(3,3),(0.,1.),.PIECEWISE_BEZIER_KNOTS.);
#4940 = CARTESIAN_POINT('',(48.646916299559,53.03516886931,23.05));
#4941 = CARTESIAN_POINT('',(49.068502202643,53.03516886931,23.05));
#4942 = CARTESIAN_POINT('',(49.360058737151,52.836894273128,23.05));
#4943 = VECTOR('',#4944,1.);
#4944 = DIRECTION('',(0.,0.,-1.));
#4945 = ADVANCED_FACE('',(#4946),#4964,.F.);
#4946 = FACE_BOUND('',#4947,.F.);
#4947 = EDGE_LOOP('',(#4948,#4956,#4962,#4963));
#4948 = ORIENTED_EDGE('',*,*,#4949,.F.);
#4949 = EDGE_CURVE('',#4950,#4924,#4952,.T.);
#4950 = VERTEX_POINT('',#4951);
#4951 = CARTESIAN_POINT('',(47.93983113069,52.836894273128,23.05));
#4952 = B_SPLINE_CURVE_WITH_KNOTS('',2,(#4953,#4954,#4955),
  .UNSPECIFIED.,.F.,.F.,(3,3),(0.,1.),.PIECEWISE_BEZIER_KNOTS.);
#4953 = CARTESIAN_POINT('',(47.93983113069,52.836894273128,23.05));
#4954 = CARTESIAN_POINT('',(48.237444933921,53.03516886931,23.05));
#4955 = CARTESIAN_POINT('',(48.646916299559,53.03516886931,23.05));
#4956 = ORIENTED_EDGE('',*,*,#4957,.T.);
#4957 = EDGE_CURVE('',#4950,#1628,#4958,.T.);
#4958 = LINE('',#4959,#4960);
#4959 = CARTESIAN_POINT('',(47.93983113069,52.836894273128,23.05));
#4960 = VECTOR('',#4961,1.);
#4961 = DIRECTION('',(0.,0.,1.));
#4962 = ORIENTED_EDGE('',*,*,#1649,.F.);
#4963 = ORIENTED_EDGE('',*,*,#4931,.F.);
#4964 = SURFACE_OF_LINEAR_EXTRUSION('',#4965,#4969);
#4965 = B_SPLINE_CURVE_WITH_KNOTS('',2,(#4966,#4967,#4968),
  .UNSPECIFIED.,.F.,.F.,(3,3),(0.,1.),.PIECEWISE_BEZIER_KNOTS.);
#4966 = CARTESIAN_POINT('',(47.93983113069,52.836894273128,23.05));
#4967 = CARTESIAN_POINT('',(48.237444933921,53.03516886931,23.05));
#4968 = CARTESIAN_POINT('',(48.646916299559,53.03516886931,23.05));
#4969 = VECTOR('',#4970,1.);
#4970 = DIRECTION('',(0.,0.,-1.));
#4971 = ADVANCED_FACE('',(#4972),#4990,.F.);
#4972 = FACE_BOUND('',#4973,.F.);
#4973 = EDGE_LOOP('',(#4974,#4982,#4988,#4989));
#4974 = ORIENTED_EDGE('',*,*,#4975,.F.);
#4975 = EDGE_CURVE('',#4976,#4950,#4978,.T.);
#4976 = VERTEX_POINT('',#4977);
#4977 = CARTESIAN_POINT('',(47.64221732746,52.129405286344,23.05));
#4978 = B_SPLINE_CURVE_WITH_KNOTS('',2,(#4979,#4980,#4981),
  .UNSPECIFIED.,.F.,.F.,(3,3),(0.,1.),.PIECEWISE_BEZIER_KNOTS.);
#4979 = CARTESIAN_POINT('',(47.64221732746,52.129405286344,23.05));
#4980 = CARTESIAN_POINT('',(47.64221732746,52.638215859031,23.05));
#4981 = CARTESIAN_POINT('',(47.93983113069,52.836894273128,23.05));
#4982 = ORIENTED_EDGE('',*,*,#4983,.T.);
#4983 = EDGE_CURVE('',#4976,#1606,#4984,.T.);
#4984 = LINE('',#4985,#4986);
#4985 = CARTESIAN_POINT('',(47.64221732746,52.129405286344,23.05));
#4986 = VECTOR('',#4987,1.);
#4987 = DIRECTION('',(0.,0.,1.));
#4988 = ORIENTED_EDGE('',*,*,#1627,.F.);
#4989 = ORIENTED_EDGE('',*,*,#4957,.F.);
#4990 = SURFACE_OF_LINEAR_EXTRUSION('',#4991,#4995);
#4991 = B_SPLINE_CURVE_WITH_KNOTS('',2,(#4992,#4993,#4994),
  .UNSPECIFIED.,.F.,.F.,(3,3),(0.,1.),.PIECEWISE_BEZIER_KNOTS.);
#4992 = CARTESIAN_POINT('',(47.64221732746,52.129405286344,23.05));
#4993 = CARTESIAN_POINT('',(47.64221732746,52.638215859031,23.05));
#4994 = CARTESIAN_POINT('',(47.93983113069,52.836894273128,23.05));
#4995 = VECTOR('',#4996,1.);
#4996 = DIRECTION('',(0.,0.,-1.));
#4997 = ADVANCED_FACE('',(#4998),#5009,.F.);
#4998 = FACE_BOUND('',#4999,.F.);
#4999 = EDGE_LOOP('',(#5000,#5006,#5007,#5008));
#5000 = ORIENTED_EDGE('',*,*,#5001,.F.);
#5001 = EDGE_CURVE('',#4815,#4976,#5002,.T.);
#5002 = B_SPLINE_CURVE_WITH_KNOTS('',2,(#5003,#5004,#5005),
  .UNSPECIFIED.,.F.,.F.,(3,3),(0.,1.),.PIECEWISE_BEZIER_KNOTS.);
#5003 = CARTESIAN_POINT('',(47.93983113069,51.416262848752,23.05));
#5004 = CARTESIAN_POINT('',(47.64221732746,51.608480176211,23.05));
#5005 = CARTESIAN_POINT('',(47.64221732746,52.129405286344,23.05));
#5006 = ORIENTED_EDGE('',*,*,#4829,.T.);
#5007 = ORIENTED_EDGE('',*,*,#1605,.F.);
#5008 = ORIENTED_EDGE('',*,*,#4983,.F.);
#5009 = SURFACE_OF_LINEAR_EXTRUSION('',#5010,#5014);
#5010 = B_SPLINE_CURVE_WITH_KNOTS('',2,(#5011,#5012,#5013),
  .UNSPECIFIED.,.F.,.F.,(3,3),(0.,1.),.PIECEWISE_BEZIER_KNOTS.);
#5011 = CARTESIAN_POINT('',(47.93983113069,51.416262848752,23.05));
#5012 = CARTESIAN_POINT('',(47.64221732746,51.608480176211,23.05));
#5013 = CARTESIAN_POINT('',(47.64221732746,52.129405286344,23.05));
#5014 = VECTOR('',#5015,1.);
#5015 = DIRECTION('',(0.,0.,-1.));
#5016 = ADVANCED_FACE('',(#5017),#5042,.F.);
#5017 = FACE_BOUND('',#5018,.F.);
#5018 = EDGE_LOOP('',(#5019,#5029,#5035,#5036));
#5019 = ORIENTED_EDGE('',*,*,#5020,.F.);
#5020 = EDGE_CURVE('',#5021,#5023,#5025,.T.);
#5021 = VERTEX_POINT('',#5022);
#5022 = CARTESIAN_POINT('',(43.955763582966,53.146622613803,23.05));
#5023 = VERTEX_POINT('',#5024);
#5024 = CARTESIAN_POINT('',(43.986857562408,54.102055800294,23.05));
#5025 = B_SPLINE_CURVE_WITH_KNOTS('',2,(#5026,#5027,#5028),
  .UNSPECIFIED.,.F.,.F.,(3,3),(0.,1.),.PIECEWISE_BEZIER_KNOTS.);
#5026 = CARTESIAN_POINT('',(43.955763582966,53.146622613803,23.05));
#5027 = CARTESIAN_POINT('',(43.955763582966,53.642914831131,23.05));
#5028 = CARTESIAN_POINT('',(43.986857562408,54.102055800294,23.05));
#5029 = ORIENTED_EDGE('',*,*,#5030,.T.);
#5030 = EDGE_CURVE('',#5021,#1741,#5031,.T.);
#5031 = LINE('',#5032,#5033);
#5032 = CARTESIAN_POINT('',(43.955763582966,53.146622613803,23.05));
#5033 = VECTOR('',#5034,1.);
#5034 = DIRECTION('',(0.,0.,1.));
#5035 = ORIENTED_EDGE('',*,*,#1738,.F.);
#5036 = ORIENTED_EDGE('',*,*,#5037,.F.);
#5037 = EDGE_CURVE('',#5023,#1739,#5038,.T.);
#5038 = LINE('',#5039,#5040);
#5039 = CARTESIAN_POINT('',(43.986857562408,54.102055800294,23.05));
#5040 = VECTOR('',#5041,1.);
#5041 = DIRECTION('',(0.,0.,1.));
#5042 = SURFACE_OF_LINEAR_EXTRUSION('',#5043,#5047);
#5043 = B_SPLINE_CURVE_WITH_KNOTS('',2,(#5044,#5045,#5046),
  .UNSPECIFIED.,.F.,.F.,(3,3),(0.,1.),.PIECEWISE_BEZIER_KNOTS.);
#5044 = CARTESIAN_POINT('',(43.955763582966,53.146622613803,23.05));
#5045 = CARTESIAN_POINT('',(43.955763582966,53.642914831131,23.05));
#5046 = CARTESIAN_POINT('',(43.986857562408,54.102055800294,23.05));
#5047 = VECTOR('',#5048,1.);
#5048 = DIRECTION('',(0.,0.,-1.));
#5049 = ADVANCED_FACE('',(#5050),#5068,.F.);
#5050 = FACE_BOUND('',#5051,.F.);
#5051 = EDGE_LOOP('',(#5052,#5060,#5066,#5067));
#5052 = ORIENTED_EDGE('',*,*,#5053,.F.);
#5053 = EDGE_CURVE('',#5054,#5021,#5056,.T.);
#5054 = VERTEX_POINT('',#5055);
#5055 = CARTESIAN_POINT('',(43.955763582966,51.224045521292,23.05));
#5056 = LINE('',#5057,#5058);
#5057 = CARTESIAN_POINT('',(43.955763582966,51.224045521292,23.05));
#5058 = VECTOR('',#5059,1.);
#5059 = DIRECTION('',(1.224646799147E-16,1.,0.));
#5060 = ORIENTED_EDGE('',*,*,#5061,.T.);
#5061 = EDGE_CURVE('',#5054,#1979,#5062,.T.);
#5062 = LINE('',#5063,#5064);
#5063 = CARTESIAN_POINT('',(43.955763582966,51.224045521292,23.05));
#5064 = VECTOR('',#5065,1.);
#5065 = DIRECTION('',(0.,0.,1.));
#5066 = ORIENTED_EDGE('',*,*,#1986,.F.);
#5067 = ORIENTED_EDGE('',*,*,#5030,.F.);
#5068 = PLANE('',#5069);
#5069 = AXIS2_PLACEMENT_3D('',#5070,#5071,#5072);
#5070 = CARTESIAN_POINT('',(43.955763582966,51.224045521292,23.05));
#5071 = DIRECTION('',(-1.,1.224646799147E-16,0.));
#5072 = DIRECTION('',(1.224646799147E-16,1.,0.));
#5073 = ADVANCED_FACE('',(#5074),#5092,.F.);
#5074 = FACE_BOUND('',#5075,.F.);
#5075 = EDGE_LOOP('',(#5076,#5084,#5090,#5091));
#5076 = ORIENTED_EDGE('',*,*,#5077,.F.);
#5077 = EDGE_CURVE('',#5078,#5054,#5080,.T.);
#5078 = VERTEX_POINT('',#5079);
#5079 = CARTESIAN_POINT('',(45.804038179148,51.224045521292,23.05));
#5080 = LINE('',#5081,#5082);
#5081 = CARTESIAN_POINT('',(45.804038179148,51.224045521292,23.05));
#5082 = VECTOR('',#5083,1.);
#5083 = DIRECTION('',(-1.,1.224646799147E-16,0.));
#5084 = ORIENTED_EDGE('',*,*,#5085,.T.);
#5085 = EDGE_CURVE('',#5078,#1971,#5086,.T.);
#5086 = LINE('',#5087,#5088);
#5087 = CARTESIAN_POINT('',(45.804038179148,51.224045521292,23.05));
#5088 = VECTOR('',#5089,1.);
#5089 = DIRECTION('',(0.,0.,1.));
#5090 = ORIENTED_EDGE('',*,*,#1978,.F.);
#5091 = ORIENTED_EDGE('',*,*,#5061,.F.);
#5092 = PLANE('',#5093);
#5093 = AXIS2_PLACEMENT_3D('',#5094,#5095,#5096);
#5094 = CARTESIAN_POINT('',(45.804038179148,51.224045521292,23.05));
#5095 = DIRECTION('',(-1.224646799147E-16,-1.,0.));
#5096 = DIRECTION('',(-1.,1.224646799147E-16,0.));
#5097 = ADVANCED_FACE('',(#5098),#5116,.F.);
#5098 = FACE_BOUND('',#5099,.F.);
#5099 = EDGE_LOOP('',(#5100,#5108,#5114,#5115));
#5100 = ORIENTED_EDGE('',*,*,#5101,.F.);
#5101 = EDGE_CURVE('',#5102,#5078,#5104,.T.);
#5102 = VERTEX_POINT('',#5103);
#5103 = CARTESIAN_POINT('',(45.804038179148,60.651982378855,23.05));
#5104 = LINE('',#5105,#5106);
#5105 = CARTESIAN_POINT('',(45.804038179148,60.651982378855,23.05));
#5106 = VECTOR('',#5107,1.);
#5107 = DIRECTION('',(-1.224646799147E-16,-1.,0.));
#5108 = ORIENTED_EDGE('',*,*,#5109,.T.);
#5109 = EDGE_CURVE('',#5102,#1963,#5110,.T.);
#5110 = LINE('',#5111,#5112);
#5111 = CARTESIAN_POINT('',(45.804038179148,60.651982378855,23.05));
#5112 = VECTOR('',#5113,1.);
#5113 = DIRECTION('',(0.,0.,1.));
#5114 = ORIENTED_EDGE('',*,*,#1970,.F.);
#5115 = ORIENTED_EDGE('',*,*,#5085,.F.);
#5116 = PLANE('',#5117);
#5117 = AXIS2_PLACEMENT_3D('',#5118,#5119,#5120);
#5118 = CARTESIAN_POINT('',(45.804038179148,60.651982378855,23.05));
#5119 = DIRECTION('',(1.,-1.224646799147E-16,0.));
#5120 = DIRECTION('',(-1.224646799147E-16,-1.,0.));
#5121 = ADVANCED_FACE('',(#5122),#5140,.F.);
#5122 = FACE_BOUND('',#5123,.F.);
#5123 = EDGE_LOOP('',(#5124,#5132,#5138,#5139));
#5124 = ORIENTED_EDGE('',*,*,#5125,.F.);
#5125 = EDGE_CURVE('',#5126,#5102,#5128,.T.);
#5126 = VERTEX_POINT('',#5127);
#5127 = CARTESIAN_POINT('',(43.955763582966,60.651982378855,23.05));
#5128 = LINE('',#5129,#5130);
#5129 = CARTESIAN_POINT('',(43.955763582966,60.651982378855,23.05));
#5130 = VECTOR('',#5131,1.);
#5131 = DIRECTION('',(1.,-1.224646799147E-16,0.));
#5132 = ORIENTED_EDGE('',*,*,#5133,.T.);
#5133 = EDGE_CURVE('',#5126,#1955,#5134,.T.);
#5134 = LINE('',#5135,#5136);
#5135 = CARTESIAN_POINT('',(43.955763582966,60.651982378855,23.05));
#5136 = VECTOR('',#5137,1.);
#5137 = DIRECTION('',(0.,0.,1.));
#5138 = ORIENTED_EDGE('',*,*,#1962,.F.);
#5139 = ORIENTED_EDGE('',*,*,#5109,.F.);
#5140 = PLANE('',#5141);
#5141 = AXIS2_PLACEMENT_3D('',#5142,#5143,#5144);
#5142 = CARTESIAN_POINT('',(43.955763582966,60.651982378855,23.05));
#5143 = DIRECTION('',(1.224646799147E-16,1.,0.));
#5144 = DIRECTION('',(1.,-1.224646799147E-16,0.));
#5145 = ADVANCED_FACE('',(#5146),#5164,.F.);
#5146 = FACE_BOUND('',#5147,.F.);
#5147 = EDGE_LOOP('',(#5148,#5156,#5162,#5163));
#5148 = ORIENTED_EDGE('',*,*,#5149,.F.);
#5149 = EDGE_CURVE('',#5150,#5126,#5152,.T.);
#5150 = VERTEX_POINT('',#5151);
#5151 = CARTESIAN_POINT('',(43.955763582966,57.463839941263,23.05));
#5152 = LINE('',#5153,#5154);
#5153 = CARTESIAN_POINT('',(43.955763582966,57.463839941263,23.05));
#5154 = VECTOR('',#5155,1.);
#5155 = DIRECTION('',(1.224646799147E-16,1.,0.));
#5156 = ORIENTED_EDGE('',*,*,#5157,.T.);
#5157 = EDGE_CURVE('',#5150,#1938,#5158,.T.);
#5158 = LINE('',#5159,#5160);
#5159 = CARTESIAN_POINT('',(43.955763582966,57.463839941263,23.05));
#5160 = VECTOR('',#5161,1.);
#5161 = DIRECTION('',(0.,0.,1.));
#5162 = ORIENTED_EDGE('',*,*,#1954,.F.);
#5163 = ORIENTED_EDGE('',*,*,#5133,.F.);
#5164 = PLANE('',#5165);
#5165 = AXIS2_PLACEMENT_3D('',#5166,#5167,#5168);
#5166 = CARTESIAN_POINT('',(43.955763582966,57.463839941263,23.05));
#5167 = DIRECTION('',(-1.,1.224646799147E-16,0.));
#5168 = DIRECTION('',(1.224646799147E-16,1.,0.));
#5169 = ADVANCED_FACE('',(#5170),#5188,.F.);
#5170 = FACE_BOUND('',#5171,.F.);
#5171 = EDGE_LOOP('',(#5172,#5180,#5186,#5187));
#5172 = ORIENTED_EDGE('',*,*,#5173,.F.);
#5173 = EDGE_CURVE('',#5174,#5150,#5176,.T.);
#5174 = VERTEX_POINT('',#5175);
#5175 = CARTESIAN_POINT('',(43.639574155653,55.80778267254,23.05));
#5176 = B_SPLINE_CURVE_WITH_KNOTS('',2,(#5177,#5178,#5179),
  .UNSPECIFIED.,.F.,.F.,(3,3),(0.,1.),.PIECEWISE_BEZIER_KNOTS.);
#5177 = CARTESIAN_POINT('',(43.639574155653,55.80778267254,23.05));
#5178 = CARTESIAN_POINT('',(43.955763582966,56.384434654919,23.05));
#5179 = CARTESIAN_POINT('',(43.955763582966,57.463839941263,23.05));
#5180 = ORIENTED_EDGE('',*,*,#5181,.T.);
#5181 = EDGE_CURVE('',#5174,#1915,#5182,.T.);
#5182 = LINE('',#5183,#5184);
#5183 = CARTESIAN_POINT('',(43.639574155653,55.80778267254,23.05));
#5184 = VECTOR('',#5185,1.);
#5185 = DIRECTION('',(0.,0.,1.));
#5186 = ORIENTED_EDGE('',*,*,#1937,.F.);
#5187 = ORIENTED_EDGE('',*,*,#5157,.F.);
#5188 = SURFACE_OF_LINEAR_EXTRUSION('',#5189,#5193);
#5189 = B_SPLINE_CURVE_WITH_KNOTS('',2,(#5190,#5191,#5192),
  .UNSPECIFIED.,.F.,.F.,(3,3),(0.,1.),.PIECEWISE_BEZIER_KNOTS.);
#5190 = CARTESIAN_POINT('',(43.639574155653,55.80778267254,23.05));
#5191 = CARTESIAN_POINT('',(43.955763582966,56.384434654919,23.05));
#5192 = CARTESIAN_POINT('',(43.955763582966,57.463839941263,23.05));
#5193 = VECTOR('',#5194,1.);
#5194 = DIRECTION('',(0.,0.,-1.));
#5195 = ADVANCED_FACE('',(#5196),#5214,.F.);
#5196 = FACE_BOUND('',#5197,.F.);
#5197 = EDGE_LOOP('',(#5198,#5206,#5212,#5213));
#5198 = ORIENTED_EDGE('',*,*,#5199,.F.);
#5199 = EDGE_CURVE('',#5200,#5174,#5202,.T.);
#5200 = VERTEX_POINT('',#5201);
#5201 = CARTESIAN_POINT('',(42.491923641703,55.230726872247,23.05));
#5202 = B_SPLINE_CURVE_WITH_KNOTS('',2,(#5203,#5204,#5205),
  .UNSPECIFIED.,.F.,.F.,(3,3),(0.,1.),.PIECEWISE_BEZIER_KNOTS.);
#5203 = CARTESIAN_POINT('',(42.491923641703,55.230726872247,23.05));
#5204 = CARTESIAN_POINT('',(43.322980910426,55.230726872247,23.05));
#5205 = CARTESIAN_POINT('',(43.639574155653,55.80778267254,23.05));
#5206 = ORIENTED_EDGE('',*,*,#5207,.T.);
#5207 = EDGE_CURVE('',#5200,#1873,#5208,.T.);
#5208 = LINE('',#5209,#5210);
#5209 = CARTESIAN_POINT('',(42.491923641703,55.230726872247,23.05));
#5210 = VECTOR('',#5211,1.);
#5211 = DIRECTION('',(0.,0.,1.));
#5212 = ORIENTED_EDGE('',*,*,#1914,.F.);
#5213 = ORIENTED_EDGE('',*,*,#5181,.F.);
#5214 = SURFACE_OF_LINEAR_EXTRUSION('',#5215,#5219);
#5215 = B_SPLINE_CURVE_WITH_KNOTS('',2,(#5216,#5217,#5218),
  .UNSPECIFIED.,.F.,.F.,(3,3),(0.,1.),.PIECEWISE_BEZIER_KNOTS.);
#5216 = CARTESIAN_POINT('',(42.491923641703,55.230726872247,23.05));
#5217 = CARTESIAN_POINT('',(43.322980910426,55.230726872247,23.05));
#5218 = CARTESIAN_POINT('',(43.639574155653,55.80778267254,23.05));
#5219 = VECTOR('',#5220,1.);
#5220 = DIRECTION('',(0.,0.,-1.));
#5221 = ADVANCED_FACE('',(#5222),#5240,.F.);
#5222 = FACE_BOUND('',#5223,.F.);
#5223 = EDGE_LOOP('',(#5224,#5232,#5238,#5239));
#5224 = ORIENTED_EDGE('',*,*,#5225,.F.);
#5225 = EDGE_CURVE('',#5226,#5200,#5228,.T.);
#5226 = VERTEX_POINT('',#5227);
#5227 = CARTESIAN_POINT('',(41.4,56.69456681351,23.05));
#5228 = B_SPLINE_CURVE_WITH_KNOTS('',2,(#5229,#5230,#5231),
  .UNSPECIFIED.,.F.,.F.,(3,3),(0.,1.),.PIECEWISE_BEZIER_KNOTS.);
#5229 = CARTESIAN_POINT('',(41.4,56.69456681351,23.05));
#5230 = CARTESIAN_POINT('',(41.4,55.230726872247,23.05));
#5231 = CARTESIAN_POINT('',(42.491923641703,55.230726872247,23.05));
#5232 = ORIENTED_EDGE('',*,*,#5233,.T.);
#5233 = EDGE_CURVE('',#5226,#1865,#5234,.T.);
#5234 = LINE('',#5235,#5236);
#5235 = CARTESIAN_POINT('',(41.4,56.69456681351,23.05));
#5236 = VECTOR('',#5237,1.);
#5237 = DIRECTION('',(0.,0.,1.));
#5238 = ORIENTED_EDGE('',*,*,#1872,.F.);
#5239 = ORIENTED_EDGE('',*,*,#5207,.F.);
#5240 = SURFACE_OF_LINEAR_EXTRUSION('',#5241,#5245);
#5241 = B_SPLINE_CURVE_WITH_KNOTS('',2,(#5242,#5243,#5244),
  .UNSPECIFIED.,.F.,.F.,(3,3),(0.,1.),.PIECEWISE_BEZIER_KNOTS.);
#5242 = CARTESIAN_POINT('',(41.4,56.69456681351,23.05));
#5243 = CARTESIAN_POINT('',(41.4,55.230726872247,23.05));
#5244 = CARTESIAN_POINT('',(42.491923641703,55.230726872247,23.05));
#5245 = VECTOR('',#5246,1.);
#5246 = DIRECTION('',(0.,0.,-1.));
#5247 = ADVANCED_FACE('',(#5248),#5266,.F.);
#5248 = FACE_BOUND('',#5249,.F.);
#5249 = EDGE_LOOP('',(#5250,#5258,#5264,#5265));
#5250 = ORIENTED_EDGE('',*,*,#5251,.F.);
#5251 = EDGE_CURVE('',#5252,#5226,#5254,.T.);
#5252 = VERTEX_POINT('',#5253);
#5253 = CARTESIAN_POINT('',(41.4,60.651982378855,23.05));
#5254 = LINE('',#5255,#5256);
#5255 = CARTESIAN_POINT('',(41.4,60.651982378855,23.05));
#5256 = VECTOR('',#5257,1.);
#5257 = DIRECTION('',(-1.224646799147E-16,-1.,0.));
#5258 = ORIENTED_EDGE('',*,*,#5259,.T.);
#5259 = EDGE_CURVE('',#5252,#1857,#5260,.T.);
#5260 = LINE('',#5261,#5262);
#5261 = CARTESIAN_POINT('',(41.4,60.651982378855,23.05));
#5262 = VECTOR('',#5263,1.);
#5263 = DIRECTION('',(0.,0.,1.));
#5264 = ORIENTED_EDGE('',*,*,#1864,.F.);
#5265 = ORIENTED_EDGE('',*,*,#5233,.F.);
#5266 = PLANE('',#5267);
#5267 = AXIS2_PLACEMENT_3D('',#5268,#5269,#5270);
#5268 = CARTESIAN_POINT('',(41.4,60.651982378855,23.05));
#5269 = DIRECTION('',(1.,-1.224646799147E-16,0.));
#5270 = DIRECTION('',(-1.224646799147E-16,-1.,0.));
#5271 = ADVANCED_FACE('',(#5272),#5290,.F.);
#5272 = FACE_BOUND('',#5273,.F.);
#5273 = EDGE_LOOP('',(#5274,#5282,#5288,#5289));
#5274 = ORIENTED_EDGE('',*,*,#5275,.F.);
#5275 = EDGE_CURVE('',#5276,#5252,#5278,.T.);
#5276 = VERTEX_POINT('',#5277);
#5277 = CARTESIAN_POINT('',(39.551725403818,60.651982378855,23.05));
#5278 = LINE('',#5279,#5280);
#5279 = CARTESIAN_POINT('',(39.551725403818,60.651982378855,23.05));
#5280 = VECTOR('',#5281,1.);
#5281 = DIRECTION('',(1.,-1.224646799147E-16,0.));
#5282 = ORIENTED_EDGE('',*,*,#5283,.T.);
#5283 = EDGE_CURVE('',#5276,#1849,#5284,.T.);
#5284 = LINE('',#5285,#5286);
#5285 = CARTESIAN_POINT('',(39.551725403818,60.651982378855,23.05));
#5286 = VECTOR('',#5287,1.);
#5287 = DIRECTION('',(0.,0.,1.));
#5288 = ORIENTED_EDGE('',*,*,#1856,.F.);
#5289 = ORIENTED_EDGE('',*,*,#5259,.F.);
#5290 = PLANE('',#5291);
#5291 = AXIS2_PLACEMENT_3D('',#5292,#5293,#5294);
#5292 = CARTESIAN_POINT('',(39.551725403818,60.651982378855,23.05));
#5293 = DIRECTION('',(1.224646799147E-16,1.,0.));
#5294 = DIRECTION('',(1.,-1.224646799147E-16,0.));
#5295 = ADVANCED_FACE('',(#5296),#5314,.F.);
#5296 = FACE_BOUND('',#5297,.F.);
#5297 = EDGE_LOOP('',(#5298,#5306,#5312,#5313));
#5298 = ORIENTED_EDGE('',*,*,#5299,.F.);
#5299 = EDGE_CURVE('',#5300,#5276,#5302,.T.);
#5300 = VERTEX_POINT('',#5301);
#5301 = CARTESIAN_POINT('',(39.551725403818,56.235829662261,23.05));
#5302 = LINE('',#5303,#5304);
#5303 = CARTESIAN_POINT('',(39.551725403818,56.235829662261,23.05));
#5304 = VECTOR('',#5305,1.);
#5305 = DIRECTION('',(1.224646799147E-16,1.,0.));
#5306 = ORIENTED_EDGE('',*,*,#5307,.T.);
#5307 = EDGE_CURVE('',#5300,#1827,#5308,.T.);
#5308 = LINE('',#5309,#5310);
#5309 = CARTESIAN_POINT('',(39.551725403818,56.235829662261,23.05));
#5310 = VECTOR('',#5311,1.);
#5311 = DIRECTION('',(0.,0.,1.));
#5312 = ORIENTED_EDGE('',*,*,#1848,.F.);
#5313 = ORIENTED_EDGE('',*,*,#5283,.F.);
#5314 = PLANE('',#5315);
#5315 = AXIS2_PLACEMENT_3D('',#5316,#5317,#5318);
#5316 = CARTESIAN_POINT('',(39.551725403818,56.235829662261,23.05));
#5317 = DIRECTION('',(-1.,1.224646799147E-16,0.));
#5318 = DIRECTION('',(1.224646799147E-16,1.,0.));
#5319 = ADVANCED_FACE('',(#5320),#5338,.F.);
#5320 = FACE_BOUND('',#5321,.F.);
#5321 = EDGE_LOOP('',(#5322,#5330,#5336,#5337));
#5322 = ORIENTED_EDGE('',*,*,#5323,.F.);
#5323 = EDGE_CURVE('',#5324,#5300,#5326,.T.);
#5324 = VERTEX_POINT('',#5325);
#5325 = CARTESIAN_POINT('',(40.2156020558,54.343942731278,23.05));
#5326 = B_SPLINE_CURVE_WITH_KNOTS('',2,(#5327,#5328,#5329),
  .UNSPECIFIED.,.F.,.F.,(3,3),(0.,1.),.PIECEWISE_BEZIER_KNOTS.);
#5327 = CARTESIAN_POINT('',(40.2156020558,54.343942731278,23.05));
#5328 = CARTESIAN_POINT('',(39.551725403818,54.933113069016,23.05));
#5329 = CARTESIAN_POINT('',(39.551725403818,56.235829662261,23.05));
#5330 = ORIENTED_EDGE('',*,*,#5331,.T.);
#5331 = EDGE_CURVE('',#5324,#1804,#5332,.T.);
#5332 = LINE('',#5333,#5334);
#5333 = CARTESIAN_POINT('',(40.2156020558,54.343942731278,23.05));
#5334 = VECTOR('',#5335,1.);
#5335 = DIRECTION('',(0.,0.,1.));
#5336 = ORIENTED_EDGE('',*,*,#1826,.F.);
#5337 = ORIENTED_EDGE('',*,*,#5307,.F.);
#5338 = SURFACE_OF_LINEAR_EXTRUSION('',#5339,#5343);
#5339 = B_SPLINE_CURVE_WITH_KNOTS('',2,(#5340,#5341,#5342),
  .UNSPECIFIED.,.F.,.F.,(3,3),(0.,1.),.PIECEWISE_BEZIER_KNOTS.);
#5340 = CARTESIAN_POINT('',(40.2156020558,54.343942731278,23.05));
#5341 = CARTESIAN_POINT('',(39.551725403818,54.933113069016,23.05));
#5342 = CARTESIAN_POINT('',(39.551725403818,56.235829662261,23.05));
#5343 = VECTOR('',#5344,1.);
#5344 = DIRECTION('',(0.,0.,-1.));
#5345 = ADVANCED_FACE('',(#5346),#5364,.F.);
#5346 = FACE_BOUND('',#5347,.F.);
#5347 = EDGE_LOOP('',(#5348,#5356,#5362,#5363));
#5348 = ORIENTED_EDGE('',*,*,#5349,.F.);
#5349 = EDGE_CURVE('',#5350,#5324,#5352,.T.);
#5350 = VERTEX_POINT('',#5351);
#5351 = CARTESIAN_POINT('',(41.983113069016,53.754772393539,23.05));
#5352 = B_SPLINE_CURVE_WITH_KNOTS('',2,(#5353,#5354,#5355),
  .UNSPECIFIED.,.F.,.F.,(3,3),(0.,1.),.PIECEWISE_BEZIER_KNOTS.);
#5353 = CARTESIAN_POINT('',(41.983113069016,53.754772393539,23.05));
#5354 = CARTESIAN_POINT('',(40.879074889868,53.754772393539,23.05));
#5355 = CARTESIAN_POINT('',(40.2156020558,54.343942731278,23.05));
#5356 = ORIENTED_EDGE('',*,*,#5357,.T.);
#5357 = EDGE_CURVE('',#5350,#1789,#5358,.T.);
#5358 = LINE('',#5359,#5360);
#5359 = CARTESIAN_POINT('',(41.983113069016,53.754772393539,23.05));
#5360 = VECTOR('',#5361,1.);
#5361 = DIRECTION('',(0.,0.,1.));
#5362 = ORIENTED_EDGE('',*,*,#1803,.F.);
#5363 = ORIENTED_EDGE('',*,*,#5331,.F.);
#5364 = SURFACE_OF_LINEAR_EXTRUSION('',#5365,#5369);
#5365 = B_SPLINE_CURVE_WITH_KNOTS('',2,(#5366,#5367,#5368),
  .UNSPECIFIED.,.F.,.F.,(3,3),(0.,1.),.PIECEWISE_BEZIER_KNOTS.);
#5366 = CARTESIAN_POINT('',(41.983113069016,53.754772393539,23.05));
#5367 = CARTESIAN_POINT('',(40.879074889868,53.754772393539,23.05));
#5368 = CARTESIAN_POINT('',(40.2156020558,54.343942731278,23.05));
#5369 = VECTOR('',#5370,1.);
#5370 = DIRECTION('',(0.,0.,-1.));
#5371 = ADVANCED_FACE('',(#5372),#5390,.F.);
#5372 = FACE_BOUND('',#5373,.F.);
#5373 = EDGE_LOOP('',(#5374,#5382,#5388,#5389));
#5374 = ORIENTED_EDGE('',*,*,#5375,.F.);
#5375 = EDGE_CURVE('',#5376,#5350,#5378,.T.);
#5376 = VERTEX_POINT('',#5377);
#5377 = CARTESIAN_POINT('',(43.112187958884,53.9906020558,23.05));
#5378 = B_SPLINE_CURVE_WITH_KNOTS('',2,(#5379,#5380,#5381),
  .UNSPECIFIED.,.F.,.F.,(3,3),(0.,1.),.PIECEWISE_BEZIER_KNOTS.);
#5379 = CARTESIAN_POINT('',(43.112187958884,53.9906020558,23.05));
#5380 = CARTESIAN_POINT('',(42.603377386197,53.754772393539,23.05));
#5381 = CARTESIAN_POINT('',(41.983113069016,53.754772393539,23.05));
#5382 = ORIENTED_EDGE('',*,*,#5383,.T.);
#5383 = EDGE_CURVE('',#5376,#1772,#5384,.T.);
#5384 = LINE('',#5385,#5386);
#5385 = CARTESIAN_POINT('',(43.112187958884,53.9906020558,23.05));
#5386 = VECTOR('',#5387,1.);
#5387 = DIRECTION('',(0.,0.,1.));
#5388 = ORIENTED_EDGE('',*,*,#1788,.F.);
#5389 = ORIENTED_EDGE('',*,*,#5357,.F.);
#5390 = SURFACE_OF_LINEAR_EXTRUSION('',#5391,#5395);
#5391 = B_SPLINE_CURVE_WITH_KNOTS('',2,(#5392,#5393,#5394),
  .UNSPECIFIED.,.F.,.F.,(3,3),(0.,1.),.PIECEWISE_BEZIER_KNOTS.);
#5392 = CARTESIAN_POINT('',(43.112187958884,53.9906020558,23.05));
#5393 = CARTESIAN_POINT('',(42.603377386197,53.754772393539,23.05));
#5394 = CARTESIAN_POINT('',(41.983113069016,53.754772393539,23.05));
#5395 = VECTOR('',#5396,1.);
#5396 = DIRECTION('',(0.,0.,-1.));
#5397 = ADVANCED_FACE('',(#5398),#5416,.F.);
#5398 = FACE_BOUND('',#5399,.F.);
#5399 = EDGE_LOOP('',(#5400,#5408,#5414,#5415));
#5400 = ORIENTED_EDGE('',*,*,#5401,.F.);
#5401 = EDGE_CURVE('',#5402,#5376,#5404,.T.);
#5402 = VERTEX_POINT('',#5403);
#5403 = CARTESIAN_POINT('',(43.943245227606,54.746953010279,23.05));
#5404 = B_SPLINE_CURVE_WITH_KNOTS('',2,(#5405,#5406,#5407),
  .UNSPECIFIED.,.F.,.F.,(3,3),(0.,1.),.PIECEWISE_BEZIER_KNOTS.);
#5405 = CARTESIAN_POINT('',(43.943245227606,54.746953010279,23.05));
#5406 = CARTESIAN_POINT('',(43.620594713656,54.226027900147,23.05));
#5407 = CARTESIAN_POINT('',(43.112187958884,53.9906020558,23.05));
#5408 = ORIENTED_EDGE('',*,*,#5409,.T.);
#5409 = EDGE_CURVE('',#5402,#1764,#5410,.T.);
#5410 = LINE('',#5411,#5412);
#5411 = CARTESIAN_POINT('',(43.943245227606,54.746953010279,23.05));
#5412 = VECTOR('',#5413,1.);
#5413 = DIRECTION('',(0.,0.,1.));
#5414 = ORIENTED_EDGE('',*,*,#1771,.F.);
#5415 = ORIENTED_EDGE('',*,*,#5383,.F.);
#5416 = SURFACE_OF_LINEAR_EXTRUSION('',#5417,#5421);
#5417 = B_SPLINE_CURVE_WITH_KNOTS('',2,(#5418,#5419,#5420),
  .UNSPECIFIED.,.F.,.F.,(3,3),(0.,1.),.PIECEWISE_BEZIER_KNOTS.);
#5418 = CARTESIAN_POINT('',(43.943245227606,54.746953010279,23.05));
#5419 = CARTESIAN_POINT('',(43.620594713656,54.226027900147,23.05));
#5420 = CARTESIAN_POINT('',(43.112187958884,53.9906020558,23.05));
#5421 = VECTOR('',#5422,1.);
#5422 = DIRECTION('',(0.,0.,-1.));
#5423 = ADVANCED_FACE('',(#5424),#5442,.F.);
#5424 = FACE_BOUND('',#5425,.F.);
#5425 = EDGE_LOOP('',(#5426,#5434,#5440,#5441));
#5426 = ORIENTED_EDGE('',*,*,#5427,.F.);
#5427 = EDGE_CURVE('',#5428,#5402,#5430,.T.);
#5428 = VERTEX_POINT('',#5429);
#5429 = CARTESIAN_POINT('',(44.042584434655,54.746953010279,23.05));
#5430 = LINE('',#5431,#5432);
#5431 = CARTESIAN_POINT('',(44.042584434655,54.746953010279,23.05));
#5432 = VECTOR('',#5433,1.);
#5433 = DIRECTION('',(-1.,1.224646799147E-16,0.));
#5434 = ORIENTED_EDGE('',*,*,#5435,.T.);
#5435 = EDGE_CURVE('',#5428,#1751,#5436,.T.);
#5436 = LINE('',#5437,#5438);
#5437 = CARTESIAN_POINT('',(44.042584434655,54.746953010279,23.05));
#5438 = VECTOR('',#5439,1.);
#5439 = DIRECTION('',(0.,0.,1.));
#5440 = ORIENTED_EDGE('',*,*,#1763,.F.);
#5441 = ORIENTED_EDGE('',*,*,#5409,.F.);
#5442 = PLANE('',#5443);
#5443 = AXIS2_PLACEMENT_3D('',#5444,#5445,#5446);
#5444 = CARTESIAN_POINT('',(44.042584434655,54.746953010279,23.05));
#5445 = DIRECTION('',(-1.224646799147E-16,-1.,0.));
#5446 = DIRECTION('',(-1.,1.224646799147E-16,0.));
#5447 = ADVANCED_FACE('',(#5448),#5459,.F.);
#5448 = FACE_BOUND('',#5449,.F.);
#5449 = EDGE_LOOP('',(#5450,#5456,#5457,#5458));
#5450 = ORIENTED_EDGE('',*,*,#5451,.F.);
#5451 = EDGE_CURVE('',#5023,#5428,#5452,.T.);
#5452 = B_SPLINE_CURVE_WITH_KNOTS('',2,(#5453,#5454,#5455),
  .UNSPECIFIED.,.F.,.F.,(3,3),(0.,1.),.PIECEWISE_BEZIER_KNOTS.);
#5453 = CARTESIAN_POINT('',(43.986857562408,54.102055800294,23.05));
#5454 = CARTESIAN_POINT('',(44.017547723935,54.560792951542,23.05));
#5455 = CARTESIAN_POINT('',(44.042584434655,54.746953010279,23.05));
#5456 = ORIENTED_EDGE('',*,*,#5037,.T.);
#5457 = ORIENTED_EDGE('',*,*,#1750,.F.);
#5458 = ORIENTED_EDGE('',*,*,#5435,.F.);
#5459 = SURFACE_OF_LINEAR_EXTRUSION('',#5460,#5464);
#5460 = B_SPLINE_CURVE_WITH_KNOTS('',2,(#5461,#5462,#5463),
  .UNSPECIFIED.,.F.,.F.,(3,3),(0.,1.),.PIECEWISE_BEZIER_KNOTS.);
#5461 = CARTESIAN_POINT('',(43.986857562408,54.102055800294,23.05));
#5462 = CARTESIAN_POINT('',(44.017547723935,54.560792951542,23.05));
#5463 = CARTESIAN_POINT('',(44.042584434655,54.746953010279,23.05));
#5464 = VECTOR('',#5465,1.);
#5465 = DIRECTION('',(0.,0.,-1.));
#5466 = ADVANCED_FACE('',(#5467),#5492,.F.);
#5467 = FACE_BOUND('',#5468,.F.);
#5468 = EDGE_LOOP('',(#5469,#5479,#5485,#5486));
#5469 = ORIENTED_EDGE('',*,*,#5470,.F.);
#5470 = EDGE_CURVE('',#5471,#5473,#5475,.T.);
#5471 = VERTEX_POINT('',#5472);
#5472 = CARTESIAN_POINT('',(47.729038179148,53.878744493392,23.05));
#5473 = VERTEX_POINT('',#5474);
#5474 = CARTESIAN_POINT('',(47.729038179148,60.651982378855,23.05));
#5475 = LINE('',#5476,#5477);
#5476 = CARTESIAN_POINT('',(47.729038179148,53.878744493392,23.05));
#5477 = VECTOR('',#5478,1.);
#5478 = DIRECTION('',(1.224646799147E-16,1.,0.));
#5479 = ORIENTED_EDGE('',*,*,#5480,.T.);
#5480 = EDGE_CURVE('',#5471,#1997,#5481,.T.);
#5481 = LINE('',#5482,#5483);
#5482 = CARTESIAN_POINT('',(47.729038179148,53.878744493392,23.05));
#5483 = VECTOR('',#5484,1.);
#5484 = DIRECTION('',(0.,0.,1.));
#5485 = ORIENTED_EDGE('',*,*,#1994,.F.);
#5486 = ORIENTED_EDGE('',*,*,#5487,.F.);
#5487 = EDGE_CURVE('',#5473,#1995,#5488,.T.);
#5488 = LINE('',#5489,#5490);
#5489 = CARTESIAN_POINT('',(47.729038179148,60.651982378855,23.05));
#5490 = VECTOR('',#5491,1.);
#5491 = DIRECTION('',(0.,0.,1.));
#5492 = PLANE('',#5493);
#5493 = AXIS2_PLACEMENT_3D('',#5494,#5495,#5496);
#5494 = CARTESIAN_POINT('',(47.729038179148,53.878744493392,23.05));
#5495 = DIRECTION('',(-1.,1.224646799147E-16,0.));
#5496 = DIRECTION('',(1.224646799147E-16,1.,0.));
#5497 = ADVANCED_FACE('',(#5498),#5516,.F.);
#5498 = FACE_BOUND('',#5499,.F.);
#5499 = EDGE_LOOP('',(#5500,#5508,#5514,#5515));
#5500 = ORIENTED_EDGE('',*,*,#5501,.F.);
#5501 = EDGE_CURVE('',#5502,#5471,#5504,.T.);
#5502 = VERTEX_POINT('',#5503);
#5503 = CARTESIAN_POINT('',(49.57731277533,53.878744493392,23.05));
#5504 = LINE('',#5505,#5506);
#5505 = CARTESIAN_POINT('',(49.57731277533,53.878744493392,23.05));
#5506 = VECTOR('',#5507,1.);
#5507 = DIRECTION('',(-1.,1.224646799147E-16,0.));
#5508 = ORIENTED_EDGE('',*,*,#5509,.T.);
#5509 = EDGE_CURVE('',#5502,#2013,#5510,.T.);
#5510 = LINE('',#5511,#5512);
#5511 = CARTESIAN_POINT('',(49.57731277533,53.878744493392,23.05));
#5512 = VECTOR('',#5513,1.);
#5513 = DIRECTION('',(0.,0.,1.));
#5514 = ORIENTED_EDGE('',*,*,#2020,.F.);
#5515 = ORIENTED_EDGE('',*,*,#5480,.F.);
#5516 = PLANE('',#5517);
#5517 = AXIS2_PLACEMENT_3D('',#5518,#5519,#5520);
#5518 = CARTESIAN_POINT('',(49.57731277533,53.878744493392,23.05));
#5519 = DIRECTION('',(-1.224646799147E-16,-1.,0.));
#5520 = DIRECTION('',(-1.,1.224646799147E-16,0.));
#5521 = ADVANCED_FACE('',(#5522),#5540,.F.);
#5522 = FACE_BOUND('',#5523,.F.);
#5523 = EDGE_LOOP('',(#5524,#5532,#5538,#5539));
#5524 = ORIENTED_EDGE('',*,*,#5525,.F.);
#5525 = EDGE_CURVE('',#5526,#5502,#5528,.T.);
#5526 = VERTEX_POINT('',#5527);
#5527 = CARTESIAN_POINT('',(49.57731277533,60.651982378855,23.05));
#5528 = LINE('',#5529,#5530);
#5529 = CARTESIAN_POINT('',(49.57731277533,60.651982378855,23.05));
#5530 = VECTOR('',#5531,1.);
#5531 = DIRECTION('',(-1.224646799147E-16,-1.,0.));
#5532 = ORIENTED_EDGE('',*,*,#5533,.T.);
#5533 = EDGE_CURVE('',#5526,#2005,#5534,.T.);
#5534 = LINE('',#5535,#5536);
#5535 = CARTESIAN_POINT('',(49.57731277533,60.651982378855,23.05));
#5536 = VECTOR('',#5537,1.);
#5537 = DIRECTION('',(0.,0.,1.));
#5538 = ORIENTED_EDGE('',*,*,#2012,.F.);
#5539 = ORIENTED_EDGE('',*,*,#5509,.F.);
#5540 = PLANE('',#5541);
#5541 = AXIS2_PLACEMENT_3D('',#5542,#5543,#5544);
#5542 = CARTESIAN_POINT('',(49.57731277533,60.651982378855,23.05));
#5543 = DIRECTION('',(1.,-1.224646799147E-16,0.));
#5544 = DIRECTION('',(-1.224646799147E-16,-1.,0.));
#5545 = ADVANCED_FACE('',(#5546),#5557,.F.);
#5546 = FACE_BOUND('',#5547,.F.);
#5547 = EDGE_LOOP('',(#5548,#5554,#5555,#5556));
#5548 = ORIENTED_EDGE('',*,*,#5549,.F.);
#5549 = EDGE_CURVE('',#5473,#5526,#5550,.T.);
#5550 = LINE('',#5551,#5552);
#5551 = CARTESIAN_POINT('',(47.729038179148,60.651982378855,23.05));
#5552 = VECTOR('',#5553,1.);
#5553 = DIRECTION('',(1.,-1.224646799147E-16,0.));
#5554 = ORIENTED_EDGE('',*,*,#5487,.T.);
#5555 = ORIENTED_EDGE('',*,*,#2004,.F.);
#5556 = ORIENTED_EDGE('',*,*,#5533,.F.);
#5557 = PLANE('',#5558);
#5558 = AXIS2_PLACEMENT_3D('',#5559,#5560,#5561);
#5559 = CARTESIAN_POINT('',(47.729038179148,60.651982378855,23.05));
#5560 = DIRECTION('',(1.224646799147E-16,1.,0.));
#5561 = DIRECTION('',(1.,-1.224646799147E-16,0.));
#5562 = ADVANCED_FACE('',(#5563),#5588,.F.);
#5563 = FACE_BOUND('',#5564,.F.);
#5564 = EDGE_LOOP('',(#5565,#5575,#5581,#5582));
#5565 = ORIENTED_EDGE('',*,*,#5566,.F.);
#5566 = EDGE_CURVE('',#5567,#5569,#5571,.T.);
#5567 = VERTEX_POINT('',#5568);
#5568 = CARTESIAN_POINT('',(55.019970631424,60.651982378855,23.05));
#5569 = VERTEX_POINT('',#5570);
#5570 = CARTESIAN_POINT('',(57.600367107195,53.878744493392,23.05));
#5571 = LINE('',#5572,#5573);
#5572 = CARTESIAN_POINT('',(55.019970631424,60.651982378855,23.05));
#5573 = VECTOR('',#5574,1.);
#5574 = DIRECTION('',(0.356009228345,-0.934482439286,0.));
#5575 = ORIENTED_EDGE('',*,*,#5576,.T.);
#5576 = EDGE_CURVE('',#5567,#2031,#5577,.T.);
#5577 = LINE('',#5578,#5579);
#5578 = CARTESIAN_POINT('',(55.019970631424,60.651982378855,23.05));
#5579 = VECTOR('',#5580,1.);
#5580 = DIRECTION('',(0.,0.,1.));
#5581 = ORIENTED_EDGE('',*,*,#2028,.F.);
#5582 = ORIENTED_EDGE('',*,*,#5583,.F.);
#5583 = EDGE_CURVE('',#5569,#2029,#5584,.T.);
#5584 = LINE('',#5585,#5586);
#5585 = CARTESIAN_POINT('',(57.600367107195,53.878744493392,23.05));
#5586 = VECTOR('',#5587,1.);
#5587 = DIRECTION('',(0.,0.,1.));
#5588 = PLANE('',#5589);
#5589 = AXIS2_PLACEMENT_3D('',#5590,#5591,#5592);
#5590 = CARTESIAN_POINT('',(55.019970631424,60.651982378855,23.05));
#5591 = DIRECTION('',(0.934482439286,0.356009228345,0.));
#5592 = DIRECTION('',(0.356009228345,-0.934482439286,0.));
#5593 = ADVANCED_FACE('',(#5594),#5612,.F.);
#5594 = FACE_BOUND('',#5595,.F.);
#5595 = EDGE_LOOP('',(#5596,#5604,#5610,#5611));
#5596 = ORIENTED_EDGE('',*,*,#5597,.F.);
#5597 = EDGE_CURVE('',#5598,#5567,#5600,.T.);
#5598 = VERTEX_POINT('',#5599);
#5599 = CARTESIAN_POINT('',(53.122026431718,60.651982378855,23.05));
#5600 = LINE('',#5601,#5602);
#5601 = CARTESIAN_POINT('',(53.122026431718,60.651982378855,23.05));
#5602 = VECTOR('',#5603,1.);
#5603 = DIRECTION('',(1.,-1.224646799147E-16,0.));
#5604 = ORIENTED_EDGE('',*,*,#5605,.T.);
#5605 = EDGE_CURVE('',#5598,#2115,#5606,.T.);
#5606 = LINE('',#5607,#5608);
#5607 = CARTESIAN_POINT('',(53.122026431718,60.651982378855,23.05));
#5608 = VECTOR('',#5609,1.);
#5609 = DIRECTION('',(0.,0.,1.));
#5610 = ORIENTED_EDGE('',*,*,#2122,.F.);
#5611 = ORIENTED_EDGE('',*,*,#5576,.F.);
#5612 = PLANE('',#5613);
#5613 = AXIS2_PLACEMENT_3D('',#5614,#5615,#5616);
#5614 = CARTESIAN_POINT('',(53.122026431718,60.651982378855,23.05));
#5615 = DIRECTION('',(1.224646799147E-16,1.,0.));
#5616 = DIRECTION('',(1.,-1.224646799147E-16,0.));
#5617 = ADVANCED_FACE('',(#5618),#5636,.F.);
#5618 = FACE_BOUND('',#5619,.F.);
#5619 = EDGE_LOOP('',(#5620,#5628,#5634,#5635));
#5620 = ORIENTED_EDGE('',*,*,#5621,.F.);
#5621 = EDGE_CURVE('',#5622,#5598,#5624,.T.);
#5622 = VERTEX_POINT('',#5623);
#5623 = CARTESIAN_POINT('',(50.541629955947,53.878744493392,23.05));
#5624 = LINE('',#5625,#5626);
#5625 = CARTESIAN_POINT('',(50.541629955947,53.878744493392,23.05));
#5626 = VECTOR('',#5627,1.);
#5627 = DIRECTION('',(0.356009228345,0.934482439286,0.));
#5628 = ORIENTED_EDGE('',*,*,#5629,.T.);
#5629 = EDGE_CURVE('',#5622,#2107,#5630,.T.);
#5630 = LINE('',#5631,#5632);
#5631 = CARTESIAN_POINT('',(50.541629955947,53.878744493392,23.05));
#5632 = VECTOR('',#5633,1.);
#5633 = DIRECTION('',(0.,0.,1.));
#5634 = ORIENTED_EDGE('',*,*,#2114,.F.);
#5635 = ORIENTED_EDGE('',*,*,#5605,.F.);
#5636 = PLANE('',#5637);
#5637 = AXIS2_PLACEMENT_3D('',#5638,#5639,#5640);
#5638 = CARTESIAN_POINT('',(50.541629955947,53.878744493392,23.05));
#5639 = DIRECTION('',(-0.934482439286,0.356009228345,0.));
#5640 = DIRECTION('',(0.356009228345,0.934482439286,0.));
#5641 = ADVANCED_FACE('',(#5642),#5660,.F.);
#5642 = FACE_BOUND('',#5643,.F.);
#5643 = EDGE_LOOP('',(#5644,#5652,#5658,#5659));
#5644 = ORIENTED_EDGE('',*,*,#5645,.F.);
#5645 = EDGE_CURVE('',#5646,#5622,#5648,.T.);
#5646 = VERTEX_POINT('',#5647);
#5647 = CARTESIAN_POINT('',(52.477129221733,53.878744493392,23.05));
#5648 = LINE('',#5649,#5650);
#5649 = CARTESIAN_POINT('',(52.477129221733,53.878744493392,23.05));
#5650 = VECTOR('',#5651,1.);
#5651 = DIRECTION('',(-1.,1.224646799147E-16,0.));
#5652 = ORIENTED_EDGE('',*,*,#5653,.T.);
#5653 = EDGE_CURVE('',#5646,#2099,#5654,.T.);
#5654 = LINE('',#5655,#5656);
#5655 = CARTESIAN_POINT('',(52.477129221733,53.878744493392,23.05));
#5656 = VECTOR('',#5657,1.);
#5657 = DIRECTION('',(0.,0.,1.));
#5658 = ORIENTED_EDGE('',*,*,#2106,.F.);
#5659 = ORIENTED_EDGE('',*,*,#5629,.F.);
#5660 = PLANE('',#5661);
#5661 = AXIS2_PLACEMENT_3D('',#5662,#5663,#5664);
#5662 = CARTESIAN_POINT('',(52.477129221733,53.878744493392,23.05));
#5663 = DIRECTION('',(-1.224646799147E-16,-1.,0.));
#5664 = DIRECTION('',(-1.,1.224646799147E-16,0.));
#5665 = ADVANCED_FACE('',(#5666),#5684,.F.);
#5666 = FACE_BOUND('',#5667,.F.);
#5667 = EDGE_LOOP('',(#5668,#5676,#5682,#5683));
#5668 = ORIENTED_EDGE('',*,*,#5669,.F.);
#5669 = EDGE_CURVE('',#5670,#5646,#5672,.T.);
#5670 = VERTEX_POINT('',#5671);
#5671 = CARTESIAN_POINT('',(53.779441997063,57.736820851689,23.05));
#5672 = LINE('',#5673,#5674);
#5673 = CARTESIAN_POINT('',(53.779441997063,57.736820851689,23.05));
#5674 = VECTOR('',#5675,1.);
#5675 = DIRECTION('',(-0.319825384325,-0.947476502897,0.));
#5676 = ORIENTED_EDGE('',*,*,#5677,.T.);
#5677 = EDGE_CURVE('',#5670,#2084,#5678,.T.);
#5678 = LINE('',#5679,#5680);
#5679 = CARTESIAN_POINT('',(53.779441997063,57.736820851689,23.05));
#5680 = VECTOR('',#5681,1.);
#5681 = DIRECTION('',(0.,0.,1.));
#5682 = ORIENTED_EDGE('',*,*,#2098,.F.);
#5683 = ORIENTED_EDGE('',*,*,#5653,.F.);
#5684 = PLANE('',#5685);
#5685 = AXIS2_PLACEMENT_3D('',#5686,#5687,#5688);
#5686 = CARTESIAN_POINT('',(53.779441997063,57.736820851689,23.05));
#5687 = DIRECTION('',(0.947476502897,-0.319825384325,0.));
#5688 = DIRECTION('',(-0.319825384325,-0.947476502897,0.));
#5689 = ADVANCED_FACE('',(#5690),#5708,.F.);
#5690 = FACE_BOUND('',#5691,.F.);
#5691 = EDGE_LOOP('',(#5692,#5700,#5706,#5707));
#5692 = ORIENTED_EDGE('',*,*,#5693,.F.);
#5693 = EDGE_CURVE('',#5694,#5670,#5696,.T.);
#5694 = VERTEX_POINT('',#5695);
#5695 = CARTESIAN_POINT('',(54.052422907489,59.125954478708,23.05));
#5696 = B_SPLINE_CURVE_WITH_KNOTS('',2,(#5697,#5698,#5699),
  .UNSPECIFIED.,.F.,.F.,(3,3),(0.,1.),.PIECEWISE_BEZIER_KNOTS.);
#5697 = CARTESIAN_POINT('',(54.052422907489,59.125954478708,23.05));
#5698 = CARTESIAN_POINT('',(54.015271659325,58.456424375918,23.05));
#5699 = CARTESIAN_POINT('',(53.779441997063,57.736820851689,23.05));
#5700 = ORIENTED_EDGE('',*,*,#5701,.T.);
#5701 = EDGE_CURVE('',#5694,#2076,#5702,.T.);
#5702 = LINE('',#5703,#5704);
#5703 = CARTESIAN_POINT('',(54.052422907489,59.125954478708,23.05));
#5704 = VECTOR('',#5705,1.);
#5705 = DIRECTION('',(0.,0.,1.));
#5706 = ORIENTED_EDGE('',*,*,#2083,.F.);
#5707 = ORIENTED_EDGE('',*,*,#5677,.F.);
#5708 = SURFACE_OF_LINEAR_EXTRUSION('',#5709,#5713);
#5709 = B_SPLINE_CURVE_WITH_KNOTS('',2,(#5710,#5711,#5712),
  .UNSPECIFIED.,.F.,.F.,(3,3),(0.,1.),.PIECEWISE_BEZIER_KNOTS.);
#5710 = CARTESIAN_POINT('',(54.052422907489,59.125954478708,23.05));
#5711 = CARTESIAN_POINT('',(54.015271659325,58.456424375918,23.05));
#5712 = CARTESIAN_POINT('',(53.779441997063,57.736820851689,23.05));
#5713 = VECTOR('',#5714,1.);
#5714 = DIRECTION('',(0.,0.,-1.));
#5715 = ADVANCED_FACE('',(#5716),#5734,.F.);
#5716 = FACE_BOUND('',#5717,.F.);
#5717 = EDGE_LOOP('',(#5718,#5726,#5732,#5733));
#5718 = ORIENTED_EDGE('',*,*,#5719,.F.);
#5719 = EDGE_CURVE('',#5720,#5694,#5722,.T.);
#5720 = VERTEX_POINT('',#5721);
#5721 = CARTESIAN_POINT('',(54.102092511013,59.125954478708,23.05));
#5722 = LINE('',#5723,#5724);
#5723 = CARTESIAN_POINT('',(54.102092511013,59.125954478708,23.05));
#5724 = VECTOR('',#5725,1.);
#5725 = DIRECTION('',(-1.,1.224646799147E-16,0.));
#5726 = ORIENTED_EDGE('',*,*,#5727,.T.);
#5727 = EDGE_CURVE('',#5720,#2065,#5728,.T.);
#5728 = LINE('',#5729,#5730);
#5729 = CARTESIAN_POINT('',(54.102092511013,59.125954478708,23.05));
#5730 = VECTOR('',#5731,1.);
#5731 = DIRECTION('',(0.,0.,1.));
#5732 = ORIENTED_EDGE('',*,*,#2075,.F.);
#5733 = ORIENTED_EDGE('',*,*,#5701,.F.);
#5734 = PLANE('',#5735);
#5735 = AXIS2_PLACEMENT_3D('',#5736,#5737,#5738);
#5736 = CARTESIAN_POINT('',(54.102092511013,59.125954478708,23.05));
#5737 = DIRECTION('',(-1.224646799147E-16,-1.,0.));
#5738 = DIRECTION('',(-1.,1.224646799147E-16,0.));
#5739 = ADVANCED_FACE('',(#5740),#5758,.F.);
#5740 = FACE_BOUND('',#5741,.F.);
#5741 = EDGE_LOOP('',(#5742,#5750,#5756,#5757));
#5742 = ORIENTED_EDGE('',*,*,#5743,.F.);
#5743 = EDGE_CURVE('',#5744,#5720,#5746,.T.);
#5744 = VERTEX_POINT('',#5745);
#5745 = CARTESIAN_POINT('',(54.182856093979,58.456424375918,23.05));
#5746 = B_SPLINE_CURVE_WITH_KNOTS('',2,(#5747,#5748,#5749),
  .UNSPECIFIED.,.F.,.F.,(3,3),(0.,1.),.PIECEWISE_BEZIER_KNOTS.);
#5747 = CARTESIAN_POINT('',(54.182856093979,58.456424375918,23.05));
#5748 = CARTESIAN_POINT('',(54.114610866373,58.828340675477,23.05));
#5749 = CARTESIAN_POINT('',(54.102092511013,59.125954478708,23.05));
#5750 = ORIENTED_EDGE('',*,*,#5751,.T.);
#5751 = EDGE_CURVE('',#5744,#2055,#5752,.T.);
#5752 = LINE('',#5753,#5754);
#5753 = CARTESIAN_POINT('',(54.182856093979,58.456424375918,23.05));
#5754 = VECTOR('',#5755,1.);
#5755 = DIRECTION('',(0.,0.,1.));
#5756 = ORIENTED_EDGE('',*,*,#2064,.F.);
#5757 = ORIENTED_EDGE('',*,*,#5727,.F.);
#5758 = SURFACE_OF_LINEAR_EXTRUSION('',#5759,#5763);
#5759 = B_SPLINE_CURVE_WITH_KNOTS('',2,(#5760,#5761,#5762),
  .UNSPECIFIED.,.F.,.F.,(3,3),(0.,1.),.PIECEWISE_BEZIER_KNOTS.);
#5760 = CARTESIAN_POINT('',(54.182856093979,58.456424375918,23.05));
#5761 = CARTESIAN_POINT('',(54.114610866373,58.828340675477,23.05));
#5762 = CARTESIAN_POINT('',(54.102092511013,59.125954478708,23.05));
#5763 = VECTOR('',#5764,1.);
#5764 = DIRECTION('',(0.,0.,-1.));
#5765 = ADVANCED_FACE('',(#5766),#5784,.F.);
#5766 = FACE_BOUND('',#5767,.F.);
#5767 = EDGE_LOOP('',(#5768,#5776,#5782,#5783));
#5768 = ORIENTED_EDGE('',*,*,#5769,.F.);
#5769 = EDGE_CURVE('',#5770,#5744,#5772,.T.);
#5770 = VERTEX_POINT('',#5771);
#5771 = CARTESIAN_POINT('',(54.362555066079,57.736820851689,23.05));
#5772 = B_SPLINE_CURVE_WITH_KNOTS('',2,(#5773,#5774,#5775),
  .UNSPECIFIED.,.F.,.F.,(3,3),(0.,1.),.PIECEWISE_BEZIER_KNOTS.);
#5773 = CARTESIAN_POINT('',(54.362555066079,57.736820851689,23.05));
#5774 = CARTESIAN_POINT('',(54.251101321586,58.084104258443,23.05));
#5775 = CARTESIAN_POINT('',(54.182856093979,58.456424375918,23.05));
#5776 = ORIENTED_EDGE('',*,*,#5777,.T.);
#5777 = EDGE_CURVE('',#5770,#2047,#5778,.T.);
#5778 = LINE('',#5779,#5780);
#5779 = CARTESIAN_POINT('',(54.362555066079,57.736820851689,23.05));
#5780 = VECTOR('',#5781,1.);
#5781 = DIRECTION('',(0.,0.,1.));
#5782 = ORIENTED_EDGE('',*,*,#2054,.F.);
#5783 = ORIENTED_EDGE('',*,*,#5751,.F.);
#5784 = SURFACE_OF_LINEAR_EXTRUSION('',#5785,#5789);
#5785 = B_SPLINE_CURVE_WITH_KNOTS('',2,(#5786,#5787,#5788),
  .UNSPECIFIED.,.F.,.F.,(3,3),(0.,1.),.PIECEWISE_BEZIER_KNOTS.);
#5786 = CARTESIAN_POINT('',(54.362555066079,57.736820851689,23.05));
#5787 = CARTESIAN_POINT('',(54.251101321586,58.084104258443,23.05));
#5788 = CARTESIAN_POINT('',(54.182856093979,58.456424375918,23.05));
#5789 = VECTOR('',#5790,1.);
#5790 = DIRECTION('',(0.,0.,-1.));
#5791 = ADVANCED_FACE('',(#5792),#5810,.F.);
#5792 = FACE_BOUND('',#5793,.F.);
#5793 = EDGE_LOOP('',(#5794,#5802,#5808,#5809));
#5794 = ORIENTED_EDGE('',*,*,#5795,.F.);
#5795 = EDGE_CURVE('',#5796,#5770,#5798,.T.);
#5796 = VERTEX_POINT('',#5797);
#5797 = CARTESIAN_POINT('',(55.665271659325,53.878744493392,23.05));
#5798 = LINE('',#5799,#5800);
#5799 = CARTESIAN_POINT('',(55.665271659325,53.878744493392,23.05));
#5800 = VECTOR('',#5801,1.);
#5801 = DIRECTION('',(-0.319914406755,0.947446448276,0.));
#5802 = ORIENTED_EDGE('',*,*,#5803,.T.);
#5803 = EDGE_CURVE('',#5796,#2039,#5804,.T.);
#5804 = LINE('',#5805,#5806);
#5805 = CARTESIAN_POINT('',(55.665271659325,53.878744493392,23.05));
#5806 = VECTOR('',#5807,1.);
#5807 = DIRECTION('',(0.,0.,1.));
#5808 = ORIENTED_EDGE('',*,*,#2046,.F.);
#5809 = ORIENTED_EDGE('',*,*,#5777,.F.);
#5810 = PLANE('',#5811);
#5811 = AXIS2_PLACEMENT_3D('',#5812,#5813,#5814);
#5812 = CARTESIAN_POINT('',(55.665271659325,53.878744493392,23.05));
#5813 = DIRECTION('',(-0.947446448276,-0.319914406755,0.));
#5814 = DIRECTION('',(-0.319914406755,0.947446448276,0.));
#5815 = ADVANCED_FACE('',(#5816),#5827,.F.);
#5816 = FACE_BOUND('',#5817,.F.);
#5817 = EDGE_LOOP('',(#5818,#5824,#5825,#5826));
#5818 = ORIENTED_EDGE('',*,*,#5819,.F.);
#5819 = EDGE_CURVE('',#5569,#5796,#5820,.T.);
#5820 = LINE('',#5821,#5822);
#5821 = CARTESIAN_POINT('',(57.600367107195,53.878744493392,23.05));
#5822 = VECTOR('',#5823,1.);
#5823 = DIRECTION('',(-1.,1.224646799147E-16,0.));
#5824 = ORIENTED_EDGE('',*,*,#5583,.T.);
#5825 = ORIENTED_EDGE('',*,*,#2038,.F.);
#5826 = ORIENTED_EDGE('',*,*,#5803,.F.);
#5827 = PLANE('',#5828);
#5828 = AXIS2_PLACEMENT_3D('',#5829,#5830,#5831);
#5829 = CARTESIAN_POINT('',(57.600367107195,53.878744493392,23.05));
#5830 = DIRECTION('',(-1.224646799147E-16,-1.,0.));
#5831 = DIRECTION('',(-1.,1.224646799147E-16,0.));
#5832 = ADVANCED_FACE('',(#5833),#5858,.F.);
#5833 = FACE_BOUND('',#5834,.F.);
#5834 = EDGE_LOOP('',(#5835,#5845,#5851,#5852));
#5835 = ORIENTED_EDGE('',*,*,#5836,.F.);
#5836 = EDGE_CURVE('',#5837,#5839,#5841,.T.);
#5837 = VERTEX_POINT('',#5838);
#5838 = CARTESIAN_POINT('',(57.607635829662,60.651982378855,23.05));
#5839 = VERTEX_POINT('',#5840);
#5840 = CARTESIAN_POINT('',(59.74140969163,60.651982378855,23.05));
#5841 = LINE('',#5842,#5843);
#5842 = CARTESIAN_POINT('',(57.607635829662,60.651982378855,23.05));
#5843 = VECTOR('',#5844,1.);
#5844 = DIRECTION('',(1.,-1.224646799147E-16,0.));
#5845 = ORIENTED_EDGE('',*,*,#5846,.T.);
#5846 = EDGE_CURVE('',#5837,#2133,#5847,.T.);
#5847 = LINE('',#5848,#5849);
#5848 = CARTESIAN_POINT('',(57.607635829662,60.651982378855,23.05));
#5849 = VECTOR('',#5850,1.);
#5850 = DIRECTION('',(0.,0.,1.));
#5851 = ORIENTED_EDGE('',*,*,#2130,.F.);
#5852 = ORIENTED_EDGE('',*,*,#5853,.F.);
#5853 = EDGE_CURVE('',#5839,#2131,#5854,.T.);
#5854 = LINE('',#5855,#5856);
#5855 = CARTESIAN_POINT('',(59.74140969163,60.651982378855,23.05));
#5856 = VECTOR('',#5857,1.);
#5857 = DIRECTION('',(0.,0.,1.));
#5858 = PLANE('',#5859);
#5859 = AXIS2_PLACEMENT_3D('',#5860,#5861,#5862);
#5860 = CARTESIAN_POINT('',(57.607635829662,60.651982378855,23.05));
#5861 = DIRECTION('',(1.224646799147E-16,1.,0.));
#5862 = DIRECTION('',(1.,-1.224646799147E-16,0.));
#5863 = ADVANCED_FACE('',(#5864),#5882,.F.);
#5864 = FACE_BOUND('',#5865,.F.);
#5865 = EDGE_LOOP('',(#5866,#5874,#5880,#5881));
#5866 = ORIENTED_EDGE('',*,*,#5867,.F.);
#5867 = EDGE_CURVE('',#5868,#5837,#5870,.T.);
#5868 = VERTEX_POINT('',#5869);
#5869 = CARTESIAN_POINT('',(60.721475770925,55.714500734214,23.05));
#5870 = LINE('',#5871,#5872);
#5871 = CARTESIAN_POINT('',(60.721475770925,55.714500734214,23.05));
#5872 = VECTOR('',#5873,1.);
#5873 = DIRECTION('',(-0.533433284243,0.845842143229,0.));
#5874 = ORIENTED_EDGE('',*,*,#5875,.T.);
#5875 = EDGE_CURVE('',#5868,#2233,#5876,.T.);
#5876 = LINE('',#5877,#5878);
#5877 = CARTESIAN_POINT('',(60.721475770925,55.714500734214,23.05));
#5878 = VECTOR('',#5879,1.);
#5879 = DIRECTION('',(0.,0.,1.));
#5880 = ORIENTED_EDGE('',*,*,#2240,.F.);
#5881 = ORIENTED_EDGE('',*,*,#5846,.F.);
#5882 = PLANE('',#5883);
#5883 = AXIS2_PLACEMENT_3D('',#5884,#5885,#5886);
#5884 = CARTESIAN_POINT('',(60.721475770925,55.714500734214,23.05));
#5885 = DIRECTION('',(-0.845842143229,-0.533433284243,0.));
#5886 = DIRECTION('',(-0.533433284243,0.845842143229,0.));
#5887 = ADVANCED_FACE('',(#5888),#5906,.F.);
#5888 = FACE_BOUND('',#5889,.F.);
#5889 = EDGE_LOOP('',(#5890,#5898,#5904,#5905));
#5890 = ORIENTED_EDGE('',*,*,#5891,.F.);
#5891 = EDGE_CURVE('',#5892,#5868,#5894,.T.);
#5892 = VERTEX_POINT('',#5893);
#5893 = CARTESIAN_POINT('',(57.632268722467,51.794640234949,23.05));
#5894 = LINE('',#5895,#5896);
#5895 = CARTESIAN_POINT('',(57.632268722467,51.794640234949,23.05));
#5896 = VECTOR('',#5897,1.);
#5897 = DIRECTION('',(0.618975091566,0.785410616188,0.));
#5898 = ORIENTED_EDGE('',*,*,#5899,.T.);
#5899 = EDGE_CURVE('',#5892,#2225,#5900,.T.);
#5900 = LINE('',#5901,#5902);
#5901 = CARTESIAN_POINT('',(57.632268722467,51.794640234949,23.05));
#5902 = VECTOR('',#5903,1.);
#5903 = DIRECTION('',(0.,0.,1.));
#5904 = ORIENTED_EDGE('',*,*,#2232,.F.);
#5905 = ORIENTED_EDGE('',*,*,#5875,.F.);
#5906 = PLANE('',#5907);
#5907 = AXIS2_PLACEMENT_3D('',#5908,#5909,#5910);
#5908 = CARTESIAN_POINT('',(57.632268722467,51.794640234949,23.05));
#5909 = DIRECTION('',(-0.785410616188,0.618975091566,0.));
#5910 = DIRECTION('',(0.618975091566,0.785410616188,0.));
#5911 = ADVANCED_FACE('',(#5912),#5930,.F.);
#5912 = FACE_BOUND('',#5913,.F.);
#5913 = EDGE_LOOP('',(#5914,#5922,#5928,#5929));
#5914 = ORIENTED_EDGE('',*,*,#5915,.F.);
#5915 = EDGE_CURVE('',#5916,#5892,#5918,.T.);
#5916 = VERTEX_POINT('',#5917);
#5917 = CARTESIAN_POINT('',(59.71637298091,51.794640234949,23.05));
#5918 = LINE('',#5919,#5920);
#5919 = CARTESIAN_POINT('',(59.71637298091,51.794640234949,23.05));
#5920 = VECTOR('',#5921,1.);
#5921 = DIRECTION('',(-1.,1.224646799147E-16,0.));
#5922 = ORIENTED_EDGE('',*,*,#5923,.T.);
#5923 = EDGE_CURVE('',#5916,#2217,#5924,.T.);
#5924 = LINE('',#5925,#5926);
#5925 = CARTESIAN_POINT('',(59.71637298091,51.794640234949,23.05));
#5926 = VECTOR('',#5927,1.);
#5927 = DIRECTION('',(0.,0.,1.));
#5928 = ORIENTED_EDGE('',*,*,#2224,.F.);
#5929 = ORIENTED_EDGE('',*,*,#5899,.F.);
#5930 = PLANE('',#5931);
#5931 = AXIS2_PLACEMENT_3D('',#5932,#5933,#5934);
#5932 = CARTESIAN_POINT('',(59.71637298091,51.794640234949,23.05));
#5933 = DIRECTION('',(-1.224646799147E-16,-1.,0.));
#5934 = DIRECTION('',(-1.,1.224646799147E-16,0.));
#5935 = ADVANCED_FACE('',(#5936),#5954,.F.);
#5936 = FACE_BOUND('',#5937,.F.);
#5937 = EDGE_LOOP('',(#5938,#5946,#5952,#5953));
#5938 = ORIENTED_EDGE('',*,*,#5939,.F.);
#5939 = EDGE_CURVE('',#5940,#5916,#5942,.T.);
#5940 = VERTEX_POINT('',#5941);
#5941 = CARTESIAN_POINT('',(62.110609397944,54.809140969163,23.05));
#5942 = LINE('',#5943,#5944);
#5943 = CARTESIAN_POINT('',(62.110609397944,54.809140969163,23.05));
#5944 = VECTOR('',#5945,1.);
#5945 = DIRECTION('',(-0.621940795751,-0.783064267209,0.));
#5946 = ORIENTED_EDGE('',*,*,#5947,.T.);
#5947 = EDGE_CURVE('',#5940,#2207,#5948,.T.);
#5948 = LINE('',#5949,#5950);
#5949 = CARTESIAN_POINT('',(62.110609397944,54.809140969163,23.05));
#5950 = VECTOR('',#5951,1.);
#5951 = DIRECTION('',(0.,0.,1.));
#5952 = ORIENTED_EDGE('',*,*,#2216,.F.);
#5953 = ORIENTED_EDGE('',*,*,#5923,.F.);
#5954 = PLANE('',#5955);
#5955 = AXIS2_PLACEMENT_3D('',#5956,#5957,#5958);
#5956 = CARTESIAN_POINT('',(62.110609397944,54.809140969163,23.05));
#5957 = DIRECTION('',(0.783064267209,-0.621940795751,0.));
#5958 = DIRECTION('',(-0.621940795751,-0.783064267209,0.));
#5959 = ADVANCED_FACE('',(#5960),#5978,.F.);
#5960 = FACE_BOUND('',#5961,.F.);
#5961 = EDGE_LOOP('',(#5962,#5970,#5976,#5977));
#5962 = ORIENTED_EDGE('',*,*,#5963,.F.);
#5963 = EDGE_CURVE('',#5964,#5940,#5966,.T.);
#5964 = VERTEX_POINT('',#5965);
#5965 = CARTESIAN_POINT('',(62.482929515419,55.330066079295,23.05));
#5966 = B_SPLINE_CURVE_WITH_KNOTS('',2,(#5967,#5968,#5969),
  .UNSPECIFIED.,.F.,.F.,(3,3),(0.,1.),.PIECEWISE_BEZIER_KNOTS.);
#5967 = CARTESIAN_POINT('',(62.482929515419,55.330066079295,23.05));
#5968 = CARTESIAN_POINT('',(62.296769456681,55.069603524229,23.05));
#5969 = CARTESIAN_POINT('',(62.110609397944,54.809140969163,23.05));
#5970 = ORIENTED_EDGE('',*,*,#5971,.T.);
#5971 = EDGE_CURVE('',#5964,#2197,#5972,.T.);
#5972 = LINE('',#5973,#5974);
#5973 = CARTESIAN_POINT('',(62.482929515419,55.330066079295,23.05));
#5974 = VECTOR('',#5975,1.);
#5975 = DIRECTION('',(0.,0.,1.));
#5976 = ORIENTED_EDGE('',*,*,#2206,.F.);
#5977 = ORIENTED_EDGE('',*,*,#5947,.F.);
#5978 = SURFACE_OF_LINEAR_EXTRUSION('',#5979,#5983);
#5979 = B_SPLINE_CURVE_WITH_KNOTS('',2,(#5980,#5981,#5982),
  .UNSPECIFIED.,.F.,.F.,(3,3),(0.,1.),.PIECEWISE_BEZIER_KNOTS.);
#5980 = CARTESIAN_POINT('',(62.482929515419,55.330066079295,23.05));
#5981 = CARTESIAN_POINT('',(62.296769456681,55.069603524229,23.05));
#5982 = CARTESIAN_POINT('',(62.110609397944,54.809140969163,23.05));
#5983 = VECTOR('',#5984,1.);
#5984 = DIRECTION('',(0.,0.,-1.));
#5985 = ADVANCED_FACE('',(#5986),#6004,.F.);
#5986 = FACE_BOUND('',#5987,.F.);
#5987 = EDGE_LOOP('',(#5988,#5996,#6002,#6003));
#5988 = ORIENTED_EDGE('',*,*,#5989,.F.);
#5989 = EDGE_CURVE('',#5990,#5964,#5992,.T.);
#5990 = VERTEX_POINT('',#5991);
#5991 = CARTESIAN_POINT('',(62.854845814978,55.850991189427,23.05));
#5992 = B_SPLINE_CURVE_WITH_KNOTS('',2,(#5993,#5994,#5995),
  .UNSPECIFIED.,.F.,.F.,(3,3),(0.,1.),.PIECEWISE_BEZIER_KNOTS.);
#5993 = CARTESIAN_POINT('',(62.854845814978,55.850991189427,23.05));
#5994 = CARTESIAN_POINT('',(62.669089574156,55.590528634361,23.05));
#5995 = CARTESIAN_POINT('',(62.482929515419,55.330066079295,23.05));
#5996 = ORIENTED_EDGE('',*,*,#5997,.T.);
#5997 = EDGE_CURVE('',#5990,#2189,#5998,.T.);
#5998 = LINE('',#5999,#6000);
#5999 = CARTESIAN_POINT('',(62.854845814978,55.850991189427,23.05));
#6000 = VECTOR('',#6001,1.);
#6001 = DIRECTION('',(0.,0.,1.));
#6002 = ORIENTED_EDGE('',*,*,#2196,.F.);
#6003 = ORIENTED_EDGE('',*,*,#5971,.F.);
#6004 = SURFACE_OF_LINEAR_EXTRUSION('',#6005,#6009);
#6005 = B_SPLINE_CURVE_WITH_KNOTS('',2,(#6006,#6007,#6008),
  .UNSPECIFIED.,.F.,.F.,(3,3),(0.,1.),.PIECEWISE_BEZIER_KNOTS.);
#6006 = CARTESIAN_POINT('',(62.854845814978,55.850991189427,23.05));
#6007 = CARTESIAN_POINT('',(62.669089574156,55.590528634361,23.05));
#6008 = CARTESIAN_POINT('',(62.482929515419,55.330066079295,23.05));
#6009 = VECTOR('',#6010,1.);
#6010 = DIRECTION('',(0.,0.,-1.));
#6011 = ADVANCED_FACE('',(#6012),#6030,.F.);
#6012 = FACE_BOUND('',#6013,.F.);
#6013 = EDGE_LOOP('',(#6014,#6022,#6028,#6029));
#6014 = ORIENTED_EDGE('',*,*,#6015,.F.);
#6015 = EDGE_CURVE('',#6016,#5990,#6018,.T.);
#6016 = VERTEX_POINT('',#6017);
#6017 = CARTESIAN_POINT('',(62.854845814978,51.794640234949,23.05));
#6018 = LINE('',#6019,#6020);
#6019 = CARTESIAN_POINT('',(62.854845814978,51.794640234949,23.05));
#6020 = VECTOR('',#6021,1.);
#6021 = DIRECTION('',(1.224646799147E-16,1.,0.));
#6022 = ORIENTED_EDGE('',*,*,#6023,.T.);
#6023 = EDGE_CURVE('',#6016,#2181,#6024,.T.);
#6024 = LINE('',#6025,#6026);
#6025 = CARTESIAN_POINT('',(62.854845814978,51.794640234949,23.05));
#6026 = VECTOR('',#6027,1.);
#6027 = DIRECTION('',(0.,0.,1.));
#6028 = ORIENTED_EDGE('',*,*,#2188,.F.);
#6029 = ORIENTED_EDGE('',*,*,#5997,.F.);
#6030 = PLANE('',#6031);
#6031 = AXIS2_PLACEMENT_3D('',#6032,#6033,#6034);
#6032 = CARTESIAN_POINT('',(62.854845814978,51.794640234949,23.05));
#6033 = DIRECTION('',(-1.,1.224646799147E-16,0.));
#6034 = DIRECTION('',(1.224646799147E-16,1.,0.));
#6035 = ADVANCED_FACE('',(#6036),#6054,.F.);
#6036 = FACE_BOUND('',#6037,.F.);
#6037 = EDGE_LOOP('',(#6038,#6046,#6052,#6053));
#6038 = ORIENTED_EDGE('',*,*,#6039,.F.);
#6039 = EDGE_CURVE('',#6040,#6016,#6042,.T.);
#6040 = VERTEX_POINT('',#6041);
#6041 = CARTESIAN_POINT('',(64.72815712188,51.794640234949,23.05));
#6042 = LINE('',#6043,#6044);
#6043 = CARTESIAN_POINT('',(64.72815712188,51.794640234949,23.05));
#6044 = VECTOR('',#6045,1.);
#6045 = DIRECTION('',(-1.,1.224646799147E-16,0.));
#6046 = ORIENTED_EDGE('',*,*,#6047,.T.);
#6047 = EDGE_CURVE('',#6040,#2173,#6048,.T.);
#6048 = LINE('',#6049,#6050);
#6049 = CARTESIAN_POINT('',(64.72815712188,51.794640234949,23.05));
#6050 = VECTOR('',#6051,1.);
#6051 = DIRECTION('',(0.,0.,1.));
#6052 = ORIENTED_EDGE('',*,*,#2180,.F.);
#6053 = ORIENTED_EDGE('',*,*,#6023,.F.);
#6054 = PLANE('',#6055);
#6055 = AXIS2_PLACEMENT_3D('',#6056,#6057,#6058);
#6056 = CARTESIAN_POINT('',(64.72815712188,51.794640234949,23.05));
#6057 = DIRECTION('',(-1.224646799147E-16,-1.,0.));
#6058 = DIRECTION('',(-1.,1.224646799147E-16,0.));
#6059 = ADVANCED_FACE('',(#6060),#6078,.F.);
#6060 = FACE_BOUND('',#6061,.F.);
#6061 = EDGE_LOOP('',(#6062,#6070,#6076,#6077));
#6062 = ORIENTED_EDGE('',*,*,#6063,.F.);
#6063 = EDGE_CURVE('',#6064,#6040,#6066,.T.);
#6064 = VERTEX_POINT('',#6065);
#6065 = CARTESIAN_POINT('',(64.72815712188,60.651982378855,23.05));
#6066 = LINE('',#6067,#6068);
#6067 = CARTESIAN_POINT('',(64.72815712188,60.651982378855,23.05));
#6068 = VECTOR('',#6069,1.);
#6069 = DIRECTION('',(-1.224646799147E-16,-1.,0.));
#6070 = ORIENTED_EDGE('',*,*,#6071,.T.);
#6071 = EDGE_CURVE('',#6064,#2165,#6072,.T.);
#6072 = LINE('',#6073,#6074);
#6073 = CARTESIAN_POINT('',(64.72815712188,60.651982378855,23.05));
#6074 = VECTOR('',#6075,1.);
#6075 = DIRECTION('',(0.,0.,1.));
#6076 = ORIENTED_EDGE('',*,*,#2172,.F.);
#6077 = ORIENTED_EDGE('',*,*,#6047,.F.);
#6078 = PLANE('',#6079);
#6079 = AXIS2_PLACEMENT_3D('',#6080,#6081,#6082);
#6080 = CARTESIAN_POINT('',(64.72815712188,60.651982378855,23.05));
#6081 = DIRECTION('',(1.,-1.224646799147E-16,0.));
#6082 = DIRECTION('',(-1.224646799147E-16,-1.,0.));
#6083 = ADVANCED_FACE('',(#6084),#6102,.F.);
#6084 = FACE_BOUND('',#6085,.F.);
#6085 = EDGE_LOOP('',(#6086,#6094,#6100,#6101));
#6086 = ORIENTED_EDGE('',*,*,#6087,.F.);
#6087 = EDGE_CURVE('',#6088,#6064,#6090,.T.);
#6088 = VERTEX_POINT('',#6089);
#6089 = CARTESIAN_POINT('',(62.854845814978,60.651982378855,23.05));
#6090 = LINE('',#6091,#6092);
#6091 = CARTESIAN_POINT('',(62.854845814978,60.651982378855,23.05));
#6092 = VECTOR('',#6093,1.);
#6093 = DIRECTION('',(1.,-1.224646799147E-16,0.));
#6094 = ORIENTED_EDGE('',*,*,#6095,.T.);
#6095 = EDGE_CURVE('',#6088,#2157,#6096,.T.);
#6096 = LINE('',#6097,#6098);
#6097 = CARTESIAN_POINT('',(62.854845814978,60.651982378855,23.05));
#6098 = VECTOR('',#6099,1.);
#6099 = DIRECTION('',(0.,0.,1.));
#6100 = ORIENTED_EDGE('',*,*,#2164,.F.);
#6101 = ORIENTED_EDGE('',*,*,#6071,.F.);
#6102 = PLANE('',#6103);
#6103 = AXIS2_PLACEMENT_3D('',#6104,#6105,#6106);
#6104 = CARTESIAN_POINT('',(62.854845814978,60.651982378855,23.05));
#6105 = DIRECTION('',(1.224646799147E-16,1.,0.));
#6106 = DIRECTION('',(1.,-1.224646799147E-16,0.));
#6107 = ADVANCED_FACE('',(#6108),#6126,.F.);
#6108 = FACE_BOUND('',#6109,.F.);
#6109 = EDGE_LOOP('',(#6110,#6118,#6124,#6125));
#6110 = ORIENTED_EDGE('',*,*,#6111,.F.);
#6111 = EDGE_CURVE('',#6112,#6088,#6114,.T.);
#6112 = VERTEX_POINT('',#6113);
#6113 = CARTESIAN_POINT('',(62.854845814978,57.488472834068,23.05));
#6114 = LINE('',#6115,#6116);
#6115 = CARTESIAN_POINT('',(62.854845814978,57.488472834068,23.05));
#6116 = VECTOR('',#6117,1.);
#6117 = DIRECTION('',(1.224646799147E-16,1.,0.));
#6118 = ORIENTED_EDGE('',*,*,#6119,.T.);
#6119 = EDGE_CURVE('',#6112,#2149,#6120,.T.);
#6120 = LINE('',#6121,#6122);
#6121 = CARTESIAN_POINT('',(62.854845814978,57.488472834068,23.05));
#6122 = VECTOR('',#6123,1.);
#6123 = DIRECTION('',(0.,0.,1.));
#6124 = ORIENTED_EDGE('',*,*,#2156,.F.);
#6125 = ORIENTED_EDGE('',*,*,#6095,.F.);
#6126 = PLANE('',#6127);
#6127 = AXIS2_PLACEMENT_3D('',#6128,#6129,#6130);
#6128 = CARTESIAN_POINT('',(62.854845814978,57.488472834068,23.05));
#6129 = DIRECTION('',(-1.,1.224646799147E-16,0.));
#6130 = DIRECTION('',(1.224646799147E-16,1.,0.));
#6131 = ADVANCED_FACE('',(#6132),#6150,.F.);
#6132 = FACE_BOUND('',#6133,.F.);
#6133 = EDGE_LOOP('',(#6134,#6142,#6148,#6149));
#6134 = ORIENTED_EDGE('',*,*,#6135,.F.);
#6135 = EDGE_CURVE('',#6136,#6112,#6138,.T.);
#6136 = VERTEX_POINT('',#6137);
#6137 = CARTESIAN_POINT('',(62.06093979442,56.917878120411,23.05));
#6138 = LINE('',#6139,#6140);
#6139 = CARTESIAN_POINT('',(62.06093979442,56.917878120411,23.05));
#6140 = VECTOR('',#6141,1.);
#6141 = DIRECTION('',(0.81202760531,0.583619026604,0.));
#6142 = ORIENTED_EDGE('',*,*,#6143,.T.);
#6143 = EDGE_CURVE('',#6136,#2141,#6144,.T.);
#6144 = LINE('',#6145,#6146);
#6145 = CARTESIAN_POINT('',(62.06093979442,56.917878120411,23.05));
#6146 = VECTOR('',#6147,1.);
#6147 = DIRECTION('',(0.,0.,1.));
#6148 = ORIENTED_EDGE('',*,*,#2148,.F.);
#6149 = ORIENTED_EDGE('',*,*,#6119,.F.);
#6150 = PLANE('',#6151);
#6151 = AXIS2_PLACEMENT_3D('',#6152,#6153,#6154);
#6152 = CARTESIAN_POINT('',(62.06093979442,56.917878120411,23.05));
#6153 = DIRECTION('',(-0.583619026604,0.81202760531,0.));
#6154 = DIRECTION('',(0.81202760531,0.583619026604,0.));
#6155 = ADVANCED_FACE('',(#6156),#6167,.F.);
#6156 = FACE_BOUND('',#6157,.F.);
#6157 = EDGE_LOOP('',(#6158,#6164,#6165,#6166));
#6158 = ORIENTED_EDGE('',*,*,#6159,.F.);
#6159 = EDGE_CURVE('',#5839,#6136,#6160,.T.);
#6160 = LINE('',#6161,#6162);
#6161 = CARTESIAN_POINT('',(59.74140969163,60.651982378855,23.05));
#6162 = VECTOR('',#6163,1.);
#6163 = DIRECTION('',(0.527660102352,-0.849455600009,0.));
#6164 = ORIENTED_EDGE('',*,*,#5853,.T.);
#6165 = ORIENTED_EDGE('',*,*,#2140,.F.);
#6166 = ORIENTED_EDGE('',*,*,#6143,.F.);
#6167 = PLANE('',#6168);
#6168 = AXIS2_PLACEMENT_3D('',#6169,#6170,#6171);
#6169 = CARTESIAN_POINT('',(59.74140969163,60.651982378855,23.05));
#6170 = DIRECTION('',(0.849455600009,0.527660102352,0.));
#6171 = DIRECTION('',(0.527660102352,-0.849455600009,0.));
#6172 = ADVANCED_FACE('',(#6173,#6176),#6187,.F.);
#6173 = FACE_BOUND('',#6174,.F.);
#6174 = EDGE_LOOP('',(#6175));
#6175 = ORIENTED_EDGE('',*,*,#2371,.T.);
#6176 = FACE_BOUND('',#6177,.F.);
#6177 = EDGE_LOOP('',(#6178));
#6178 = ORIENTED_EDGE('',*,*,#6179,.F.);
#6179 = EDGE_CURVE('',#6180,#6180,#6182,.T.);
#6180 = VERTEX_POINT('',#6181);
#6181 = CARTESIAN_POINT('',(4.6,3.5,1.31));
#6182 = CIRCLE('',#6183,1.1);
#6183 = AXIS2_PLACEMENT_3D('',#6184,#6185,#6186);
#6184 = CARTESIAN_POINT('',(3.5,3.5,1.31));
#6185 = DIRECTION('',(0.,0.,1.));
#6186 = DIRECTION('',(1.,0.,-0.));
#6187 = PLANE('',#6188);
#6188 = AXIS2_PLACEMENT_3D('',#6189,#6190,#6191);
#6189 = CARTESIAN_POINT('',(3.5,3.5,1.31));
#6190 = DIRECTION('',(0.,0.,1.));
#6191 = DIRECTION('',(1.,0.,-0.));
#6192 = ADVANCED_FACE('',(#6193,#6196),#6207,.F.);
#6193 = FACE_BOUND('',#6194,.F.);
#6194 = EDGE_LOOP('',(#6195));
#6195 = ORIENTED_EDGE('',*,*,#2395,.T.);
#6196 = FACE_BOUND('',#6197,.F.);
#6197 = EDGE_LOOP('',(#6198));
#6198 = ORIENTED_EDGE('',*,*,#6199,.F.);
#6199 = EDGE_CURVE('',#6200,#6200,#6202,.T.);
#6200 = VERTEX_POINT('',#6201);
#6201 = CARTESIAN_POINT('',(44.485,11.3,22.6));
#6202 = CIRCLE('',#6203,3.485);
#6203 = AXIS2_PLACEMENT_3D('',#6204,#6205,#6206);
#6204 = CARTESIAN_POINT('',(41.,11.3,22.6));
#6205 = DIRECTION('',(0.,0.,1.));
#6206 = DIRECTION('',(1.,0.,-0.));
#6207 = PLANE('',#6208);
#6208 = AXIS2_PLACEMENT_3D('',#6209,#6210,#6211);
#6209 = CARTESIAN_POINT('',(41.,11.3,22.6));
#6210 = DIRECTION('',(0.,0.,1.));
#6211 = DIRECTION('',(1.,0.,-0.));
#6212 = ADVANCED_FACE('',(#6213,#6216),#6227,.F.);
#6213 = FACE_BOUND('',#6214,.F.);
#6214 = EDGE_LOOP('',(#6215));
#6215 = ORIENTED_EDGE('',*,*,#2421,.T.);
#6216 = FACE_BOUND('',#6217,.F.);
#6217 = EDGE_LOOP('',(#6218));
#6218 = ORIENTED_EDGE('',*,*,#6219,.F.);
#6219 = EDGE_CURVE('',#6220,#6220,#6222,.T.);
#6220 = VERTEX_POINT('',#6221);
#6221 = CARTESIAN_POINT('',(29.45,21.8,16.24));
#6222 = CIRCLE('',#6223,0.85);
#6223 = AXIS2_PLACEMENT_3D('',#6224,#6225,#6226);
#6224 = CARTESIAN_POINT('',(28.6,21.8,16.24));
#6225 = DIRECTION('',(0.,0.,1.));
#6226 = DIRECTION('',(1.,0.,-0.));
#6227 = PLANE('',#6228);
#6228 = AXIS2_PLACEMENT_3D('',#6229,#6230,#6231);
#6229 = CARTESIAN_POINT('',(28.6,21.8,16.24));
#6230 = DIRECTION('',(0.,0.,1.));
#6231 = DIRECTION('',(1.,0.,-0.));
#6232 = ADVANCED_FACE('',(#6233,#6236),#6247,.F.);
#6233 = FACE_BOUND('',#6234,.F.);
#6234 = EDGE_LOOP('',(#6235));
#6235 = ORIENTED_EDGE('',*,*,#2446,.T.);
#6236 = FACE_BOUND('',#6237,.F.);
#6237 = EDGE_LOOP('',(#6238));
#6238 = ORIENTED_EDGE('',*,*,#6239,.F.);
#6239 = EDGE_CURVE('',#6240,#6240,#6242,.T.);
#6240 = VERTEX_POINT('',#6241);
#6241 = CARTESIAN_POINT('',(41.95,21.8,16.24));
#6242 = CIRCLE('',#6243,0.85);
#6243 = AXIS2_PLACEMENT_3D('',#6244,#6245,#6246);
#6244 = CARTESIAN_POINT('',(41.1,21.8,16.24));
#6245 = DIRECTION('',(0.,0.,1.));
#6246 = DIRECTION('',(1.,0.,-0.));
#6247 = PLANE('',#6248);
#6248 = AXIS2_PLACEMENT_3D('',#6249,#6250,#6251);
#6249 = CARTESIAN_POINT('',(41.1,21.8,16.24));
#6250 = DIRECTION('',(0.,0.,1.));
#6251 = DIRECTION('',(1.,0.,-0.));
#6252 = ADVANCED_FACE('',(#6253,#6256),#6267,.F.);
#6253 = FACE_BOUND('',#6254,.F.);
#6254 = EDGE_LOOP('',(#6255));
#6255 = ORIENTED_EDGE('',*,*,#2607,.T.);
#6256 = FACE_BOUND('',#6257,.F.);
#6257 = EDGE_LOOP('',(#6258));
#6258 = ORIENTED_EDGE('',*,*,#6259,.F.);
#6259 = EDGE_CURVE('',#6260,#6260,#6262,.T.);
#6260 = VERTEX_POINT('',#6261);
#6261 = CARTESIAN_POINT('',(62.6,3.5,1.31));
#6262 = CIRCLE('',#6263,1.1);
#6263 = AXIS2_PLACEMENT_3D('',#6264,#6265,#6266);
#6264 = CARTESIAN_POINT('',(61.5,3.5,1.31));
#6265 = DIRECTION('',(0.,0.,1.));
#6266 = DIRECTION('',(1.,0.,-0.));
#6267 = PLANE('',#6268);
#6268 = AXIS2_PLACEMENT_3D('',#6269,#6270,#6271);
#6269 = CARTESIAN_POINT('',(61.5,3.5,1.31));
#6270 = DIRECTION('',(0.,0.,1.));
#6271 = DIRECTION('',(1.,0.,-0.));
#6272 = ADVANCED_FACE('',(#6273,#6276),#6287,.F.);
#6273 = FACE_BOUND('',#6274,.F.);
#6274 = EDGE_LOOP('',(#6275));
#6275 = ORIENTED_EDGE('',*,*,#2948,.T.);
#6276 = FACE_BOUND('',#6277,.F.);
#6277 = EDGE_LOOP('',(#6278));
#6278 = ORIENTED_EDGE('',*,*,#6279,.F.);
#6279 = EDGE_CURVE('',#6280,#6280,#6282,.T.);
#6280 = VERTEX_POINT('',#6281);
#6281 = CARTESIAN_POINT('',(4.6,52.5,1.31));
#6282 = CIRCLE('',#6283,1.1);
#6283 = AXIS2_PLACEMENT_3D('',#6284,#6285,#6286);
#6284 = CARTESIAN_POINT('',(3.5,52.5,1.31));
#6285 = DIRECTION('',(0.,0.,1.));
#6286 = DIRECTION('',(1.,0.,-0.));
#6287 = PLANE('',#6288);
#6288 = AXIS2_PLACEMENT_3D('',#6289,#6290,#6291);
#6289 = CARTESIAN_POINT('',(3.5,52.5,1.31));
#6290 = DIRECTION('',(0.,0.,1.));
#6291 = DIRECTION('',(1.,0.,-0.));
#6292 = ADVANCED_FACE('',(#6293),#6319,.F.);
#6293 = FACE_BOUND('',#6294,.F.);
#6294 = EDGE_LOOP('',(#6295,#6296,#6297,#6298,#6299,#6300,#6301,#6302,
    #6303,#6304,#6305,#6306,#6307,#6308,#6309,#6310,#6311,#6312,#6313,
    #6314,#6315,#6316,#6317,#6318));
#6295 = ORIENTED_EDGE('',*,*,#2998,.F.);
#6296 = ORIENTED_EDGE('',*,*,#2972,.T.);
#6297 = ORIENTED_EDGE('',*,*,#3020,.T.);
#6298 = ORIENTED_EDGE('',*,*,#3077,.F.);
#6299 = ORIENTED_EDGE('',*,*,#3120,.T.);
#6300 = ORIENTED_EDGE('',*,*,#3167,.T.);
#6301 = ORIENTED_EDGE('',*,*,#3215,.F.);
#6302 = ORIENTED_EDGE('',*,*,#3273,.F.);
#6303 = ORIENTED_EDGE('',*,*,#3320,.F.);
#6304 = ORIENTED_EDGE('',*,*,#3369,.F.);
#6305 = ORIENTED_EDGE('',*,*,#3419,.F.);
#6306 = ORIENTED_EDGE('',*,*,#3477,.F.);
#6307 = ORIENTED_EDGE('',*,*,#3502,.T.);
#6308 = ORIENTED_EDGE('',*,*,#3568,.F.);
#6309 = ORIENTED_EDGE('',*,*,#3533,.T.);
#6310 = ORIENTED_EDGE('',*,*,#3460,.F.);
#6311 = ORIENTED_EDGE('',*,*,#3394,.T.);
#6312 = ORIENTED_EDGE('',*,*,#3337,.F.);
#6313 = ORIENTED_EDGE('',*,*,#3297,.T.);
#6314 = ORIENTED_EDGE('',*,*,#3247,.F.);
#6315 = ORIENTED_EDGE('',*,*,#3193,.F.);
#6316 = ORIENTED_EDGE('',*,*,#3151,.T.);
#6317 = ORIENTED_EDGE('',*,*,#3094,.F.);
#6318 = ORIENTED_EDGE('',*,*,#3045,.F.);
#6319 = PLANE('',#6320);
#6320 = AXIS2_PLACEMENT_3D('',#6321,#6322,#6323);
#6321 = CARTESIAN_POINT('',(-0.75,-1.75,19.15));
#6322 = DIRECTION('',(0.,0.,1.));
#6323 = DIRECTION('',(1.,0.,-0.));
#6324 = ADVANCED_FACE('',(#6325,#6328),#6339,.F.);
#6325 = FACE_BOUND('',#6326,.F.);
#6326 = EDGE_LOOP('',(#6327));
#6327 = ORIENTED_EDGE('',*,*,#3443,.T.);
#6328 = FACE_BOUND('',#6329,.F.);
#6329 = EDGE_LOOP('',(#6330));
#6330 = ORIENTED_EDGE('',*,*,#6331,.F.);
#6331 = EDGE_CURVE('',#6332,#6332,#6334,.T.);
#6332 = VERTEX_POINT('',#6333);
#6333 = CARTESIAN_POINT('',(29.45,0.8,16.24));
#6334 = CIRCLE('',#6335,0.85);
#6335 = AXIS2_PLACEMENT_3D('',#6336,#6337,#6338);
#6336 = CARTESIAN_POINT('',(28.6,0.8,16.24));
#6337 = DIRECTION('',(0.,0.,1.));
#6338 = DIRECTION('',(1.,0.,-0.));
#6339 = PLANE('',#6340);
#6340 = AXIS2_PLACEMENT_3D('',#6341,#6342,#6343);
#6341 = CARTESIAN_POINT('',(28.6,0.8,16.24));
#6342 = DIRECTION('',(0.,0.,1.));
#6343 = DIRECTION('',(1.,0.,-0.));
#6344 = ADVANCED_FACE('',(#6345,#6348),#6359,.F.);
#6345 = FACE_BOUND('',#6346,.F.);
#6346 = EDGE_LOOP('',(#6347));
#6347 = ORIENTED_EDGE('',*,*,#3558,.T.);
#6348 = FACE_BOUND('',#6349,.F.);
#6349 = EDGE_LOOP('',(#6350));
#6350 = ORIENTED_EDGE('',*,*,#6351,.F.);
#6351 = EDGE_CURVE('',#6352,#6352,#6354,.T.);
#6352 = VERTEX_POINT('',#6353);
#6353 = CARTESIAN_POINT('',(41.95,0.8,16.24));
#6354 = CIRCLE('',#6355,0.85);
#6355 = AXIS2_PLACEMENT_3D('',#6356,#6357,#6358);
#6356 = CARTESIAN_POINT('',(41.1,0.8,16.24));
#6357 = DIRECTION('',(0.,0.,1.));
#6358 = DIRECTION('',(1.,0.,-0.));
#6359 = PLANE('',#6360);
#6360 = AXIS2_PLACEMENT_3D('',#6361,#6362,#6363);
#6361 = CARTESIAN_POINT('',(41.1,0.8,16.24));
#6362 = DIRECTION('',(0.,0.,1.));
#6363 = DIRECTION('',(1.,0.,-0.));
#6364 = ADVANCED_FACE('',(#6365,#6368),#6379,.F.);
#6365 = FACE_BOUND('',#6366,.F.);
#6366 = EDGE_LOOP('',(#6367));
#6367 = ORIENTED_EDGE('',*,*,#3593,.T.);
#6368 = FACE_BOUND('',#6369,.F.);
#6369 = EDGE_LOOP('',(#6370));
#6370 = ORIENTED_EDGE('',*,*,#6371,.F.);
#6371 = EDGE_CURVE('',#6372,#6372,#6374,.T.);
#6372 = VERTEX_POINT('',#6373);
#6373 = CARTESIAN_POINT('',(62.6,52.5,1.31));
#6374 = CIRCLE('',#6375,1.1);
#6375 = AXIS2_PLACEMENT_3D('',#6376,#6377,#6378);
#6376 = CARTESIAN_POINT('',(61.5,52.5,1.31));
#6377 = DIRECTION('',(0.,0.,1.));
#6378 = DIRECTION('',(1.,0.,-0.));
#6379 = PLANE('',#6380);
#6380 = AXIS2_PLACEMENT_3D('',#6381,#6382,#6383);
#6381 = CARTESIAN_POINT('',(61.5,52.5,1.31));
#6382 = DIRECTION('',(0.,0.,1.));
#6383 = DIRECTION('',(1.,0.,-0.));
#6384 = ADVANCED_FACE('',(#6385),#6391,.F.);
#6385 = FACE_BOUND('',#6386,.F.);
#6386 = EDGE_LOOP('',(#6387,#6388,#6389,#6390));
#6387 = ORIENTED_EDGE('',*,*,#3665,.F.);
#6388 = ORIENTED_EDGE('',*,*,#3617,.T.);
#6389 = ORIENTED_EDGE('',*,*,#3641,.T.);
#6390 = ORIENTED_EDGE('',*,*,#3689,.F.);
#6391 = PLANE('',#6392);
#6392 = AXIS2_PLACEMENT_3D('',#6393,#6394,#6395);
#6393 = CARTESIAN_POINT('',(37.07,57.85,16.916434084913));
#6394 = DIRECTION('',(0.,0.,1.));
#6395 = DIRECTION('',(1.,0.,-0.));
#6396 = ADVANCED_FACE('',(#6397),#6408,.F.);
#6397 = FACE_BOUND('',#6398,.F.);
#6398 = EDGE_LOOP('',(#6399,#6400,#6406,#6407));
#6399 = ORIENTED_EDGE('',*,*,#3794,.F.);
#6400 = ORIENTED_EDGE('',*,*,#6401,.F.);
#6401 = EDGE_CURVE('',#6200,#3787,#6402,.T.);
#6402 = LINE('',#6403,#6404);
#6403 = CARTESIAN_POINT('',(44.485,11.3,21.45));
#6404 = VECTOR('',#6405,1.);
#6405 = DIRECTION('',(0.,0.,1.));
#6406 = ORIENTED_EDGE('',*,*,#6199,.T.);
#6407 = ORIENTED_EDGE('',*,*,#6401,.T.);
#6408 = CYLINDRICAL_SURFACE('',#6409,3.485);
#6409 = AXIS2_PLACEMENT_3D('',#6410,#6411,#6412);
#6410 = CARTESIAN_POINT('',(41.,11.3,21.45));
#6411 = DIRECTION('',(0.,0.,1.));
#6412 = DIRECTION('',(1.,0.,-0.));
#6413 = ADVANCED_FACE('',(#6414),#6428,.T.);
#6414 = FACE_BOUND('',#6415,.F.);
#6415 = EDGE_LOOP('',(#6416,#6417,#6418,#6419,#6420,#6421,#6422,#6423,
    #6424,#6425,#6426,#6427));
#6416 = ORIENTED_EDGE('',*,*,#3810,.T.);
#6417 = ORIENTED_EDGE('',*,*,#4081,.T.);
#6418 = ORIENTED_EDGE('',*,*,#4057,.T.);
#6419 = ORIENTED_EDGE('',*,*,#4033,.T.);
#6420 = ORIENTED_EDGE('',*,*,#4009,.T.);
#6421 = ORIENTED_EDGE('',*,*,#3985,.T.);
#6422 = ORIENTED_EDGE('',*,*,#3961,.T.);
#6423 = ORIENTED_EDGE('',*,*,#3937,.T.);
#6424 = ORIENTED_EDGE('',*,*,#3913,.T.);
#6425 = ORIENTED_EDGE('',*,*,#3889,.T.);
#6426 = ORIENTED_EDGE('',*,*,#3865,.T.);
#6427 = ORIENTED_EDGE('',*,*,#3841,.T.);
#6428 = PLANE('',#6429);
#6429 = AXIS2_PLACEMENT_3D('',#6430,#6431,#6432);
#6430 = CARTESIAN_POINT('',(22.287701908957,56.223311306902,23.05));
#6431 = DIRECTION('',(0.,0.,1.));
#6432 = DIRECTION('',(-1.,1.224646799147E-16,0.));
#6433 = ADVANCED_FACE('',(#6434,#6444),#6518,.T.);
#6434 = FACE_BOUND('',#6435,.F.);
#6435 = EDGE_LOOP('',(#6436,#6437,#6438,#6439,#6440,#6441,#6442,#6443));
#6436 = ORIENTED_EDGE('',*,*,#4098,.T.);
#6437 = ORIENTED_EDGE('',*,*,#4273,.T.);
#6438 = ORIENTED_EDGE('',*,*,#4249,.T.);
#6439 = ORIENTED_EDGE('',*,*,#4225,.T.);
#6440 = ORIENTED_EDGE('',*,*,#4201,.T.);
#6441 = ORIENTED_EDGE('',*,*,#4177,.T.);
#6442 = ORIENTED_EDGE('',*,*,#4153,.T.);
#6443 = ORIENTED_EDGE('',*,*,#4129,.T.);
#6444 = FACE_BOUND('',#6445,.F.);
#6445 = EDGE_LOOP('',(#6446,#6456,#6464,#6472,#6480,#6488,#6496,#6504,
    #6512));
#6446 = ORIENTED_EDGE('',*,*,#6447,.T.);
#6447 = EDGE_CURVE('',#6448,#6450,#6452,.T.);
#6448 = VERTEX_POINT('',#6449);
#6449 = CARTESIAN_POINT('',(28.454001468429,54.908480176211,23.05));
#6450 = VERTEX_POINT('',#6451);
#6451 = CARTESIAN_POINT('',(28.615528634361,54.37503671072,23.05));
#6452 = B_SPLINE_CURVE_WITH_KNOTS('',2,(#6453,#6454,#6455),
  .UNSPECIFIED.,.F.,.F.,(3,3),(0.,1.),.PIECEWISE_BEZIER_KNOTS.);
#6453 = CARTESIAN_POINT('',(28.454001468429,54.908480176211,23.05));
#6454 = CARTESIAN_POINT('',(28.516189427313,54.697283406755,23.05));
#6455 = CARTESIAN_POINT('',(28.615528634361,54.37503671072,23.05));
#6456 = ORIENTED_EDGE('',*,*,#6457,.T.);
#6457 = EDGE_CURVE('',#6450,#6458,#6460,.T.);
#6458 = VERTEX_POINT('',#6459);
#6459 = CARTESIAN_POINT('',(28.813803230543,53.717621145374,23.05));
#6460 = B_SPLINE_CURVE_WITH_KNOTS('',2,(#6461,#6462,#6463),
  .UNSPECIFIED.,.F.,.F.,(3,3),(0.,1.),.PIECEWISE_BEZIER_KNOTS.);
#6461 = CARTESIAN_POINT('',(28.615528634361,54.37503671072,23.05));
#6462 = CARTESIAN_POINT('',(28.714464023495,54.052386196769,23.05));
#6463 = CARTESIAN_POINT('',(28.813803230543,53.717621145374,23.05));
#6464 = ORIENTED_EDGE('',*,*,#6465,.T.);
#6465 = EDGE_CURVE('',#6458,#6466,#6468,.T.);
#6466 = VERTEX_POINT('',#6467);
#6467 = CARTESIAN_POINT('',(28.975330396476,53.134508076358,23.05));
#6468 = B_SPLINE_CURVE_WITH_KNOTS('',2,(#6469,#6470,#6471),
  .UNSPECIFIED.,.F.,.F.,(3,3),(0.,1.),.PIECEWISE_BEZIER_KNOTS.);
#6469 = CARTESIAN_POINT('',(28.813803230543,53.717621145374,23.05));
#6470 = CARTESIAN_POINT('',(28.913142437592,53.382452276065,23.05));
#6471 = CARTESIAN_POINT('',(28.975330396476,53.134508076358,23.05));
#6472 = ORIENTED_EDGE('',*,*,#6473,.T.);
#6473 = EDGE_CURVE('',#6466,#6474,#6476,.T.);
#6474 = VERTEX_POINT('',#6475);
#6475 = CARTESIAN_POINT('',(29.142511013216,53.748715124816,23.05));
#6476 = B_SPLINE_CURVE_WITH_KNOTS('',2,(#6477,#6478,#6479),
  .UNSPECIFIED.,.F.,.F.,(3,3),(0.,1.),.PIECEWISE_BEZIER_KNOTS.);
#6477 = CARTESIAN_POINT('',(28.975330396476,53.134508076358,23.05));
#6478 = CARTESIAN_POINT('',(29.037114537445,53.382452276065,23.05));
#6479 = CARTESIAN_POINT('',(29.142511013216,53.748715124816,23.05));
#6480 = ORIENTED_EDGE('',*,*,#6481,.T.);
#6481 = EDGE_CURVE('',#6474,#6482,#6484,.T.);
#6482 = VERTEX_POINT('',#6483);
#6483 = CARTESIAN_POINT('',(29.341189427313,54.443281938326,23.05));
#6484 = B_SPLINE_CURVE_WITH_KNOTS('',2,(#6485,#6486,#6487),
  .UNSPECIFIED.,.F.,.F.,(3,3),(0.,1.),.PIECEWISE_BEZIER_KNOTS.);
#6485 = CARTESIAN_POINT('',(29.142511013216,53.748715124816,23.05));
#6486 = CARTESIAN_POINT('',(29.247907488987,54.114574155653,23.05));
#6487 = CARTESIAN_POINT('',(29.341189427313,54.443281938326,23.05));
#6488 = ORIENTED_EDGE('',*,*,#6489,.T.);
#6489 = EDGE_CURVE('',#6482,#6490,#6492,.T.);
#6490 = VERTEX_POINT('',#6491);
#6491 = CARTESIAN_POINT('',(29.483737151248,54.908480176211,23.05));
#6492 = B_SPLINE_CURVE_WITH_KNOTS('',2,(#6493,#6494,#6495),
  .UNSPECIFIED.,.F.,.F.,(3,3),(0.,1.),.PIECEWISE_BEZIER_KNOTS.);
#6493 = CARTESIAN_POINT('',(29.341189427313,54.443281938326,23.05));
#6494 = CARTESIAN_POINT('',(29.434067547724,54.771989720999,23.05));
#6495 = CARTESIAN_POINT('',(29.483737151248,54.908480176211,23.05));
#6496 = ORIENTED_EDGE('',*,*,#6497,.T.);
#6497 = EDGE_CURVE('',#6490,#6498,#6500,.T.);
#6498 = VERTEX_POINT('',#6499);
#6499 = CARTESIAN_POINT('',(30.116519823789,56.967547723935,23.05));
#6500 = LINE('',#6501,#6502);
#6501 = CARTESIAN_POINT('',(29.483737151248,54.908480176211,23.05));
#6502 = VECTOR('',#6503,1.);
#6503 = DIRECTION('',(0.293756502267,0.955880284019,0.));
#6504 = ORIENTED_EDGE('',*,*,#6505,.T.);
#6505 = EDGE_CURVE('',#6498,#6506,#6508,.T.);
#6506 = VERTEX_POINT('',#6507);
#6507 = CARTESIAN_POINT('',(27.809104258443,56.967547723935,23.05));
#6508 = LINE('',#6509,#6510);
#6509 = CARTESIAN_POINT('',(30.116519823789,56.967547723935,23.05));
#6510 = VECTOR('',#6511,1.);
#6511 = DIRECTION('',(-1.,1.224646799147E-16,0.));
#6512 = ORIENTED_EDGE('',*,*,#6513,.T.);
#6513 = EDGE_CURVE('',#6506,#6448,#6514,.T.);
#6514 = LINE('',#6515,#6516);
#6515 = CARTESIAN_POINT('',(27.809104258443,56.967547723935,23.05));
#6516 = VECTOR('',#6517,1.);
#6517 = DIRECTION('',(0.298882345434,-0.954289968295,0.));
#6518 = PLANE('',#6519);
#6519 = AXIS2_PLACEMENT_3D('',#6520,#6521,#6522);
#6520 = CARTESIAN_POINT('',(28.974561904623,56.733929309213,23.05));
#6521 = DIRECTION('',(0.,0.,1.));
#6522 = DIRECTION('',(-1.,1.224646799147E-16,0.));
#6523 = ADVANCED_FACE('',(#6524),#6547,.T.);
#6524 = FACE_BOUND('',#6525,.F.);
#6525 = EDGE_LOOP('',(#6526,#6527,#6528,#6529,#6530,#6531,#6532,#6533,
    #6534,#6535,#6536,#6537,#6538,#6539,#6540,#6541,#6542,#6543,#6544,
    #6545,#6546));
#6526 = ORIENTED_EDGE('',*,*,#4290,.T.);
#6527 = ORIENTED_EDGE('',*,*,#4793,.T.);
#6528 = ORIENTED_EDGE('',*,*,#4769,.T.);
#6529 = ORIENTED_EDGE('',*,*,#4743,.T.);
#6530 = ORIENTED_EDGE('',*,*,#4717,.T.);
#6531 = ORIENTED_EDGE('',*,*,#4691,.T.);
#6532 = ORIENTED_EDGE('',*,*,#4665,.T.);
#6533 = ORIENTED_EDGE('',*,*,#4639,.T.);
#6534 = ORIENTED_EDGE('',*,*,#4615,.T.);
#6535 = ORIENTED_EDGE('',*,*,#4591,.T.);
#6536 = ORIENTED_EDGE('',*,*,#4567,.T.);
#6537 = ORIENTED_EDGE('',*,*,#4543,.T.);
#6538 = ORIENTED_EDGE('',*,*,#4519,.T.);
#6539 = ORIENTED_EDGE('',*,*,#4495,.T.);
#6540 = ORIENTED_EDGE('',*,*,#4471,.T.);
#6541 = ORIENTED_EDGE('',*,*,#4447,.T.);
#6542 = ORIENTED_EDGE('',*,*,#4423,.T.);
#6543 = ORIENTED_EDGE('',*,*,#4399,.T.);
#6544 = ORIENTED_EDGE('',*,*,#4375,.T.);
#6545 = ORIENTED_EDGE('',*,*,#4349,.T.);
#6546 = ORIENTED_EDGE('',*,*,#4323,.T.);
#6547 = PLANE('',#6548);
#6548 = AXIS2_PLACEMENT_3D('',#6549,#6550,#6551);
#6549 = CARTESIAN_POINT('',(35.860386359176,56.620626756627,23.05));
#6550 = DIRECTION('',(0.,0.,1.));
#6551 = DIRECTION('',(-1.,1.224646799147E-16,0.));
#6552 = ADVANCED_FACE('',(#6553),#6563,.T.);
#6553 = FACE_BOUND('',#6554,.F.);
#6554 = EDGE_LOOP('',(#6555,#6556,#6557,#6558,#6559,#6560,#6561,#6562));
#6555 = ORIENTED_EDGE('',*,*,#4812,.T.);
#6556 = ORIENTED_EDGE('',*,*,#5001,.T.);
#6557 = ORIENTED_EDGE('',*,*,#4975,.T.);
#6558 = ORIENTED_EDGE('',*,*,#4949,.T.);
#6559 = ORIENTED_EDGE('',*,*,#4923,.T.);
#6560 = ORIENTED_EDGE('',*,*,#4897,.T.);
#6561 = ORIENTED_EDGE('',*,*,#4871,.T.);
#6562 = ORIENTED_EDGE('',*,*,#4845,.T.);
#6563 = PLANE('',#6564);
#6564 = AXIS2_PLACEMENT_3D('',#6565,#6566,#6567);
#6565 = CARTESIAN_POINT('',(48.651843559561,55.913846714181,23.05));
#6566 = DIRECTION('',(0.,0.,1.));
#6567 = DIRECTION('',(-1.,1.224646799147E-16,0.));
#6568 = ADVANCED_FACE('',(#6569),#6589,.T.);
#6569 = FACE_BOUND('',#6570,.F.);
#6570 = EDGE_LOOP('',(#6571,#6572,#6573,#6574,#6575,#6576,#6577,#6578,
    #6579,#6580,#6581,#6582,#6583,#6584,#6585,#6586,#6587,#6588));
#6571 = ORIENTED_EDGE('',*,*,#5020,.T.);
#6572 = ORIENTED_EDGE('',*,*,#5451,.T.);
#6573 = ORIENTED_EDGE('',*,*,#5427,.T.);
#6574 = ORIENTED_EDGE('',*,*,#5401,.T.);
#6575 = ORIENTED_EDGE('',*,*,#5375,.T.);
#6576 = ORIENTED_EDGE('',*,*,#5349,.T.);
#6577 = ORIENTED_EDGE('',*,*,#5323,.T.);
#6578 = ORIENTED_EDGE('',*,*,#5299,.T.);
#6579 = ORIENTED_EDGE('',*,*,#5275,.T.);
#6580 = ORIENTED_EDGE('',*,*,#5251,.T.);
#6581 = ORIENTED_EDGE('',*,*,#5225,.T.);
#6582 = ORIENTED_EDGE('',*,*,#5199,.T.);
#6583 = ORIENTED_EDGE('',*,*,#5173,.T.);
#6584 = ORIENTED_EDGE('',*,*,#5149,.T.);
#6585 = ORIENTED_EDGE('',*,*,#5125,.T.);
#6586 = ORIENTED_EDGE('',*,*,#5101,.T.);
#6587 = ORIENTED_EDGE('',*,*,#5077,.T.);
#6588 = ORIENTED_EDGE('',*,*,#5053,.T.);
#6589 = PLANE('',#6590);
#6590 = AXIS2_PLACEMENT_3D('',#6591,#6592,#6593);
#6591 = CARTESIAN_POINT('',(43.064809942221,56.441816478571,23.05));
#6592 = DIRECTION('',(0.,0.,1.));
#6593 = DIRECTION('',(-1.,1.224646799147E-16,0.));
#6594 = ADVANCED_FACE('',(#6595),#6601,.T.);
#6595 = FACE_BOUND('',#6596,.F.);
#6596 = EDGE_LOOP('',(#6597,#6598,#6599,#6600));
#6597 = ORIENTED_EDGE('',*,*,#5470,.T.);
#6598 = ORIENTED_EDGE('',*,*,#5549,.T.);
#6599 = ORIENTED_EDGE('',*,*,#5525,.T.);
#6600 = ORIENTED_EDGE('',*,*,#5501,.T.);
#6601 = PLANE('',#6602);
#6602 = AXIS2_PLACEMENT_3D('',#6603,#6604,#6605);
#6603 = CARTESIAN_POINT('',(48.651843559561,55.913846714181,23.05));
#6604 = DIRECTION('',(0.,0.,1.));
#6605 = DIRECTION('',(-1.,1.224646799147E-16,0.));
#6606 = ADVANCED_FACE('',(#6607),#6620,.T.);
#6607 = FACE_BOUND('',#6608,.F.);
#6608 = EDGE_LOOP('',(#6609,#6610,#6611,#6612,#6613,#6614,#6615,#6616,
    #6617,#6618,#6619));
#6609 = ORIENTED_EDGE('',*,*,#5566,.T.);
#6610 = ORIENTED_EDGE('',*,*,#5819,.T.);
#6611 = ORIENTED_EDGE('',*,*,#5795,.T.);
#6612 = ORIENTED_EDGE('',*,*,#5769,.T.);
#6613 = ORIENTED_EDGE('',*,*,#5743,.T.);
#6614 = ORIENTED_EDGE('',*,*,#5719,.T.);
#6615 = ORIENTED_EDGE('',*,*,#5693,.T.);
#6616 = ORIENTED_EDGE('',*,*,#5669,.T.);
#6617 = ORIENTED_EDGE('',*,*,#5645,.T.);
#6618 = ORIENTED_EDGE('',*,*,#5621,.T.);
#6619 = ORIENTED_EDGE('',*,*,#5597,.T.);
#6620 = PLANE('',#6621);
#6621 = AXIS2_PLACEMENT_3D('',#6622,#6623,#6624);
#6622 = CARTESIAN_POINT('',(54.071080927506,56.780740023609,23.05));
#6623 = DIRECTION('',(0.,0.,1.));
#6624 = DIRECTION('',(-1.,1.224646799147E-16,0.));
#6625 = ADVANCED_FACE('',(#6626),#6642,.T.);
#6626 = FACE_BOUND('',#6627,.F.);
#6627 = EDGE_LOOP('',(#6628,#6629,#6630,#6631,#6632,#6633,#6634,#6635,
    #6636,#6637,#6638,#6639,#6640,#6641));
#6628 = ORIENTED_EDGE('',*,*,#5836,.T.);
#6629 = ORIENTED_EDGE('',*,*,#6159,.T.);
#6630 = ORIENTED_EDGE('',*,*,#6135,.T.);
#6631 = ORIENTED_EDGE('',*,*,#6111,.T.);
#6632 = ORIENTED_EDGE('',*,*,#6087,.T.);
#6633 = ORIENTED_EDGE('',*,*,#6063,.T.);
#6634 = ORIENTED_EDGE('',*,*,#6039,.T.);
#6635 = ORIENTED_EDGE('',*,*,#6015,.T.);
#6636 = ORIENTED_EDGE('',*,*,#5989,.T.);
#6637 = ORIENTED_EDGE('',*,*,#5963,.T.);
#6638 = ORIENTED_EDGE('',*,*,#5939,.T.);
#6639 = ORIENTED_EDGE('',*,*,#5915,.T.);
#6640 = ORIENTED_EDGE('',*,*,#5891,.T.);
#6641 = ORIENTED_EDGE('',*,*,#5867,.T.);
#6642 = PLANE('',#6643);
#6643 = AXIS2_PLACEMENT_3D('',#6644,#6645,#6646);
#6644 = CARTESIAN_POINT('',(61.656911871511,56.188866554843,23.05));
#6645 = DIRECTION('',(0.,0.,1.));
#6646 = DIRECTION('',(-1.,1.224646799147E-16,0.));
#6647 = ADVANCED_FACE('',(#6648),#6667,.F.);
#6648 = FACE_BOUND('',#6649,.F.);
#6649 = EDGE_LOOP('',(#6650,#6658,#6665,#6666));
#6650 = ORIENTED_EDGE('',*,*,#6651,.T.);
#6651 = EDGE_CURVE('',#6180,#6652,#6654,.T.);
#6652 = VERTEX_POINT('',#6653);
#6653 = CARTESIAN_POINT('',(4.6,3.5,15.31));
#6654 = LINE('',#6655,#6656);
#6655 = CARTESIAN_POINT('',(4.6,3.5,1.21));
#6656 = VECTOR('',#6657,1.);
#6657 = DIRECTION('',(0.,0.,1.));
#6658 = ORIENTED_EDGE('',*,*,#6659,.F.);
#6659 = EDGE_CURVE('',#6652,#6652,#6660,.T.);
#6660 = CIRCLE('',#6661,1.1);
#6661 = AXIS2_PLACEMENT_3D('',#6662,#6663,#6664);
#6662 = CARTESIAN_POINT('',(3.5,3.5,15.31));
#6663 = DIRECTION('',(0.,0.,1.));
#6664 = DIRECTION('',(1.,0.,-0.));
#6665 = ORIENTED_EDGE('',*,*,#6651,.F.);
#6666 = ORIENTED_EDGE('',*,*,#6179,.T.);
#6667 = CYLINDRICAL_SURFACE('',#6668,1.1);
#6668 = AXIS2_PLACEMENT_3D('',#6669,#6670,#6671);
#6669 = CARTESIAN_POINT('',(3.5,3.5,1.21));
#6670 = DIRECTION('',(0.,0.,1.));
#6671 = DIRECTION('',(1.,0.,-0.));
#6672 = ADVANCED_FACE('',(#6673),#6692,.F.);
#6673 = FACE_BOUND('',#6674,.F.);
#6674 = EDGE_LOOP('',(#6675,#6683,#6690,#6691));
#6675 = ORIENTED_EDGE('',*,*,#6676,.T.);
#6676 = EDGE_CURVE('',#6220,#6677,#6679,.T.);
#6677 = VERTEX_POINT('',#6678);
#6678 = CARTESIAN_POINT('',(29.45,21.8,22.24));
#6679 = LINE('',#6680,#6681);
#6680 = CARTESIAN_POINT('',(29.45,21.8,16.14));
#6681 = VECTOR('',#6682,1.);
#6682 = DIRECTION('',(0.,0.,1.));
#6683 = ORIENTED_EDGE('',*,*,#6684,.F.);
#6684 = EDGE_CURVE('',#6677,#6677,#6685,.T.);
#6685 = CIRCLE('',#6686,0.85);
#6686 = AXIS2_PLACEMENT_3D('',#6687,#6688,#6689);
#6687 = CARTESIAN_POINT('',(28.6,21.8,22.24));
#6688 = DIRECTION('',(0.,0.,1.));
#6689 = DIRECTION('',(1.,0.,-0.));
#6690 = ORIENTED_EDGE('',*,*,#6676,.F.);
#6691 = ORIENTED_EDGE('',*,*,#6219,.T.);
#6692 = CYLINDRICAL_SURFACE('',#6693,0.85);
#6693 = AXIS2_PLACEMENT_3D('',#6694,#6695,#6696);
#6694 = CARTESIAN_POINT('',(28.6,21.8,16.14));
#6695 = DIRECTION('',(0.,0.,1.));
#6696 = DIRECTION('',(1.,0.,-0.));
#6697 = ADVANCED_FACE('',(#6698),#6717,.F.);
#6698 = FACE_BOUND('',#6699,.F.);
#6699 = EDGE_LOOP('',(#6700,#6708,#6715,#6716));
#6700 = ORIENTED_EDGE('',*,*,#6701,.T.);
#6701 = EDGE_CURVE('',#6240,#6702,#6704,.T.);
#6702 = VERTEX_POINT('',#6703);
#6703 = CARTESIAN_POINT('',(41.95,21.8,22.24));
#6704 = LINE('',#6705,#6706);
#6705 = CARTESIAN_POINT('',(41.95,21.8,16.14));
#6706 = VECTOR('',#6707,1.);
#6707 = DIRECTION('',(0.,0.,1.));
#6708 = ORIENTED_EDGE('',*,*,#6709,.F.);
#6709 = EDGE_CURVE('',#6702,#6702,#6710,.T.);
#6710 = CIRCLE('',#6711,0.85);
#6711 = AXIS2_PLACEMENT_3D('',#6712,#6713,#6714);
#6712 = CARTESIAN_POINT('',(41.1,21.8,22.24));
#6713 = DIRECTION('',(0.,0.,1.));
#6714 = DIRECTION('',(1.,0.,-0.));
#6715 = ORIENTED_EDGE('',*,*,#6701,.F.);
#6716 = ORIENTED_EDGE('',*,*,#6239,.T.);
#6717 = CYLINDRICAL_SURFACE('',#6718,0.85);
#6718 = AXIS2_PLACEMENT_3D('',#6719,#6720,#6721);
#6719 = CARTESIAN_POINT('',(41.1,21.8,16.14));
#6720 = DIRECTION('',(0.,0.,1.));
#6721 = DIRECTION('',(1.,0.,-0.));
#6722 = ADVANCED_FACE('',(#6723),#6742,.F.);
#6723 = FACE_BOUND('',#6724,.F.);
#6724 = EDGE_LOOP('',(#6725,#6733,#6740,#6741));
#6725 = ORIENTED_EDGE('',*,*,#6726,.T.);
#6726 = EDGE_CURVE('',#6260,#6727,#6729,.T.);
#6727 = VERTEX_POINT('',#6728);
#6728 = CARTESIAN_POINT('',(62.6,3.5,15.31));
#6729 = LINE('',#6730,#6731);
#6730 = CARTESIAN_POINT('',(62.6,3.5,1.21));
#6731 = VECTOR('',#6732,1.);
#6732 = DIRECTION('',(0.,0.,1.));
#6733 = ORIENTED_EDGE('',*,*,#6734,.F.);
#6734 = EDGE_CURVE('',#6727,#6727,#6735,.T.);
#6735 = CIRCLE('',#6736,1.1);
#6736 = AXIS2_PLACEMENT_3D('',#6737,#6738,#6739);
#6737 = CARTESIAN_POINT('',(61.5,3.5,15.31));
#6738 = DIRECTION('',(0.,0.,1.));
#6739 = DIRECTION('',(1.,0.,-0.));
#6740 = ORIENTED_EDGE('',*,*,#6726,.F.);
#6741 = ORIENTED_EDGE('',*,*,#6259,.T.);
#6742 = CYLINDRICAL_SURFACE('',#6743,1.1);
#6743 = AXIS2_PLACEMENT_3D('',#6744,#6745,#6746);
#6744 = CARTESIAN_POINT('',(61.5,3.5,1.21));
#6745 = DIRECTION('',(0.,0.,1.));
#6746 = DIRECTION('',(1.,0.,-0.));
#6747 = ADVANCED_FACE('',(#6748),#6767,.F.);
#6748 = FACE_BOUND('',#6749,.F.);
#6749 = EDGE_LOOP('',(#6750,#6758,#6765,#6766));
#6750 = ORIENTED_EDGE('',*,*,#6751,.T.);
#6751 = EDGE_CURVE('',#6280,#6752,#6754,.T.);
#6752 = VERTEX_POINT('',#6753);
#6753 = CARTESIAN_POINT('',(4.6,52.5,15.31));
#6754 = LINE('',#6755,#6756);
#6755 = CARTESIAN_POINT('',(4.6,52.5,1.21));
#6756 = VECTOR('',#6757,1.);
#6757 = DIRECTION('',(0.,0.,1.));
#6758 = ORIENTED_EDGE('',*,*,#6759,.F.);
#6759 = EDGE_CURVE('',#6752,#6752,#6760,.T.);
#6760 = CIRCLE('',#6761,1.1);
#6761 = AXIS2_PLACEMENT_3D('',#6762,#6763,#6764);
#6762 = CARTESIAN_POINT('',(3.5,52.5,15.31));
#6763 = DIRECTION('',(0.,0.,1.));
#6764 = DIRECTION('',(1.,0.,-0.));
#6765 = ORIENTED_EDGE('',*,*,#6751,.F.);
#6766 = ORIENTED_EDGE('',*,*,#6279,.T.);
#6767 = CYLINDRICAL_SURFACE('',#6768,1.1);
#6768 = AXIS2_PLACEMENT_3D('',#6769,#6770,#6771);
#6769 = CARTESIAN_POINT('',(3.5,52.5,1.21));
#6770 = DIRECTION('',(0.,0.,1.));
#6771 = DIRECTION('',(1.,0.,-0.));
#6772 = ADVANCED_FACE('',(#6773),#6792,.F.);
#6773 = FACE_BOUND('',#6774,.F.);
#6774 = EDGE_LOOP('',(#6775,#6783,#6790,#6791));
#6775 = ORIENTED_EDGE('',*,*,#6776,.T.);
#6776 = EDGE_CURVE('',#6332,#6777,#6779,.T.);
#6777 = VERTEX_POINT('',#6778);
#6778 = CARTESIAN_POINT('',(29.45,0.8,22.24));
#6779 = LINE('',#6780,#6781);
#6780 = CARTESIAN_POINT('',(29.45,0.8,16.14));
#6781 = VECTOR('',#6782,1.);
#6782 = DIRECTION('',(0.,0.,1.));
#6783 = ORIENTED_EDGE('',*,*,#6784,.F.);
#6784 = EDGE_CURVE('',#6777,#6777,#6785,.T.);
#6785 = CIRCLE('',#6786,0.85);
#6786 = AXIS2_PLACEMENT_3D('',#6787,#6788,#6789);
#6787 = CARTESIAN_POINT('',(28.6,0.8,22.24));
#6788 = DIRECTION('',(0.,0.,1.));
#6789 = DIRECTION('',(1.,0.,-0.));
#6790 = ORIENTED_EDGE('',*,*,#6776,.F.);
#6791 = ORIENTED_EDGE('',*,*,#6331,.T.);
#6792 = CYLINDRICAL_SURFACE('',#6793,0.85);
#6793 = AXIS2_PLACEMENT_3D('',#6794,#6795,#6796);
#6794 = CARTESIAN_POINT('',(28.6,0.8,16.14));
#6795 = DIRECTION('',(0.,0.,1.));
#6796 = DIRECTION('',(1.,0.,-0.));
#6797 = ADVANCED_FACE('',(#6798),#6817,.F.);
#6798 = FACE_BOUND('',#6799,.F.);
#6799 = EDGE_LOOP('',(#6800,#6808,#6815,#6816));
#6800 = ORIENTED_EDGE('',*,*,#6801,.T.);
#6801 = EDGE_CURVE('',#6352,#6802,#6804,.T.);
#6802 = VERTEX_POINT('',#6803);
#6803 = CARTESIAN_POINT('',(41.95,0.8,22.24));
#6804 = LINE('',#6805,#6806);
#6805 = CARTESIAN_POINT('',(41.95,0.8,16.14));
#6806 = VECTOR('',#6807,1.);
#6807 = DIRECTION('',(0.,0.,1.));
#6808 = ORIENTED_EDGE('',*,*,#6809,.F.);
#6809 = EDGE_CURVE('',#6802,#6802,#6810,.T.);
#6810 = CIRCLE('',#6811,0.85);
#6811 = AXIS2_PLACEMENT_3D('',#6812,#6813,#6814);
#6812 = CARTESIAN_POINT('',(41.1,0.8,22.24));
#6813 = DIRECTION('',(0.,0.,1.));
#6814 = DIRECTION('',(1.,0.,-0.));
#6815 = ORIENTED_EDGE('',*,*,#6801,.F.);
#6816 = ORIENTED_EDGE('',*,*,#6351,.T.);
#6817 = CYLINDRICAL_SURFACE('',#6818,0.85);
#6818 = AXIS2_PLACEMENT_3D('',#6819,#6820,#6821);
#6819 = CARTESIAN_POINT('',(41.1,0.8,16.14));
#6820 = DIRECTION('',(0.,0.,1.));
#6821 = DIRECTION('',(1.,0.,-0.));
#6822 = ADVANCED_FACE('',(#6823),#6842,.F.);
#6823 = FACE_BOUND('',#6824,.F.);
#6824 = EDGE_LOOP('',(#6825,#6833,#6840,#6841));
#6825 = ORIENTED_EDGE('',*,*,#6826,.T.);
#6826 = EDGE_CURVE('',#6372,#6827,#6829,.T.);
#6827 = VERTEX_POINT('',#6828);
#6828 = CARTESIAN_POINT('',(62.6,52.5,15.31));
#6829 = LINE('',#6830,#6831);
#6830 = CARTESIAN_POINT('',(62.6,52.5,1.21));
#6831 = VECTOR('',#6832,1.);
#6832 = DIRECTION('',(0.,0.,1.));
#6833 = ORIENTED_EDGE('',*,*,#6834,.F.);
#6834 = EDGE_CURVE('',#6827,#6827,#6835,.T.);
#6835 = CIRCLE('',#6836,1.1);
#6836 = AXIS2_PLACEMENT_3D('',#6837,#6838,#6839);
#6837 = CARTESIAN_POINT('',(61.5,52.5,15.31));
#6838 = DIRECTION('',(0.,0.,1.));
#6839 = DIRECTION('',(1.,0.,-0.));
#6840 = ORIENTED_EDGE('',*,*,#6826,.F.);
#6841 = ORIENTED_EDGE('',*,*,#6371,.T.);
#6842 = CYLINDRICAL_SURFACE('',#6843,1.1);
#6843 = AXIS2_PLACEMENT_3D('',#6844,#6845,#6846);
#6844 = CARTESIAN_POINT('',(61.5,52.5,1.21));
#6845 = DIRECTION('',(0.,0.,1.));
#6846 = DIRECTION('',(1.,0.,-0.));
#6847 = ADVANCED_FACE('',(#6848),#6876,.F.);
#6848 = FACE_BOUND('',#6849,.F.);
#6849 = EDGE_LOOP('',(#6850,#6851,#6859,#6870));
#6850 = ORIENTED_EDGE('',*,*,#6447,.F.);
#6851 = ORIENTED_EDGE('',*,*,#6852,.T.);
#6852 = EDGE_CURVE('',#6448,#6853,#6855,.T.);
#6853 = VERTEX_POINT('',#6854);
#6854 = CARTESIAN_POINT('',(28.454001468429,54.908480176211,23.65));
#6855 = LINE('',#6856,#6857);
#6856 = CARTESIAN_POINT('',(28.454001468429,54.908480176211,23.05));
#6857 = VECTOR('',#6858,1.);
#6858 = DIRECTION('',(0.,0.,1.));
#6859 = ORIENTED_EDGE('',*,*,#6860,.F.);
#6860 = EDGE_CURVE('',#6861,#6853,#6863,.T.);
#6861 = VERTEX_POINT('',#6862);
#6862 = CARTESIAN_POINT('',(28.615528634361,54.37503671072,23.65));
#6863 = B_SPLINE_CURVE_WITH_KNOTS('',5,(#6864,#6865,#6866,#6867,#6868,
    #6869),.UNSPECIFIED.,.F.,.F.,(6,6),(0.,1.),
  .PIECEWISE_BEZIER_KNOTS.);
#6864 = CARTESIAN_POINT('',(28.615528634361,54.37503671072,23.65));
#6865 = CARTESIAN_POINT('',(28.577763031105,54.497544643233,23.65));
#6866 = CARTESIAN_POINT('',(28.542380865949,54.613175985201,23.65));
#6867 = CARTESIAN_POINT('',(28.509695485782,54.721001918976,23.65));
#6868 = CARTESIAN_POINT('',(28.480099797126,54.819847540441,23.65));
#6869 = CARTESIAN_POINT('',(28.454001468429,54.908480176211,23.65));
#6870 = ORIENTED_EDGE('',*,*,#6871,.F.);
#6871 = EDGE_CURVE('',#6450,#6861,#6872,.T.);
#6872 = LINE('',#6873,#6874);
#6873 = CARTESIAN_POINT('',(28.615528634361,54.37503671072,23.05));
#6874 = VECTOR('',#6875,1.);
#6875 = DIRECTION('',(0.,0.,1.));
#6876 = SURFACE_OF_LINEAR_EXTRUSION('',#6877,#6881);
#6877 = B_SPLINE_CURVE_WITH_KNOTS('',2,(#6878,#6879,#6880),
  .UNSPECIFIED.,.F.,.F.,(3,3),(0.,1.),.PIECEWISE_BEZIER_KNOTS.);
#6878 = CARTESIAN_POINT('',(28.454001468429,54.908480176211,23.05));
#6879 = CARTESIAN_POINT('',(28.516189427313,54.697283406755,23.05));
#6880 = CARTESIAN_POINT('',(28.615528634361,54.37503671072,23.05));
#6881 = VECTOR('',#6882,1.);
#6882 = DIRECTION('',(0.,0.,-1.));
#6883 = ADVANCED_FACE('',(#6884),#6904,.F.);
#6884 = FACE_BOUND('',#6885,.F.);
#6885 = EDGE_LOOP('',(#6886,#6887,#6888,#6898));
#6886 = ORIENTED_EDGE('',*,*,#6457,.F.);
#6887 = ORIENTED_EDGE('',*,*,#6871,.T.);
#6888 = ORIENTED_EDGE('',*,*,#6889,.F.);
#6889 = EDGE_CURVE('',#6890,#6861,#6892,.T.);
#6890 = VERTEX_POINT('',#6891);
#6891 = CARTESIAN_POINT('',(28.813803230543,53.717621145374,23.65));
#6892 = B_SPLINE_CURVE_WITH_KNOTS('',4,(#6893,#6894,#6895,#6896,#6897),
  .UNSPECIFIED.,.F.,.F.,(5,5),(0.,1.),.PIECEWISE_BEZIER_KNOTS.);
#6893 = CARTESIAN_POINT('',(28.813803230543,53.717621145374,23.65));
#6894 = CARTESIAN_POINT('',(28.76440481467,53.884089790735,23.65));
#6895 = CARTESIAN_POINT('',(28.714892639488,54.049169030821,23.65));
#6896 = CARTESIAN_POINT('',(28.665267063458,54.212828527664,23.65));
#6897 = CARTESIAN_POINT('',(28.615528634361,54.37503671072,23.65));
#6898 = ORIENTED_EDGE('',*,*,#6899,.F.);
#6899 = EDGE_CURVE('',#6458,#6890,#6900,.T.);
#6900 = LINE('',#6901,#6902);
#6901 = CARTESIAN_POINT('',(28.813803230543,53.717621145374,23.05));
#6902 = VECTOR('',#6903,1.);
#6903 = DIRECTION('',(0.,0.,1.));
#6904 = SURFACE_OF_LINEAR_EXTRUSION('',#6905,#6909);
#6905 = B_SPLINE_CURVE_WITH_KNOTS('',2,(#6906,#6907,#6908),
  .UNSPECIFIED.,.F.,.F.,(3,3),(0.,1.),.PIECEWISE_BEZIER_KNOTS.);
#6906 = CARTESIAN_POINT('',(28.615528634361,54.37503671072,23.05));
#6907 = CARTESIAN_POINT('',(28.714464023495,54.052386196769,23.05));
#6908 = CARTESIAN_POINT('',(28.813803230543,53.717621145374,23.05));
#6909 = VECTOR('',#6910,1.);
#6910 = DIRECTION('',(0.,0.,-1.));
#6911 = ADVANCED_FACE('',(#6912),#6933,.F.);
#6912 = FACE_BOUND('',#6913,.F.);
#6913 = EDGE_LOOP('',(#6914,#6915,#6916,#6927));
#6914 = ORIENTED_EDGE('',*,*,#6465,.F.);
#6915 = ORIENTED_EDGE('',*,*,#6899,.T.);
#6916 = ORIENTED_EDGE('',*,*,#6917,.F.);
#6917 = EDGE_CURVE('',#6918,#6890,#6920,.T.);
#6918 = VERTEX_POINT('',#6919);
#6919 = CARTESIAN_POINT('',(28.975330396476,53.134508076358,23.65));
#6920 = B_SPLINE_CURVE_WITH_KNOTS('',5,(#6921,#6922,#6923,#6924,#6925,
    #6926),.UNSPECIFIED.,.F.,.F.,(6,6),(0.,1.),
  .PIECEWISE_BEZIER_KNOTS.);
#6921 = CARTESIAN_POINT('',(28.975330396476,53.134508076358,23.65));
#6922 = CARTESIAN_POINT('',(28.949421991981,53.23780522155,23.65));
#6923 = CARTESIAN_POINT('',(28.919996047041,53.348520493055,23.65));
#6924 = CARTESIAN_POINT('',(28.887383226031,53.465859566772,23.65));
#6925 = CARTESIAN_POINT('',(28.8518970286,53.589093290142,23.65));
#6926 = CARTESIAN_POINT('',(28.813803230543,53.717621145374,23.65));
#6927 = ORIENTED_EDGE('',*,*,#6928,.F.);
#6928 = EDGE_CURVE('',#6466,#6918,#6929,.T.);
#6929 = LINE('',#6930,#6931);
#6930 = CARTESIAN_POINT('',(28.975330396476,53.134508076358,23.05));
#6931 = VECTOR('',#6932,1.);
#6932 = DIRECTION('',(0.,0.,1.));
#6933 = SURFACE_OF_LINEAR_EXTRUSION('',#6934,#6938);
#6934 = B_SPLINE_CURVE_WITH_KNOTS('',2,(#6935,#6936,#6937),
  .UNSPECIFIED.,.F.,.F.,(3,3),(0.,1.),.PIECEWISE_BEZIER_KNOTS.);
#6935 = CARTESIAN_POINT('',(28.813803230543,53.717621145374,23.05));
#6936 = CARTESIAN_POINT('',(28.913142437592,53.382452276065,23.05));
#6937 = CARTESIAN_POINT('',(28.975330396476,53.134508076358,23.05));
#6938 = VECTOR('',#6939,1.);
#6939 = DIRECTION('',(0.,0.,-1.));
#6940 = ADVANCED_FACE('',(#6941),#6962,.F.);
#6941 = FACE_BOUND('',#6942,.F.);
#6942 = EDGE_LOOP('',(#6943,#6944,#6945,#6956));
#6943 = ORIENTED_EDGE('',*,*,#6473,.F.);
#6944 = ORIENTED_EDGE('',*,*,#6928,.T.);
#6945 = ORIENTED_EDGE('',*,*,#6946,.F.);
#6946 = EDGE_CURVE('',#6947,#6918,#6949,.T.);
#6947 = VERTEX_POINT('',#6948);
#6948 = CARTESIAN_POINT('',(29.142511013216,53.748715124816,23.65));
#6949 = B_SPLINE_CURVE_WITH_KNOTS('',5,(#6950,#6951,#6952,#6953,#6954,
    #6955),.UNSPECIFIED.,.F.,.F.,(6,6),(0.,1.),
  .PIECEWISE_BEZIER_KNOTS.);
#6950 = CARTESIAN_POINT('',(29.142511013216,53.748715124816,23.65));
#6951 = CARTESIAN_POINT('',(29.102711719153,53.610408765756,23.65));
#6952 = CARTESIAN_POINT('',(29.065662786354,53.478697689621,23.65));
#6953 = CARTESIAN_POINT('',(29.031744488617,53.354566573829,23.65));
#6954 = CARTESIAN_POINT('',(29.001452713711,53.239338813498,23.65));
#6955 = CARTESIAN_POINT('',(28.975330396476,53.134508076358,23.65));
#6956 = ORIENTED_EDGE('',*,*,#6957,.F.);
#6957 = EDGE_CURVE('',#6474,#6947,#6958,.T.);
#6958 = LINE('',#6959,#6960);
#6959 = CARTESIAN_POINT('',(29.142511013216,53.748715124816,23.05));
#6960 = VECTOR('',#6961,1.);
#6961 = DIRECTION('',(0.,0.,1.));
#6962 = SURFACE_OF_LINEAR_EXTRUSION('',#6963,#6967);
#6963 = B_SPLINE_CURVE_WITH_KNOTS('',2,(#6964,#6965,#6966),
  .UNSPECIFIED.,.F.,.F.,(3,3),(0.,1.),.PIECEWISE_BEZIER_KNOTS.);
#6964 = CARTESIAN_POINT('',(28.975330396476,53.134508076358,23.05));
#6965 = CARTESIAN_POINT('',(29.037114537445,53.382452276065,23.05));
#6966 = CARTESIAN_POINT('',(29.142511013216,53.748715124816,23.05));
#6967 = VECTOR('',#6968,1.);
#6968 = DIRECTION('',(0.,0.,-1.));
#6969 = ADVANCED_FACE('',(#6970),#6990,.F.);
#6970 = FACE_BOUND('',#6971,.F.);
#6971 = EDGE_LOOP('',(#6972,#6973,#6974,#6984));
#6972 = ORIENTED_EDGE('',*,*,#6481,.F.);
#6973 = ORIENTED_EDGE('',*,*,#6957,.T.);
#6974 = ORIENTED_EDGE('',*,*,#6975,.F.);
#6975 = EDGE_CURVE('',#6976,#6947,#6978,.T.);
#6976 = VERTEX_POINT('',#6977);
#6977 = CARTESIAN_POINT('',(29.341189427313,54.443281938326,23.65));
#6978 = B_SPLINE_CURVE_WITH_KNOTS('',4,(#6979,#6980,#6981,#6982,#6983),
  .UNSPECIFIED.,.F.,.F.,(5,5),(0.,1.),.PIECEWISE_BEZIER_KNOTS.);
#6979 = CARTESIAN_POINT('',(29.341189427313,54.443281938326,23.65));
#6980 = CARTESIAN_POINT('',(29.293678592884,54.275862807481,23.65));
#6981 = CARTESIAN_POINT('',(29.244659552551,54.104086823891,23.65));
#6982 = CARTESIAN_POINT('',(29.194239429608,53.928278133443,23.65));
#6983 = CARTESIAN_POINT('',(29.142511013216,53.748715124816,23.65));
#6984 = ORIENTED_EDGE('',*,*,#6985,.F.);
#6985 = EDGE_CURVE('',#6482,#6976,#6986,.T.);
#6986 = LINE('',#6987,#6988);
#6987 = CARTESIAN_POINT('',(29.341189427313,54.443281938326,23.05));
#6988 = VECTOR('',#6989,1.);
#6989 = DIRECTION('',(0.,0.,1.));
#6990 = SURFACE_OF_LINEAR_EXTRUSION('',#6991,#6995);
#6991 = B_SPLINE_CURVE_WITH_KNOTS('',2,(#6992,#6993,#6994),
  .UNSPECIFIED.,.F.,.F.,(3,3),(0.,1.),.PIECEWISE_BEZIER_KNOTS.);
#6992 = CARTESIAN_POINT('',(29.142511013216,53.748715124816,23.05));
#6993 = CARTESIAN_POINT('',(29.247907488987,54.114574155653,23.05));
#6994 = CARTESIAN_POINT('',(29.341189427313,54.443281938326,23.05));
#6995 = VECTOR('',#6996,1.);
#6996 = DIRECTION('',(0.,0.,-1.));
#6997 = ADVANCED_FACE('',(#6998),#7020,.F.);
#6998 = FACE_BOUND('',#6999,.F.);
#6999 = EDGE_LOOP('',(#7000,#7001,#7002,#7014));
#7000 = ORIENTED_EDGE('',*,*,#6489,.F.);
#7001 = ORIENTED_EDGE('',*,*,#6985,.T.);
#7002 = ORIENTED_EDGE('',*,*,#7003,.F.);
#7003 = EDGE_CURVE('',#7004,#6976,#7006,.T.);
#7004 = VERTEX_POINT('',#7005);
#7005 = CARTESIAN_POINT('',(29.483737151248,54.908480176211,23.65));
#7006 = B_SPLINE_CURVE_WITH_KNOTS('',6,(#7007,#7008,#7009,#7010,#7011,
    #7012,#7013),.UNSPECIFIED.,.F.,.F.,(7,7),(0.,1.),
  .PIECEWISE_BEZIER_KNOTS.);
#7007 = CARTESIAN_POINT('',(29.483737151248,54.908480176211,23.65));
#7008 = CARTESIAN_POINT('',(29.465978907399,54.859681099619,23.65));
#7009 = CARTESIAN_POINT('',(29.445310731254,54.797249702497,23.65));
#7010 = CARTESIAN_POINT('',(29.422110397487,54.722706419975,23.65));
#7011 = CARTESIAN_POINT('',(29.396800728413,54.637870040738,23.65));
#7012 = CARTESIAN_POINT('',(29.369738049494,54.54431923596,23.65));
#7013 = CARTESIAN_POINT('',(29.341189427313,54.443281938326,23.65));
#7014 = ORIENTED_EDGE('',*,*,#7015,.F.);
#7015 = EDGE_CURVE('',#6490,#7004,#7016,.T.);
#7016 = LINE('',#7017,#7018);
#7017 = CARTESIAN_POINT('',(29.483737151248,54.908480176211,23.05));
#7018 = VECTOR('',#7019,1.);
#7019 = DIRECTION('',(0.,0.,1.));
#7020 = SURFACE_OF_LINEAR_EXTRUSION('',#7021,#7025);
#7021 = B_SPLINE_CURVE_WITH_KNOTS('',2,(#7022,#7023,#7024),
  .UNSPECIFIED.,.F.,.F.,(3,3),(0.,1.),.PIECEWISE_BEZIER_KNOTS.);
#7022 = CARTESIAN_POINT('',(29.341189427313,54.443281938326,23.05));
#7023 = CARTESIAN_POINT('',(29.434067547724,54.771989720999,23.05));
#7024 = CARTESIAN_POINT('',(29.483737151248,54.908480176211,23.05));
#7025 = VECTOR('',#7026,1.);
#7026 = DIRECTION('',(0.,0.,-1.));
#7027 = ADVANCED_FACE('',(#7028),#7046,.F.);
#7028 = FACE_BOUND('',#7029,.F.);
#7029 = EDGE_LOOP('',(#7030,#7031,#7032,#7040));
#7030 = ORIENTED_EDGE('',*,*,#6497,.F.);
#7031 = ORIENTED_EDGE('',*,*,#7015,.T.);
#7032 = ORIENTED_EDGE('',*,*,#7033,.F.);
#7033 = EDGE_CURVE('',#7034,#7004,#7036,.T.);
#7034 = VERTEX_POINT('',#7035);
#7035 = CARTESIAN_POINT('',(30.116519823789,56.967547723935,23.65));
#7036 = LINE('',#7037,#7038);
#7037 = CARTESIAN_POINT('',(19.811545254951,23.435278849332,23.65));
#7038 = VECTOR('',#7039,1.);
#7039 = DIRECTION('',(-0.293756502267,-0.955880284019,0.));
#7040 = ORIENTED_EDGE('',*,*,#7041,.F.);
#7041 = EDGE_CURVE('',#6498,#7034,#7042,.T.);
#7042 = LINE('',#7043,#7044);
#7043 = CARTESIAN_POINT('',(30.116519823789,56.967547723935,23.05));
#7044 = VECTOR('',#7045,1.);
#7045 = DIRECTION('',(0.,0.,1.));
#7046 = PLANE('',#7047);
#7047 = AXIS2_PLACEMENT_3D('',#7048,#7049,#7050);
#7048 = CARTESIAN_POINT('',(29.483737151248,54.908480176211,23.05));
#7049 = DIRECTION('',(-0.955880284019,0.293756502267,0.));
#7050 = DIRECTION('',(0.293756502267,0.955880284019,0.));
#7051 = ADVANCED_FACE('',(#7052),#7070,.F.);
#7052 = FACE_BOUND('',#7053,.F.);
#7053 = EDGE_LOOP('',(#7054,#7055,#7056,#7064));
#7054 = ORIENTED_EDGE('',*,*,#6505,.F.);
#7055 = ORIENTED_EDGE('',*,*,#7041,.T.);
#7056 = ORIENTED_EDGE('',*,*,#7057,.F.);
#7057 = EDGE_CURVE('',#7058,#7034,#7060,.T.);
#7058 = VERTEX_POINT('',#7059);
#7059 = CARTESIAN_POINT('',(27.809104258443,56.967547723935,23.65));
#7060 = LINE('',#7061,#7062);
#7061 = CARTESIAN_POINT('',(13.558259911894,56.967547723935,23.65));
#7062 = VECTOR('',#7063,1.);
#7063 = DIRECTION('',(1.,-1.224646799147E-16,0.));
#7064 = ORIENTED_EDGE('',*,*,#7065,.F.);
#7065 = EDGE_CURVE('',#6506,#7058,#7066,.T.);
#7066 = LINE('',#7067,#7068);
#7067 = CARTESIAN_POINT('',(27.809104258443,56.967547723935,23.05));
#7068 = VECTOR('',#7069,1.);
#7069 = DIRECTION('',(0.,0.,1.));
#7070 = PLANE('',#7071);
#7071 = AXIS2_PLACEMENT_3D('',#7072,#7073,#7074);
#7072 = CARTESIAN_POINT('',(30.116519823789,56.967547723935,23.05));
#7073 = DIRECTION('',(-1.224646799147E-16,-1.,0.));
#7074 = DIRECTION('',(-1.,1.224646799147E-16,0.));
#7075 = ADVANCED_FACE('',(#7076),#7087,.F.);
#7076 = FACE_BOUND('',#7077,.F.);
#7077 = EDGE_LOOP('',(#7078,#7079,#7080,#7086));
#7078 = ORIENTED_EDGE('',*,*,#6513,.F.);
#7079 = ORIENTED_EDGE('',*,*,#7065,.T.);
#7080 = ORIENTED_EDGE('',*,*,#7081,.F.);
#7081 = EDGE_CURVE('',#6853,#7058,#7082,.T.);
#7082 = LINE('',#7083,#7084);
#7083 = CARTESIAN_POINT('',(35.127600409448,33.600602279995,23.65));
#7084 = VECTOR('',#7085,1.);
#7085 = DIRECTION('',(-0.298882345434,0.954289968295,0.));
#7086 = ORIENTED_EDGE('',*,*,#6852,.F.);
#7087 = PLANE('',#7088);
#7088 = AXIS2_PLACEMENT_3D('',#7089,#7090,#7091);
#7089 = CARTESIAN_POINT('',(27.809104258443,56.967547723935,23.05));
#7090 = DIRECTION('',(0.954289968295,0.298882345434,0.));
#7091 = DIRECTION('',(0.298882345434,-0.954289968295,0.));
#7092 = ADVANCED_FACE('',(#7093),#7096,.F.);
#7093 = FACE_BOUND('',#7094,.F.);
#7094 = EDGE_LOOP('',(#7095));
#7095 = ORIENTED_EDGE('',*,*,#6659,.T.);
#7096 = PLANE('',#7097);
#7097 = AXIS2_PLACEMENT_3D('',#7098,#7099,#7100);
#7098 = CARTESIAN_POINT('',(3.5,3.5,15.31));
#7099 = DIRECTION('',(0.,0.,1.));
#7100 = DIRECTION('',(1.,0.,-0.));
#7101 = ADVANCED_FACE('',(#7102),#7105,.F.);
#7102 = FACE_BOUND('',#7103,.F.);
#7103 = EDGE_LOOP('',(#7104));
#7104 = ORIENTED_EDGE('',*,*,#6684,.T.);
#7105 = PLANE('',#7106);
#7106 = AXIS2_PLACEMENT_3D('',#7107,#7108,#7109);
#7107 = CARTESIAN_POINT('',(28.6,21.8,22.24));
#7108 = DIRECTION('',(0.,0.,1.));
#7109 = DIRECTION('',(1.,0.,-0.));
#7110 = ADVANCED_FACE('',(#7111),#7114,.F.);
#7111 = FACE_BOUND('',#7112,.F.);
#7112 = EDGE_LOOP('',(#7113));
#7113 = ORIENTED_EDGE('',*,*,#6709,.T.);
#7114 = PLANE('',#7115);
#7115 = AXIS2_PLACEMENT_3D('',#7116,#7117,#7118);
#7116 = CARTESIAN_POINT('',(41.1,21.8,22.24));
#7117 = DIRECTION('',(0.,0.,1.));
#7118 = DIRECTION('',(1.,0.,-0.));
#7119 = ADVANCED_FACE('',(#7120),#7123,.F.);
#7120 = FACE_BOUND('',#7121,.F.);
#7121 = EDGE_LOOP('',(#7122));
#7122 = ORIENTED_EDGE('',*,*,#6734,.T.);
#7123 = PLANE('',#7124);
#7124 = AXIS2_PLACEMENT_3D('',#7125,#7126,#7127);
#7125 = CARTESIAN_POINT('',(61.5,3.5,15.31));
#7126 = DIRECTION('',(0.,0.,1.));
#7127 = DIRECTION('',(1.,0.,-0.));
#7128 = ADVANCED_FACE('',(#7129),#7132,.F.);
#7129 = FACE_BOUND('',#7130,.F.);
#7130 = EDGE_LOOP('',(#7131));
#7131 = ORIENTED_EDGE('',*,*,#6759,.T.);
#7132 = PLANE('',#7133);
#7133 = AXIS2_PLACEMENT_3D('',#7134,#7135,#7136);
#7134 = CARTESIAN_POINT('',(3.5,52.5,15.31));
#7135 = DIRECTION('',(0.,0.,1.));
#7136 = DIRECTION('',(1.,0.,-0.));
#7137 = ADVANCED_FACE('',(#7138),#7141,.F.);
#7138 = FACE_BOUND('',#7139,.F.);
#7139 = EDGE_LOOP('',(#7140));
#7140 = ORIENTED_EDGE('',*,*,#6784,.T.);
#7141 = PLANE('',#7142);
#7142 = AXIS2_PLACEMENT_3D('',#7143,#7144,#7145);
#7143 = CARTESIAN_POINT('',(28.6,0.8,22.24));
#7144 = DIRECTION('',(0.,0.,1.));
#7145 = DIRECTION('',(1.,0.,-0.));
#7146 = ADVANCED_FACE('',(#7147),#7150,.F.);
#7147 = FACE_BOUND('',#7148,.F.);
#7148 = EDGE_LOOP('',(#7149));
#7149 = ORIENTED_EDGE('',*,*,#6809,.T.);
#7150 = PLANE('',#7151);
#7151 = AXIS2_PLACEMENT_3D('',#7152,#7153,#7154);
#7152 = CARTESIAN_POINT('',(41.1,0.8,22.24));
#7153 = DIRECTION('',(0.,0.,1.));
#7154 = DIRECTION('',(1.,0.,-0.));
#7155 = ADVANCED_FACE('',(#7156),#7159,.F.);
#7156 = FACE_BOUND('',#7157,.F.);
#7157 = EDGE_LOOP('',(#7158));
#7158 = ORIENTED_EDGE('',*,*,#6834,.T.);
#7159 = PLANE('',#7160);
#7160 = AXIS2_PLACEMENT_3D('',#7161,#7162,#7163);
#7161 = CARTESIAN_POINT('',(61.5,52.5,15.31));
#7162 = DIRECTION('',(0.,0.,1.));
#7163 = DIRECTION('',(1.,0.,-0.));
#7164 = ADVANCED_FACE('',(#7165),#7176,.T.);
#7165 = FACE_BOUND('',#7166,.T.);
#7166 = EDGE_LOOP('',(#7167,#7168,#7169,#7170,#7171,#7172,#7173,#7174,
    #7175));
#7167 = ORIENTED_EDGE('',*,*,#6860,.F.);
#7168 = ORIENTED_EDGE('',*,*,#6889,.F.);
#7169 = ORIENTED_EDGE('',*,*,#6917,.F.);
#7170 = ORIENTED_EDGE('',*,*,#6946,.F.);
#7171 = ORIENTED_EDGE('',*,*,#6975,.F.);
#7172 = ORIENTED_EDGE('',*,*,#7003,.F.);
#7173 = ORIENTED_EDGE('',*,*,#7033,.F.);
#7174 = ORIENTED_EDGE('',*,*,#7057,.F.);
#7175 = ORIENTED_EDGE('',*,*,#7081,.F.);
#7176 = PLANE('',#7177);
#7177 = AXIS2_PLACEMENT_3D('',#7178,#7179,#7180);
#7178 = CARTESIAN_POINT('',(-3.,-4.,23.65));
#7179 = DIRECTION('',(0.,0.,1.));
#7180 = DIRECTION('',(1.,0.,-0.));
#7181 = ADVANCED_FACE('',(#7182),#7190,.F.);
#7182 = FACE_BOUND('',#7183,.T.);
#7183 = EDGE_LOOP('',(#7184,#7185,#7186,#7187,#7188,#7189));
#7184 = ORIENTED_EDGE('',*,*,#2692,.F.);
#7185 = ORIENTED_EDGE('',*,*,#386,.F.);
#7186 = ORIENTED_EDGE('',*,*,#341,.F.);
#7187 = ORIENTED_EDGE('',*,*,#2714,.T.);
#7188 = ORIENTED_EDGE('',*,*,#1033,.T.);
#7189 = ORIENTED_EDGE('',*,*,#1078,.T.);
#7190 = CYLINDRICAL_SURFACE('',#7191,11.);
#7191 = AXIS2_PLACEMENT_3D('',#7192,#7193,#7194);
#7192 = CARTESIAN_POINT('',(42.3,35.,21.55));
#7193 = DIRECTION('',(0.,0.,1.));
#7194 = DIRECTION('',(1.,0.,-0.));
#7195 = ADVANCED_FACE('',(#7196),#7204,.F.);
#7196 = FACE_BOUND('',#7197,.F.);
#7197 = EDGE_LOOP('',(#7198,#7199,#7200,#7201,#7202,#7203));
#7198 = ORIENTED_EDGE('',*,*,#2721,.T.);
#7199 = ORIENTED_EDGE('',*,*,#1052,.F.);
#7200 = ORIENTED_EDGE('',*,*,#1061,.F.);
#7201 = ORIENTED_EDGE('',*,*,#2699,.F.);
#7202 = ORIENTED_EDGE('',*,*,#369,.T.);
#7203 = ORIENTED_EDGE('',*,*,#360,.T.);
#7204 = CYLINDRICAL_SURFACE('',#7205,11.);
#7205 = AXIS2_PLACEMENT_3D('',#7206,#7207,#7208);
#7206 = CARTESIAN_POINT('',(42.3,35.,21.55));
#7207 = DIRECTION('',(0.,0.,1.));
#7208 = DIRECTION('',(1.,0.,-0.));
#7209 = ( GEOMETRIC_REPRESENTATION_CONTEXT(3) 
GLOBAL_UNCERTAINTY_ASSIGNED_CONTEXT((#7213)) 
GLOBAL_UNIT_ASSIGNED_CONTEXT((#7210,#7211,#7212)) REPRESENTATION_CONTEXT
('Context #1','3D Context with UNIT and UNCERTAINTY') );
#7210 = ( LENGTH_UNIT() NAMED_UNIT(*) SI_UNIT(.MILLI.,.METRE.) );
#7211 = ( NAMED_UNIT(*) PLANE_ANGLE_UNIT() SI_UNIT($,.RADIAN.) );
#7212 = ( NAMED_UNIT(*) SI_UNIT($,.STERADIAN.) SOLID_ANGLE_UNIT() );
#7213 = UNCERTAINTY_MEASURE_WITH_UNIT(LENGTH_MEASURE(5.E-07),#7210,
  'distance_accuracy_value','confusion accuracy');
#7214 = PRODUCT_RELATED_PRODUCT_CATEGORY('part',$,(#7));
ENDSEC;
END-ISO-10303-21;
