ISO-10303-21;
HEADER;
FILE_DESCRIPTION(('FreeCAD Model'),'2;1');
FILE_NAME('Open CASCADE Shape Model','2026-09-24T09:29:55',('FreeCAD'),(
    'FreeCAD'),'Open CASCADE STEP processor 7.8','FreeCAD','Unknown');
FILE_SCHEMA(('AUTOMOTIVE_DESIGN { 1 0 10303 214 1 1 1 1 }'));
ENDSEC;
DATA;
#1 = APPLICATION_PROTOCOL_DEFINITION('international standard',
  'automotive_design',2000,#2);
#2 = APPLICATION_CONTEXT(
  'core data for automotive mechanical design processes');
#3 = SHAPE_DEFINITION_REPRESENTATION(#4,#10);
#4 = PRODUCT_DEFINITION_SHAPE('','',#5);
#5 = PRODUCT_DEFINITION('design','',#6,#9);
#6 = PRODUCT_DEFINITION_FORMATION('','',#7);
#7 = PRODUCT('Open CASCADE STEP translator 7.8 1',
  'Open CASCADE STEP translator 7.8 1','',(#8));
#8 = PRODUCT_CONTEXT('',#2,'mechanical');
#9 = PRODUCT_DEFINITION_CONTEXT('part definition',#2,'design');
#10 = ADVANCED_BREP_SHAPE_REPRESENTATION('',(#11,#15),#12185);
#11 = AXIS2_PLACEMENT_3D('',#12,#13,#14);
#12 = CARTESIAN_POINT('',(0.,0.,0.));
#13 = DIRECTION('',(0.,0.,1.));
#14 = DIRECTION('',(1.,0.,-0.));
#15 = MANIFOLD_SOLID_BREP('',#16);
#16 = CLOSED_SHELL('',(#17,#757,#806,#837,#870,#901,#925,#949,#966,#997,
    #1021,#1045,#1062,#1093,#1117,#1141,#1158,#1189,#1213,#1237,#1254,
    #1285,#1309,#1333,#1350,#1381,#1405,#1429,#1446,#1477,#1501,#1525,
    #1542,#1573,#1597,#1621,#1638,#1669,#1693,#1717,#1734,#1765,#1789,
    #1813,#1830,#1862,#1886,#1903,#1935,#1959,#1976,#2007,#2031,#2055,
    #2072,#2103,#2127,#2151,#2168,#2199,#2223,#2247,#2264,#2295,#2319,
    #2343,#2360,#2391,#2415,#2439,#2456,#2487,#2511,#2535,#2552,#2583,
    #2607,#2631,#2648,#2679,#2703,#2727,#2744,#2775,#2799,#2823,#2840,
    #2865,#3537,#3568,#4079,#4096,#4154,#4187,#4220,#4502,#4551,#5223,
    #5256,#5547,#5580,#5611,#5788,#5828,#5852,#5869,#5886,#5903,#5915,
    #5937,#5954,#5971,#5988,#6005,#6022,#6039,#6051,#6073,#6090,#6107,
    #6119,#6141,#6158,#6175,#6187,#6209,#6226,#6243,#6255,#6277,#6294,
    #6311,#6323,#6345,#6362,#6379,#6391,#6413,#6430,#6447,#6459,#6481,
    #6498,#6515,#6532,#6549,#6566,#6583,#6595,#6617,#6634,#6651,#6668,
    #6685,#6702,#6719,#6731,#6753,#6770,#6787,#6799,#6821,#6838,#6855,
    #6867,#6889,#6906,#6923,#6935,#6957,#6974,#6991,#7003,#7025,#7042,
    #7059,#7071,#7093,#7110,#7127,#7139,#7156,#7173,#7190,#7202,#7313,
    #7424,#7455,#7479,#7503,#7520,#7551,#7575,#7599,#7616,#7647,#7671,
    #7695,#7712,#7743,#7767,#7791,#7808,#7839,#7863,#7887,#7904,#8015,
    #8046,#8070,#8094,#8111,#8142,#8166,#8190,#8207,#8238,#8262,#8286,
    #8303,#8334,#8358,#8382,#8399,#8430,#8454,#8478,#8495,#8526,#8550,
    #8574,#8591,#8622,#8646,#8670,#8687,#8798,#8832,#8864,#8889,#8911,
    #8928,#8945,#8962,#8979,#8996,#9013,#9025,#9047,#9064,#9081,#9098,
    #9115,#9132,#9149,#9161,#9183,#9200,#9217,#9234,#9251,#9268,#9285,
    #9302,#9319,#9336,#9353,#9370,#9387,#9399,#9554,#9578,#9602,#9634,
    #9658,#9675,#9691,#9714,#9737,#9752,#9775,#9798,#9814,#9837,#9860,
    #9875,#9898,#9921,#9937,#9960,#9983,#9998,#10021,#10044,#10060,
    #10083,#10106,#10121,#10144,#10167,#10203,#10247,#10272,#10297,
    #10322,#10347,#10379,#10410,#10442,#10473,#10505,#10536,#10568,
    #10599,#10631,#10662,#10694,#10725,#10757,#10788,#10820,#10851,
    #10882,#10906,#10942,#10962,#10982,#11002,#11022,#11074,#11126,
    #11178,#11230,#11253,#11276,#11299,#11322,#11345,#11368,#11391,
    #11414,#11437,#11460,#11483,#11506,#11529,#11552,#11575,#11598,
    #11662,#11708,#11739,#11763,#11779,#11810,#11841,#11872,#11903,
    #11934,#11965,#11996,#12027,#12044,#12069,#12081,#12094,#12107,
    #12120,#12133,#12146,#12159,#12172));
#17 = ADVANCED_FACE('',(#18,#52,#86,#120,#154,#188,#222,#256,#290,#324,
    #358,#392,#419,#446,#480,#514,#548,#582,#616,#650,#684,#718),#752,
  .F.);
#18 = FACE_BOUND('',#19,.F.);
#19 = EDGE_LOOP('',(#20,#30,#38,#46));
#20 = ORIENTED_EDGE('',*,*,#21,.F.);
#21 = EDGE_CURVE('',#22,#24,#26,.T.);
#22 = VERTEX_POINT('',#23);
#23 = CARTESIAN_POINT('',(-3.,-8.881784197001E-16,-5.2));
#24 = VERTEX_POINT('',#25);
#25 = CARTESIAN_POINT('',(-3.,-8.881784197001E-16,21.35));
#26 = LINE('',#27,#28);
#27 = CARTESIAN_POINT('',(-3.,-8.881784197001E-16,-6.));
#28 = VECTOR('',#29,1.);
#29 = DIRECTION('',(0.,0.,1.));
#30 = ORIENTED_EDGE('',*,*,#31,.T.);
#31 = EDGE_CURVE('',#22,#32,#34,.T.);
#32 = VERTEX_POINT('',#33);
#33 = CARTESIAN_POINT('',(-3.,61.5,-5.2));
#34 = LINE('',#35,#36);
#35 = CARTESIAN_POINT('',(-3.,-8.881784197001E-16,-5.2));
#36 = VECTOR('',#37,1.);
#37 = DIRECTION('',(-0.,1.,0.));
#38 = ORIENTED_EDGE('',*,*,#39,.T.);
#39 = EDGE_CURVE('',#32,#40,#42,.T.);
#40 = VERTEX_POINT('',#41);
#41 = CARTESIAN_POINT('',(-3.,61.5,21.35));
#42 = LINE('',#43,#44);
#43 = CARTESIAN_POINT('',(-3.,61.5,-6.));
#44 = VECTOR('',#45,1.);
#45 = DIRECTION('',(0.,0.,1.));
#46 = ORIENTED_EDGE('',*,*,#47,.F.);
#47 = EDGE_CURVE('',#24,#40,#48,.T.);
#48 = LINE('',#49,#50);
#49 = CARTESIAN_POINT('',(-3.,-4.,21.35));
#50 = VECTOR('',#51,1.);
#51 = DIRECTION('',(-0.,1.,0.));
#52 = FACE_BOUND('',#53,.F.);
#53 = EDGE_LOOP('',(#54,#64,#72,#80));
#54 = ORIENTED_EDGE('',*,*,#55,.T.);
#55 = EDGE_CURVE('',#56,#58,#60,.T.);
#56 = VERTEX_POINT('',#57);
#57 = CARTESIAN_POINT('',(-3.,60.9,7.5));
#58 = VERTEX_POINT('',#59);
#59 = CARTESIAN_POINT('',(-3.,59.3,7.5));
#60 = LINE('',#61,#62);
#61 = CARTESIAN_POINT('',(-3.,27.65,7.5));
#62 = VECTOR('',#63,1.);
#63 = DIRECTION('',(0.,-1.,0.));
#64 = ORIENTED_EDGE('',*,*,#65,.T.);
#65 = EDGE_CURVE('',#58,#66,#68,.T.);
#66 = VERTEX_POINT('',#67);
#67 = CARTESIAN_POINT('',(-3.,59.3,18.5));
#68 = LINE('',#69,#70);
#69 = CARTESIAN_POINT('',(-3.,59.3,0.75));
#70 = VECTOR('',#71,1.);
#71 = DIRECTION('',(0.,0.,1.));
#72 = ORIENTED_EDGE('',*,*,#73,.F.);
#73 = EDGE_CURVE('',#74,#66,#76,.T.);
#74 = VERTEX_POINT('',#75);
#75 = CARTESIAN_POINT('',(-3.,60.9,18.5));
#76 = LINE('',#77,#78);
#77 = CARTESIAN_POINT('',(-3.,27.65,18.5));
#78 = VECTOR('',#79,1.);
#79 = DIRECTION('',(0.,-1.,0.));
#80 = ORIENTED_EDGE('',*,*,#81,.F.);
#81 = EDGE_CURVE('',#56,#74,#82,.T.);
#82 = LINE('',#83,#84);
#83 = CARTESIAN_POINT('',(-3.,60.9,0.75));
#84 = VECTOR('',#85,1.);
#85 = DIRECTION('',(0.,0.,1.));
#86 = FACE_BOUND('',#87,.F.);
#87 = EDGE_LOOP('',(#88,#98,#106,#114));
#88 = ORIENTED_EDGE('',*,*,#89,.T.);
#89 = EDGE_CURVE('',#90,#92,#94,.T.);
#90 = VERTEX_POINT('',#91);
#91 = CARTESIAN_POINT('',(-3.,57.5,7.5));
#92 = VERTEX_POINT('',#93);
#93 = CARTESIAN_POINT('',(-3.,55.9,7.5));
#94 = LINE('',#95,#96);
#95 = CARTESIAN_POINT('',(-3.,25.95,7.5));
#96 = VECTOR('',#97,1.);
#97 = DIRECTION('',(0.,-1.,0.));
#98 = ORIENTED_EDGE('',*,*,#99,.T.);
#99 = EDGE_CURVE('',#92,#100,#102,.T.);
#100 = VERTEX_POINT('',#101);
#101 = CARTESIAN_POINT('',(-3.,55.9,18.5));
#102 = LINE('',#103,#104);
#103 = CARTESIAN_POINT('',(-3.,55.9,0.75));
#104 = VECTOR('',#105,1.);
#105 = DIRECTION('',(0.,0.,1.));
#106 = ORIENTED_EDGE('',*,*,#107,.F.);
#107 = EDGE_CURVE('',#108,#100,#110,.T.);
#108 = VERTEX_POINT('',#109);
#109 = CARTESIAN_POINT('',(-3.,57.5,18.5));
#110 = LINE('',#111,#112);
#111 = CARTESIAN_POINT('',(-3.,25.95,18.5));
#112 = VECTOR('',#113,1.);
#113 = DIRECTION('',(0.,-1.,0.));
#114 = ORIENTED_EDGE('',*,*,#115,.F.);
#115 = EDGE_CURVE('',#90,#108,#116,.T.);
#116 = LINE('',#117,#118);
#117 = CARTESIAN_POINT('',(-3.,57.5,0.75));
#118 = VECTOR('',#119,1.);
#119 = DIRECTION('',(0.,0.,1.));
#120 = FACE_BOUND('',#121,.F.);
#121 = EDGE_LOOP('',(#122,#132,#140,#148));
#122 = ORIENTED_EDGE('',*,*,#123,.T.);
#123 = EDGE_CURVE('',#124,#126,#128,.T.);
#124 = VERTEX_POINT('',#125);
#125 = CARTESIAN_POINT('',(-3.,54.1,7.5));
#126 = VERTEX_POINT('',#127);
#127 = CARTESIAN_POINT('',(-3.,52.5,7.5));
#128 = LINE('',#129,#130);
#129 = CARTESIAN_POINT('',(-3.,24.25,7.5));
#130 = VECTOR('',#131,1.);
#131 = DIRECTION('',(0.,-1.,0.));
#132 = ORIENTED_EDGE('',*,*,#133,.T.);
#133 = EDGE_CURVE('',#126,#134,#136,.T.);
#134 = VERTEX_POINT('',#135);
#135 = CARTESIAN_POINT('',(-3.,52.5,18.5));
#136 = LINE('',#137,#138);
#137 = CARTESIAN_POINT('',(-3.,52.5,0.75));
#138 = VECTOR('',#139,1.);
#139 = DIRECTION('',(0.,0.,1.));
#140 = ORIENTED_EDGE('',*,*,#141,.F.);
#141 = EDGE_CURVE('',#142,#134,#144,.T.);
#142 = VERTEX_POINT('',#143);
#143 = CARTESIAN_POINT('',(-3.,54.1,18.5));
#144 = LINE('',#145,#146);
#145 = CARTESIAN_POINT('',(-3.,24.25,18.5));
#146 = VECTOR('',#147,1.);
#147 = DIRECTION('',(0.,-1.,0.));
#148 = ORIENTED_EDGE('',*,*,#149,.F.);
#149 = EDGE_CURVE('',#124,#142,#150,.T.);
#150 = LINE('',#151,#152);
#151 = CARTESIAN_POINT('',(-3.,54.1,0.75));
#152 = VECTOR('',#153,1.);
#153 = DIRECTION('',(0.,0.,1.));
#154 = FACE_BOUND('',#155,.F.);
#155 = EDGE_LOOP('',(#156,#166,#174,#182));
#156 = ORIENTED_EDGE('',*,*,#157,.T.);
#157 = EDGE_CURVE('',#158,#160,#162,.T.);
#158 = VERTEX_POINT('',#159);
#159 = CARTESIAN_POINT('',(-3.,50.7,7.5));
#160 = VERTEX_POINT('',#161);
#161 = CARTESIAN_POINT('',(-3.,49.1,7.5));
#162 = LINE('',#163,#164);
#163 = CARTESIAN_POINT('',(-3.,22.55,7.5));
#164 = VECTOR('',#165,1.);
#165 = DIRECTION('',(0.,-1.,0.));
#166 = ORIENTED_EDGE('',*,*,#167,.T.);
#167 = EDGE_CURVE('',#160,#168,#170,.T.);
#168 = VERTEX_POINT('',#169);
#169 = CARTESIAN_POINT('',(-3.,49.1,18.5));
#170 = LINE('',#171,#172);
#171 = CARTESIAN_POINT('',(-3.,49.1,0.75));
#172 = VECTOR('',#173,1.);
#173 = DIRECTION('',(0.,0.,1.));
#174 = ORIENTED_EDGE('',*,*,#175,.F.);
#175 = EDGE_CURVE('',#176,#168,#178,.T.);
#176 = VERTEX_POINT('',#177);
#177 = CARTESIAN_POINT('',(-3.,50.7,18.5));
#178 = LINE('',#179,#180);
#179 = CARTESIAN_POINT('',(-3.,22.55,18.5));
#180 = VECTOR('',#181,1.);
#181 = DIRECTION('',(0.,-1.,0.));
#182 = ORIENTED_EDGE('',*,*,#183,.F.);
#183 = EDGE_CURVE('',#158,#176,#184,.T.);
#184 = LINE('',#185,#186);
#185 = CARTESIAN_POINT('',(-3.,50.7,0.75));
#186 = VECTOR('',#187,1.);
#187 = DIRECTION('',(0.,0.,1.));
#188 = FACE_BOUND('',#189,.F.);
#189 = EDGE_LOOP('',(#190,#200,#208,#216));
#190 = ORIENTED_EDGE('',*,*,#191,.T.);
#191 = EDGE_CURVE('',#192,#194,#196,.T.);
#192 = VERTEX_POINT('',#193);
#193 = CARTESIAN_POINT('',(-3.,47.3,7.5));
#194 = VERTEX_POINT('',#195);
#195 = CARTESIAN_POINT('',(-3.,45.7,7.5));
#196 = LINE('',#197,#198);
#197 = CARTESIAN_POINT('',(-3.,20.85,7.5));
#198 = VECTOR('',#199,1.);
#199 = DIRECTION('',(0.,-1.,0.));
#200 = ORIENTED_EDGE('',*,*,#201,.T.);
#201 = EDGE_CURVE('',#194,#202,#204,.T.);
#202 = VERTEX_POINT('',#203);
#203 = CARTESIAN_POINT('',(-3.,45.7,18.5));
#204 = LINE('',#205,#206);
#205 = CARTESIAN_POINT('',(-3.,45.7,0.75));
#206 = VECTOR('',#207,1.);
#207 = DIRECTION('',(0.,0.,1.));
#208 = ORIENTED_EDGE('',*,*,#209,.F.);
#209 = EDGE_CURVE('',#210,#202,#212,.T.);
#210 = VERTEX_POINT('',#211);
#211 = CARTESIAN_POINT('',(-3.,47.3,18.5));
#212 = LINE('',#213,#214);
#213 = CARTESIAN_POINT('',(-3.,20.85,18.5));
#214 = VECTOR('',#215,1.);
#215 = DIRECTION('',(0.,-1.,0.));
#216 = ORIENTED_EDGE('',*,*,#217,.F.);
#217 = EDGE_CURVE('',#192,#210,#218,.T.);
#218 = LINE('',#219,#220);
#219 = CARTESIAN_POINT('',(-3.,47.3,0.75));
#220 = VECTOR('',#221,1.);
#221 = DIRECTION('',(0.,0.,1.));
#222 = FACE_BOUND('',#223,.F.);
#223 = EDGE_LOOP('',(#224,#234,#242,#250));
#224 = ORIENTED_EDGE('',*,*,#225,.T.);
#225 = EDGE_CURVE('',#226,#228,#230,.T.);
#226 = VERTEX_POINT('',#227);
#227 = CARTESIAN_POINT('',(-3.,43.9,7.5));
#228 = VERTEX_POINT('',#229);
#229 = CARTESIAN_POINT('',(-3.,42.3,7.5));
#230 = LINE('',#231,#232);
#231 = CARTESIAN_POINT('',(-3.,19.15,7.5));
#232 = VECTOR('',#233,1.);
#233 = DIRECTION('',(0.,-1.,0.));
#234 = ORIENTED_EDGE('',*,*,#235,.T.);
#235 = EDGE_CURVE('',#228,#236,#238,.T.);
#236 = VERTEX_POINT('',#237);
#237 = CARTESIAN_POINT('',(-3.,42.3,18.5));
#238 = LINE('',#239,#240);
#239 = CARTESIAN_POINT('',(-3.,42.3,0.75));
#240 = VECTOR('',#241,1.);
#241 = DIRECTION('',(0.,0.,1.));
#242 = ORIENTED_EDGE('',*,*,#243,.F.);
#243 = EDGE_CURVE('',#244,#236,#246,.T.);
#244 = VERTEX_POINT('',#245);
#245 = CARTESIAN_POINT('',(-3.,43.9,18.5));
#246 = LINE('',#247,#248);
#247 = CARTESIAN_POINT('',(-3.,19.15,18.5));
#248 = VECTOR('',#249,1.);
#249 = DIRECTION('',(0.,-1.,0.));
#250 = ORIENTED_EDGE('',*,*,#251,.F.);
#251 = EDGE_CURVE('',#226,#244,#252,.T.);
#252 = LINE('',#253,#254);
#253 = CARTESIAN_POINT('',(-3.,43.9,0.75));
#254 = VECTOR('',#255,1.);
#255 = DIRECTION('',(0.,0.,1.));
#256 = FACE_BOUND('',#257,.F.);
#257 = EDGE_LOOP('',(#258,#268,#276,#284));
#258 = ORIENTED_EDGE('',*,*,#259,.T.);
#259 = EDGE_CURVE('',#260,#262,#264,.T.);
#260 = VERTEX_POINT('',#261);
#261 = CARTESIAN_POINT('',(-3.,40.5,7.5));
#262 = VERTEX_POINT('',#263);
#263 = CARTESIAN_POINT('',(-3.,38.9,7.5));
#264 = LINE('',#265,#266);
#265 = CARTESIAN_POINT('',(-3.,17.45,7.5));
#266 = VECTOR('',#267,1.);
#267 = DIRECTION('',(0.,-1.,0.));
#268 = ORIENTED_EDGE('',*,*,#269,.T.);
#269 = EDGE_CURVE('',#262,#270,#272,.T.);
#270 = VERTEX_POINT('',#271);
#271 = CARTESIAN_POINT('',(-3.,38.9,18.5));
#272 = LINE('',#273,#274);
#273 = CARTESIAN_POINT('',(-3.,38.9,0.75));
#274 = VECTOR('',#275,1.);
#275 = DIRECTION('',(0.,0.,1.));
#276 = ORIENTED_EDGE('',*,*,#277,.F.);
#277 = EDGE_CURVE('',#278,#270,#280,.T.);
#278 = VERTEX_POINT('',#279);
#279 = CARTESIAN_POINT('',(-3.,40.5,18.5));
#280 = LINE('',#281,#282);
#281 = CARTESIAN_POINT('',(-3.,17.45,18.5));
#282 = VECTOR('',#283,1.);
#283 = DIRECTION('',(0.,-1.,0.));
#284 = ORIENTED_EDGE('',*,*,#285,.F.);
#285 = EDGE_CURVE('',#260,#278,#286,.T.);
#286 = LINE('',#287,#288);
#287 = CARTESIAN_POINT('',(-3.,40.5,0.75));
#288 = VECTOR('',#289,1.);
#289 = DIRECTION('',(0.,0.,1.));
#290 = FACE_BOUND('',#291,.F.);
#291 = EDGE_LOOP('',(#292,#302,#310,#318));
#292 = ORIENTED_EDGE('',*,*,#293,.T.);
#293 = EDGE_CURVE('',#294,#296,#298,.T.);
#294 = VERTEX_POINT('',#295);
#295 = CARTESIAN_POINT('',(-3.,37.1,7.5));
#296 = VERTEX_POINT('',#297);
#297 = CARTESIAN_POINT('',(-3.,35.5,7.5));
#298 = LINE('',#299,#300);
#299 = CARTESIAN_POINT('',(-3.,15.75,7.5));
#300 = VECTOR('',#301,1.);
#301 = DIRECTION('',(0.,-1.,0.));
#302 = ORIENTED_EDGE('',*,*,#303,.T.);
#303 = EDGE_CURVE('',#296,#304,#306,.T.);
#304 = VERTEX_POINT('',#305);
#305 = CARTESIAN_POINT('',(-3.,35.5,18.5));
#306 = LINE('',#307,#308);
#307 = CARTESIAN_POINT('',(-3.,35.5,0.75));
#308 = VECTOR('',#309,1.);
#309 = DIRECTION('',(0.,0.,1.));
#310 = ORIENTED_EDGE('',*,*,#311,.F.);
#311 = EDGE_CURVE('',#312,#304,#314,.T.);
#312 = VERTEX_POINT('',#313);
#313 = CARTESIAN_POINT('',(-3.,37.1,18.5));
#314 = LINE('',#315,#316);
#315 = CARTESIAN_POINT('',(-3.,15.75,18.5));
#316 = VECTOR('',#317,1.);
#317 = DIRECTION('',(0.,-1.,0.));
#318 = ORIENTED_EDGE('',*,*,#319,.F.);
#319 = EDGE_CURVE('',#294,#312,#320,.T.);
#320 = LINE('',#321,#322);
#321 = CARTESIAN_POINT('',(-3.,37.1,0.75));
#322 = VECTOR('',#323,1.);
#323 = DIRECTION('',(0.,0.,1.));
#324 = FACE_BOUND('',#325,.F.);
#325 = EDGE_LOOP('',(#326,#336,#344,#352));
#326 = ORIENTED_EDGE('',*,*,#327,.T.);
#327 = EDGE_CURVE('',#328,#330,#332,.T.);
#328 = VERTEX_POINT('',#329);
#329 = CARTESIAN_POINT('',(-3.,33.7,7.5));
#330 = VERTEX_POINT('',#331);
#331 = CARTESIAN_POINT('',(-3.,32.1,7.5));
#332 = LINE('',#333,#334);
#333 = CARTESIAN_POINT('',(-3.,14.05,7.5));
#334 = VECTOR('',#335,1.);
#335 = DIRECTION('',(0.,-1.,0.));
#336 = ORIENTED_EDGE('',*,*,#337,.T.);
#337 = EDGE_CURVE('',#330,#338,#340,.T.);
#338 = VERTEX_POINT('',#339);
#339 = CARTESIAN_POINT('',(-3.,32.1,18.5));
#340 = LINE('',#341,#342);
#341 = CARTESIAN_POINT('',(-3.,32.1,0.75));
#342 = VECTOR('',#343,1.);
#343 = DIRECTION('',(0.,0.,1.));
#344 = ORIENTED_EDGE('',*,*,#345,.F.);
#345 = EDGE_CURVE('',#346,#338,#348,.T.);
#346 = VERTEX_POINT('',#347);
#347 = CARTESIAN_POINT('',(-3.,33.7,18.5));
#348 = LINE('',#349,#350);
#349 = CARTESIAN_POINT('',(-3.,14.05,18.5));
#350 = VECTOR('',#351,1.);
#351 = DIRECTION('',(0.,-1.,0.));
#352 = ORIENTED_EDGE('',*,*,#353,.F.);
#353 = EDGE_CURVE('',#328,#346,#354,.T.);
#354 = LINE('',#355,#356);
#355 = CARTESIAN_POINT('',(-3.,33.7,0.75));
#356 = VECTOR('',#357,1.);
#357 = DIRECTION('',(0.,0.,1.));
#358 = FACE_BOUND('',#359,.F.);
#359 = EDGE_LOOP('',(#360,#370,#378,#386));
#360 = ORIENTED_EDGE('',*,*,#361,.T.);
#361 = EDGE_CURVE('',#362,#364,#366,.T.);
#362 = VERTEX_POINT('',#363);
#363 = CARTESIAN_POINT('',(-3.,34.3,-2.2));
#364 = VERTEX_POINT('',#365);
#365 = CARTESIAN_POINT('',(-3.,21.9,-2.2));
#366 = LINE('',#367,#368);
#367 = CARTESIAN_POINT('',(-3.,8.95,-2.2));
#368 = VECTOR('',#369,1.);
#369 = DIRECTION('',(0.,-1.,0.));
#370 = ORIENTED_EDGE('',*,*,#371,.T.);
#371 = EDGE_CURVE('',#364,#372,#374,.T.);
#372 = VERTEX_POINT('',#373);
#373 = CARTESIAN_POINT('',(-3.,21.9,0.6));
#374 = LINE('',#375,#376);
#375 = CARTESIAN_POINT('',(-3.,21.9,-4.1));
#376 = VECTOR('',#377,1.);
#377 = DIRECTION('',(0.,0.,1.));
#378 = ORIENTED_EDGE('',*,*,#379,.F.);
#379 = EDGE_CURVE('',#380,#372,#382,.T.);
#380 = VERTEX_POINT('',#381);
#381 = CARTESIAN_POINT('',(-3.,34.3,0.6));
#382 = LINE('',#383,#384);
#383 = CARTESIAN_POINT('',(-3.,8.95,0.6));
#384 = VECTOR('',#385,1.);
#385 = DIRECTION('',(0.,-1.,0.));
#386 = ORIENTED_EDGE('',*,*,#387,.F.);
#387 = EDGE_CURVE('',#362,#380,#388,.T.);
#388 = LINE('',#389,#390);
#389 = CARTESIAN_POINT('',(-3.,34.3,-4.1));
#390 = VECTOR('',#391,1.);
#391 = DIRECTION('',(0.,0.,1.));
#392 = FACE_BOUND('',#393,.F.);
#393 = EDGE_LOOP('',(#394,#405,#413));
#394 = ORIENTED_EDGE('',*,*,#395,.F.);
#395 = EDGE_CURVE('',#396,#398,#400,.T.);
#396 = VERTEX_POINT('',#397);
#397 = CARTESIAN_POINT('',(-3.,17.162563132924,4.277436867076));
#398 = VERTEX_POINT('',#399);
#399 = CARTESIAN_POINT('',(-3.,19.637436867076,4.277436867076));
#400 = CIRCLE('',#401,1.75);
#401 = AXIS2_PLACEMENT_3D('',#402,#403,#404);
#402 = CARTESIAN_POINT('',(-3.,18.4,3.04));
#403 = DIRECTION('',(1.,0.,0.));
#404 = DIRECTION('',(-0.,0.,1.));
#405 = ORIENTED_EDGE('',*,*,#406,.T.);
#406 = EDGE_CURVE('',#396,#407,#409,.T.);
#407 = VERTEX_POINT('',#408);
#408 = CARTESIAN_POINT('',(-3.,18.4,5.514873734153));
#409 = LINE('',#410,#411);
#410 = CARTESIAN_POINT('',(-3.,9.921281566462,-2.963844699385));
#411 = VECTOR('',#412,1.);
#412 = DIRECTION('',(0.,0.707106781187,0.707106781187));
#413 = ORIENTED_EDGE('',*,*,#414,.T.);
#414 = EDGE_CURVE('',#407,#398,#415,.T.);
#415 = LINE('',#416,#417);
#416 = CARTESIAN_POINT('',(-3.,16.297436867076,7.617436867076));
#417 = VECTOR('',#418,1.);
#418 = DIRECTION('',(-0.,0.707106781187,-0.707106781187));
#419 = FACE_BOUND('',#420,.F.);
#420 = EDGE_LOOP('',(#421,#432,#440));
#421 = ORIENTED_EDGE('',*,*,#422,.F.);
#422 = EDGE_CURVE('',#423,#425,#427,.T.);
#423 = VERTEX_POINT('',#424);
#424 = CARTESIAN_POINT('',(-3.,12.416116523517,2.723883476483));
#425 = VERTEX_POINT('',#426);
#426 = CARTESIAN_POINT('',(-3.,14.183883476483,2.723883476483));
#427 = CIRCLE('',#428,1.25);
#428 = AXIS2_PLACEMENT_3D('',#429,#430,#431);
#429 = CARTESIAN_POINT('',(-3.,13.3,1.84));
#430 = DIRECTION('',(1.,0.,0.));
#431 = DIRECTION('',(-0.,0.,1.));
#432 = ORIENTED_EDGE('',*,*,#433,.T.);
#433 = EDGE_CURVE('',#423,#434,#436,.T.);
#434 = VERTEX_POINT('',#435);
#435 = CARTESIAN_POINT('',(-3.,13.3,3.607766952966));
#436 = LINE('',#437,#438);
#437 = CARTESIAN_POINT('',(-3.,6.573058261758,-3.119174785275));
#438 = VECTOR('',#439,1.);
#439 = DIRECTION('',(0.,0.707106781187,0.707106781187));
#440 = ORIENTED_EDGE('',*,*,#441,.T.);
#441 = EDGE_CURVE('',#434,#425,#442,.T.);
#442 = LINE('',#443,#444);
#443 = CARTESIAN_POINT('',(-3.,11.818883476483,5.088883476483));
#444 = VECTOR('',#445,1.);
#445 = DIRECTION('',(-0.,0.707106781187,-0.707106781187));
#446 = FACE_BOUND('',#447,.F.);
#447 = EDGE_LOOP('',(#448,#458,#466,#474));
#448 = ORIENTED_EDGE('',*,*,#449,.T.);
#449 = EDGE_CURVE('',#450,#452,#454,.T.);
#450 = VERTEX_POINT('',#451);
#451 = CARTESIAN_POINT('',(-3.,30.3,7.5));
#452 = VERTEX_POINT('',#453);
#453 = CARTESIAN_POINT('',(-3.,28.7,7.5));
#454 = LINE('',#455,#456);
#455 = CARTESIAN_POINT('',(-3.,12.35,7.5));
#456 = VECTOR('',#457,1.);
#457 = DIRECTION('',(0.,-1.,0.));
#458 = ORIENTED_EDGE('',*,*,#459,.T.);
#459 = EDGE_CURVE('',#452,#460,#462,.T.);
#460 = VERTEX_POINT('',#461);
#461 = CARTESIAN_POINT('',(-3.,28.7,18.5));
#462 = LINE('',#463,#464);
#463 = CARTESIAN_POINT('',(-3.,28.7,0.75));
#464 = VECTOR('',#465,1.);
#465 = DIRECTION('',(0.,0.,1.));
#466 = ORIENTED_EDGE('',*,*,#467,.F.);
#467 = EDGE_CURVE('',#468,#460,#470,.T.);
#468 = VERTEX_POINT('',#469);
#469 = CARTESIAN_POINT('',(-3.,30.3,18.5));
#470 = LINE('',#471,#472);
#471 = CARTESIAN_POINT('',(-3.,12.35,18.5));
#472 = VECTOR('',#473,1.);
#473 = DIRECTION('',(0.,-1.,0.));
#474 = ORIENTED_EDGE('',*,*,#475,.F.);
#475 = EDGE_CURVE('',#450,#468,#476,.T.);
#476 = LINE('',#477,#478);
#477 = CARTESIAN_POINT('',(-3.,30.3,0.75));
#478 = VECTOR('',#479,1.);
#479 = DIRECTION('',(0.,0.,1.));
#480 = FACE_BOUND('',#481,.F.);
#481 = EDGE_LOOP('',(#482,#492,#500,#508));
#482 = ORIENTED_EDGE('',*,*,#483,.T.);
#483 = EDGE_CURVE('',#484,#486,#488,.T.);
#484 = VERTEX_POINT('',#485);
#485 = CARTESIAN_POINT('',(-3.,26.9,7.5));
#486 = VERTEX_POINT('',#487);
#487 = CARTESIAN_POINT('',(-3.,25.3,7.5));
#488 = LINE('',#489,#490);
#489 = CARTESIAN_POINT('',(-3.,10.65,7.5));
#490 = VECTOR('',#491,1.);
#491 = DIRECTION('',(0.,-1.,0.));
#492 = ORIENTED_EDGE('',*,*,#493,.T.);
#493 = EDGE_CURVE('',#486,#494,#496,.T.);
#494 = VERTEX_POINT('',#495);
#495 = CARTESIAN_POINT('',(-3.,25.3,18.5));
#496 = LINE('',#497,#498);
#497 = CARTESIAN_POINT('',(-3.,25.3,0.75));
#498 = VECTOR('',#499,1.);
#499 = DIRECTION('',(0.,0.,1.));
#500 = ORIENTED_EDGE('',*,*,#501,.F.);
#501 = EDGE_CURVE('',#502,#494,#504,.T.);
#502 = VERTEX_POINT('',#503);
#503 = CARTESIAN_POINT('',(-3.,26.9,18.5));
#504 = LINE('',#505,#506);
#505 = CARTESIAN_POINT('',(-3.,10.65,18.5));
#506 = VECTOR('',#507,1.);
#507 = DIRECTION('',(0.,-1.,0.));
#508 = ORIENTED_EDGE('',*,*,#509,.F.);
#509 = EDGE_CURVE('',#484,#502,#510,.T.);
#510 = LINE('',#511,#512);
#511 = CARTESIAN_POINT('',(-3.,26.9,0.75));
#512 = VECTOR('',#513,1.);
#513 = DIRECTION('',(0.,0.,1.));
#514 = FACE_BOUND('',#515,.F.);
#515 = EDGE_LOOP('',(#516,#526,#534,#542));
#516 = ORIENTED_EDGE('',*,*,#517,.T.);
#517 = EDGE_CURVE('',#518,#520,#522,.T.);
#518 = VERTEX_POINT('',#519);
#519 = CARTESIAN_POINT('',(-3.,23.5,7.5));
#520 = VERTEX_POINT('',#521);
#521 = CARTESIAN_POINT('',(-3.,21.9,7.5));
#522 = LINE('',#523,#524);
#523 = CARTESIAN_POINT('',(-3.,8.95,7.5));
#524 = VECTOR('',#525,1.);
#525 = DIRECTION('',(0.,-1.,0.));
#526 = ORIENTED_EDGE('',*,*,#527,.T.);
#527 = EDGE_CURVE('',#520,#528,#530,.T.);
#528 = VERTEX_POINT('',#529);
#529 = CARTESIAN_POINT('',(-3.,21.9,18.5));
#530 = LINE('',#531,#532);
#531 = CARTESIAN_POINT('',(-3.,21.9,0.75));
#532 = VECTOR('',#533,1.);
#533 = DIRECTION('',(0.,0.,1.));
#534 = ORIENTED_EDGE('',*,*,#535,.F.);
#535 = EDGE_CURVE('',#536,#528,#538,.T.);
#536 = VERTEX_POINT('',#537);
#537 = CARTESIAN_POINT('',(-3.,23.5,18.5));
#538 = LINE('',#539,#540);
#539 = CARTESIAN_POINT('',(-3.,8.95,18.5));
#540 = VECTOR('',#541,1.);
#541 = DIRECTION('',(0.,-1.,0.));
#542 = ORIENTED_EDGE('',*,*,#543,.F.);
#543 = EDGE_CURVE('',#518,#536,#544,.T.);
#544 = LINE('',#545,#546);
#545 = CARTESIAN_POINT('',(-3.,23.5,0.75));
#546 = VECTOR('',#547,1.);
#547 = DIRECTION('',(0.,0.,1.));
#548 = FACE_BOUND('',#549,.F.);
#549 = EDGE_LOOP('',(#550,#560,#568,#576));
#550 = ORIENTED_EDGE('',*,*,#551,.T.);
#551 = EDGE_CURVE('',#552,#554,#556,.T.);
#552 = VERTEX_POINT('',#553);
#553 = CARTESIAN_POINT('',(-3.,20.1,7.5));
#554 = VERTEX_POINT('',#555);
#555 = CARTESIAN_POINT('',(-3.,18.5,7.5));
#556 = LINE('',#557,#558);
#557 = CARTESIAN_POINT('',(-3.,7.25,7.5));
#558 = VECTOR('',#559,1.);
#559 = DIRECTION('',(0.,-1.,0.));
#560 = ORIENTED_EDGE('',*,*,#561,.T.);
#561 = EDGE_CURVE('',#554,#562,#564,.T.);
#562 = VERTEX_POINT('',#563);
#563 = CARTESIAN_POINT('',(-3.,18.5,18.5));
#564 = LINE('',#565,#566);
#565 = CARTESIAN_POINT('',(-3.,18.5,0.75));
#566 = VECTOR('',#567,1.);
#567 = DIRECTION('',(0.,0.,1.));
#568 = ORIENTED_EDGE('',*,*,#569,.F.);
#569 = EDGE_CURVE('',#570,#562,#572,.T.);
#570 = VERTEX_POINT('',#571);
#571 = CARTESIAN_POINT('',(-3.,20.1,18.5));
#572 = LINE('',#573,#574);
#573 = CARTESIAN_POINT('',(-3.,7.25,18.5));
#574 = VECTOR('',#575,1.);
#575 = DIRECTION('',(0.,-1.,0.));
#576 = ORIENTED_EDGE('',*,*,#577,.F.);
#577 = EDGE_CURVE('',#552,#570,#578,.T.);
#578 = LINE('',#579,#580);
#579 = CARTESIAN_POINT('',(-3.,20.1,0.75));
#580 = VECTOR('',#581,1.);
#581 = DIRECTION('',(0.,0.,1.));
#582 = FACE_BOUND('',#583,.F.);
#583 = EDGE_LOOP('',(#584,#594,#602,#610));
#584 = ORIENTED_EDGE('',*,*,#585,.T.);
#585 = EDGE_CURVE('',#586,#588,#590,.T.);
#586 = VERTEX_POINT('',#587);
#587 = CARTESIAN_POINT('',(-3.,16.7,7.5));
#588 = VERTEX_POINT('',#589);
#589 = CARTESIAN_POINT('',(-3.,15.1,7.5));
#590 = LINE('',#591,#592);
#591 = CARTESIAN_POINT('',(-3.,5.55,7.5));
#592 = VECTOR('',#593,1.);
#593 = DIRECTION('',(0.,-1.,0.));
#594 = ORIENTED_EDGE('',*,*,#595,.T.);
#595 = EDGE_CURVE('',#588,#596,#598,.T.);
#596 = VERTEX_POINT('',#597);
#597 = CARTESIAN_POINT('',(-3.,15.1,18.5));
#598 = LINE('',#599,#600);
#599 = CARTESIAN_POINT('',(-3.,15.1,0.75));
#600 = VECTOR('',#601,1.);
#601 = DIRECTION('',(0.,0.,1.));
#602 = ORIENTED_EDGE('',*,*,#603,.F.);
#603 = EDGE_CURVE('',#604,#596,#606,.T.);
#604 = VERTEX_POINT('',#605);
#605 = CARTESIAN_POINT('',(-3.,16.7,18.5));
#606 = LINE('',#607,#608);
#607 = CARTESIAN_POINT('',(-3.,5.55,18.5));
#608 = VECTOR('',#609,1.);
#609 = DIRECTION('',(0.,-1.,0.));
#610 = ORIENTED_EDGE('',*,*,#611,.F.);
#611 = EDGE_CURVE('',#586,#604,#612,.T.);
#612 = LINE('',#613,#614);
#613 = CARTESIAN_POINT('',(-3.,16.7,0.75));
#614 = VECTOR('',#615,1.);
#615 = DIRECTION('',(0.,0.,1.));
#616 = FACE_BOUND('',#617,.F.);
#617 = EDGE_LOOP('',(#618,#628,#636,#644));
#618 = ORIENTED_EDGE('',*,*,#619,.T.);
#619 = EDGE_CURVE('',#620,#622,#624,.T.);
#620 = VERTEX_POINT('',#621);
#621 = CARTESIAN_POINT('',(-3.,13.3,7.5));
#622 = VERTEX_POINT('',#623);
#623 = CARTESIAN_POINT('',(-3.,11.7,7.5));
#624 = LINE('',#625,#626);
#625 = CARTESIAN_POINT('',(-3.,3.85,7.5));
#626 = VECTOR('',#627,1.);
#627 = DIRECTION('',(0.,-1.,0.));
#628 = ORIENTED_EDGE('',*,*,#629,.T.);
#629 = EDGE_CURVE('',#622,#630,#632,.T.);
#630 = VERTEX_POINT('',#631);
#631 = CARTESIAN_POINT('',(-3.,11.7,18.5));
#632 = LINE('',#633,#634);
#633 = CARTESIAN_POINT('',(-3.,11.7,0.75));
#634 = VECTOR('',#635,1.);
#635 = DIRECTION('',(0.,0.,1.));
#636 = ORIENTED_EDGE('',*,*,#637,.F.);
#637 = EDGE_CURVE('',#638,#630,#640,.T.);
#638 = VERTEX_POINT('',#639);
#639 = CARTESIAN_POINT('',(-3.,13.3,18.5));
#640 = LINE('',#641,#642);
#641 = CARTESIAN_POINT('',(-3.,3.85,18.5));
#642 = VECTOR('',#643,1.);
#643 = DIRECTION('',(0.,-1.,0.));
#644 = ORIENTED_EDGE('',*,*,#645,.F.);
#645 = EDGE_CURVE('',#620,#638,#646,.T.);
#646 = LINE('',#647,#648);
#647 = CARTESIAN_POINT('',(-3.,13.3,0.75));
#648 = VECTOR('',#649,1.);
#649 = DIRECTION('',(0.,0.,1.));
#650 = FACE_BOUND('',#651,.F.);
#651 = EDGE_LOOP('',(#652,#662,#670,#678));
#652 = ORIENTED_EDGE('',*,*,#653,.T.);
#653 = EDGE_CURVE('',#654,#656,#658,.T.);
#654 = VERTEX_POINT('',#655);
#655 = CARTESIAN_POINT('',(-3.,9.9,7.5));
#656 = VERTEX_POINT('',#657);
#657 = CARTESIAN_POINT('',(-3.,8.3,7.5));
#658 = LINE('',#659,#660);
#659 = CARTESIAN_POINT('',(-3.,2.15,7.5));
#660 = VECTOR('',#661,1.);
#661 = DIRECTION('',(0.,-1.,0.));
#662 = ORIENTED_EDGE('',*,*,#663,.T.);
#663 = EDGE_CURVE('',#656,#664,#666,.T.);
#664 = VERTEX_POINT('',#665);
#665 = CARTESIAN_POINT('',(-3.,8.3,18.5));
#666 = LINE('',#667,#668);
#667 = CARTESIAN_POINT('',(-3.,8.3,0.75));
#668 = VECTOR('',#669,1.);
#669 = DIRECTION('',(0.,0.,1.));
#670 = ORIENTED_EDGE('',*,*,#671,.F.);
#671 = EDGE_CURVE('',#672,#664,#674,.T.);
#672 = VERTEX_POINT('',#673);
#673 = CARTESIAN_POINT('',(-3.,9.9,18.5));
#674 = LINE('',#675,#676);
#675 = CARTESIAN_POINT('',(-3.,2.15,18.5));
#676 = VECTOR('',#677,1.);
#677 = DIRECTION('',(0.,-1.,0.));
#678 = ORIENTED_EDGE('',*,*,#679,.F.);
#679 = EDGE_CURVE('',#654,#672,#680,.T.);
#680 = LINE('',#681,#682);
#681 = CARTESIAN_POINT('',(-3.,9.9,0.75));
#682 = VECTOR('',#683,1.);
#683 = DIRECTION('',(0.,0.,1.));
#684 = FACE_BOUND('',#685,.F.);
#685 = EDGE_LOOP('',(#686,#696,#704,#712));
#686 = ORIENTED_EDGE('',*,*,#687,.T.);
#687 = EDGE_CURVE('',#688,#690,#692,.T.);
#688 = VERTEX_POINT('',#689);
#689 = CARTESIAN_POINT('',(-3.,6.5,7.5));
#690 = VERTEX_POINT('',#691);
#691 = CARTESIAN_POINT('',(-3.,4.9,7.5));
#692 = LINE('',#693,#694);
#693 = CARTESIAN_POINT('',(-3.,0.45,7.5));
#694 = VECTOR('',#695,1.);
#695 = DIRECTION('',(0.,-1.,0.));
#696 = ORIENTED_EDGE('',*,*,#697,.T.);
#697 = EDGE_CURVE('',#690,#698,#700,.T.);
#698 = VERTEX_POINT('',#699);
#699 = CARTESIAN_POINT('',(-3.,4.9,18.5));
#700 = LINE('',#701,#702);
#701 = CARTESIAN_POINT('',(-3.,4.9,0.75));
#702 = VECTOR('',#703,1.);
#703 = DIRECTION('',(0.,0.,1.));
#704 = ORIENTED_EDGE('',*,*,#705,.F.);
#705 = EDGE_CURVE('',#706,#698,#708,.T.);
#706 = VERTEX_POINT('',#707);
#707 = CARTESIAN_POINT('',(-3.,6.5,18.5));
#708 = LINE('',#709,#710);
#709 = CARTESIAN_POINT('',(-3.,0.45,18.5));
#710 = VECTOR('',#711,1.);
#711 = DIRECTION('',(0.,-1.,0.));
#712 = ORIENTED_EDGE('',*,*,#713,.F.);
#713 = EDGE_CURVE('',#688,#706,#714,.T.);
#714 = LINE('',#715,#716);
#715 = CARTESIAN_POINT('',(-3.,6.5,0.75));
#716 = VECTOR('',#717,1.);
#717 = DIRECTION('',(0.,0.,1.));
#718 = FACE_BOUND('',#719,.F.);
#719 = EDGE_LOOP('',(#720,#730,#738,#746));
#720 = ORIENTED_EDGE('',*,*,#721,.T.);
#721 = EDGE_CURVE('',#722,#724,#726,.T.);
#722 = VERTEX_POINT('',#723);
#723 = CARTESIAN_POINT('',(-3.,3.1,7.5));
#724 = VERTEX_POINT('',#725);
#725 = CARTESIAN_POINT('',(-3.,1.5,7.5));
#726 = LINE('',#727,#728);
#727 = CARTESIAN_POINT('',(-3.,-1.25,7.5));
#728 = VECTOR('',#729,1.);
#729 = DIRECTION('',(0.,-1.,0.));
#730 = ORIENTED_EDGE('',*,*,#731,.T.);
#731 = EDGE_CURVE('',#724,#732,#734,.T.);
#732 = VERTEX_POINT('',#733);
#733 = CARTESIAN_POINT('',(-3.,1.5,18.5));
#734 = LINE('',#735,#736);
#735 = CARTESIAN_POINT('',(-3.,1.5,0.75));
#736 = VECTOR('',#737,1.);
#737 = DIRECTION('',(0.,0.,1.));
#738 = ORIENTED_EDGE('',*,*,#739,.F.);
#739 = EDGE_CURVE('',#740,#732,#742,.T.);
#740 = VERTEX_POINT('',#741);
#741 = CARTESIAN_POINT('',(-3.,3.1,18.5));
#742 = LINE('',#743,#744);
#743 = CARTESIAN_POINT('',(-3.,-1.25,18.5));
#744 = VECTOR('',#745,1.);
#745 = DIRECTION('',(0.,-1.,0.));
#746 = ORIENTED_EDGE('',*,*,#747,.F.);
#747 = EDGE_CURVE('',#722,#740,#748,.T.);
#748 = LINE('',#749,#750);
#749 = CARTESIAN_POINT('',(-3.,3.1,0.75));
#750 = VECTOR('',#751,1.);
#751 = DIRECTION('',(0.,0.,1.));
#752 = PLANE('',#753);
#753 = AXIS2_PLACEMENT_3D('',#754,#755,#756);
#754 = CARTESIAN_POINT('',(-3.,-4.,-6.));
#755 = DIRECTION('',(1.,0.,-0.));
#756 = DIRECTION('',(0.,0.,1.));
#757 = ADVANCED_FACE('',(#758),#801,.T.);
#758 = FACE_BOUND('',#759,.T.);
#759 = EDGE_LOOP('',(#760,#761,#770,#778,#786,#794));
#760 = ORIENTED_EDGE('',*,*,#21,.F.);
#761 = ORIENTED_EDGE('',*,*,#762,.F.);
#762 = EDGE_CURVE('',#763,#22,#765,.T.);
#763 = VERTEX_POINT('',#764);
#764 = CARTESIAN_POINT('',(1.,-4.,-5.2));
#765 = CIRCLE('',#766,4.);
#766 = AXIS2_PLACEMENT_3D('',#767,#768,#769);
#767 = CARTESIAN_POINT('',(1.,-8.881784197001E-16,-5.2));
#768 = DIRECTION('',(-0.,0.,-1.));
#769 = DIRECTION('',(-2.498001805407E-16,-1.,0.));
#770 = ORIENTED_EDGE('',*,*,#771,.T.);
#771 = EDGE_CURVE('',#763,#772,#774,.T.);
#772 = VERTEX_POINT('',#773);
#773 = CARTESIAN_POINT('',(1.,-4.,8.));
#774 = LINE('',#775,#776);
#775 = CARTESIAN_POINT('',(1.,-4.,-6.));
#776 = VECTOR('',#777,1.);
#777 = DIRECTION('',(0.,0.,1.));
#778 = ORIENTED_EDGE('',*,*,#779,.T.);
#779 = EDGE_CURVE('',#772,#780,#782,.T.);
#780 = VERTEX_POINT('',#781);
#781 = CARTESIAN_POINT('',(1.,-4.,14.5));
#782 = LINE('',#783,#784);
#783 = CARTESIAN_POINT('',(1.,-4.,-6.));
#784 = VECTOR('',#785,1.);
#785 = DIRECTION('',(0.,0.,1.));
#786 = ORIENTED_EDGE('',*,*,#787,.T.);
#787 = EDGE_CURVE('',#780,#788,#790,.T.);
#788 = VERTEX_POINT('',#789);
#789 = CARTESIAN_POINT('',(1.,-4.,21.35));
#790 = LINE('',#791,#792);
#791 = CARTESIAN_POINT('',(1.,-4.,-6.));
#792 = VECTOR('',#793,1.);
#793 = DIRECTION('',(0.,0.,1.));
#794 = ORIENTED_EDGE('',*,*,#795,.F.);
#795 = EDGE_CURVE('',#24,#788,#796,.T.);
#796 = CIRCLE('',#797,4.);
#797 = AXIS2_PLACEMENT_3D('',#798,#799,#800);
#798 = CARTESIAN_POINT('',(1.,-8.881784197001E-16,21.35));
#799 = DIRECTION('',(0.,0.,1.));
#800 = DIRECTION('',(0.,-1.,0.));
#801 = CYLINDRICAL_SURFACE('',#802,4.);
#802 = AXIS2_PLACEMENT_3D('',#803,#804,#805);
#803 = CARTESIAN_POINT('',(1.,-8.881784197001E-16,-6.));
#804 = DIRECTION('',(0.,0.,1.));
#805 = DIRECTION('',(-1.,-0.,0.));
#806 = ADVANCED_FACE('',(#807),#832,.T.);
#807 = FACE_BOUND('',#808,.T.);
#808 = EDGE_LOOP('',(#809,#817,#818,#826));
#809 = ORIENTED_EDGE('',*,*,#810,.F.);
#810 = EDGE_CURVE('',#22,#811,#813,.T.);
#811 = VERTEX_POINT('',#812);
#812 = CARTESIAN_POINT('',(-2.2,-8.881784197001E-16,-6.));
#813 = LINE('',#814,#815);
#814 = CARTESIAN_POINT('',(-2.6,-8.881784197001E-16,-5.6));
#815 = VECTOR('',#816,1.);
#816 = DIRECTION('',(0.707106781187,0.,-0.707106781187));
#817 = ORIENTED_EDGE('',*,*,#31,.T.);
#818 = ORIENTED_EDGE('',*,*,#819,.T.);
#819 = EDGE_CURVE('',#32,#820,#822,.T.);
#820 = VERTEX_POINT('',#821);
#821 = CARTESIAN_POINT('',(-2.2,61.5,-6.));
#822 = LINE('',#823,#824);
#823 = CARTESIAN_POINT('',(-2.6,61.5,-5.6));
#824 = VECTOR('',#825,1.);
#825 = DIRECTION('',(0.707106781187,0.,-0.707106781187));
#826 = ORIENTED_EDGE('',*,*,#827,.F.);
#827 = EDGE_CURVE('',#811,#820,#828,.T.);
#828 = LINE('',#829,#830);
#829 = CARTESIAN_POINT('',(-2.2,-8.881784197001E-16,-6.));
#830 = VECTOR('',#831,1.);
#831 = DIRECTION('',(-0.,1.,0.));
#832 = PLANE('',#833);
#833 = AXIS2_PLACEMENT_3D('',#834,#835,#836);
#834 = CARTESIAN_POINT('',(-2.6,-8.881784197001E-16,-5.6));
#835 = DIRECTION('',(-0.707106781187,0.,-0.707106781187));
#836 = DIRECTION('',(0.,1.,0.));
#837 = ADVANCED_FACE('',(#838),#865,.T.);
#838 = FACE_BOUND('',#839,.F.);
#839 = EDGE_LOOP('',(#840,#841,#850,#858));
#840 = ORIENTED_EDGE('',*,*,#39,.F.);
#841 = ORIENTED_EDGE('',*,*,#842,.T.);
#842 = EDGE_CURVE('',#32,#843,#845,.T.);
#843 = VERTEX_POINT('',#844);
#844 = CARTESIAN_POINT('',(1.,65.5,-5.2));
#845 = CIRCLE('',#846,4.);
#846 = AXIS2_PLACEMENT_3D('',#847,#848,#849);
#847 = CARTESIAN_POINT('',(1.,61.5,-5.2));
#848 = DIRECTION('',(-0.,0.,-1.));
#849 = DIRECTION('',(-1.,0.,0.));
#850 = ORIENTED_EDGE('',*,*,#851,.T.);
#851 = EDGE_CURVE('',#843,#852,#854,.T.);
#852 = VERTEX_POINT('',#853);
#853 = CARTESIAN_POINT('',(1.,65.5,21.35));
#854 = LINE('',#855,#856);
#855 = CARTESIAN_POINT('',(1.,65.5,-6.));
#856 = VECTOR('',#857,1.);
#857 = DIRECTION('',(0.,0.,1.));
#858 = ORIENTED_EDGE('',*,*,#859,.F.);
#859 = EDGE_CURVE('',#40,#852,#860,.T.);
#860 = CIRCLE('',#861,4.);
#861 = AXIS2_PLACEMENT_3D('',#862,#863,#864);
#862 = CARTESIAN_POINT('',(1.,61.5,21.35));
#863 = DIRECTION('',(-0.,-0.,-1.));
#864 = DIRECTION('',(0.,-1.,0.));
#865 = CYLINDRICAL_SURFACE('',#866,4.);
#866 = AXIS2_PLACEMENT_3D('',#867,#868,#869);
#867 = CARTESIAN_POINT('',(1.,61.5,-6.));
#868 = DIRECTION('',(0.,0.,1.));
#869 = DIRECTION('',(-1.,-0.,0.));
#870 = ADVANCED_FACE('',(#871),#896,.T.);
#871 = FACE_BOUND('',#872,.T.);
#872 = EDGE_LOOP('',(#873,#881,#882,#890));
#873 = ORIENTED_EDGE('',*,*,#874,.F.);
#874 = EDGE_CURVE('',#56,#875,#877,.T.);
#875 = VERTEX_POINT('',#876);
#876 = CARTESIAN_POINT('',(-1.,60.9,7.5));
#877 = LINE('',#878,#879);
#878 = CARTESIAN_POINT('',(-3.1,60.9,7.5));
#879 = VECTOR('',#880,1.);
#880 = DIRECTION('',(1.,0.,-0.));
#881 = ORIENTED_EDGE('',*,*,#55,.T.);
#882 = ORIENTED_EDGE('',*,*,#883,.T.);
#883 = EDGE_CURVE('',#58,#884,#886,.T.);
#884 = VERTEX_POINT('',#885);
#885 = CARTESIAN_POINT('',(-1.,59.3,7.5));
#886 = LINE('',#887,#888);
#887 = CARTESIAN_POINT('',(-3.1,59.3,7.5));
#888 = VECTOR('',#889,1.);
#889 = DIRECTION('',(1.,0.,-0.));
#890 = ORIENTED_EDGE('',*,*,#891,.F.);
#891 = EDGE_CURVE('',#875,#884,#892,.T.);
#892 = LINE('',#893,#894);
#893 = CARTESIAN_POINT('',(-1.,28.65,7.5));
#894 = VECTOR('',#895,1.);
#895 = DIRECTION('',(0.,-1.,0.));
#896 = PLANE('',#897);
#897 = AXIS2_PLACEMENT_3D('',#898,#899,#900);
#898 = CARTESIAN_POINT('',(-3.1,59.3,7.5));
#899 = DIRECTION('',(0.,0.,1.));
#900 = DIRECTION('',(1.,0.,-0.));
#901 = ADVANCED_FACE('',(#902),#920,.F.);
#902 = FACE_BOUND('',#903,.F.);
#903 = EDGE_LOOP('',(#904,#905,#906,#914));
#904 = ORIENTED_EDGE('',*,*,#874,.F.);
#905 = ORIENTED_EDGE('',*,*,#81,.T.);
#906 = ORIENTED_EDGE('',*,*,#907,.T.);
#907 = EDGE_CURVE('',#74,#908,#910,.T.);
#908 = VERTEX_POINT('',#909);
#909 = CARTESIAN_POINT('',(-1.,60.9,18.5));
#910 = LINE('',#911,#912);
#911 = CARTESIAN_POINT('',(-3.1,60.9,18.5));
#912 = VECTOR('',#913,1.);
#913 = DIRECTION('',(1.,0.,-0.));
#914 = ORIENTED_EDGE('',*,*,#915,.F.);
#915 = EDGE_CURVE('',#875,#908,#916,.T.);
#916 = LINE('',#917,#918);
#917 = CARTESIAN_POINT('',(-1.,60.9,1.75));
#918 = VECTOR('',#919,1.);
#919 = DIRECTION('',(0.,0.,1.));
#920 = PLANE('',#921);
#921 = AXIS2_PLACEMENT_3D('',#922,#923,#924);
#922 = CARTESIAN_POINT('',(-3.1,60.9,7.5));
#923 = DIRECTION('',(-0.,1.,0.));
#924 = DIRECTION('',(0.,0.,1.));
#925 = ADVANCED_FACE('',(#926),#944,.F.);
#926 = FACE_BOUND('',#927,.F.);
#927 = EDGE_LOOP('',(#928,#929,#930,#938));
#928 = ORIENTED_EDGE('',*,*,#907,.F.);
#929 = ORIENTED_EDGE('',*,*,#73,.T.);
#930 = ORIENTED_EDGE('',*,*,#931,.T.);
#931 = EDGE_CURVE('',#66,#932,#934,.T.);
#932 = VERTEX_POINT('',#933);
#933 = CARTESIAN_POINT('',(-1.,59.3,18.5));
#934 = LINE('',#935,#936);
#935 = CARTESIAN_POINT('',(-3.1,59.3,18.5));
#936 = VECTOR('',#937,1.);
#937 = DIRECTION('',(1.,0.,-0.));
#938 = ORIENTED_EDGE('',*,*,#939,.F.);
#939 = EDGE_CURVE('',#908,#932,#940,.T.);
#940 = LINE('',#941,#942);
#941 = CARTESIAN_POINT('',(-1.,28.65,18.5));
#942 = VECTOR('',#943,1.);
#943 = DIRECTION('',(0.,-1.,0.));
#944 = PLANE('',#945);
#945 = AXIS2_PLACEMENT_3D('',#946,#947,#948);
#946 = CARTESIAN_POINT('',(-3.1,59.3,18.5));
#947 = DIRECTION('',(0.,0.,1.));
#948 = DIRECTION('',(1.,0.,-0.));
#949 = ADVANCED_FACE('',(#950),#961,.T.);
#950 = FACE_BOUND('',#951,.T.);
#951 = EDGE_LOOP('',(#952,#953,#954,#955));
#952 = ORIENTED_EDGE('',*,*,#883,.F.);
#953 = ORIENTED_EDGE('',*,*,#65,.T.);
#954 = ORIENTED_EDGE('',*,*,#931,.T.);
#955 = ORIENTED_EDGE('',*,*,#956,.F.);
#956 = EDGE_CURVE('',#884,#932,#957,.T.);
#957 = LINE('',#958,#959);
#958 = CARTESIAN_POINT('',(-1.,59.3,1.75));
#959 = VECTOR('',#960,1.);
#960 = DIRECTION('',(0.,0.,1.));
#961 = PLANE('',#962);
#962 = AXIS2_PLACEMENT_3D('',#963,#964,#965);
#963 = CARTESIAN_POINT('',(-3.1,59.3,7.5));
#964 = DIRECTION('',(-0.,1.,0.));
#965 = DIRECTION('',(0.,0.,1.));
#966 = ADVANCED_FACE('',(#967),#992,.T.);
#967 = FACE_BOUND('',#968,.T.);
#968 = EDGE_LOOP('',(#969,#977,#978,#986));
#969 = ORIENTED_EDGE('',*,*,#970,.F.);
#970 = EDGE_CURVE('',#90,#971,#973,.T.);
#971 = VERTEX_POINT('',#972);
#972 = CARTESIAN_POINT('',(-1.,57.5,7.5));
#973 = LINE('',#974,#975);
#974 = CARTESIAN_POINT('',(-3.1,57.5,7.5));
#975 = VECTOR('',#976,1.);
#976 = DIRECTION('',(1.,0.,-0.));
#977 = ORIENTED_EDGE('',*,*,#89,.T.);
#978 = ORIENTED_EDGE('',*,*,#979,.T.);
#979 = EDGE_CURVE('',#92,#980,#982,.T.);
#980 = VERTEX_POINT('',#981);
#981 = CARTESIAN_POINT('',(-1.,55.9,7.5));
#982 = LINE('',#983,#984);
#983 = CARTESIAN_POINT('',(-3.1,55.9,7.5));
#984 = VECTOR('',#985,1.);
#985 = DIRECTION('',(1.,0.,-0.));
#986 = ORIENTED_EDGE('',*,*,#987,.F.);
#987 = EDGE_CURVE('',#971,#980,#988,.T.);
#988 = LINE('',#989,#990);
#989 = CARTESIAN_POINT('',(-1.,26.95,7.5));
#990 = VECTOR('',#991,1.);
#991 = DIRECTION('',(0.,-1.,0.));
#992 = PLANE('',#993);
#993 = AXIS2_PLACEMENT_3D('',#994,#995,#996);
#994 = CARTESIAN_POINT('',(-3.1,55.9,7.5));
#995 = DIRECTION('',(0.,0.,1.));
#996 = DIRECTION('',(1.,0.,-0.));
#997 = ADVANCED_FACE('',(#998),#1016,.F.);
#998 = FACE_BOUND('',#999,.F.);
#999 = EDGE_LOOP('',(#1000,#1001,#1002,#1010));
#1000 = ORIENTED_EDGE('',*,*,#970,.F.);
#1001 = ORIENTED_EDGE('',*,*,#115,.T.);
#1002 = ORIENTED_EDGE('',*,*,#1003,.T.);
#1003 = EDGE_CURVE('',#108,#1004,#1006,.T.);
#1004 = VERTEX_POINT('',#1005);
#1005 = CARTESIAN_POINT('',(-1.,57.5,18.5));
#1006 = LINE('',#1007,#1008);
#1007 = CARTESIAN_POINT('',(-3.1,57.5,18.5));
#1008 = VECTOR('',#1009,1.);
#1009 = DIRECTION('',(1.,0.,-0.));
#1010 = ORIENTED_EDGE('',*,*,#1011,.F.);
#1011 = EDGE_CURVE('',#971,#1004,#1012,.T.);
#1012 = LINE('',#1013,#1014);
#1013 = CARTESIAN_POINT('',(-1.,57.5,1.75));
#1014 = VECTOR('',#1015,1.);
#1015 = DIRECTION('',(0.,0.,1.));
#1016 = PLANE('',#1017);
#1017 = AXIS2_PLACEMENT_3D('',#1018,#1019,#1020);
#1018 = CARTESIAN_POINT('',(-3.1,57.5,7.5));
#1019 = DIRECTION('',(-0.,1.,0.));
#1020 = DIRECTION('',(0.,0.,1.));
#1021 = ADVANCED_FACE('',(#1022),#1040,.F.);
#1022 = FACE_BOUND('',#1023,.F.);
#1023 = EDGE_LOOP('',(#1024,#1025,#1026,#1034));
#1024 = ORIENTED_EDGE('',*,*,#1003,.F.);
#1025 = ORIENTED_EDGE('',*,*,#107,.T.);
#1026 = ORIENTED_EDGE('',*,*,#1027,.T.);
#1027 = EDGE_CURVE('',#100,#1028,#1030,.T.);
#1028 = VERTEX_POINT('',#1029);
#1029 = CARTESIAN_POINT('',(-1.,55.9,18.5));
#1030 = LINE('',#1031,#1032);
#1031 = CARTESIAN_POINT('',(-3.1,55.9,18.5));
#1032 = VECTOR('',#1033,1.);
#1033 = DIRECTION('',(1.,0.,-0.));
#1034 = ORIENTED_EDGE('',*,*,#1035,.F.);
#1035 = EDGE_CURVE('',#1004,#1028,#1036,.T.);
#1036 = LINE('',#1037,#1038);
#1037 = CARTESIAN_POINT('',(-1.,26.95,18.5));
#1038 = VECTOR('',#1039,1.);
#1039 = DIRECTION('',(0.,-1.,0.));
#1040 = PLANE('',#1041);
#1041 = AXIS2_PLACEMENT_3D('',#1042,#1043,#1044);
#1042 = CARTESIAN_POINT('',(-3.1,55.9,18.5));
#1043 = DIRECTION('',(0.,0.,1.));
#1044 = DIRECTION('',(1.,0.,-0.));
#1045 = ADVANCED_FACE('',(#1046),#1057,.T.);
#1046 = FACE_BOUND('',#1047,.T.);
#1047 = EDGE_LOOP('',(#1048,#1049,#1050,#1051));
#1048 = ORIENTED_EDGE('',*,*,#979,.F.);
#1049 = ORIENTED_EDGE('',*,*,#99,.T.);
#1050 = ORIENTED_EDGE('',*,*,#1027,.T.);
#1051 = ORIENTED_EDGE('',*,*,#1052,.F.);
#1052 = EDGE_CURVE('',#980,#1028,#1053,.T.);
#1053 = LINE('',#1054,#1055);
#1054 = CARTESIAN_POINT('',(-1.,55.9,1.75));
#1055 = VECTOR('',#1056,1.);
#1056 = DIRECTION('',(0.,0.,1.));
#1057 = PLANE('',#1058);
#1058 = AXIS2_PLACEMENT_3D('',#1059,#1060,#1061);
#1059 = CARTESIAN_POINT('',(-3.1,55.9,7.5));
#1060 = DIRECTION('',(-0.,1.,0.));
#1061 = DIRECTION('',(0.,0.,1.));
#1062 = ADVANCED_FACE('',(#1063),#1088,.T.);
#1063 = FACE_BOUND('',#1064,.T.);
#1064 = EDGE_LOOP('',(#1065,#1073,#1074,#1082));
#1065 = ORIENTED_EDGE('',*,*,#1066,.F.);
#1066 = EDGE_CURVE('',#124,#1067,#1069,.T.);
#1067 = VERTEX_POINT('',#1068);
#1068 = CARTESIAN_POINT('',(-1.,54.1,7.5));
#1069 = LINE('',#1070,#1071);
#1070 = CARTESIAN_POINT('',(-3.1,54.1,7.5));
#1071 = VECTOR('',#1072,1.);
#1072 = DIRECTION('',(1.,0.,-0.));
#1073 = ORIENTED_EDGE('',*,*,#123,.T.);
#1074 = ORIENTED_EDGE('',*,*,#1075,.T.);
#1075 = EDGE_CURVE('',#126,#1076,#1078,.T.);
#1076 = VERTEX_POINT('',#1077);
#1077 = CARTESIAN_POINT('',(-1.,52.5,7.5));
#1078 = LINE('',#1079,#1080);
#1079 = CARTESIAN_POINT('',(-3.1,52.5,7.5));
#1080 = VECTOR('',#1081,1.);
#1081 = DIRECTION('',(1.,0.,-0.));
#1082 = ORIENTED_EDGE('',*,*,#1083,.F.);
#1083 = EDGE_CURVE('',#1067,#1076,#1084,.T.);
#1084 = LINE('',#1085,#1086);
#1085 = CARTESIAN_POINT('',(-1.,25.25,7.5));
#1086 = VECTOR('',#1087,1.);
#1087 = DIRECTION('',(0.,-1.,0.));
#1088 = PLANE('',#1089);
#1089 = AXIS2_PLACEMENT_3D('',#1090,#1091,#1092);
#1090 = CARTESIAN_POINT('',(-3.1,52.5,7.5));
#1091 = DIRECTION('',(0.,0.,1.));
#1092 = DIRECTION('',(1.,0.,-0.));
#1093 = ADVANCED_FACE('',(#1094),#1112,.F.);
#1094 = FACE_BOUND('',#1095,.F.);
#1095 = EDGE_LOOP('',(#1096,#1097,#1098,#1106));
#1096 = ORIENTED_EDGE('',*,*,#1066,.F.);
#1097 = ORIENTED_EDGE('',*,*,#149,.T.);
#1098 = ORIENTED_EDGE('',*,*,#1099,.T.);
#1099 = EDGE_CURVE('',#142,#1100,#1102,.T.);
#1100 = VERTEX_POINT('',#1101);
#1101 = CARTESIAN_POINT('',(-1.,54.1,18.5));
#1102 = LINE('',#1103,#1104);
#1103 = CARTESIAN_POINT('',(-3.1,54.1,18.5));
#1104 = VECTOR('',#1105,1.);
#1105 = DIRECTION('',(1.,0.,-0.));
#1106 = ORIENTED_EDGE('',*,*,#1107,.F.);
#1107 = EDGE_CURVE('',#1067,#1100,#1108,.T.);
#1108 = LINE('',#1109,#1110);
#1109 = CARTESIAN_POINT('',(-1.,54.1,1.75));
#1110 = VECTOR('',#1111,1.);
#1111 = DIRECTION('',(0.,0.,1.));
#1112 = PLANE('',#1113);
#1113 = AXIS2_PLACEMENT_3D('',#1114,#1115,#1116);
#1114 = CARTESIAN_POINT('',(-3.1,54.1,7.5));
#1115 = DIRECTION('',(-0.,1.,0.));
#1116 = DIRECTION('',(0.,0.,1.));
#1117 = ADVANCED_FACE('',(#1118),#1136,.F.);
#1118 = FACE_BOUND('',#1119,.F.);
#1119 = EDGE_LOOP('',(#1120,#1121,#1122,#1130));
#1120 = ORIENTED_EDGE('',*,*,#1099,.F.);
#1121 = ORIENTED_EDGE('',*,*,#141,.T.);
#1122 = ORIENTED_EDGE('',*,*,#1123,.T.);
#1123 = EDGE_CURVE('',#134,#1124,#1126,.T.);
#1124 = VERTEX_POINT('',#1125);
#1125 = CARTESIAN_POINT('',(-1.,52.5,18.5));
#1126 = LINE('',#1127,#1128);
#1127 = CARTESIAN_POINT('',(-3.1,52.5,18.5));
#1128 = VECTOR('',#1129,1.);
#1129 = DIRECTION('',(1.,0.,-0.));
#1130 = ORIENTED_EDGE('',*,*,#1131,.F.);
#1131 = EDGE_CURVE('',#1100,#1124,#1132,.T.);
#1132 = LINE('',#1133,#1134);
#1133 = CARTESIAN_POINT('',(-1.,25.25,18.5));
#1134 = VECTOR('',#1135,1.);
#1135 = DIRECTION('',(0.,-1.,0.));
#1136 = PLANE('',#1137);
#1137 = AXIS2_PLACEMENT_3D('',#1138,#1139,#1140);
#1138 = CARTESIAN_POINT('',(-3.1,52.5,18.5));
#1139 = DIRECTION('',(0.,0.,1.));
#1140 = DIRECTION('',(1.,0.,-0.));
#1141 = ADVANCED_FACE('',(#1142),#1153,.T.);
#1142 = FACE_BOUND('',#1143,.T.);
#1143 = EDGE_LOOP('',(#1144,#1145,#1146,#1147));
#1144 = ORIENTED_EDGE('',*,*,#1075,.F.);
#1145 = ORIENTED_EDGE('',*,*,#133,.T.);
#1146 = ORIENTED_EDGE('',*,*,#1123,.T.);
#1147 = ORIENTED_EDGE('',*,*,#1148,.F.);
#1148 = EDGE_CURVE('',#1076,#1124,#1149,.T.);
#1149 = LINE('',#1150,#1151);
#1150 = CARTESIAN_POINT('',(-1.,52.5,1.75));
#1151 = VECTOR('',#1152,1.);
#1152 = DIRECTION('',(0.,0.,1.));
#1153 = PLANE('',#1154);
#1154 = AXIS2_PLACEMENT_3D('',#1155,#1156,#1157);
#1155 = CARTESIAN_POINT('',(-3.1,52.5,7.5));
#1156 = DIRECTION('',(-0.,1.,0.));
#1157 = DIRECTION('',(0.,0.,1.));
#1158 = ADVANCED_FACE('',(#1159),#1184,.T.);
#1159 = FACE_BOUND('',#1160,.T.);
#1160 = EDGE_LOOP('',(#1161,#1169,#1170,#1178));
#1161 = ORIENTED_EDGE('',*,*,#1162,.F.);
#1162 = EDGE_CURVE('',#158,#1163,#1165,.T.);
#1163 = VERTEX_POINT('',#1164);
#1164 = CARTESIAN_POINT('',(-1.,50.7,7.5));
#1165 = LINE('',#1166,#1167);
#1166 = CARTESIAN_POINT('',(-3.1,50.7,7.5));
#1167 = VECTOR('',#1168,1.);
#1168 = DIRECTION('',(1.,0.,-0.));
#1169 = ORIENTED_EDGE('',*,*,#157,.T.);
#1170 = ORIENTED_EDGE('',*,*,#1171,.T.);
#1171 = EDGE_CURVE('',#160,#1172,#1174,.T.);
#1172 = VERTEX_POINT('',#1173);
#1173 = CARTESIAN_POINT('',(-1.,49.1,7.5));
#1174 = LINE('',#1175,#1176);
#1175 = CARTESIAN_POINT('',(-3.1,49.1,7.5));
#1176 = VECTOR('',#1177,1.);
#1177 = DIRECTION('',(1.,0.,-0.));
#1178 = ORIENTED_EDGE('',*,*,#1179,.F.);
#1179 = EDGE_CURVE('',#1163,#1172,#1180,.T.);
#1180 = LINE('',#1181,#1182);
#1181 = CARTESIAN_POINT('',(-1.,23.55,7.5));
#1182 = VECTOR('',#1183,1.);
#1183 = DIRECTION('',(0.,-1.,0.));
#1184 = PLANE('',#1185);
#1185 = AXIS2_PLACEMENT_3D('',#1186,#1187,#1188);
#1186 = CARTESIAN_POINT('',(-3.1,49.1,7.5));
#1187 = DIRECTION('',(0.,0.,1.));
#1188 = DIRECTION('',(1.,0.,-0.));
#1189 = ADVANCED_FACE('',(#1190),#1208,.F.);
#1190 = FACE_BOUND('',#1191,.F.);
#1191 = EDGE_LOOP('',(#1192,#1193,#1194,#1202));
#1192 = ORIENTED_EDGE('',*,*,#1162,.F.);
#1193 = ORIENTED_EDGE('',*,*,#183,.T.);
#1194 = ORIENTED_EDGE('',*,*,#1195,.T.);
#1195 = EDGE_CURVE('',#176,#1196,#1198,.T.);
#1196 = VERTEX_POINT('',#1197);
#1197 = CARTESIAN_POINT('',(-1.,50.7,18.5));
#1198 = LINE('',#1199,#1200);
#1199 = CARTESIAN_POINT('',(-3.1,50.7,18.5));
#1200 = VECTOR('',#1201,1.);
#1201 = DIRECTION('',(1.,0.,-0.));
#1202 = ORIENTED_EDGE('',*,*,#1203,.F.);
#1203 = EDGE_CURVE('',#1163,#1196,#1204,.T.);
#1204 = LINE('',#1205,#1206);
#1205 = CARTESIAN_POINT('',(-1.,50.7,1.75));
#1206 = VECTOR('',#1207,1.);
#1207 = DIRECTION('',(0.,0.,1.));
#1208 = PLANE('',#1209);
#1209 = AXIS2_PLACEMENT_3D('',#1210,#1211,#1212);
#1210 = CARTESIAN_POINT('',(-3.1,50.7,7.5));
#1211 = DIRECTION('',(-0.,1.,0.));
#1212 = DIRECTION('',(0.,0.,1.));
#1213 = ADVANCED_FACE('',(#1214),#1232,.F.);
#1214 = FACE_BOUND('',#1215,.F.);
#1215 = EDGE_LOOP('',(#1216,#1217,#1218,#1226));
#1216 = ORIENTED_EDGE('',*,*,#1195,.F.);
#1217 = ORIENTED_EDGE('',*,*,#175,.T.);
#1218 = ORIENTED_EDGE('',*,*,#1219,.T.);
#1219 = EDGE_CURVE('',#168,#1220,#1222,.T.);
#1220 = VERTEX_POINT('',#1221);
#1221 = CARTESIAN_POINT('',(-1.,49.1,18.5));
#1222 = LINE('',#1223,#1224);
#1223 = CARTESIAN_POINT('',(-3.1,49.1,18.5));
#1224 = VECTOR('',#1225,1.);
#1225 = DIRECTION('',(1.,0.,-0.));
#1226 = ORIENTED_EDGE('',*,*,#1227,.F.);
#1227 = EDGE_CURVE('',#1196,#1220,#1228,.T.);
#1228 = LINE('',#1229,#1230);
#1229 = CARTESIAN_POINT('',(-1.,23.55,18.5));
#1230 = VECTOR('',#1231,1.);
#1231 = DIRECTION('',(0.,-1.,0.));
#1232 = PLANE('',#1233);
#1233 = AXIS2_PLACEMENT_3D('',#1234,#1235,#1236);
#1234 = CARTESIAN_POINT('',(-3.1,49.1,18.5));
#1235 = DIRECTION('',(0.,0.,1.));
#1236 = DIRECTION('',(1.,0.,-0.));
#1237 = ADVANCED_FACE('',(#1238),#1249,.T.);
#1238 = FACE_BOUND('',#1239,.T.);
#1239 = EDGE_LOOP('',(#1240,#1241,#1242,#1243));
#1240 = ORIENTED_EDGE('',*,*,#1171,.F.);
#1241 = ORIENTED_EDGE('',*,*,#167,.T.);
#1242 = ORIENTED_EDGE('',*,*,#1219,.T.);
#1243 = ORIENTED_EDGE('',*,*,#1244,.F.);
#1244 = EDGE_CURVE('',#1172,#1220,#1245,.T.);
#1245 = LINE('',#1246,#1247);
#1246 = CARTESIAN_POINT('',(-1.,49.1,1.75));
#1247 = VECTOR('',#1248,1.);
#1248 = DIRECTION('',(0.,0.,1.));
#1249 = PLANE('',#1250);
#1250 = AXIS2_PLACEMENT_3D('',#1251,#1252,#1253);
#1251 = CARTESIAN_POINT('',(-3.1,49.1,7.5));
#1252 = DIRECTION('',(-0.,1.,0.));
#1253 = DIRECTION('',(0.,0.,1.));
#1254 = ADVANCED_FACE('',(#1255),#1280,.T.);
#1255 = FACE_BOUND('',#1256,.T.);
#1256 = EDGE_LOOP('',(#1257,#1265,#1266,#1274));
#1257 = ORIENTED_EDGE('',*,*,#1258,.F.);
#1258 = EDGE_CURVE('',#192,#1259,#1261,.T.);
#1259 = VERTEX_POINT('',#1260);
#1260 = CARTESIAN_POINT('',(-1.,47.3,7.5));
#1261 = LINE('',#1262,#1263);
#1262 = CARTESIAN_POINT('',(-3.1,47.3,7.5));
#1263 = VECTOR('',#1264,1.);
#1264 = DIRECTION('',(1.,0.,-0.));
#1265 = ORIENTED_EDGE('',*,*,#191,.T.);
#1266 = ORIENTED_EDGE('',*,*,#1267,.T.);
#1267 = EDGE_CURVE('',#194,#1268,#1270,.T.);
#1268 = VERTEX_POINT('',#1269);
#1269 = CARTESIAN_POINT('',(-1.,45.7,7.5));
#1270 = LINE('',#1271,#1272);
#1271 = CARTESIAN_POINT('',(-3.1,45.7,7.5));
#1272 = VECTOR('',#1273,1.);
#1273 = DIRECTION('',(1.,0.,-0.));
#1274 = ORIENTED_EDGE('',*,*,#1275,.F.);
#1275 = EDGE_CURVE('',#1259,#1268,#1276,.T.);
#1276 = LINE('',#1277,#1278);
#1277 = CARTESIAN_POINT('',(-1.,21.85,7.5));
#1278 = VECTOR('',#1279,1.);
#1279 = DIRECTION('',(0.,-1.,0.));
#1280 = PLANE('',#1281);
#1281 = AXIS2_PLACEMENT_3D('',#1282,#1283,#1284);
#1282 = CARTESIAN_POINT('',(-3.1,45.7,7.5));
#1283 = DIRECTION('',(0.,0.,1.));
#1284 = DIRECTION('',(1.,0.,-0.));
#1285 = ADVANCED_FACE('',(#1286),#1304,.F.);
#1286 = FACE_BOUND('',#1287,.F.);
#1287 = EDGE_LOOP('',(#1288,#1289,#1290,#1298));
#1288 = ORIENTED_EDGE('',*,*,#1258,.F.);
#1289 = ORIENTED_EDGE('',*,*,#217,.T.);
#1290 = ORIENTED_EDGE('',*,*,#1291,.T.);
#1291 = EDGE_CURVE('',#210,#1292,#1294,.T.);
#1292 = VERTEX_POINT('',#1293);
#1293 = CARTESIAN_POINT('',(-1.,47.3,18.5));
#1294 = LINE('',#1295,#1296);
#1295 = CARTESIAN_POINT('',(-3.1,47.3,18.5));
#1296 = VECTOR('',#1297,1.);
#1297 = DIRECTION('',(1.,0.,-0.));
#1298 = ORIENTED_EDGE('',*,*,#1299,.F.);
#1299 = EDGE_CURVE('',#1259,#1292,#1300,.T.);
#1300 = LINE('',#1301,#1302);
#1301 = CARTESIAN_POINT('',(-1.,47.3,1.75));
#1302 = VECTOR('',#1303,1.);
#1303 = DIRECTION('',(0.,0.,1.));
#1304 = PLANE('',#1305);
#1305 = AXIS2_PLACEMENT_3D('',#1306,#1307,#1308);
#1306 = CARTESIAN_POINT('',(-3.1,47.3,7.5));
#1307 = DIRECTION('',(-0.,1.,0.));
#1308 = DIRECTION('',(0.,0.,1.));
#1309 = ADVANCED_FACE('',(#1310),#1328,.F.);
#1310 = FACE_BOUND('',#1311,.F.);
#1311 = EDGE_LOOP('',(#1312,#1313,#1314,#1322));
#1312 = ORIENTED_EDGE('',*,*,#1291,.F.);
#1313 = ORIENTED_EDGE('',*,*,#209,.T.);
#1314 = ORIENTED_EDGE('',*,*,#1315,.T.);
#1315 = EDGE_CURVE('',#202,#1316,#1318,.T.);
#1316 = VERTEX_POINT('',#1317);
#1317 = CARTESIAN_POINT('',(-1.,45.7,18.5));
#1318 = LINE('',#1319,#1320);
#1319 = CARTESIAN_POINT('',(-3.1,45.7,18.5));
#1320 = VECTOR('',#1321,1.);
#1321 = DIRECTION('',(1.,0.,-0.));
#1322 = ORIENTED_EDGE('',*,*,#1323,.F.);
#1323 = EDGE_CURVE('',#1292,#1316,#1324,.T.);
#1324 = LINE('',#1325,#1326);
#1325 = CARTESIAN_POINT('',(-1.,21.85,18.5));
#1326 = VECTOR('',#1327,1.);
#1327 = DIRECTION('',(0.,-1.,0.));
#1328 = PLANE('',#1329);
#1329 = AXIS2_PLACEMENT_3D('',#1330,#1331,#1332);
#1330 = CARTESIAN_POINT('',(-3.1,45.7,18.5));
#1331 = DIRECTION('',(0.,0.,1.));
#1332 = DIRECTION('',(1.,0.,-0.));
#1333 = ADVANCED_FACE('',(#1334),#1345,.T.);
#1334 = FACE_BOUND('',#1335,.T.);
#1335 = EDGE_LOOP('',(#1336,#1337,#1338,#1339));
#1336 = ORIENTED_EDGE('',*,*,#1267,.F.);
#1337 = ORIENTED_EDGE('',*,*,#201,.T.);
#1338 = ORIENTED_EDGE('',*,*,#1315,.T.);
#1339 = ORIENTED_EDGE('',*,*,#1340,.F.);
#1340 = EDGE_CURVE('',#1268,#1316,#1341,.T.);
#1341 = LINE('',#1342,#1343);
#1342 = CARTESIAN_POINT('',(-1.,45.7,1.75));
#1343 = VECTOR('',#1344,1.);
#1344 = DIRECTION('',(0.,0.,1.));
#1345 = PLANE('',#1346);
#1346 = AXIS2_PLACEMENT_3D('',#1347,#1348,#1349);
#1347 = CARTESIAN_POINT('',(-3.1,45.7,7.5));
#1348 = DIRECTION('',(-0.,1.,0.));
#1349 = DIRECTION('',(0.,0.,1.));
#1350 = ADVANCED_FACE('',(#1351),#1376,.T.);
#1351 = FACE_BOUND('',#1352,.T.);
#1352 = EDGE_LOOP('',(#1353,#1361,#1362,#1370));
#1353 = ORIENTED_EDGE('',*,*,#1354,.F.);
#1354 = EDGE_CURVE('',#226,#1355,#1357,.T.);
#1355 = VERTEX_POINT('',#1356);
#1356 = CARTESIAN_POINT('',(-1.,43.9,7.5));
#1357 = LINE('',#1358,#1359);
#1358 = CARTESIAN_POINT('',(-3.1,43.9,7.5));
#1359 = VECTOR('',#1360,1.);
#1360 = DIRECTION('',(1.,0.,-0.));
#1361 = ORIENTED_EDGE('',*,*,#225,.T.);
#1362 = ORIENTED_EDGE('',*,*,#1363,.T.);
#1363 = EDGE_CURVE('',#228,#1364,#1366,.T.);
#1364 = VERTEX_POINT('',#1365);
#1365 = CARTESIAN_POINT('',(-1.,42.3,7.5));
#1366 = LINE('',#1367,#1368);
#1367 = CARTESIAN_POINT('',(-3.1,42.3,7.5));
#1368 = VECTOR('',#1369,1.);
#1369 = DIRECTION('',(1.,0.,-0.));
#1370 = ORIENTED_EDGE('',*,*,#1371,.F.);
#1371 = EDGE_CURVE('',#1355,#1364,#1372,.T.);
#1372 = LINE('',#1373,#1374);
#1373 = CARTESIAN_POINT('',(-1.,20.15,7.5));
#1374 = VECTOR('',#1375,1.);
#1375 = DIRECTION('',(0.,-1.,0.));
#1376 = PLANE('',#1377);
#1377 = AXIS2_PLACEMENT_3D('',#1378,#1379,#1380);
#1378 = CARTESIAN_POINT('',(-3.1,42.3,7.5));
#1379 = DIRECTION('',(0.,0.,1.));
#1380 = DIRECTION('',(1.,0.,-0.));
#1381 = ADVANCED_FACE('',(#1382),#1400,.F.);
#1382 = FACE_BOUND('',#1383,.F.);
#1383 = EDGE_LOOP('',(#1384,#1385,#1386,#1394));
#1384 = ORIENTED_EDGE('',*,*,#1354,.F.);
#1385 = ORIENTED_EDGE('',*,*,#251,.T.);
#1386 = ORIENTED_EDGE('',*,*,#1387,.T.);
#1387 = EDGE_CURVE('',#244,#1388,#1390,.T.);
#1388 = VERTEX_POINT('',#1389);
#1389 = CARTESIAN_POINT('',(-1.,43.9,18.5));
#1390 = LINE('',#1391,#1392);
#1391 = CARTESIAN_POINT('',(-3.1,43.9,18.5));
#1392 = VECTOR('',#1393,1.);
#1393 = DIRECTION('',(1.,0.,-0.));
#1394 = ORIENTED_EDGE('',*,*,#1395,.F.);
#1395 = EDGE_CURVE('',#1355,#1388,#1396,.T.);
#1396 = LINE('',#1397,#1398);
#1397 = CARTESIAN_POINT('',(-1.,43.9,1.75));
#1398 = VECTOR('',#1399,1.);
#1399 = DIRECTION('',(0.,0.,1.));
#1400 = PLANE('',#1401);
#1401 = AXIS2_PLACEMENT_3D('',#1402,#1403,#1404);
#1402 = CARTESIAN_POINT('',(-3.1,43.9,7.5));
#1403 = DIRECTION('',(-0.,1.,0.));
#1404 = DIRECTION('',(0.,0.,1.));
#1405 = ADVANCED_FACE('',(#1406),#1424,.F.);
#1406 = FACE_BOUND('',#1407,.F.);
#1407 = EDGE_LOOP('',(#1408,#1409,#1410,#1418));
#1408 = ORIENTED_EDGE('',*,*,#1387,.F.);
#1409 = ORIENTED_EDGE('',*,*,#243,.T.);
#1410 = ORIENTED_EDGE('',*,*,#1411,.T.);
#1411 = EDGE_CURVE('',#236,#1412,#1414,.T.);
#1412 = VERTEX_POINT('',#1413);
#1413 = CARTESIAN_POINT('',(-1.,42.3,18.5));
#1414 = LINE('',#1415,#1416);
#1415 = CARTESIAN_POINT('',(-3.1,42.3,18.5));
#1416 = VECTOR('',#1417,1.);
#1417 = DIRECTION('',(1.,0.,-0.));
#1418 = ORIENTED_EDGE('',*,*,#1419,.F.);
#1419 = EDGE_CURVE('',#1388,#1412,#1420,.T.);
#1420 = LINE('',#1421,#1422);
#1421 = CARTESIAN_POINT('',(-1.,20.15,18.5));
#1422 = VECTOR('',#1423,1.);
#1423 = DIRECTION('',(0.,-1.,0.));
#1424 = PLANE('',#1425);
#1425 = AXIS2_PLACEMENT_3D('',#1426,#1427,#1428);
#1426 = CARTESIAN_POINT('',(-3.1,42.3,18.5));
#1427 = DIRECTION('',(0.,0.,1.));
#1428 = DIRECTION('',(1.,0.,-0.));
#1429 = ADVANCED_FACE('',(#1430),#1441,.T.);
#1430 = FACE_BOUND('',#1431,.T.);
#1431 = EDGE_LOOP('',(#1432,#1433,#1434,#1435));
#1432 = ORIENTED_EDGE('',*,*,#1363,.F.);
#1433 = ORIENTED_EDGE('',*,*,#235,.T.);
#1434 = ORIENTED_EDGE('',*,*,#1411,.T.);
#1435 = ORIENTED_EDGE('',*,*,#1436,.F.);
#1436 = EDGE_CURVE('',#1364,#1412,#1437,.T.);
#1437 = LINE('',#1438,#1439);
#1438 = CARTESIAN_POINT('',(-1.,42.3,1.75));
#1439 = VECTOR('',#1440,1.);
#1440 = DIRECTION('',(0.,0.,1.));
#1441 = PLANE('',#1442);
#1442 = AXIS2_PLACEMENT_3D('',#1443,#1444,#1445);
#1443 = CARTESIAN_POINT('',(-3.1,42.3,7.5));
#1444 = DIRECTION('',(-0.,1.,0.));
#1445 = DIRECTION('',(0.,0.,1.));
#1446 = ADVANCED_FACE('',(#1447),#1472,.T.);
#1447 = FACE_BOUND('',#1448,.T.);
#1448 = EDGE_LOOP('',(#1449,#1457,#1458,#1466));
#1449 = ORIENTED_EDGE('',*,*,#1450,.F.);
#1450 = EDGE_CURVE('',#260,#1451,#1453,.T.);
#1451 = VERTEX_POINT('',#1452);
#1452 = CARTESIAN_POINT('',(-1.,40.5,7.5));
#1453 = LINE('',#1454,#1455);
#1454 = CARTESIAN_POINT('',(-3.1,40.5,7.5));
#1455 = VECTOR('',#1456,1.);
#1456 = DIRECTION('',(1.,0.,-0.));
#1457 = ORIENTED_EDGE('',*,*,#259,.T.);
#1458 = ORIENTED_EDGE('',*,*,#1459,.T.);
#1459 = EDGE_CURVE('',#262,#1460,#1462,.T.);
#1460 = VERTEX_POINT('',#1461);
#1461 = CARTESIAN_POINT('',(-1.,38.9,7.5));
#1462 = LINE('',#1463,#1464);
#1463 = CARTESIAN_POINT('',(-3.1,38.9,7.5));
#1464 = VECTOR('',#1465,1.);
#1465 = DIRECTION('',(1.,0.,-0.));
#1466 = ORIENTED_EDGE('',*,*,#1467,.F.);
#1467 = EDGE_CURVE('',#1451,#1460,#1468,.T.);
#1468 = LINE('',#1469,#1470);
#1469 = CARTESIAN_POINT('',(-1.,18.45,7.5));
#1470 = VECTOR('',#1471,1.);
#1471 = DIRECTION('',(0.,-1.,0.));
#1472 = PLANE('',#1473);
#1473 = AXIS2_PLACEMENT_3D('',#1474,#1475,#1476);
#1474 = CARTESIAN_POINT('',(-3.1,38.9,7.5));
#1475 = DIRECTION('',(0.,0.,1.));
#1476 = DIRECTION('',(1.,0.,-0.));
#1477 = ADVANCED_FACE('',(#1478),#1496,.F.);
#1478 = FACE_BOUND('',#1479,.F.);
#1479 = EDGE_LOOP('',(#1480,#1481,#1482,#1490));
#1480 = ORIENTED_EDGE('',*,*,#1450,.F.);
#1481 = ORIENTED_EDGE('',*,*,#285,.T.);
#1482 = ORIENTED_EDGE('',*,*,#1483,.T.);
#1483 = EDGE_CURVE('',#278,#1484,#1486,.T.);
#1484 = VERTEX_POINT('',#1485);
#1485 = CARTESIAN_POINT('',(-1.,40.5,18.5));
#1486 = LINE('',#1487,#1488);
#1487 = CARTESIAN_POINT('',(-3.1,40.5,18.5));
#1488 = VECTOR('',#1489,1.);
#1489 = DIRECTION('',(1.,0.,-0.));
#1490 = ORIENTED_EDGE('',*,*,#1491,.F.);
#1491 = EDGE_CURVE('',#1451,#1484,#1492,.T.);
#1492 = LINE('',#1493,#1494);
#1493 = CARTESIAN_POINT('',(-1.,40.5,1.75));
#1494 = VECTOR('',#1495,1.);
#1495 = DIRECTION('',(0.,0.,1.));
#1496 = PLANE('',#1497);
#1497 = AXIS2_PLACEMENT_3D('',#1498,#1499,#1500);
#1498 = CARTESIAN_POINT('',(-3.1,40.5,7.5));
#1499 = DIRECTION('',(-0.,1.,0.));
#1500 = DIRECTION('',(0.,0.,1.));
#1501 = ADVANCED_FACE('',(#1502),#1520,.F.);
#1502 = FACE_BOUND('',#1503,.F.);
#1503 = EDGE_LOOP('',(#1504,#1505,#1506,#1514));
#1504 = ORIENTED_EDGE('',*,*,#1483,.F.);
#1505 = ORIENTED_EDGE('',*,*,#277,.T.);
#1506 = ORIENTED_EDGE('',*,*,#1507,.T.);
#1507 = EDGE_CURVE('',#270,#1508,#1510,.T.);
#1508 = VERTEX_POINT('',#1509);
#1509 = CARTESIAN_POINT('',(-1.,38.9,18.5));
#1510 = LINE('',#1511,#1512);
#1511 = CARTESIAN_POINT('',(-3.1,38.9,18.5));
#1512 = VECTOR('',#1513,1.);
#1513 = DIRECTION('',(1.,0.,-0.));
#1514 = ORIENTED_EDGE('',*,*,#1515,.F.);
#1515 = EDGE_CURVE('',#1484,#1508,#1516,.T.);
#1516 = LINE('',#1517,#1518);
#1517 = CARTESIAN_POINT('',(-1.,18.45,18.5));
#1518 = VECTOR('',#1519,1.);
#1519 = DIRECTION('',(0.,-1.,0.));
#1520 = PLANE('',#1521);
#1521 = AXIS2_PLACEMENT_3D('',#1522,#1523,#1524);
#1522 = CARTESIAN_POINT('',(-3.1,38.9,18.5));
#1523 = DIRECTION('',(0.,0.,1.));
#1524 = DIRECTION('',(1.,0.,-0.));
#1525 = ADVANCED_FACE('',(#1526),#1537,.T.);
#1526 = FACE_BOUND('',#1527,.T.);
#1527 = EDGE_LOOP('',(#1528,#1529,#1530,#1531));
#1528 = ORIENTED_EDGE('',*,*,#1459,.F.);
#1529 = ORIENTED_EDGE('',*,*,#269,.T.);
#1530 = ORIENTED_EDGE('',*,*,#1507,.T.);
#1531 = ORIENTED_EDGE('',*,*,#1532,.F.);
#1532 = EDGE_CURVE('',#1460,#1508,#1533,.T.);
#1533 = LINE('',#1534,#1535);
#1534 = CARTESIAN_POINT('',(-1.,38.9,1.75));
#1535 = VECTOR('',#1536,1.);
#1536 = DIRECTION('',(0.,0.,1.));
#1537 = PLANE('',#1538);
#1538 = AXIS2_PLACEMENT_3D('',#1539,#1540,#1541);
#1539 = CARTESIAN_POINT('',(-3.1,38.9,7.5));
#1540 = DIRECTION('',(-0.,1.,0.));
#1541 = DIRECTION('',(0.,0.,1.));
#1542 = ADVANCED_FACE('',(#1543),#1568,.T.);
#1543 = FACE_BOUND('',#1544,.T.);
#1544 = EDGE_LOOP('',(#1545,#1553,#1554,#1562));
#1545 = ORIENTED_EDGE('',*,*,#1546,.F.);
#1546 = EDGE_CURVE('',#294,#1547,#1549,.T.);
#1547 = VERTEX_POINT('',#1548);
#1548 = CARTESIAN_POINT('',(-1.,37.1,7.5));
#1549 = LINE('',#1550,#1551);
#1550 = CARTESIAN_POINT('',(-3.1,37.1,7.5));
#1551 = VECTOR('',#1552,1.);
#1552 = DIRECTION('',(1.,0.,-0.));
#1553 = ORIENTED_EDGE('',*,*,#293,.T.);
#1554 = ORIENTED_EDGE('',*,*,#1555,.T.);
#1555 = EDGE_CURVE('',#296,#1556,#1558,.T.);
#1556 = VERTEX_POINT('',#1557);
#1557 = CARTESIAN_POINT('',(-1.,35.5,7.5));
#1558 = LINE('',#1559,#1560);
#1559 = CARTESIAN_POINT('',(-3.1,35.5,7.5));
#1560 = VECTOR('',#1561,1.);
#1561 = DIRECTION('',(1.,0.,-0.));
#1562 = ORIENTED_EDGE('',*,*,#1563,.F.);
#1563 = EDGE_CURVE('',#1547,#1556,#1564,.T.);
#1564 = LINE('',#1565,#1566);
#1565 = CARTESIAN_POINT('',(-1.,16.75,7.5));
#1566 = VECTOR('',#1567,1.);
#1567 = DIRECTION('',(0.,-1.,0.));
#1568 = PLANE('',#1569);
#1569 = AXIS2_PLACEMENT_3D('',#1570,#1571,#1572);
#1570 = CARTESIAN_POINT('',(-3.1,35.5,7.5));
#1571 = DIRECTION('',(0.,0.,1.));
#1572 = DIRECTION('',(1.,0.,-0.));
#1573 = ADVANCED_FACE('',(#1574),#1592,.F.);
#1574 = FACE_BOUND('',#1575,.F.);
#1575 = EDGE_LOOP('',(#1576,#1577,#1578,#1586));
#1576 = ORIENTED_EDGE('',*,*,#1546,.F.);
#1577 = ORIENTED_EDGE('',*,*,#319,.T.);
#1578 = ORIENTED_EDGE('',*,*,#1579,.T.);
#1579 = EDGE_CURVE('',#312,#1580,#1582,.T.);
#1580 = VERTEX_POINT('',#1581);
#1581 = CARTESIAN_POINT('',(-1.,37.1,18.5));
#1582 = LINE('',#1583,#1584);
#1583 = CARTESIAN_POINT('',(-3.1,37.1,18.5));
#1584 = VECTOR('',#1585,1.);
#1585 = DIRECTION('',(1.,0.,-0.));
#1586 = ORIENTED_EDGE('',*,*,#1587,.F.);
#1587 = EDGE_CURVE('',#1547,#1580,#1588,.T.);
#1588 = LINE('',#1589,#1590);
#1589 = CARTESIAN_POINT('',(-1.,37.1,1.75));
#1590 = VECTOR('',#1591,1.);
#1591 = DIRECTION('',(0.,0.,1.));
#1592 = PLANE('',#1593);
#1593 = AXIS2_PLACEMENT_3D('',#1594,#1595,#1596);
#1594 = CARTESIAN_POINT('',(-3.1,37.1,7.5));
#1595 = DIRECTION('',(-0.,1.,0.));
#1596 = DIRECTION('',(0.,0.,1.));
#1597 = ADVANCED_FACE('',(#1598),#1616,.F.);
#1598 = FACE_BOUND('',#1599,.F.);
#1599 = EDGE_LOOP('',(#1600,#1601,#1602,#1610));
#1600 = ORIENTED_EDGE('',*,*,#1579,.F.);
#1601 = ORIENTED_EDGE('',*,*,#311,.T.);
#1602 = ORIENTED_EDGE('',*,*,#1603,.T.);
#1603 = EDGE_CURVE('',#304,#1604,#1606,.T.);
#1604 = VERTEX_POINT('',#1605);
#1605 = CARTESIAN_POINT('',(-1.,35.5,18.5));
#1606 = LINE('',#1607,#1608);
#1607 = CARTESIAN_POINT('',(-3.1,35.5,18.5));
#1608 = VECTOR('',#1609,1.);
#1609 = DIRECTION('',(1.,0.,-0.));
#1610 = ORIENTED_EDGE('',*,*,#1611,.F.);
#1611 = EDGE_CURVE('',#1580,#1604,#1612,.T.);
#1612 = LINE('',#1613,#1614);
#1613 = CARTESIAN_POINT('',(-1.,16.75,18.5));
#1614 = VECTOR('',#1615,1.);
#1615 = DIRECTION('',(0.,-1.,0.));
#1616 = PLANE('',#1617);
#1617 = AXIS2_PLACEMENT_3D('',#1618,#1619,#1620);
#1618 = CARTESIAN_POINT('',(-3.1,35.5,18.5));
#1619 = DIRECTION('',(0.,0.,1.));
#1620 = DIRECTION('',(1.,0.,-0.));
#1621 = ADVANCED_FACE('',(#1622),#1633,.T.);
#1622 = FACE_BOUND('',#1623,.T.);
#1623 = EDGE_LOOP('',(#1624,#1625,#1626,#1627));
#1624 = ORIENTED_EDGE('',*,*,#1555,.F.);
#1625 = ORIENTED_EDGE('',*,*,#303,.T.);
#1626 = ORIENTED_EDGE('',*,*,#1603,.T.);
#1627 = ORIENTED_EDGE('',*,*,#1628,.F.);
#1628 = EDGE_CURVE('',#1556,#1604,#1629,.T.);
#1629 = LINE('',#1630,#1631);
#1630 = CARTESIAN_POINT('',(-1.,35.5,1.75));
#1631 = VECTOR('',#1632,1.);
#1632 = DIRECTION('',(0.,0.,1.));
#1633 = PLANE('',#1634);
#1634 = AXIS2_PLACEMENT_3D('',#1635,#1636,#1637);
#1635 = CARTESIAN_POINT('',(-3.1,35.5,7.5));
#1636 = DIRECTION('',(-0.,1.,0.));
#1637 = DIRECTION('',(0.,0.,1.));
#1638 = ADVANCED_FACE('',(#1639),#1664,.T.);
#1639 = FACE_BOUND('',#1640,.T.);
#1640 = EDGE_LOOP('',(#1641,#1649,#1650,#1658));
#1641 = ORIENTED_EDGE('',*,*,#1642,.F.);
#1642 = EDGE_CURVE('',#328,#1643,#1645,.T.);
#1643 = VERTEX_POINT('',#1644);
#1644 = CARTESIAN_POINT('',(-1.,33.7,7.5));
#1645 = LINE('',#1646,#1647);
#1646 = CARTESIAN_POINT('',(-3.1,33.7,7.5));
#1647 = VECTOR('',#1648,1.);
#1648 = DIRECTION('',(1.,0.,-0.));
#1649 = ORIENTED_EDGE('',*,*,#327,.T.);
#1650 = ORIENTED_EDGE('',*,*,#1651,.T.);
#1651 = EDGE_CURVE('',#330,#1652,#1654,.T.);
#1652 = VERTEX_POINT('',#1653);
#1653 = CARTESIAN_POINT('',(-1.,32.1,7.5));
#1654 = LINE('',#1655,#1656);
#1655 = CARTESIAN_POINT('',(-3.1,32.1,7.5));
#1656 = VECTOR('',#1657,1.);
#1657 = DIRECTION('',(1.,0.,-0.));
#1658 = ORIENTED_EDGE('',*,*,#1659,.F.);
#1659 = EDGE_CURVE('',#1643,#1652,#1660,.T.);
#1660 = LINE('',#1661,#1662);
#1661 = CARTESIAN_POINT('',(-1.,15.05,7.5));
#1662 = VECTOR('',#1663,1.);
#1663 = DIRECTION('',(0.,-1.,0.));
#1664 = PLANE('',#1665);
#1665 = AXIS2_PLACEMENT_3D('',#1666,#1667,#1668);
#1666 = CARTESIAN_POINT('',(-3.1,32.1,7.5));
#1667 = DIRECTION('',(0.,0.,1.));
#1668 = DIRECTION('',(1.,0.,-0.));
#1669 = ADVANCED_FACE('',(#1670),#1688,.F.);
#1670 = FACE_BOUND('',#1671,.F.);
#1671 = EDGE_LOOP('',(#1672,#1673,#1674,#1682));
#1672 = ORIENTED_EDGE('',*,*,#1642,.F.);
#1673 = ORIENTED_EDGE('',*,*,#353,.T.);
#1674 = ORIENTED_EDGE('',*,*,#1675,.T.);
#1675 = EDGE_CURVE('',#346,#1676,#1678,.T.);
#1676 = VERTEX_POINT('',#1677);
#1677 = CARTESIAN_POINT('',(-1.,33.7,18.5));
#1678 = LINE('',#1679,#1680);
#1679 = CARTESIAN_POINT('',(-3.1,33.7,18.5));
#1680 = VECTOR('',#1681,1.);
#1681 = DIRECTION('',(1.,0.,-0.));
#1682 = ORIENTED_EDGE('',*,*,#1683,.F.);
#1683 = EDGE_CURVE('',#1643,#1676,#1684,.T.);
#1684 = LINE('',#1685,#1686);
#1685 = CARTESIAN_POINT('',(-1.,33.7,1.75));
#1686 = VECTOR('',#1687,1.);
#1687 = DIRECTION('',(0.,0.,1.));
#1688 = PLANE('',#1689);
#1689 = AXIS2_PLACEMENT_3D('',#1690,#1691,#1692);
#1690 = CARTESIAN_POINT('',(-3.1,33.7,7.5));
#1691 = DIRECTION('',(-0.,1.,0.));
#1692 = DIRECTION('',(0.,0.,1.));
#1693 = ADVANCED_FACE('',(#1694),#1712,.F.);
#1694 = FACE_BOUND('',#1695,.F.);
#1695 = EDGE_LOOP('',(#1696,#1697,#1698,#1706));
#1696 = ORIENTED_EDGE('',*,*,#1675,.F.);
#1697 = ORIENTED_EDGE('',*,*,#345,.T.);
#1698 = ORIENTED_EDGE('',*,*,#1699,.T.);
#1699 = EDGE_CURVE('',#338,#1700,#1702,.T.);
#1700 = VERTEX_POINT('',#1701);
#1701 = CARTESIAN_POINT('',(-1.,32.1,18.5));
#1702 = LINE('',#1703,#1704);
#1703 = CARTESIAN_POINT('',(-3.1,32.1,18.5));
#1704 = VECTOR('',#1705,1.);
#1705 = DIRECTION('',(1.,0.,-0.));
#1706 = ORIENTED_EDGE('',*,*,#1707,.F.);
#1707 = EDGE_CURVE('',#1676,#1700,#1708,.T.);
#1708 = LINE('',#1709,#1710);
#1709 = CARTESIAN_POINT('',(-1.,15.05,18.5));
#1710 = VECTOR('',#1711,1.);
#1711 = DIRECTION('',(0.,-1.,0.));
#1712 = PLANE('',#1713);
#1713 = AXIS2_PLACEMENT_3D('',#1714,#1715,#1716);
#1714 = CARTESIAN_POINT('',(-3.1,32.1,18.5));
#1715 = DIRECTION('',(0.,0.,1.));
#1716 = DIRECTION('',(1.,0.,-0.));
#1717 = ADVANCED_FACE('',(#1718),#1729,.T.);
#1718 = FACE_BOUND('',#1719,.T.);
#1719 = EDGE_LOOP('',(#1720,#1721,#1722,#1723));
#1720 = ORIENTED_EDGE('',*,*,#1651,.F.);
#1721 = ORIENTED_EDGE('',*,*,#337,.T.);
#1722 = ORIENTED_EDGE('',*,*,#1699,.T.);
#1723 = ORIENTED_EDGE('',*,*,#1724,.F.);
#1724 = EDGE_CURVE('',#1652,#1700,#1725,.T.);
#1725 = LINE('',#1726,#1727);
#1726 = CARTESIAN_POINT('',(-1.,32.1,1.75));
#1727 = VECTOR('',#1728,1.);
#1728 = DIRECTION('',(0.,0.,1.));
#1729 = PLANE('',#1730);
#1730 = AXIS2_PLACEMENT_3D('',#1731,#1732,#1733);
#1731 = CARTESIAN_POINT('',(-3.1,32.1,7.5));
#1732 = DIRECTION('',(-0.,1.,0.));
#1733 = DIRECTION('',(0.,0.,1.));
#1734 = ADVANCED_FACE('',(#1735),#1760,.T.);
#1735 = FACE_BOUND('',#1736,.T.);
#1736 = EDGE_LOOP('',(#1737,#1745,#1746,#1754));
#1737 = ORIENTED_EDGE('',*,*,#1738,.F.);
#1738 = EDGE_CURVE('',#362,#1739,#1741,.T.);
#1739 = VERTEX_POINT('',#1740);
#1740 = CARTESIAN_POINT('',(-1.,34.3,-2.2));
#1741 = LINE('',#1742,#1743);
#1742 = CARTESIAN_POINT('',(-3.1,34.3,-2.2));
#1743 = VECTOR('',#1744,1.);
#1744 = DIRECTION('',(1.,0.,-0.));
#1745 = ORIENTED_EDGE('',*,*,#361,.T.);
#1746 = ORIENTED_EDGE('',*,*,#1747,.T.);
#1747 = EDGE_CURVE('',#364,#1748,#1750,.T.);
#1748 = VERTEX_POINT('',#1749);
#1749 = CARTESIAN_POINT('',(-1.,21.9,-2.2));
#1750 = LINE('',#1751,#1752);
#1751 = CARTESIAN_POINT('',(-3.1,21.9,-2.2));
#1752 = VECTOR('',#1753,1.);
#1753 = DIRECTION('',(1.,0.,-0.));
#1754 = ORIENTED_EDGE('',*,*,#1755,.F.);
#1755 = EDGE_CURVE('',#1739,#1748,#1756,.T.);
#1756 = LINE('',#1757,#1758);
#1757 = CARTESIAN_POINT('',(-1.,9.95,-2.2));
#1758 = VECTOR('',#1759,1.);
#1759 = DIRECTION('',(0.,-1.,0.));
#1760 = PLANE('',#1761);
#1761 = AXIS2_PLACEMENT_3D('',#1762,#1763,#1764);
#1762 = CARTESIAN_POINT('',(-3.1,21.9,-2.2));
#1763 = DIRECTION('',(0.,0.,1.));
#1764 = DIRECTION('',(1.,0.,-0.));
#1765 = ADVANCED_FACE('',(#1766),#1784,.F.);
#1766 = FACE_BOUND('',#1767,.F.);
#1767 = EDGE_LOOP('',(#1768,#1769,#1770,#1778));
#1768 = ORIENTED_EDGE('',*,*,#1738,.F.);
#1769 = ORIENTED_EDGE('',*,*,#387,.T.);
#1770 = ORIENTED_EDGE('',*,*,#1771,.T.);
#1771 = EDGE_CURVE('',#380,#1772,#1774,.T.);
#1772 = VERTEX_POINT('',#1773);
#1773 = CARTESIAN_POINT('',(-1.,34.3,0.6));
#1774 = LINE('',#1775,#1776);
#1775 = CARTESIAN_POINT('',(-3.1,34.3,0.6));
#1776 = VECTOR('',#1777,1.);
#1777 = DIRECTION('',(1.,0.,-0.));
#1778 = ORIENTED_EDGE('',*,*,#1779,.F.);
#1779 = EDGE_CURVE('',#1739,#1772,#1780,.T.);
#1780 = LINE('',#1781,#1782);
#1781 = CARTESIAN_POINT('',(-1.,34.3,-3.1));
#1782 = VECTOR('',#1783,1.);
#1783 = DIRECTION('',(0.,0.,1.));
#1784 = PLANE('',#1785);
#1785 = AXIS2_PLACEMENT_3D('',#1786,#1787,#1788);
#1786 = CARTESIAN_POINT('',(-3.1,34.3,-2.2));
#1787 = DIRECTION('',(-0.,1.,0.));
#1788 = DIRECTION('',(0.,0.,1.));
#1789 = ADVANCED_FACE('',(#1790),#1808,.F.);
#1790 = FACE_BOUND('',#1791,.F.);
#1791 = EDGE_LOOP('',(#1792,#1793,#1794,#1802));
#1792 = ORIENTED_EDGE('',*,*,#1771,.F.);
#1793 = ORIENTED_EDGE('',*,*,#379,.T.);
#1794 = ORIENTED_EDGE('',*,*,#1795,.T.);
#1795 = EDGE_CURVE('',#372,#1796,#1798,.T.);
#1796 = VERTEX_POINT('',#1797);
#1797 = CARTESIAN_POINT('',(-1.,21.9,0.6));
#1798 = LINE('',#1799,#1800);
#1799 = CARTESIAN_POINT('',(-3.1,21.9,0.6));
#1800 = VECTOR('',#1801,1.);
#1801 = DIRECTION('',(1.,0.,-0.));
#1802 = ORIENTED_EDGE('',*,*,#1803,.F.);
#1803 = EDGE_CURVE('',#1772,#1796,#1804,.T.);
#1804 = LINE('',#1805,#1806);
#1805 = CARTESIAN_POINT('',(-1.,9.95,0.6));
#1806 = VECTOR('',#1807,1.);
#1807 = DIRECTION('',(0.,-1.,0.));
#1808 = PLANE('',#1809);
#1809 = AXIS2_PLACEMENT_3D('',#1810,#1811,#1812);
#1810 = CARTESIAN_POINT('',(-3.1,21.9,0.6));
#1811 = DIRECTION('',(0.,0.,1.));
#1812 = DIRECTION('',(1.,0.,-0.));
#1813 = ADVANCED_FACE('',(#1814),#1825,.T.);
#1814 = FACE_BOUND('',#1815,.T.);
#1815 = EDGE_LOOP('',(#1816,#1817,#1818,#1819));
#1816 = ORIENTED_EDGE('',*,*,#1747,.F.);
#1817 = ORIENTED_EDGE('',*,*,#371,.T.);
#1818 = ORIENTED_EDGE('',*,*,#1795,.T.);
#1819 = ORIENTED_EDGE('',*,*,#1820,.F.);
#1820 = EDGE_CURVE('',#1748,#1796,#1821,.T.);
#1821 = LINE('',#1822,#1823);
#1822 = CARTESIAN_POINT('',(-1.,21.9,-3.1));
#1823 = VECTOR('',#1824,1.);
#1824 = DIRECTION('',(0.,0.,1.));
#1825 = PLANE('',#1826);
#1826 = AXIS2_PLACEMENT_3D('',#1827,#1828,#1829);
#1827 = CARTESIAN_POINT('',(-3.1,21.9,-2.2));
#1828 = DIRECTION('',(-0.,1.,0.));
#1829 = DIRECTION('',(0.,0.,1.));
#1830 = ADVANCED_FACE('',(#1831),#1857,.F.);
#1831 = FACE_BOUND('',#1832,.F.);
#1832 = EDGE_LOOP('',(#1833,#1844,#1850,#1851));
#1833 = ORIENTED_EDGE('',*,*,#1834,.F.);
#1834 = EDGE_CURVE('',#1835,#1837,#1839,.T.);
#1835 = VERTEX_POINT('',#1836);
#1836 = CARTESIAN_POINT('',(-1.8,17.162563132924,4.277436867076));
#1837 = VERTEX_POINT('',#1838);
#1838 = CARTESIAN_POINT('',(-1.8,19.637436867076,4.277436867076));
#1839 = CIRCLE('',#1840,1.75);
#1840 = AXIS2_PLACEMENT_3D('',#1841,#1842,#1843);
#1841 = CARTESIAN_POINT('',(-1.8,18.4,3.04));
#1842 = DIRECTION('',(1.,0.,0.));
#1843 = DIRECTION('',(-0.,0.,1.));
#1844 = ORIENTED_EDGE('',*,*,#1845,.F.);
#1845 = EDGE_CURVE('',#396,#1835,#1846,.T.);
#1846 = LINE('',#1847,#1848);
#1847 = CARTESIAN_POINT('',(-3.1,17.162563132924,4.277436867076));
#1848 = VECTOR('',#1849,1.);
#1849 = DIRECTION('',(1.,0.,0.));
#1850 = ORIENTED_EDGE('',*,*,#395,.T.);
#1851 = ORIENTED_EDGE('',*,*,#1852,.T.);
#1852 = EDGE_CURVE('',#398,#1837,#1853,.T.);
#1853 = LINE('',#1854,#1855);
#1854 = CARTESIAN_POINT('',(-3.1,19.637436867076,4.277436867076));
#1855 = VECTOR('',#1856,1.);
#1856 = DIRECTION('',(1.,0.,0.));
#1857 = CYLINDRICAL_SURFACE('',#1858,1.75);
#1858 = AXIS2_PLACEMENT_3D('',#1859,#1860,#1861);
#1859 = CARTESIAN_POINT('',(-3.1,18.4,3.04));
#1860 = DIRECTION('',(1.,0.,0.));
#1861 = DIRECTION('',(-0.,0.,1.));
#1862 = ADVANCED_FACE('',(#1863),#1881,.T.);
#1863 = FACE_BOUND('',#1864,.T.);
#1864 = EDGE_LOOP('',(#1865,#1866,#1867,#1875));
#1865 = ORIENTED_EDGE('',*,*,#414,.T.);
#1866 = ORIENTED_EDGE('',*,*,#1852,.T.);
#1867 = ORIENTED_EDGE('',*,*,#1868,.T.);
#1868 = EDGE_CURVE('',#1837,#1869,#1871,.T.);
#1869 = VERTEX_POINT('',#1870);
#1870 = CARTESIAN_POINT('',(-1.8,18.4,5.514873734153));
#1871 = LINE('',#1872,#1873);
#1872 = CARTESIAN_POINT('',(-1.8,19.637436867076,4.277436867076));
#1873 = VECTOR('',#1874,1.);
#1874 = DIRECTION('',(0.,-0.707106781187,0.707106781187));
#1875 = ORIENTED_EDGE('',*,*,#1876,.F.);
#1876 = EDGE_CURVE('',#407,#1869,#1877,.T.);
#1877 = LINE('',#1878,#1879);
#1878 = CARTESIAN_POINT('',(-3.1,18.4,5.514873734153));
#1879 = VECTOR('',#1880,1.);
#1880 = DIRECTION('',(1.,0.,0.));
#1881 = PLANE('',#1882);
#1882 = AXIS2_PLACEMENT_3D('',#1883,#1884,#1885);
#1883 = CARTESIAN_POINT('',(-3.1,19.637436867076,4.277436867076));
#1884 = DIRECTION('',(0.,-0.707106781187,-0.707106781187));
#1885 = DIRECTION('',(0.,-0.707106781187,0.707106781187));
#1886 = ADVANCED_FACE('',(#1887),#1898,.T.);
#1887 = FACE_BOUND('',#1888,.T.);
#1888 = EDGE_LOOP('',(#1889,#1890,#1891,#1897));
#1889 = ORIENTED_EDGE('',*,*,#406,.T.);
#1890 = ORIENTED_EDGE('',*,*,#1876,.T.);
#1891 = ORIENTED_EDGE('',*,*,#1892,.T.);
#1892 = EDGE_CURVE('',#1869,#1835,#1893,.T.);
#1893 = LINE('',#1894,#1895);
#1894 = CARTESIAN_POINT('',(-1.8,17.781281566462,4.896155300615));
#1895 = VECTOR('',#1896,1.);
#1896 = DIRECTION('',(0.,-0.707106781187,-0.707106781187));
#1897 = ORIENTED_EDGE('',*,*,#1845,.F.);
#1898 = PLANE('',#1899);
#1899 = AXIS2_PLACEMENT_3D('',#1900,#1901,#1902);
#1900 = CARTESIAN_POINT('',(-3.1,18.4,5.514873734153));
#1901 = DIRECTION('',(0.,0.707106781187,-0.707106781187));
#1902 = DIRECTION('',(0.,-0.707106781187,-0.707106781187));
#1903 = ADVANCED_FACE('',(#1904),#1930,.F.);
#1904 = FACE_BOUND('',#1905,.F.);
#1905 = EDGE_LOOP('',(#1906,#1917,#1923,#1924));
#1906 = ORIENTED_EDGE('',*,*,#1907,.F.);
#1907 = EDGE_CURVE('',#1908,#1910,#1912,.T.);
#1908 = VERTEX_POINT('',#1909);
#1909 = CARTESIAN_POINT('',(-1.,12.416116523517,2.723883476483));
#1910 = VERTEX_POINT('',#1911);
#1911 = CARTESIAN_POINT('',(-1.,14.183883476483,2.723883476483));
#1912 = CIRCLE('',#1913,1.25);
#1913 = AXIS2_PLACEMENT_3D('',#1914,#1915,#1916);
#1914 = CARTESIAN_POINT('',(-1.,13.3,1.84));
#1915 = DIRECTION('',(1.,0.,0.));
#1916 = DIRECTION('',(-0.,0.,1.));
#1917 = ORIENTED_EDGE('',*,*,#1918,.F.);
#1918 = EDGE_CURVE('',#423,#1908,#1919,.T.);
#1919 = LINE('',#1920,#1921);
#1920 = CARTESIAN_POINT('',(-3.1,12.416116523517,2.723883476483));
#1921 = VECTOR('',#1922,1.);
#1922 = DIRECTION('',(1.,0.,0.));
#1923 = ORIENTED_EDGE('',*,*,#422,.T.);
#1924 = ORIENTED_EDGE('',*,*,#1925,.T.);
#1925 = EDGE_CURVE('',#425,#1910,#1926,.T.);
#1926 = LINE('',#1927,#1928);
#1927 = CARTESIAN_POINT('',(-3.1,14.183883476483,2.723883476483));
#1928 = VECTOR('',#1929,1.);
#1929 = DIRECTION('',(1.,0.,0.));
#1930 = CYLINDRICAL_SURFACE('',#1931,1.25);
#1931 = AXIS2_PLACEMENT_3D('',#1932,#1933,#1934);
#1932 = CARTESIAN_POINT('',(-3.1,13.3,1.84));
#1933 = DIRECTION('',(1.,0.,0.));
#1934 = DIRECTION('',(-0.,0.,1.));
#1935 = ADVANCED_FACE('',(#1936),#1954,.T.);
#1936 = FACE_BOUND('',#1937,.T.);
#1937 = EDGE_LOOP('',(#1938,#1939,#1940,#1948));
#1938 = ORIENTED_EDGE('',*,*,#441,.T.);
#1939 = ORIENTED_EDGE('',*,*,#1925,.T.);
#1940 = ORIENTED_EDGE('',*,*,#1941,.F.);
#1941 = EDGE_CURVE('',#1942,#1910,#1944,.T.);
#1942 = VERTEX_POINT('',#1943);
#1943 = CARTESIAN_POINT('',(-1.,13.3,3.607766952966));
#1944 = LINE('',#1945,#1946);
#1945 = CARTESIAN_POINT('',(-1.,11.818883476483,5.088883476483));
#1946 = VECTOR('',#1947,1.);
#1947 = DIRECTION('',(-0.,0.707106781187,-0.707106781187));
#1948 = ORIENTED_EDGE('',*,*,#1949,.F.);
#1949 = EDGE_CURVE('',#434,#1942,#1950,.T.);
#1950 = LINE('',#1951,#1952);
#1951 = CARTESIAN_POINT('',(-3.1,13.3,3.607766952966));
#1952 = VECTOR('',#1953,1.);
#1953 = DIRECTION('',(1.,0.,0.));
#1954 = PLANE('',#1955);
#1955 = AXIS2_PLACEMENT_3D('',#1956,#1957,#1958);
#1956 = CARTESIAN_POINT('',(-3.1,14.183883476483,2.723883476483));
#1957 = DIRECTION('',(0.,-0.707106781187,-0.707106781187));
#1958 = DIRECTION('',(0.,-0.707106781187,0.707106781187));
#1959 = ADVANCED_FACE('',(#1960),#1971,.T.);
#1960 = FACE_BOUND('',#1961,.T.);
#1961 = EDGE_LOOP('',(#1962,#1963,#1964,#1970));
#1962 = ORIENTED_EDGE('',*,*,#433,.T.);
#1963 = ORIENTED_EDGE('',*,*,#1949,.T.);
#1964 = ORIENTED_EDGE('',*,*,#1965,.F.);
#1965 = EDGE_CURVE('',#1908,#1942,#1966,.T.);
#1966 = LINE('',#1967,#1968);
#1967 = CARTESIAN_POINT('',(-1.,7.573058261758,-2.119174785275));
#1968 = VECTOR('',#1969,1.);
#1969 = DIRECTION('',(0.,0.707106781187,0.707106781187));
#1970 = ORIENTED_EDGE('',*,*,#1918,.F.);
#1971 = PLANE('',#1972);
#1972 = AXIS2_PLACEMENT_3D('',#1973,#1974,#1975);
#1973 = CARTESIAN_POINT('',(-3.1,13.3,3.607766952966));
#1974 = DIRECTION('',(0.,0.707106781187,-0.707106781187));
#1975 = DIRECTION('',(0.,-0.707106781187,-0.707106781187));
#1976 = ADVANCED_FACE('',(#1977),#2002,.T.);
#1977 = FACE_BOUND('',#1978,.T.);
#1978 = EDGE_LOOP('',(#1979,#1987,#1988,#1996));
#1979 = ORIENTED_EDGE('',*,*,#1980,.F.);
#1980 = EDGE_CURVE('',#450,#1981,#1983,.T.);
#1981 = VERTEX_POINT('',#1982);
#1982 = CARTESIAN_POINT('',(-1.,30.3,7.5));
#1983 = LINE('',#1984,#1985);
#1984 = CARTESIAN_POINT('',(-3.1,30.3,7.5));
#1985 = VECTOR('',#1986,1.);
#1986 = DIRECTION('',(1.,0.,-0.));
#1987 = ORIENTED_EDGE('',*,*,#449,.T.);
#1988 = ORIENTED_EDGE('',*,*,#1989,.T.);
#1989 = EDGE_CURVE('',#452,#1990,#1992,.T.);
#1990 = VERTEX_POINT('',#1991);
#1991 = CARTESIAN_POINT('',(-1.,28.7,7.5));
#1992 = LINE('',#1993,#1994);
#1993 = CARTESIAN_POINT('',(-3.1,28.7,7.5));
#1994 = VECTOR('',#1995,1.);
#1995 = DIRECTION('',(1.,0.,-0.));
#1996 = ORIENTED_EDGE('',*,*,#1997,.F.);
#1997 = EDGE_CURVE('',#1981,#1990,#1998,.T.);
#1998 = LINE('',#1999,#2000);
#1999 = CARTESIAN_POINT('',(-1.,13.35,7.5));
#2000 = VECTOR('',#2001,1.);
#2001 = DIRECTION('',(0.,-1.,0.));
#2002 = PLANE('',#2003);
#2003 = AXIS2_PLACEMENT_3D('',#2004,#2005,#2006);
#2004 = CARTESIAN_POINT('',(-3.1,28.7,7.5));
#2005 = DIRECTION('',(0.,0.,1.));
#2006 = DIRECTION('',(1.,0.,-0.));
#2007 = ADVANCED_FACE('',(#2008),#2026,.F.);
#2008 = FACE_BOUND('',#2009,.F.);
#2009 = EDGE_LOOP('',(#2010,#2011,#2012,#2020));
#2010 = ORIENTED_EDGE('',*,*,#1980,.F.);
#2011 = ORIENTED_EDGE('',*,*,#475,.T.);
#2012 = ORIENTED_EDGE('',*,*,#2013,.T.);
#2013 = EDGE_CURVE('',#468,#2014,#2016,.T.);
#2014 = VERTEX_POINT('',#2015);
#2015 = CARTESIAN_POINT('',(-1.,30.3,18.5));
#2016 = LINE('',#2017,#2018);
#2017 = CARTESIAN_POINT('',(-3.1,30.3,18.5));
#2018 = VECTOR('',#2019,1.);
#2019 = DIRECTION('',(1.,0.,-0.));
#2020 = ORIENTED_EDGE('',*,*,#2021,.F.);
#2021 = EDGE_CURVE('',#1981,#2014,#2022,.T.);
#2022 = LINE('',#2023,#2024);
#2023 = CARTESIAN_POINT('',(-1.,30.3,1.75));
#2024 = VECTOR('',#2025,1.);
#2025 = DIRECTION('',(0.,0.,1.));
#2026 = PLANE('',#2027);
#2027 = AXIS2_PLACEMENT_3D('',#2028,#2029,#2030);
#2028 = CARTESIAN_POINT('',(-3.1,30.3,7.5));
#2029 = DIRECTION('',(-0.,1.,0.));
#2030 = DIRECTION('',(0.,0.,1.));
#2031 = ADVANCED_FACE('',(#2032),#2050,.F.);
#2032 = FACE_BOUND('',#2033,.F.);
#2033 = EDGE_LOOP('',(#2034,#2035,#2036,#2044));
#2034 = ORIENTED_EDGE('',*,*,#2013,.F.);
#2035 = ORIENTED_EDGE('',*,*,#467,.T.);
#2036 = ORIENTED_EDGE('',*,*,#2037,.T.);
#2037 = EDGE_CURVE('',#460,#2038,#2040,.T.);
#2038 = VERTEX_POINT('',#2039);
#2039 = CARTESIAN_POINT('',(-1.,28.7,18.5));
#2040 = LINE('',#2041,#2042);
#2041 = CARTESIAN_POINT('',(-3.1,28.7,18.5));
#2042 = VECTOR('',#2043,1.);
#2043 = DIRECTION('',(1.,0.,-0.));
#2044 = ORIENTED_EDGE('',*,*,#2045,.F.);
#2045 = EDGE_CURVE('',#2014,#2038,#2046,.T.);
#2046 = LINE('',#2047,#2048);
#2047 = CARTESIAN_POINT('',(-1.,13.35,18.5));
#2048 = VECTOR('',#2049,1.);
#2049 = DIRECTION('',(0.,-1.,0.));
#2050 = PLANE('',#2051);
#2051 = AXIS2_PLACEMENT_3D('',#2052,#2053,#2054);
#2052 = CARTESIAN_POINT('',(-3.1,28.7,18.5));
#2053 = DIRECTION('',(0.,0.,1.));
#2054 = DIRECTION('',(1.,0.,-0.));
#2055 = ADVANCED_FACE('',(#2056),#2067,.T.);
#2056 = FACE_BOUND('',#2057,.T.);
#2057 = EDGE_LOOP('',(#2058,#2059,#2060,#2061));
#2058 = ORIENTED_EDGE('',*,*,#1989,.F.);
#2059 = ORIENTED_EDGE('',*,*,#459,.T.);
#2060 = ORIENTED_EDGE('',*,*,#2037,.T.);
#2061 = ORIENTED_EDGE('',*,*,#2062,.F.);
#2062 = EDGE_CURVE('',#1990,#2038,#2063,.T.);
#2063 = LINE('',#2064,#2065);
#2064 = CARTESIAN_POINT('',(-1.,28.7,1.75));
#2065 = VECTOR('',#2066,1.);
#2066 = DIRECTION('',(0.,0.,1.));
#2067 = PLANE('',#2068);
#2068 = AXIS2_PLACEMENT_3D('',#2069,#2070,#2071);
#2069 = CARTESIAN_POINT('',(-3.1,28.7,7.5));
#2070 = DIRECTION('',(-0.,1.,0.));
#2071 = DIRECTION('',(0.,0.,1.));
#2072 = ADVANCED_FACE('',(#2073),#2098,.T.);
#2073 = FACE_BOUND('',#2074,.T.);
#2074 = EDGE_LOOP('',(#2075,#2083,#2084,#2092));
#2075 = ORIENTED_EDGE('',*,*,#2076,.F.);
#2076 = EDGE_CURVE('',#484,#2077,#2079,.T.);
#2077 = VERTEX_POINT('',#2078);
#2078 = CARTESIAN_POINT('',(-1.,26.9,7.5));
#2079 = LINE('',#2080,#2081);
#2080 = CARTESIAN_POINT('',(-3.1,26.9,7.5));
#2081 = VECTOR('',#2082,1.);
#2082 = DIRECTION('',(1.,0.,-0.));
#2083 = ORIENTED_EDGE('',*,*,#483,.T.);
#2084 = ORIENTED_EDGE('',*,*,#2085,.T.);
#2085 = EDGE_CURVE('',#486,#2086,#2088,.T.);
#2086 = VERTEX_POINT('',#2087);
#2087 = CARTESIAN_POINT('',(-1.,25.3,7.5));
#2088 = LINE('',#2089,#2090);
#2089 = CARTESIAN_POINT('',(-3.1,25.3,7.5));
#2090 = VECTOR('',#2091,1.);
#2091 = DIRECTION('',(1.,0.,-0.));
#2092 = ORIENTED_EDGE('',*,*,#2093,.F.);
#2093 = EDGE_CURVE('',#2077,#2086,#2094,.T.);
#2094 = LINE('',#2095,#2096);
#2095 = CARTESIAN_POINT('',(-1.,11.65,7.5));
#2096 = VECTOR('',#2097,1.);
#2097 = DIRECTION('',(0.,-1.,0.));
#2098 = PLANE('',#2099);
#2099 = AXIS2_PLACEMENT_3D('',#2100,#2101,#2102);
#2100 = CARTESIAN_POINT('',(-3.1,25.3,7.5));
#2101 = DIRECTION('',(0.,0.,1.));
#2102 = DIRECTION('',(1.,0.,-0.));
#2103 = ADVANCED_FACE('',(#2104),#2122,.F.);
#2104 = FACE_BOUND('',#2105,.F.);
#2105 = EDGE_LOOP('',(#2106,#2107,#2108,#2116));
#2106 = ORIENTED_EDGE('',*,*,#2076,.F.);
#2107 = ORIENTED_EDGE('',*,*,#509,.T.);
#2108 = ORIENTED_EDGE('',*,*,#2109,.T.);
#2109 = EDGE_CURVE('',#502,#2110,#2112,.T.);
#2110 = VERTEX_POINT('',#2111);
#2111 = CARTESIAN_POINT('',(-1.,26.9,18.5));
#2112 = LINE('',#2113,#2114);
#2113 = CARTESIAN_POINT('',(-3.1,26.9,18.5));
#2114 = VECTOR('',#2115,1.);
#2115 = DIRECTION('',(1.,0.,-0.));
#2116 = ORIENTED_EDGE('',*,*,#2117,.F.);
#2117 = EDGE_CURVE('',#2077,#2110,#2118,.T.);
#2118 = LINE('',#2119,#2120);
#2119 = CARTESIAN_POINT('',(-1.,26.9,1.75));
#2120 = VECTOR('',#2121,1.);
#2121 = DIRECTION('',(0.,0.,1.));
#2122 = PLANE('',#2123);
#2123 = AXIS2_PLACEMENT_3D('',#2124,#2125,#2126);
#2124 = CARTESIAN_POINT('',(-3.1,26.9,7.5));
#2125 = DIRECTION('',(-0.,1.,0.));
#2126 = DIRECTION('',(0.,0.,1.));
#2127 = ADVANCED_FACE('',(#2128),#2146,.F.);
#2128 = FACE_BOUND('',#2129,.F.);
#2129 = EDGE_LOOP('',(#2130,#2131,#2132,#2140));
#2130 = ORIENTED_EDGE('',*,*,#2109,.F.);
#2131 = ORIENTED_EDGE('',*,*,#501,.T.);
#2132 = ORIENTED_EDGE('',*,*,#2133,.T.);
#2133 = EDGE_CURVE('',#494,#2134,#2136,.T.);
#2134 = VERTEX_POINT('',#2135);
#2135 = CARTESIAN_POINT('',(-1.,25.3,18.5));
#2136 = LINE('',#2137,#2138);
#2137 = CARTESIAN_POINT('',(-3.1,25.3,18.5));
#2138 = VECTOR('',#2139,1.);
#2139 = DIRECTION('',(1.,0.,-0.));
#2140 = ORIENTED_EDGE('',*,*,#2141,.F.);
#2141 = EDGE_CURVE('',#2110,#2134,#2142,.T.);
#2142 = LINE('',#2143,#2144);
#2143 = CARTESIAN_POINT('',(-1.,11.65,18.5));
#2144 = VECTOR('',#2145,1.);
#2145 = DIRECTION('',(0.,-1.,0.));
#2146 = PLANE('',#2147);
#2147 = AXIS2_PLACEMENT_3D('',#2148,#2149,#2150);
#2148 = CARTESIAN_POINT('',(-3.1,25.3,18.5));
#2149 = DIRECTION('',(0.,0.,1.));
#2150 = DIRECTION('',(1.,0.,-0.));
#2151 = ADVANCED_FACE('',(#2152),#2163,.T.);
#2152 = FACE_BOUND('',#2153,.T.);
#2153 = EDGE_LOOP('',(#2154,#2155,#2156,#2157));
#2154 = ORIENTED_EDGE('',*,*,#2085,.F.);
#2155 = ORIENTED_EDGE('',*,*,#493,.T.);
#2156 = ORIENTED_EDGE('',*,*,#2133,.T.);
#2157 = ORIENTED_EDGE('',*,*,#2158,.F.);
#2158 = EDGE_CURVE('',#2086,#2134,#2159,.T.);
#2159 = LINE('',#2160,#2161);
#2160 = CARTESIAN_POINT('',(-1.,25.3,1.75));
#2161 = VECTOR('',#2162,1.);
#2162 = DIRECTION('',(0.,0.,1.));
#2163 = PLANE('',#2164);
#2164 = AXIS2_PLACEMENT_3D('',#2165,#2166,#2167);
#2165 = CARTESIAN_POINT('',(-3.1,25.3,7.5));
#2166 = DIRECTION('',(-0.,1.,0.));
#2167 = DIRECTION('',(0.,0.,1.));
#2168 = ADVANCED_FACE('',(#2169),#2194,.T.);
#2169 = FACE_BOUND('',#2170,.T.);
#2170 = EDGE_LOOP('',(#2171,#2179,#2180,#2188));
#2171 = ORIENTED_EDGE('',*,*,#2172,.F.);
#2172 = EDGE_CURVE('',#518,#2173,#2175,.T.);
#2173 = VERTEX_POINT('',#2174);
#2174 = CARTESIAN_POINT('',(-1.,23.5,7.5));
#2175 = LINE('',#2176,#2177);
#2176 = CARTESIAN_POINT('',(-3.1,23.5,7.5));
#2177 = VECTOR('',#2178,1.);
#2178 = DIRECTION('',(1.,0.,-0.));
#2179 = ORIENTED_EDGE('',*,*,#517,.T.);
#2180 = ORIENTED_EDGE('',*,*,#2181,.T.);
#2181 = EDGE_CURVE('',#520,#2182,#2184,.T.);
#2182 = VERTEX_POINT('',#2183);
#2183 = CARTESIAN_POINT('',(-1.,21.9,7.5));
#2184 = LINE('',#2185,#2186);
#2185 = CARTESIAN_POINT('',(-3.1,21.9,7.5));
#2186 = VECTOR('',#2187,1.);
#2187 = DIRECTION('',(1.,0.,-0.));
#2188 = ORIENTED_EDGE('',*,*,#2189,.F.);
#2189 = EDGE_CURVE('',#2173,#2182,#2190,.T.);
#2190 = LINE('',#2191,#2192);
#2191 = CARTESIAN_POINT('',(-1.,9.95,7.5));
#2192 = VECTOR('',#2193,1.);
#2193 = DIRECTION('',(0.,-1.,0.));
#2194 = PLANE('',#2195);
#2195 = AXIS2_PLACEMENT_3D('',#2196,#2197,#2198);
#2196 = CARTESIAN_POINT('',(-3.1,21.9,7.5));
#2197 = DIRECTION('',(0.,0.,1.));
#2198 = DIRECTION('',(1.,0.,-0.));
#2199 = ADVANCED_FACE('',(#2200),#2218,.F.);
#2200 = FACE_BOUND('',#2201,.F.);
#2201 = EDGE_LOOP('',(#2202,#2203,#2204,#2212));
#2202 = ORIENTED_EDGE('',*,*,#2172,.F.);
#2203 = ORIENTED_EDGE('',*,*,#543,.T.);
#2204 = ORIENTED_EDGE('',*,*,#2205,.T.);
#2205 = EDGE_CURVE('',#536,#2206,#2208,.T.);
#2206 = VERTEX_POINT('',#2207);
#2207 = CARTESIAN_POINT('',(-1.,23.5,18.5));
#2208 = LINE('',#2209,#2210);
#2209 = CARTESIAN_POINT('',(-3.1,23.5,18.5));
#2210 = VECTOR('',#2211,1.);
#2211 = DIRECTION('',(1.,0.,-0.));
#2212 = ORIENTED_EDGE('',*,*,#2213,.F.);
#2213 = EDGE_CURVE('',#2173,#2206,#2214,.T.);
#2214 = LINE('',#2215,#2216);
#2215 = CARTESIAN_POINT('',(-1.,23.5,1.75));
#2216 = VECTOR('',#2217,1.);
#2217 = DIRECTION('',(0.,0.,1.));
#2218 = PLANE('',#2219);
#2219 = AXIS2_PLACEMENT_3D('',#2220,#2221,#2222);
#2220 = CARTESIAN_POINT('',(-3.1,23.5,7.5));
#2221 = DIRECTION('',(-0.,1.,0.));
#2222 = DIRECTION('',(0.,0.,1.));
#2223 = ADVANCED_FACE('',(#2224),#2242,.F.);
#2224 = FACE_BOUND('',#2225,.F.);
#2225 = EDGE_LOOP('',(#2226,#2227,#2228,#2236));
#2226 = ORIENTED_EDGE('',*,*,#2205,.F.);
#2227 = ORIENTED_EDGE('',*,*,#535,.T.);
#2228 = ORIENTED_EDGE('',*,*,#2229,.T.);
#2229 = EDGE_CURVE('',#528,#2230,#2232,.T.);
#2230 = VERTEX_POINT('',#2231);
#2231 = CARTESIAN_POINT('',(-1.,21.9,18.5));
#2232 = LINE('',#2233,#2234);
#2233 = CARTESIAN_POINT('',(-3.1,21.9,18.5));
#2234 = VECTOR('',#2235,1.);
#2235 = DIRECTION('',(1.,0.,-0.));
#2236 = ORIENTED_EDGE('',*,*,#2237,.F.);
#2237 = EDGE_CURVE('',#2206,#2230,#2238,.T.);
#2238 = LINE('',#2239,#2240);
#2239 = CARTESIAN_POINT('',(-1.,9.95,18.5));
#2240 = VECTOR('',#2241,1.);
#2241 = DIRECTION('',(0.,-1.,0.));
#2242 = PLANE('',#2243);
#2243 = AXIS2_PLACEMENT_3D('',#2244,#2245,#2246);
#2244 = CARTESIAN_POINT('',(-3.1,21.9,18.5));
#2245 = DIRECTION('',(0.,0.,1.));
#2246 = DIRECTION('',(1.,0.,-0.));
#2247 = ADVANCED_FACE('',(#2248),#2259,.T.);
#2248 = FACE_BOUND('',#2249,.T.);
#2249 = EDGE_LOOP('',(#2250,#2251,#2252,#2253));
#2250 = ORIENTED_EDGE('',*,*,#2181,.F.);
#2251 = ORIENTED_EDGE('',*,*,#527,.T.);
#2252 = ORIENTED_EDGE('',*,*,#2229,.T.);
#2253 = ORIENTED_EDGE('',*,*,#2254,.F.);
#2254 = EDGE_CURVE('',#2182,#2230,#2255,.T.);
#2255 = LINE('',#2256,#2257);
#2256 = CARTESIAN_POINT('',(-1.,21.9,1.75));
#2257 = VECTOR('',#2258,1.);
#2258 = DIRECTION('',(0.,0.,1.));
#2259 = PLANE('',#2260);
#2260 = AXIS2_PLACEMENT_3D('',#2261,#2262,#2263);
#2261 = CARTESIAN_POINT('',(-3.1,21.9,7.5));
#2262 = DIRECTION('',(-0.,1.,0.));
#2263 = DIRECTION('',(0.,0.,1.));
#2264 = ADVANCED_FACE('',(#2265),#2290,.T.);
#2265 = FACE_BOUND('',#2266,.T.);
#2266 = EDGE_LOOP('',(#2267,#2275,#2276,#2284));
#2267 = ORIENTED_EDGE('',*,*,#2268,.F.);
#2268 = EDGE_CURVE('',#552,#2269,#2271,.T.);
#2269 = VERTEX_POINT('',#2270);
#2270 = CARTESIAN_POINT('',(-1.,20.1,7.5));
#2271 = LINE('',#2272,#2273);
#2272 = CARTESIAN_POINT('',(-3.1,20.1,7.5));
#2273 = VECTOR('',#2274,1.);
#2274 = DIRECTION('',(1.,0.,-0.));
#2275 = ORIENTED_EDGE('',*,*,#551,.T.);
#2276 = ORIENTED_EDGE('',*,*,#2277,.T.);
#2277 = EDGE_CURVE('',#554,#2278,#2280,.T.);
#2278 = VERTEX_POINT('',#2279);
#2279 = CARTESIAN_POINT('',(-1.,18.5,7.5));
#2280 = LINE('',#2281,#2282);
#2281 = CARTESIAN_POINT('',(-3.1,18.5,7.5));
#2282 = VECTOR('',#2283,1.);
#2283 = DIRECTION('',(1.,0.,-0.));
#2284 = ORIENTED_EDGE('',*,*,#2285,.F.);
#2285 = EDGE_CURVE('',#2269,#2278,#2286,.T.);
#2286 = LINE('',#2287,#2288);
#2287 = CARTESIAN_POINT('',(-1.,8.25,7.5));
#2288 = VECTOR('',#2289,1.);
#2289 = DIRECTION('',(0.,-1.,0.));
#2290 = PLANE('',#2291);
#2291 = AXIS2_PLACEMENT_3D('',#2292,#2293,#2294);
#2292 = CARTESIAN_POINT('',(-3.1,18.5,7.5));
#2293 = DIRECTION('',(0.,0.,1.));
#2294 = DIRECTION('',(1.,0.,-0.));
#2295 = ADVANCED_FACE('',(#2296),#2314,.F.);
#2296 = FACE_BOUND('',#2297,.F.);
#2297 = EDGE_LOOP('',(#2298,#2299,#2300,#2308));
#2298 = ORIENTED_EDGE('',*,*,#2268,.F.);
#2299 = ORIENTED_EDGE('',*,*,#577,.T.);
#2300 = ORIENTED_EDGE('',*,*,#2301,.T.);
#2301 = EDGE_CURVE('',#570,#2302,#2304,.T.);
#2302 = VERTEX_POINT('',#2303);
#2303 = CARTESIAN_POINT('',(-1.,20.1,18.5));
#2304 = LINE('',#2305,#2306);
#2305 = CARTESIAN_POINT('',(-3.1,20.1,18.5));
#2306 = VECTOR('',#2307,1.);
#2307 = DIRECTION('',(1.,0.,-0.));
#2308 = ORIENTED_EDGE('',*,*,#2309,.F.);
#2309 = EDGE_CURVE('',#2269,#2302,#2310,.T.);
#2310 = LINE('',#2311,#2312);
#2311 = CARTESIAN_POINT('',(-1.,20.1,1.75));
#2312 = VECTOR('',#2313,1.);
#2313 = DIRECTION('',(0.,0.,1.));
#2314 = PLANE('',#2315);
#2315 = AXIS2_PLACEMENT_3D('',#2316,#2317,#2318);
#2316 = CARTESIAN_POINT('',(-3.1,20.1,7.5));
#2317 = DIRECTION('',(-0.,1.,0.));
#2318 = DIRECTION('',(0.,0.,1.));
#2319 = ADVANCED_FACE('',(#2320),#2338,.F.);
#2320 = FACE_BOUND('',#2321,.F.);
#2321 = EDGE_LOOP('',(#2322,#2323,#2324,#2332));
#2322 = ORIENTED_EDGE('',*,*,#2301,.F.);
#2323 = ORIENTED_EDGE('',*,*,#569,.T.);
#2324 = ORIENTED_EDGE('',*,*,#2325,.T.);
#2325 = EDGE_CURVE('',#562,#2326,#2328,.T.);
#2326 = VERTEX_POINT('',#2327);
#2327 = CARTESIAN_POINT('',(-1.,18.5,18.5));
#2328 = LINE('',#2329,#2330);
#2329 = CARTESIAN_POINT('',(-3.1,18.5,18.5));
#2330 = VECTOR('',#2331,1.);
#2331 = DIRECTION('',(1.,0.,-0.));
#2332 = ORIENTED_EDGE('',*,*,#2333,.F.);
#2333 = EDGE_CURVE('',#2302,#2326,#2334,.T.);
#2334 = LINE('',#2335,#2336);
#2335 = CARTESIAN_POINT('',(-1.,8.25,18.5));
#2336 = VECTOR('',#2337,1.);
#2337 = DIRECTION('',(0.,-1.,0.));
#2338 = PLANE('',#2339);
#2339 = AXIS2_PLACEMENT_3D('',#2340,#2341,#2342);
#2340 = CARTESIAN_POINT('',(-3.1,18.5,18.5));
#2341 = DIRECTION('',(0.,0.,1.));
#2342 = DIRECTION('',(1.,0.,-0.));
#2343 = ADVANCED_FACE('',(#2344),#2355,.T.);
#2344 = FACE_BOUND('',#2345,.T.);
#2345 = EDGE_LOOP('',(#2346,#2347,#2348,#2349));
#2346 = ORIENTED_EDGE('',*,*,#2277,.F.);
#2347 = ORIENTED_EDGE('',*,*,#561,.T.);
#2348 = ORIENTED_EDGE('',*,*,#2325,.T.);
#2349 = ORIENTED_EDGE('',*,*,#2350,.F.);
#2350 = EDGE_CURVE('',#2278,#2326,#2351,.T.);
#2351 = LINE('',#2352,#2353);
#2352 = CARTESIAN_POINT('',(-1.,18.5,1.75));
#2353 = VECTOR('',#2354,1.);
#2354 = DIRECTION('',(0.,0.,1.));
#2355 = PLANE('',#2356);
#2356 = AXIS2_PLACEMENT_3D('',#2357,#2358,#2359);
#2357 = CARTESIAN_POINT('',(-3.1,18.5,7.5));
#2358 = DIRECTION('',(-0.,1.,0.));
#2359 = DIRECTION('',(0.,0.,1.));
#2360 = ADVANCED_FACE('',(#2361),#2386,.T.);
#2361 = FACE_BOUND('',#2362,.T.);
#2362 = EDGE_LOOP('',(#2363,#2371,#2372,#2380));
#2363 = ORIENTED_EDGE('',*,*,#2364,.F.);
#2364 = EDGE_CURVE('',#586,#2365,#2367,.T.);
#2365 = VERTEX_POINT('',#2366);
#2366 = CARTESIAN_POINT('',(-1.,16.7,7.5));
#2367 = LINE('',#2368,#2369);
#2368 = CARTESIAN_POINT('',(-3.1,16.7,7.5));
#2369 = VECTOR('',#2370,1.);
#2370 = DIRECTION('',(1.,0.,-0.));
#2371 = ORIENTED_EDGE('',*,*,#585,.T.);
#2372 = ORIENTED_EDGE('',*,*,#2373,.T.);
#2373 = EDGE_CURVE('',#588,#2374,#2376,.T.);
#2374 = VERTEX_POINT('',#2375);
#2375 = CARTESIAN_POINT('',(-1.,15.1,7.5));
#2376 = LINE('',#2377,#2378);
#2377 = CARTESIAN_POINT('',(-3.1,15.1,7.5));
#2378 = VECTOR('',#2379,1.);
#2379 = DIRECTION('',(1.,0.,-0.));
#2380 = ORIENTED_EDGE('',*,*,#2381,.F.);
#2381 = EDGE_CURVE('',#2365,#2374,#2382,.T.);
#2382 = LINE('',#2383,#2384);
#2383 = CARTESIAN_POINT('',(-1.,6.55,7.5));
#2384 = VECTOR('',#2385,1.);
#2385 = DIRECTION('',(0.,-1.,0.));
#2386 = PLANE('',#2387);
#2387 = AXIS2_PLACEMENT_3D('',#2388,#2389,#2390);
#2388 = CARTESIAN_POINT('',(-3.1,15.1,7.5));
#2389 = DIRECTION('',(0.,0.,1.));
#2390 = DIRECTION('',(1.,0.,-0.));
#2391 = ADVANCED_FACE('',(#2392),#2410,.F.);
#2392 = FACE_BOUND('',#2393,.F.);
#2393 = EDGE_LOOP('',(#2394,#2395,#2396,#2404));
#2394 = ORIENTED_EDGE('',*,*,#2364,.F.);
#2395 = ORIENTED_EDGE('',*,*,#611,.T.);
#2396 = ORIENTED_EDGE('',*,*,#2397,.T.);
#2397 = EDGE_CURVE('',#604,#2398,#2400,.T.);
#2398 = VERTEX_POINT('',#2399);
#2399 = CARTESIAN_POINT('',(-1.,16.7,18.5));
#2400 = LINE('',#2401,#2402);
#2401 = CARTESIAN_POINT('',(-3.1,16.7,18.5));
#2402 = VECTOR('',#2403,1.);
#2403 = DIRECTION('',(1.,0.,-0.));
#2404 = ORIENTED_EDGE('',*,*,#2405,.F.);
#2405 = EDGE_CURVE('',#2365,#2398,#2406,.T.);
#2406 = LINE('',#2407,#2408);
#2407 = CARTESIAN_POINT('',(-1.,16.7,1.75));
#2408 = VECTOR('',#2409,1.);
#2409 = DIRECTION('',(0.,0.,1.));
#2410 = PLANE('',#2411);
#2411 = AXIS2_PLACEMENT_3D('',#2412,#2413,#2414);
#2412 = CARTESIAN_POINT('',(-3.1,16.7,7.5));
#2413 = DIRECTION('',(-0.,1.,0.));
#2414 = DIRECTION('',(0.,0.,1.));
#2415 = ADVANCED_FACE('',(#2416),#2434,.F.);
#2416 = FACE_BOUND('',#2417,.F.);
#2417 = EDGE_LOOP('',(#2418,#2419,#2420,#2428));
#2418 = ORIENTED_EDGE('',*,*,#2397,.F.);
#2419 = ORIENTED_EDGE('',*,*,#603,.T.);
#2420 = ORIENTED_EDGE('',*,*,#2421,.T.);
#2421 = EDGE_CURVE('',#596,#2422,#2424,.T.);
#2422 = VERTEX_POINT('',#2423);
#2423 = CARTESIAN_POINT('',(-1.,15.1,18.5));
#2424 = LINE('',#2425,#2426);
#2425 = CARTESIAN_POINT('',(-3.1,15.1,18.5));
#2426 = VECTOR('',#2427,1.);
#2427 = DIRECTION('',(1.,0.,-0.));
#2428 = ORIENTED_EDGE('',*,*,#2429,.F.);
#2429 = EDGE_CURVE('',#2398,#2422,#2430,.T.);
#2430 = LINE('',#2431,#2432);
#2431 = CARTESIAN_POINT('',(-1.,6.55,18.5));
#2432 = VECTOR('',#2433,1.);
#2433 = DIRECTION('',(0.,-1.,0.));
#2434 = PLANE('',#2435);
#2435 = AXIS2_PLACEMENT_3D('',#2436,#2437,#2438);
#2436 = CARTESIAN_POINT('',(-3.1,15.1,18.5));
#2437 = DIRECTION('',(0.,0.,1.));
#2438 = DIRECTION('',(1.,0.,-0.));
#2439 = ADVANCED_FACE('',(#2440),#2451,.T.);
#2440 = FACE_BOUND('',#2441,.T.);
#2441 = EDGE_LOOP('',(#2442,#2443,#2444,#2445));
#2442 = ORIENTED_EDGE('',*,*,#2373,.F.);
#2443 = ORIENTED_EDGE('',*,*,#595,.T.);
#2444 = ORIENTED_EDGE('',*,*,#2421,.T.);
#2445 = ORIENTED_EDGE('',*,*,#2446,.F.);
#2446 = EDGE_CURVE('',#2374,#2422,#2447,.T.);
#2447 = LINE('',#2448,#2449);
#2448 = CARTESIAN_POINT('',(-1.,15.1,1.75));
#2449 = VECTOR('',#2450,1.);
#2450 = DIRECTION('',(0.,0.,1.));
#2451 = PLANE('',#2452);
#2452 = AXIS2_PLACEMENT_3D('',#2453,#2454,#2455);
#2453 = CARTESIAN_POINT('',(-3.1,15.1,7.5));
#2454 = DIRECTION('',(-0.,1.,0.));
#2455 = DIRECTION('',(0.,0.,1.));
#2456 = ADVANCED_FACE('',(#2457),#2482,.T.);
#2457 = FACE_BOUND('',#2458,.T.);
#2458 = EDGE_LOOP('',(#2459,#2467,#2468,#2476));
#2459 = ORIENTED_EDGE('',*,*,#2460,.F.);
#2460 = EDGE_CURVE('',#620,#2461,#2463,.T.);
#2461 = VERTEX_POINT('',#2462);
#2462 = CARTESIAN_POINT('',(-1.,13.3,7.5));
#2463 = LINE('',#2464,#2465);
#2464 = CARTESIAN_POINT('',(-3.1,13.3,7.5));
#2465 = VECTOR('',#2466,1.);
#2466 = DIRECTION('',(1.,0.,-0.));
#2467 = ORIENTED_EDGE('',*,*,#619,.T.);
#2468 = ORIENTED_EDGE('',*,*,#2469,.T.);
#2469 = EDGE_CURVE('',#622,#2470,#2472,.T.);
#2470 = VERTEX_POINT('',#2471);
#2471 = CARTESIAN_POINT('',(-1.,11.7,7.5));
#2472 = LINE('',#2473,#2474);
#2473 = CARTESIAN_POINT('',(-3.1,11.7,7.5));
#2474 = VECTOR('',#2475,1.);
#2475 = DIRECTION('',(1.,0.,-0.));
#2476 = ORIENTED_EDGE('',*,*,#2477,.F.);
#2477 = EDGE_CURVE('',#2461,#2470,#2478,.T.);
#2478 = LINE('',#2479,#2480);
#2479 = CARTESIAN_POINT('',(-1.,4.85,7.5));
#2480 = VECTOR('',#2481,1.);
#2481 = DIRECTION('',(0.,-1.,0.));
#2482 = PLANE('',#2483);
#2483 = AXIS2_PLACEMENT_3D('',#2484,#2485,#2486);
#2484 = CARTESIAN_POINT('',(-3.1,11.7,7.5));
#2485 = DIRECTION('',(0.,0.,1.));
#2486 = DIRECTION('',(1.,0.,-0.));
#2487 = ADVANCED_FACE('',(#2488),#2506,.F.);
#2488 = FACE_BOUND('',#2489,.F.);
#2489 = EDGE_LOOP('',(#2490,#2491,#2492,#2500));
#2490 = ORIENTED_EDGE('',*,*,#2460,.F.);
#2491 = ORIENTED_EDGE('',*,*,#645,.T.);
#2492 = ORIENTED_EDGE('',*,*,#2493,.T.);
#2493 = EDGE_CURVE('',#638,#2494,#2496,.T.);
#2494 = VERTEX_POINT('',#2495);
#2495 = CARTESIAN_POINT('',(-1.,13.3,18.5));
#2496 = LINE('',#2497,#2498);
#2497 = CARTESIAN_POINT('',(-3.1,13.3,18.5));
#2498 = VECTOR('',#2499,1.);
#2499 = DIRECTION('',(1.,0.,-0.));
#2500 = ORIENTED_EDGE('',*,*,#2501,.F.);
#2501 = EDGE_CURVE('',#2461,#2494,#2502,.T.);
#2502 = LINE('',#2503,#2504);
#2503 = CARTESIAN_POINT('',(-1.,13.3,1.75));
#2504 = VECTOR('',#2505,1.);
#2505 = DIRECTION('',(0.,0.,1.));
#2506 = PLANE('',#2507);
#2507 = AXIS2_PLACEMENT_3D('',#2508,#2509,#2510);
#2508 = CARTESIAN_POINT('',(-3.1,13.3,7.5));
#2509 = DIRECTION('',(-0.,1.,0.));
#2510 = DIRECTION('',(0.,0.,1.));
#2511 = ADVANCED_FACE('',(#2512),#2530,.F.);
#2512 = FACE_BOUND('',#2513,.F.);
#2513 = EDGE_LOOP('',(#2514,#2515,#2516,#2524));
#2514 = ORIENTED_EDGE('',*,*,#2493,.F.);
#2515 = ORIENTED_EDGE('',*,*,#637,.T.);
#2516 = ORIENTED_EDGE('',*,*,#2517,.T.);
#2517 = EDGE_CURVE('',#630,#2518,#2520,.T.);
#2518 = VERTEX_POINT('',#2519);
#2519 = CARTESIAN_POINT('',(-1.,11.7,18.5));
#2520 = LINE('',#2521,#2522);
#2521 = CARTESIAN_POINT('',(-3.1,11.7,18.5));
#2522 = VECTOR('',#2523,1.);
#2523 = DIRECTION('',(1.,0.,-0.));
#2524 = ORIENTED_EDGE('',*,*,#2525,.F.);
#2525 = EDGE_CURVE('',#2494,#2518,#2526,.T.);
#2526 = LINE('',#2527,#2528);
#2527 = CARTESIAN_POINT('',(-1.,4.85,18.5));
#2528 = VECTOR('',#2529,1.);
#2529 = DIRECTION('',(0.,-1.,0.));
#2530 = PLANE('',#2531);
#2531 = AXIS2_PLACEMENT_3D('',#2532,#2533,#2534);
#2532 = CARTESIAN_POINT('',(-3.1,11.7,18.5));
#2533 = DIRECTION('',(0.,0.,1.));
#2534 = DIRECTION('',(1.,0.,-0.));
#2535 = ADVANCED_FACE('',(#2536),#2547,.T.);
#2536 = FACE_BOUND('',#2537,.T.);
#2537 = EDGE_LOOP('',(#2538,#2539,#2540,#2541));
#2538 = ORIENTED_EDGE('',*,*,#2469,.F.);
#2539 = ORIENTED_EDGE('',*,*,#629,.T.);
#2540 = ORIENTED_EDGE('',*,*,#2517,.T.);
#2541 = ORIENTED_EDGE('',*,*,#2542,.F.);
#2542 = EDGE_CURVE('',#2470,#2518,#2543,.T.);
#2543 = LINE('',#2544,#2545);
#2544 = CARTESIAN_POINT('',(-1.,11.7,1.75));
#2545 = VECTOR('',#2546,1.);
#2546 = DIRECTION('',(0.,0.,1.));
#2547 = PLANE('',#2548);
#2548 = AXIS2_PLACEMENT_3D('',#2549,#2550,#2551);
#2549 = CARTESIAN_POINT('',(-3.1,11.7,7.5));
#2550 = DIRECTION('',(-0.,1.,0.));
#2551 = DIRECTION('',(0.,0.,1.));
#2552 = ADVANCED_FACE('',(#2553),#2578,.T.);
#2553 = FACE_BOUND('',#2554,.T.);
#2554 = EDGE_LOOP('',(#2555,#2563,#2564,#2572));
#2555 = ORIENTED_EDGE('',*,*,#2556,.F.);
#2556 = EDGE_CURVE('',#654,#2557,#2559,.T.);
#2557 = VERTEX_POINT('',#2558);
#2558 = CARTESIAN_POINT('',(-1.,9.9,7.5));
#2559 = LINE('',#2560,#2561);
#2560 = CARTESIAN_POINT('',(-3.1,9.9,7.5));
#2561 = VECTOR('',#2562,1.);
#2562 = DIRECTION('',(1.,0.,-0.));
#2563 = ORIENTED_EDGE('',*,*,#653,.T.);
#2564 = ORIENTED_EDGE('',*,*,#2565,.T.);
#2565 = EDGE_CURVE('',#656,#2566,#2568,.T.);
#2566 = VERTEX_POINT('',#2567);
#2567 = CARTESIAN_POINT('',(-1.,8.3,7.5));
#2568 = LINE('',#2569,#2570);
#2569 = CARTESIAN_POINT('',(-3.1,8.3,7.5));
#2570 = VECTOR('',#2571,1.);
#2571 = DIRECTION('',(1.,0.,-0.));
#2572 = ORIENTED_EDGE('',*,*,#2573,.F.);
#2573 = EDGE_CURVE('',#2557,#2566,#2574,.T.);
#2574 = LINE('',#2575,#2576);
#2575 = CARTESIAN_POINT('',(-1.,3.15,7.5));
#2576 = VECTOR('',#2577,1.);
#2577 = DIRECTION('',(0.,-1.,0.));
#2578 = PLANE('',#2579);
#2579 = AXIS2_PLACEMENT_3D('',#2580,#2581,#2582);
#2580 = CARTESIAN_POINT('',(-3.1,8.3,7.5));
#2581 = DIRECTION('',(0.,0.,1.));
#2582 = DIRECTION('',(1.,0.,-0.));
#2583 = ADVANCED_FACE('',(#2584),#2602,.F.);
#2584 = FACE_BOUND('',#2585,.F.);
#2585 = EDGE_LOOP('',(#2586,#2587,#2588,#2596));
#2586 = ORIENTED_EDGE('',*,*,#2556,.F.);
#2587 = ORIENTED_EDGE('',*,*,#679,.T.);
#2588 = ORIENTED_EDGE('',*,*,#2589,.T.);
#2589 = EDGE_CURVE('',#672,#2590,#2592,.T.);
#2590 = VERTEX_POINT('',#2591);
#2591 = CARTESIAN_POINT('',(-1.,9.9,18.5));
#2592 = LINE('',#2593,#2594);
#2593 = CARTESIAN_POINT('',(-3.1,9.9,18.5));
#2594 = VECTOR('',#2595,1.);
#2595 = DIRECTION('',(1.,0.,-0.));
#2596 = ORIENTED_EDGE('',*,*,#2597,.F.);
#2597 = EDGE_CURVE('',#2557,#2590,#2598,.T.);
#2598 = LINE('',#2599,#2600);
#2599 = CARTESIAN_POINT('',(-1.,9.9,1.75));
#2600 = VECTOR('',#2601,1.);
#2601 = DIRECTION('',(0.,0.,1.));
#2602 = PLANE('',#2603);
#2603 = AXIS2_PLACEMENT_3D('',#2604,#2605,#2606);
#2604 = CARTESIAN_POINT('',(-3.1,9.9,7.5));
#2605 = DIRECTION('',(-0.,1.,0.));
#2606 = DIRECTION('',(0.,0.,1.));
#2607 = ADVANCED_FACE('',(#2608),#2626,.F.);
#2608 = FACE_BOUND('',#2609,.F.);
#2609 = EDGE_LOOP('',(#2610,#2611,#2612,#2620));
#2610 = ORIENTED_EDGE('',*,*,#2589,.F.);
#2611 = ORIENTED_EDGE('',*,*,#671,.T.);
#2612 = ORIENTED_EDGE('',*,*,#2613,.T.);
#2613 = EDGE_CURVE('',#664,#2614,#2616,.T.);
#2614 = VERTEX_POINT('',#2615);
#2615 = CARTESIAN_POINT('',(-1.,8.3,18.5));
#2616 = LINE('',#2617,#2618);
#2617 = CARTESIAN_POINT('',(-3.1,8.3,18.5));
#2618 = VECTOR('',#2619,1.);
#2619 = DIRECTION('',(1.,0.,-0.));
#2620 = ORIENTED_EDGE('',*,*,#2621,.F.);
#2621 = EDGE_CURVE('',#2590,#2614,#2622,.T.);
#2622 = LINE('',#2623,#2624);
#2623 = CARTESIAN_POINT('',(-1.,3.15,18.5));
#2624 = VECTOR('',#2625,1.);
#2625 = DIRECTION('',(0.,-1.,0.));
#2626 = PLANE('',#2627);
#2627 = AXIS2_PLACEMENT_3D('',#2628,#2629,#2630);
#2628 = CARTESIAN_POINT('',(-3.1,8.3,18.5));
#2629 = DIRECTION('',(0.,0.,1.));
#2630 = DIRECTION('',(1.,0.,-0.));
#2631 = ADVANCED_FACE('',(#2632),#2643,.T.);
#2632 = FACE_BOUND('',#2633,.T.);
#2633 = EDGE_LOOP('',(#2634,#2635,#2636,#2637));
#2634 = ORIENTED_EDGE('',*,*,#2565,.F.);
#2635 = ORIENTED_EDGE('',*,*,#663,.T.);
#2636 = ORIENTED_EDGE('',*,*,#2613,.T.);
#2637 = ORIENTED_EDGE('',*,*,#2638,.F.);
#2638 = EDGE_CURVE('',#2566,#2614,#2639,.T.);
#2639 = LINE('',#2640,#2641);
#2640 = CARTESIAN_POINT('',(-1.,8.3,1.75));
#2641 = VECTOR('',#2642,1.);
#2642 = DIRECTION('',(0.,0.,1.));
#2643 = PLANE('',#2644);
#2644 = AXIS2_PLACEMENT_3D('',#2645,#2646,#2647);
#2645 = CARTESIAN_POINT('',(-3.1,8.3,7.5));
#2646 = DIRECTION('',(-0.,1.,0.));
#2647 = DIRECTION('',(0.,0.,1.));
#2648 = ADVANCED_FACE('',(#2649),#2674,.T.);
#2649 = FACE_BOUND('',#2650,.T.);
#2650 = EDGE_LOOP('',(#2651,#2659,#2660,#2668));
#2651 = ORIENTED_EDGE('',*,*,#2652,.F.);
#2652 = EDGE_CURVE('',#688,#2653,#2655,.T.);
#2653 = VERTEX_POINT('',#2654);
#2654 = CARTESIAN_POINT('',(-1.,6.5,7.5));
#2655 = LINE('',#2656,#2657);
#2656 = CARTESIAN_POINT('',(-3.1,6.5,7.5));
#2657 = VECTOR('',#2658,1.);
#2658 = DIRECTION('',(1.,0.,-0.));
#2659 = ORIENTED_EDGE('',*,*,#687,.T.);
#2660 = ORIENTED_EDGE('',*,*,#2661,.T.);
#2661 = EDGE_CURVE('',#690,#2662,#2664,.T.);
#2662 = VERTEX_POINT('',#2663);
#2663 = CARTESIAN_POINT('',(-1.,4.9,7.5));
#2664 = LINE('',#2665,#2666);
#2665 = CARTESIAN_POINT('',(-3.1,4.9,7.5));
#2666 = VECTOR('',#2667,1.);
#2667 = DIRECTION('',(1.,0.,-0.));
#2668 = ORIENTED_EDGE('',*,*,#2669,.F.);
#2669 = EDGE_CURVE('',#2653,#2662,#2670,.T.);
#2670 = LINE('',#2671,#2672);
#2671 = CARTESIAN_POINT('',(-1.,1.45,7.5));
#2672 = VECTOR('',#2673,1.);
#2673 = DIRECTION('',(0.,-1.,0.));
#2674 = PLANE('',#2675);
#2675 = AXIS2_PLACEMENT_3D('',#2676,#2677,#2678);
#2676 = CARTESIAN_POINT('',(-3.1,4.9,7.5));
#2677 = DIRECTION('',(0.,0.,1.));
#2678 = DIRECTION('',(1.,0.,-0.));
#2679 = ADVANCED_FACE('',(#2680),#2698,.F.);
#2680 = FACE_BOUND('',#2681,.F.);
#2681 = EDGE_LOOP('',(#2682,#2683,#2684,#2692));
#2682 = ORIENTED_EDGE('',*,*,#2652,.F.);
#2683 = ORIENTED_EDGE('',*,*,#713,.T.);
#2684 = ORIENTED_EDGE('',*,*,#2685,.T.);
#2685 = EDGE_CURVE('',#706,#2686,#2688,.T.);
#2686 = VERTEX_POINT('',#2687);
#2687 = CARTESIAN_POINT('',(-1.,6.5,18.5));
#2688 = LINE('',#2689,#2690);
#2689 = CARTESIAN_POINT('',(-3.1,6.5,18.5));
#2690 = VECTOR('',#2691,1.);
#2691 = DIRECTION('',(1.,0.,-0.));
#2692 = ORIENTED_EDGE('',*,*,#2693,.F.);
#2693 = EDGE_CURVE('',#2653,#2686,#2694,.T.);
#2694 = LINE('',#2695,#2696);
#2695 = CARTESIAN_POINT('',(-1.,6.5,1.75));
#2696 = VECTOR('',#2697,1.);
#2697 = DIRECTION('',(0.,0.,1.));
#2698 = PLANE('',#2699);
#2699 = AXIS2_PLACEMENT_3D('',#2700,#2701,#2702);
#2700 = CARTESIAN_POINT('',(-3.1,6.5,7.5));
#2701 = DIRECTION('',(-0.,1.,0.));
#2702 = DIRECTION('',(0.,0.,1.));
#2703 = ADVANCED_FACE('',(#2704),#2722,.F.);
#2704 = FACE_BOUND('',#2705,.F.);
#2705 = EDGE_LOOP('',(#2706,#2707,#2708,#2716));
#2706 = ORIENTED_EDGE('',*,*,#2685,.F.);
#2707 = ORIENTED_EDGE('',*,*,#705,.T.);
#2708 = ORIENTED_EDGE('',*,*,#2709,.T.);
#2709 = EDGE_CURVE('',#698,#2710,#2712,.T.);
#2710 = VERTEX_POINT('',#2711);
#2711 = CARTESIAN_POINT('',(-1.,4.9,18.5));
#2712 = LINE('',#2713,#2714);
#2713 = CARTESIAN_POINT('',(-3.1,4.9,18.5));
#2714 = VECTOR('',#2715,1.);
#2715 = DIRECTION('',(1.,0.,-0.));
#2716 = ORIENTED_EDGE('',*,*,#2717,.F.);
#2717 = EDGE_CURVE('',#2686,#2710,#2718,.T.);
#2718 = LINE('',#2719,#2720);
#2719 = CARTESIAN_POINT('',(-1.,1.45,18.5));
#2720 = VECTOR('',#2721,1.);
#2721 = DIRECTION('',(0.,-1.,0.));
#2722 = PLANE('',#2723);
#2723 = AXIS2_PLACEMENT_3D('',#2724,#2725,#2726);
#2724 = CARTESIAN_POINT('',(-3.1,4.9,18.5));
#2725 = DIRECTION('',(0.,0.,1.));
#2726 = DIRECTION('',(1.,0.,-0.));
#2727 = ADVANCED_FACE('',(#2728),#2739,.T.);
#2728 = FACE_BOUND('',#2729,.T.);
#2729 = EDGE_LOOP('',(#2730,#2731,#2732,#2733));
#2730 = ORIENTED_EDGE('',*,*,#2661,.F.);
#2731 = ORIENTED_EDGE('',*,*,#697,.T.);
#2732 = ORIENTED_EDGE('',*,*,#2709,.T.);
#2733 = ORIENTED_EDGE('',*,*,#2734,.F.);
#2734 = EDGE_CURVE('',#2662,#2710,#2735,.T.);
#2735 = LINE('',#2736,#2737);
#2736 = CARTESIAN_POINT('',(-1.,4.9,1.75));
#2737 = VECTOR('',#2738,1.);
#2738 = DIRECTION('',(0.,0.,1.));
#2739 = PLANE('',#2740);
#2740 = AXIS2_PLACEMENT_3D('',#2741,#2742,#2743);
#2741 = CARTESIAN_POINT('',(-3.1,4.9,7.5));
#2742 = DIRECTION('',(-0.,1.,0.));
#2743 = DIRECTION('',(0.,0.,1.));
#2744 = ADVANCED_FACE('',(#2745),#2770,.T.);
#2745 = FACE_BOUND('',#2746,.T.);
#2746 = EDGE_LOOP('',(#2747,#2755,#2756,#2764));
#2747 = ORIENTED_EDGE('',*,*,#2748,.F.);
#2748 = EDGE_CURVE('',#722,#2749,#2751,.T.);
#2749 = VERTEX_POINT('',#2750);
#2750 = CARTESIAN_POINT('',(-1.,3.1,7.5));
#2751 = LINE('',#2752,#2753);
#2752 = CARTESIAN_POINT('',(-3.1,3.1,7.5));
#2753 = VECTOR('',#2754,1.);
#2754 = DIRECTION('',(1.,0.,-0.));
#2755 = ORIENTED_EDGE('',*,*,#721,.T.);
#2756 = ORIENTED_EDGE('',*,*,#2757,.T.);
#2757 = EDGE_CURVE('',#724,#2758,#2760,.T.);
#2758 = VERTEX_POINT('',#2759);
#2759 = CARTESIAN_POINT('',(-1.,1.5,7.5));
#2760 = LINE('',#2761,#2762);
#2761 = CARTESIAN_POINT('',(-3.1,1.5,7.5));
#2762 = VECTOR('',#2763,1.);
#2763 = DIRECTION('',(1.,0.,-0.));
#2764 = ORIENTED_EDGE('',*,*,#2765,.F.);
#2765 = EDGE_CURVE('',#2749,#2758,#2766,.T.);
#2766 = LINE('',#2767,#2768);
#2767 = CARTESIAN_POINT('',(-1.,-0.25,7.5));
#2768 = VECTOR('',#2769,1.);
#2769 = DIRECTION('',(0.,-1.,0.));
#2770 = PLANE('',#2771);
#2771 = AXIS2_PLACEMENT_3D('',#2772,#2773,#2774);
#2772 = CARTESIAN_POINT('',(-3.1,1.5,7.5));
#2773 = DIRECTION('',(0.,0.,1.));
#2774 = DIRECTION('',(1.,0.,-0.));
#2775 = ADVANCED_FACE('',(#2776),#2794,.F.);
#2776 = FACE_BOUND('',#2777,.F.);
#2777 = EDGE_LOOP('',(#2778,#2779,#2780,#2788));
#2778 = ORIENTED_EDGE('',*,*,#2748,.F.);
#2779 = ORIENTED_EDGE('',*,*,#747,.T.);
#2780 = ORIENTED_EDGE('',*,*,#2781,.T.);
#2781 = EDGE_CURVE('',#740,#2782,#2784,.T.);
#2782 = VERTEX_POINT('',#2783);
#2783 = CARTESIAN_POINT('',(-1.,3.1,18.5));
#2784 = LINE('',#2785,#2786);
#2785 = CARTESIAN_POINT('',(-3.1,3.1,18.5));
#2786 = VECTOR('',#2787,1.);
#2787 = DIRECTION('',(1.,0.,-0.));
#2788 = ORIENTED_EDGE('',*,*,#2789,.F.);
#2789 = EDGE_CURVE('',#2749,#2782,#2790,.T.);
#2790 = LINE('',#2791,#2792);
#2791 = CARTESIAN_POINT('',(-1.,3.1,1.75));
#2792 = VECTOR('',#2793,1.);
#2793 = DIRECTION('',(0.,0.,1.));
#2794 = PLANE('',#2795);
#2795 = AXIS2_PLACEMENT_3D('',#2796,#2797,#2798);
#2796 = CARTESIAN_POINT('',(-3.1,3.1,7.5));
#2797 = DIRECTION('',(-0.,1.,0.));
#2798 = DIRECTION('',(0.,0.,1.));
#2799 = ADVANCED_FACE('',(#2800),#2818,.F.);
#2800 = FACE_BOUND('',#2801,.F.);
#2801 = EDGE_LOOP('',(#2802,#2803,#2804,#2812));
#2802 = ORIENTED_EDGE('',*,*,#2781,.F.);
#2803 = ORIENTED_EDGE('',*,*,#739,.T.);
#2804 = ORIENTED_EDGE('',*,*,#2805,.T.);
#2805 = EDGE_CURVE('',#732,#2806,#2808,.T.);
#2806 = VERTEX_POINT('',#2807);
#2807 = CARTESIAN_POINT('',(-1.,1.5,18.5));
#2808 = LINE('',#2809,#2810);
#2809 = CARTESIAN_POINT('',(-3.1,1.5,18.5));
#2810 = VECTOR('',#2811,1.);
#2811 = DIRECTION('',(1.,0.,-0.));
#2812 = ORIENTED_EDGE('',*,*,#2813,.F.);
#2813 = EDGE_CURVE('',#2782,#2806,#2814,.T.);
#2814 = LINE('',#2815,#2816);
#2815 = CARTESIAN_POINT('',(-1.,-0.25,18.5));
#2816 = VECTOR('',#2817,1.);
#2817 = DIRECTION('',(0.,-1.,0.));
#2818 = PLANE('',#2819);
#2819 = AXIS2_PLACEMENT_3D('',#2820,#2821,#2822);
#2820 = CARTESIAN_POINT('',(-3.1,1.5,18.5));
#2821 = DIRECTION('',(0.,0.,1.));
#2822 = DIRECTION('',(1.,0.,-0.));
#2823 = ADVANCED_FACE('',(#2824),#2835,.T.);
#2824 = FACE_BOUND('',#2825,.T.);
#2825 = EDGE_LOOP('',(#2826,#2827,#2828,#2829));
#2826 = ORIENTED_EDGE('',*,*,#2757,.F.);
#2827 = ORIENTED_EDGE('',*,*,#731,.T.);
#2828 = ORIENTED_EDGE('',*,*,#2805,.T.);
#2829 = ORIENTED_EDGE('',*,*,#2830,.F.);
#2830 = EDGE_CURVE('',#2758,#2806,#2831,.T.);
#2831 = LINE('',#2832,#2833);
#2832 = CARTESIAN_POINT('',(-1.,1.5,1.75));
#2833 = VECTOR('',#2834,1.);
#2834 = DIRECTION('',(0.,0.,1.));
#2835 = PLANE('',#2836);
#2836 = AXIS2_PLACEMENT_3D('',#2837,#2838,#2839);
#2837 = CARTESIAN_POINT('',(-3.1,1.5,7.5));
#2838 = DIRECTION('',(-0.,1.,0.));
#2839 = DIRECTION('',(0.,0.,1.));
#2840 = ADVANCED_FACE('',(#2841),#2860,.T.);
#2841 = FACE_BOUND('',#2842,.T.);
#2842 = EDGE_LOOP('',(#2843,#2851,#2852,#2853));
#2843 = ORIENTED_EDGE('',*,*,#2844,.F.);
#2844 = EDGE_CURVE('',#763,#2845,#2847,.T.);
#2845 = VERTEX_POINT('',#2846);
#2846 = CARTESIAN_POINT('',(1.,-3.2,-6.));
#2847 = LINE('',#2848,#2849);
#2848 = CARTESIAN_POINT('',(1.,-3.6,-5.6));
#2849 = VECTOR('',#2850,1.);
#2850 = DIRECTION('',(-0.,0.707106781187,-0.707106781187));
#2851 = ORIENTED_EDGE('',*,*,#762,.T.);
#2852 = ORIENTED_EDGE('',*,*,#810,.T.);
#2853 = ORIENTED_EDGE('',*,*,#2854,.F.);
#2854 = EDGE_CURVE('',#2845,#811,#2855,.T.);
#2855 = CIRCLE('',#2856,3.2);
#2856 = AXIS2_PLACEMENT_3D('',#2857,#2858,#2859);
#2857 = CARTESIAN_POINT('',(1.,-8.881784197001E-16,-6.));
#2858 = DIRECTION('',(-0.,0.,-1.));
#2859 = DIRECTION('',(-2.498001805407E-16,-1.,0.));
#2860 = CONICAL_SURFACE('',#2861,4.,0.785398163397);
#2861 = AXIS2_PLACEMENT_3D('',#2862,#2863,#2864);
#2862 = CARTESIAN_POINT('',(1.,-8.881784197001E-16,-5.2));
#2863 = DIRECTION('',(0.,0.,1.));
#2864 = DIRECTION('',(-2.498001805407E-16,-1.,0.));
#2865 = ADVANCED_FACE('',(#2866,#2914,#2984,#3018,#3052,#3086,#3120,
    #3154,#3188,#3258,#3328,#3362,#3396,#3430,#3464,#3498),#3532,.F.);
#2866 = FACE_BOUND('',#2867,.F.);
#2867 = EDGE_LOOP('',(#2868,#2876,#2877,#2885,#2893,#2899,#2900,#2908));
#2868 = ORIENTED_EDGE('',*,*,#2869,.T.);
#2869 = EDGE_CURVE('',#2870,#763,#2872,.T.);
#2870 = VERTEX_POINT('',#2871);
#2871 = CARTESIAN_POINT('',(84.,-4.,-5.2));
#2872 = LINE('',#2873,#2874);
#2873 = CARTESIAN_POINT('',(84.,-4.,-5.2));
#2874 = VECTOR('',#2875,1.);
#2875 = DIRECTION('',(-1.,-0.,0.));
#2876 = ORIENTED_EDGE('',*,*,#771,.T.);
#2877 = ORIENTED_EDGE('',*,*,#2878,.T.);
#2878 = EDGE_CURVE('',#772,#2879,#2881,.T.);
#2879 = VERTEX_POINT('',#2880);
#2880 = CARTESIAN_POINT('',(2.6,-4.,8.));
#2881 = LINE('',#2882,#2883);
#2882 = CARTESIAN_POINT('',(-1.,-4.,8.));
#2883 = VECTOR('',#2884,1.);
#2884 = DIRECTION('',(1.,0.,-0.));
#2885 = ORIENTED_EDGE('',*,*,#2886,.F.);
#2886 = EDGE_CURVE('',#2887,#2879,#2889,.T.);
#2887 = VERTEX_POINT('',#2888);
#2888 = CARTESIAN_POINT('',(2.6,-4.,14.5));
#2889 = LINE('',#2890,#2891);
#2890 = CARTESIAN_POINT('',(2.6,-4.,1.));
#2891 = VECTOR('',#2892,1.);
#2892 = DIRECTION('',(-0.,0.,-1.));
#2893 = ORIENTED_EDGE('',*,*,#2894,.F.);
#2894 = EDGE_CURVE('',#780,#2887,#2895,.T.);
#2895 = LINE('',#2896,#2897);
#2896 = CARTESIAN_POINT('',(-1.,-4.,14.5));
#2897 = VECTOR('',#2898,1.);
#2898 = DIRECTION('',(1.,0.,-0.));
#2899 = ORIENTED_EDGE('',*,*,#787,.T.);
#2900 = ORIENTED_EDGE('',*,*,#2901,.T.);
#2901 = EDGE_CURVE('',#788,#2902,#2904,.T.);
#2902 = VERTEX_POINT('',#2903);
#2903 = CARTESIAN_POINT('',(84.,-4.,21.35));
#2904 = LINE('',#2905,#2906);
#2905 = CARTESIAN_POINT('',(-3.,-4.,21.35));
#2906 = VECTOR('',#2907,1.);
#2907 = DIRECTION('',(1.,0.,-0.));
#2908 = ORIENTED_EDGE('',*,*,#2909,.F.);
#2909 = EDGE_CURVE('',#2870,#2902,#2910,.T.);
#2910 = LINE('',#2911,#2912);
#2911 = CARTESIAN_POINT('',(84.,-4.,-6.));
#2912 = VECTOR('',#2913,1.);
#2913 = DIRECTION('',(0.,0.,1.));
#2914 = FACE_BOUND('',#2915,.F.);
#2915 = EDGE_LOOP('',(#2916,#2927,#2935,#2944,#2952,#2961,#2969,#2978));
#2916 = ORIENTED_EDGE('',*,*,#2917,.F.);
#2917 = EDGE_CURVE('',#2918,#2920,#2922,.T.);
#2918 = VERTEX_POINT('',#2919);
#2919 = CARTESIAN_POINT('',(4.7,-4.,3.97));
#2920 = VERTEX_POINT('',#2921);
#2921 = CARTESIAN_POINT('',(6.9,-4.,6.17));
#2922 = CIRCLE('',#2923,2.2);
#2923 = AXIS2_PLACEMENT_3D('',#2924,#2925,#2926);
#2924 = CARTESIAN_POINT('',(6.9,-4.,3.97));
#2925 = DIRECTION('',(-0.,1.,0.));
#2926 = DIRECTION('',(-1.,-0.,0.));
#2927 = ORIENTED_EDGE('',*,*,#2928,.T.);
#2928 = EDGE_CURVE('',#2918,#2929,#2931,.T.);
#2929 = VERTEX_POINT('',#2930);
#2930 = CARTESIAN_POINT('',(4.7,-4.,0.97));
#2931 = LINE('',#2932,#2933);
#2932 = CARTESIAN_POINT('',(4.7,-4.,-3.615));
#2933 = VECTOR('',#2934,1.);
#2934 = DIRECTION('',(-0.,0.,-1.));
#2935 = ORIENTED_EDGE('',*,*,#2936,.F.);
#2936 = EDGE_CURVE('',#2937,#2929,#2939,.T.);
#2937 = VERTEX_POINT('',#2938);
#2938 = CARTESIAN_POINT('',(6.9,-4.,-1.23));
#2939 = CIRCLE('',#2940,2.2);
#2940 = AXIS2_PLACEMENT_3D('',#2941,#2942,#2943);
#2941 = CARTESIAN_POINT('',(6.9,-4.,0.97));
#2942 = DIRECTION('',(-0.,1.,0.));
#2943 = DIRECTION('',(-1.,-0.,0.));
#2944 = ORIENTED_EDGE('',*,*,#2945,.T.);
#2945 = EDGE_CURVE('',#2937,#2946,#2948,.T.);
#2946 = VERTEX_POINT('',#2947);
#2947 = CARTESIAN_POINT('',(15.5,-4.,-1.23));
#2948 = LINE('',#2949,#2950);
#2949 = CARTESIAN_POINT('',(0.85,-4.,-1.23));
#2950 = VECTOR('',#2951,1.);
#2951 = DIRECTION('',(1.,0.,-0.));
#2952 = ORIENTED_EDGE('',*,*,#2953,.F.);
#2953 = EDGE_CURVE('',#2954,#2946,#2956,.T.);
#2954 = VERTEX_POINT('',#2955);
#2955 = CARTESIAN_POINT('',(17.7,-4.,0.97));
#2956 = CIRCLE('',#2957,2.2);
#2957 = AXIS2_PLACEMENT_3D('',#2958,#2959,#2960);
#2958 = CARTESIAN_POINT('',(15.5,-4.,0.97));
#2959 = DIRECTION('',(0.,1.,0.));
#2960 = DIRECTION('',(1.,0.,-0.));
#2961 = ORIENTED_EDGE('',*,*,#2962,.F.);
#2962 = EDGE_CURVE('',#2963,#2954,#2965,.T.);
#2963 = VERTEX_POINT('',#2964);
#2964 = CARTESIAN_POINT('',(17.7,-4.,3.97));
#2965 = LINE('',#2966,#2967);
#2966 = CARTESIAN_POINT('',(17.7,-4.,-3.615));
#2967 = VECTOR('',#2968,1.);
#2968 = DIRECTION('',(-0.,0.,-1.));
#2969 = ORIENTED_EDGE('',*,*,#2970,.F.);
#2970 = EDGE_CURVE('',#2971,#2963,#2973,.T.);
#2971 = VERTEX_POINT('',#2972);
#2972 = CARTESIAN_POINT('',(15.5,-4.,6.17));
#2973 = CIRCLE('',#2974,2.2);
#2974 = AXIS2_PLACEMENT_3D('',#2975,#2976,#2977);
#2975 = CARTESIAN_POINT('',(15.5,-4.,3.97));
#2976 = DIRECTION('',(0.,1.,0.));
#2977 = DIRECTION('',(1.,0.,-0.));
#2978 = ORIENTED_EDGE('',*,*,#2979,.F.);
#2979 = EDGE_CURVE('',#2920,#2971,#2980,.T.);
#2980 = LINE('',#2981,#2982);
#2981 = CARTESIAN_POINT('',(0.85,-4.,6.17));
#2982 = VECTOR('',#2983,1.);
#2983 = DIRECTION('',(1.,0.,-0.));
#2984 = FACE_BOUND('',#2985,.F.);
#2985 = EDGE_LOOP('',(#2986,#2996,#3004,#3012));
#2986 = ORIENTED_EDGE('',*,*,#2987,.F.);
#2987 = EDGE_CURVE('',#2988,#2990,#2992,.T.);
#2988 = VERTEX_POINT('',#2989);
#2989 = CARTESIAN_POINT('',(4.4,-4.,14.5));
#2990 = VERTEX_POINT('',#2991);
#2991 = CARTESIAN_POINT('',(6.,-4.,14.5));
#2992 = LINE('',#2993,#2994);
#2993 = CARTESIAN_POINT('',(0.7,-4.,14.5));
#2994 = VECTOR('',#2995,1.);
#2995 = DIRECTION('',(1.,0.,-0.));
#2996 = ORIENTED_EDGE('',*,*,#2997,.T.);
#2997 = EDGE_CURVE('',#2988,#2998,#3000,.T.);
#2998 = VERTEX_POINT('',#2999);
#2999 = CARTESIAN_POINT('',(4.4,-4.,8.));
#3000 = LINE('',#3001,#3002);
#3001 = CARTESIAN_POINT('',(4.4,-4.,1.));
#3002 = VECTOR('',#3003,1.);
#3003 = DIRECTION('',(-0.,0.,-1.));
#3004 = ORIENTED_EDGE('',*,*,#3005,.T.);
#3005 = EDGE_CURVE('',#2998,#3006,#3008,.T.);
#3006 = VERTEX_POINT('',#3007);
#3007 = CARTESIAN_POINT('',(6.,-4.,8.));
#3008 = LINE('',#3009,#3010);
#3009 = CARTESIAN_POINT('',(0.7,-4.,8.));
#3010 = VECTOR('',#3011,1.);
#3011 = DIRECTION('',(1.,0.,-0.));
#3012 = ORIENTED_EDGE('',*,*,#3013,.F.);
#3013 = EDGE_CURVE('',#2990,#3006,#3014,.T.);
#3014 = LINE('',#3015,#3016);
#3015 = CARTESIAN_POINT('',(6.,-4.,1.));
#3016 = VECTOR('',#3017,1.);
#3017 = DIRECTION('',(-0.,0.,-1.));
#3018 = FACE_BOUND('',#3019,.F.);
#3019 = EDGE_LOOP('',(#3020,#3030,#3038,#3046));
#3020 = ORIENTED_EDGE('',*,*,#3021,.F.);
#3021 = EDGE_CURVE('',#3022,#3024,#3026,.T.);
#3022 = VERTEX_POINT('',#3023);
#3023 = CARTESIAN_POINT('',(7.8,-4.,14.5));
#3024 = VERTEX_POINT('',#3025);
#3025 = CARTESIAN_POINT('',(9.4,-4.,14.5));
#3026 = LINE('',#3027,#3028);
#3027 = CARTESIAN_POINT('',(2.4,-4.,14.5));
#3028 = VECTOR('',#3029,1.);
#3029 = DIRECTION('',(1.,0.,-0.));
#3030 = ORIENTED_EDGE('',*,*,#3031,.T.);
#3031 = EDGE_CURVE('',#3022,#3032,#3034,.T.);
#3032 = VERTEX_POINT('',#3033);
#3033 = CARTESIAN_POINT('',(7.8,-4.,8.));
#3034 = LINE('',#3035,#3036);
#3035 = CARTESIAN_POINT('',(7.8,-4.,1.));
#3036 = VECTOR('',#3037,1.);
#3037 = DIRECTION('',(-0.,0.,-1.));
#3038 = ORIENTED_EDGE('',*,*,#3039,.T.);
#3039 = EDGE_CURVE('',#3032,#3040,#3042,.T.);
#3040 = VERTEX_POINT('',#3041);
#3041 = CARTESIAN_POINT('',(9.4,-4.,8.));
#3042 = LINE('',#3043,#3044);
#3043 = CARTESIAN_POINT('',(2.4,-4.,8.));
#3044 = VECTOR('',#3045,1.);
#3045 = DIRECTION('',(1.,0.,-0.));
#3046 = ORIENTED_EDGE('',*,*,#3047,.F.);
#3047 = EDGE_CURVE('',#3024,#3040,#3048,.T.);
#3048 = LINE('',#3049,#3050);
#3049 = CARTESIAN_POINT('',(9.4,-4.,1.));
#3050 = VECTOR('',#3051,1.);
#3051 = DIRECTION('',(-0.,0.,-1.));
#3052 = FACE_BOUND('',#3053,.F.);
#3053 = EDGE_LOOP('',(#3054,#3064,#3072,#3080));
#3054 = ORIENTED_EDGE('',*,*,#3055,.F.);
#3055 = EDGE_CURVE('',#3056,#3058,#3060,.T.);
#3056 = VERTEX_POINT('',#3057);
#3057 = CARTESIAN_POINT('',(11.2,-4.,14.5));
#3058 = VERTEX_POINT('',#3059);
#3059 = CARTESIAN_POINT('',(12.8,-4.,14.5));
#3060 = LINE('',#3061,#3062);
#3061 = CARTESIAN_POINT('',(4.1,-4.,14.5));
#3062 = VECTOR('',#3063,1.);
#3063 = DIRECTION('',(1.,0.,-0.));
#3064 = ORIENTED_EDGE('',*,*,#3065,.T.);
#3065 = EDGE_CURVE('',#3056,#3066,#3068,.T.);
#3066 = VERTEX_POINT('',#3067);
#3067 = CARTESIAN_POINT('',(11.2,-4.,8.));
#3068 = LINE('',#3069,#3070);
#3069 = CARTESIAN_POINT('',(11.2,-4.,1.));
#3070 = VECTOR('',#3071,1.);
#3071 = DIRECTION('',(-0.,0.,-1.));
#3072 = ORIENTED_EDGE('',*,*,#3073,.T.);
#3073 = EDGE_CURVE('',#3066,#3074,#3076,.T.);
#3074 = VERTEX_POINT('',#3075);
#3075 = CARTESIAN_POINT('',(12.8,-4.,8.));
#3076 = LINE('',#3077,#3078);
#3077 = CARTESIAN_POINT('',(4.1,-4.,8.));
#3078 = VECTOR('',#3079,1.);
#3079 = DIRECTION('',(1.,0.,-0.));
#3080 = ORIENTED_EDGE('',*,*,#3081,.F.);
#3081 = EDGE_CURVE('',#3058,#3074,#3082,.T.);
#3082 = LINE('',#3083,#3084);
#3083 = CARTESIAN_POINT('',(12.8,-4.,1.));
#3084 = VECTOR('',#3085,1.);
#3085 = DIRECTION('',(-0.,0.,-1.));
#3086 = FACE_BOUND('',#3087,.F.);
#3087 = EDGE_LOOP('',(#3088,#3098,#3106,#3114));
#3088 = ORIENTED_EDGE('',*,*,#3089,.F.);
#3089 = EDGE_CURVE('',#3090,#3092,#3094,.T.);
#3090 = VERTEX_POINT('',#3091);
#3091 = CARTESIAN_POINT('',(14.6,-4.,14.5));
#3092 = VERTEX_POINT('',#3093);
#3093 = CARTESIAN_POINT('',(16.2,-4.,14.5));
#3094 = LINE('',#3095,#3096);
#3095 = CARTESIAN_POINT('',(5.8,-4.,14.5));
#3096 = VECTOR('',#3097,1.);
#3097 = DIRECTION('',(1.,0.,-0.));
#3098 = ORIENTED_EDGE('',*,*,#3099,.T.);
#3099 = EDGE_CURVE('',#3090,#3100,#3102,.T.);
#3100 = VERTEX_POINT('',#3101);
#3101 = CARTESIAN_POINT('',(14.6,-4.,8.));
#3102 = LINE('',#3103,#3104);
#3103 = CARTESIAN_POINT('',(14.6,-4.,1.));
#3104 = VECTOR('',#3105,1.);
#3105 = DIRECTION('',(-0.,0.,-1.));
#3106 = ORIENTED_EDGE('',*,*,#3107,.T.);
#3107 = EDGE_CURVE('',#3100,#3108,#3110,.T.);
#3108 = VERTEX_POINT('',#3109);
#3109 = CARTESIAN_POINT('',(16.2,-4.,8.));
#3110 = LINE('',#3111,#3112);
#3111 = CARTESIAN_POINT('',(5.8,-4.,8.));
#3112 = VECTOR('',#3113,1.);
#3113 = DIRECTION('',(1.,0.,-0.));
#3114 = ORIENTED_EDGE('',*,*,#3115,.F.);
#3115 = EDGE_CURVE('',#3092,#3108,#3116,.T.);
#3116 = LINE('',#3117,#3118);
#3117 = CARTESIAN_POINT('',(16.2,-4.,1.));
#3118 = VECTOR('',#3119,1.);
#3119 = DIRECTION('',(-0.,0.,-1.));
#3120 = FACE_BOUND('',#3121,.F.);
#3121 = EDGE_LOOP('',(#3122,#3132,#3140,#3148));
#3122 = ORIENTED_EDGE('',*,*,#3123,.F.);
#3123 = EDGE_CURVE('',#3124,#3126,#3128,.T.);
#3124 = VERTEX_POINT('',#3125);
#3125 = CARTESIAN_POINT('',(18.,-4.,14.5));
#3126 = VERTEX_POINT('',#3127);
#3127 = CARTESIAN_POINT('',(19.6,-4.,14.5));
#3128 = LINE('',#3129,#3130);
#3129 = CARTESIAN_POINT('',(7.5,-4.,14.5));
#3130 = VECTOR('',#3131,1.);
#3131 = DIRECTION('',(1.,0.,-0.));
#3132 = ORIENTED_EDGE('',*,*,#3133,.T.);
#3133 = EDGE_CURVE('',#3124,#3134,#3136,.T.);
#3134 = VERTEX_POINT('',#3135);
#3135 = CARTESIAN_POINT('',(18.,-4.,8.));
#3136 = LINE('',#3137,#3138);
#3137 = CARTESIAN_POINT('',(18.,-4.,1.));
#3138 = VECTOR('',#3139,1.);
#3139 = DIRECTION('',(-0.,0.,-1.));
#3140 = ORIENTED_EDGE('',*,*,#3141,.T.);
#3141 = EDGE_CURVE('',#3134,#3142,#3144,.T.);
#3142 = VERTEX_POINT('',#3143);
#3143 = CARTESIAN_POINT('',(19.6,-4.,8.));
#3144 = LINE('',#3145,#3146);
#3145 = CARTESIAN_POINT('',(7.5,-4.,8.));
#3146 = VECTOR('',#3147,1.);
#3147 = DIRECTION('',(1.,0.,-0.));
#3148 = ORIENTED_EDGE('',*,*,#3149,.F.);
#3149 = EDGE_CURVE('',#3126,#3142,#3150,.T.);
#3150 = LINE('',#3151,#3152);
#3151 = CARTESIAN_POINT('',(19.6,-4.,1.));
#3152 = VECTOR('',#3153,1.);
#3153 = DIRECTION('',(-0.,0.,-1.));
#3154 = FACE_BOUND('',#3155,.F.);
#3155 = EDGE_LOOP('',(#3156,#3166,#3174,#3182));
#3156 = ORIENTED_EDGE('',*,*,#3157,.F.);
#3157 = EDGE_CURVE('',#3158,#3160,#3162,.T.);
#3158 = VERTEX_POINT('',#3159);
#3159 = CARTESIAN_POINT('',(21.4,-4.,14.5));
#3160 = VERTEX_POINT('',#3161);
#3161 = CARTESIAN_POINT('',(23.,-4.,14.5));
#3162 = LINE('',#3163,#3164);
#3163 = CARTESIAN_POINT('',(9.2,-4.,14.5));
#3164 = VECTOR('',#3165,1.);
#3165 = DIRECTION('',(1.,0.,-0.));
#3166 = ORIENTED_EDGE('',*,*,#3167,.T.);
#3167 = EDGE_CURVE('',#3158,#3168,#3170,.T.);
#3168 = VERTEX_POINT('',#3169);
#3169 = CARTESIAN_POINT('',(21.4,-4.,8.));
#3170 = LINE('',#3171,#3172);
#3171 = CARTESIAN_POINT('',(21.4,-4.,1.));
#3172 = VECTOR('',#3173,1.);
#3173 = DIRECTION('',(-0.,0.,-1.));
#3174 = ORIENTED_EDGE('',*,*,#3175,.T.);
#3175 = EDGE_CURVE('',#3168,#3176,#3178,.T.);
#3176 = VERTEX_POINT('',#3177);
#3177 = CARTESIAN_POINT('',(23.,-4.,8.));
#3178 = LINE('',#3179,#3180);
#3179 = CARTESIAN_POINT('',(9.2,-4.,8.));
#3180 = VECTOR('',#3181,1.);
#3181 = DIRECTION('',(1.,0.,-0.));
#3182 = ORIENTED_EDGE('',*,*,#3183,.F.);
#3183 = EDGE_CURVE('',#3160,#3176,#3184,.T.);
#3184 = LINE('',#3185,#3186);
#3185 = CARTESIAN_POINT('',(23.,-4.,1.));
#3186 = VECTOR('',#3187,1.);
#3187 = DIRECTION('',(-0.,0.,-1.));
#3188 = FACE_BOUND('',#3189,.F.);
#3189 = EDGE_LOOP('',(#3190,#3201,#3209,#3218,#3226,#3235,#3243,#3252));
#3190 = ORIENTED_EDGE('',*,*,#3191,.F.);
#3191 = EDGE_CURVE('',#3192,#3194,#3196,.T.);
#3192 = VERTEX_POINT('',#3193);
#3193 = CARTESIAN_POINT('',(20.1,-4.,4.26));
#3194 = VERTEX_POINT('',#3195);
#3195 = CARTESIAN_POINT('',(22.1,-4.,6.26));
#3196 = CIRCLE('',#3197,2.);
#3197 = AXIS2_PLACEMENT_3D('',#3198,#3199,#3200);
#3198 = CARTESIAN_POINT('',(22.1,-4.,4.26));
#3199 = DIRECTION('',(-0.,1.,0.));
#3200 = DIRECTION('',(-1.,-0.,0.));
#3201 = ORIENTED_EDGE('',*,*,#3202,.T.);
#3202 = EDGE_CURVE('',#3192,#3203,#3205,.T.);
#3203 = VERTEX_POINT('',#3204);
#3204 = CARTESIAN_POINT('',(20.1,-4.,0.66));
#3205 = LINE('',#3206,#3207);
#3206 = CARTESIAN_POINT('',(20.1,-4.,-3.67));
#3207 = VECTOR('',#3208,1.);
#3208 = DIRECTION('',(-0.,0.,-1.));
#3209 = ORIENTED_EDGE('',*,*,#3210,.F.);
#3210 = EDGE_CURVE('',#3211,#3203,#3213,.T.);
#3211 = VERTEX_POINT('',#3212);
#3212 = CARTESIAN_POINT('',(22.1,-4.,-1.34));
#3213 = CIRCLE('',#3214,2.);
#3214 = AXIS2_PLACEMENT_3D('',#3215,#3216,#3217);
#3215 = CARTESIAN_POINT('',(22.1,-4.,0.66));
#3216 = DIRECTION('',(-0.,1.,0.));
#3217 = DIRECTION('',(-1.,-0.,0.));
#3218 = ORIENTED_EDGE('',*,*,#3219,.T.);
#3219 = EDGE_CURVE('',#3211,#3220,#3222,.T.);
#3220 = VERTEX_POINT('',#3221);
#3221 = CARTESIAN_POINT('',(29.5,-4.,-1.34));
#3222 = LINE('',#3223,#3224);
#3223 = CARTESIAN_POINT('',(8.55,-4.,-1.34));
#3224 = VECTOR('',#3225,1.);
#3225 = DIRECTION('',(1.,0.,-0.));
#3226 = ORIENTED_EDGE('',*,*,#3227,.F.);
#3227 = EDGE_CURVE('',#3228,#3220,#3230,.T.);
#3228 = VERTEX_POINT('',#3229);
#3229 = CARTESIAN_POINT('',(31.5,-4.,0.66));
#3230 = CIRCLE('',#3231,2.);
#3231 = AXIS2_PLACEMENT_3D('',#3232,#3233,#3234);
#3232 = CARTESIAN_POINT('',(29.5,-4.,0.66));
#3233 = DIRECTION('',(0.,1.,0.));
#3234 = DIRECTION('',(1.,0.,-0.));
#3235 = ORIENTED_EDGE('',*,*,#3236,.F.);
#3236 = EDGE_CURVE('',#3237,#3228,#3239,.T.);
#3237 = VERTEX_POINT('',#3238);
#3238 = CARTESIAN_POINT('',(31.5,-4.,4.26));
#3239 = LINE('',#3240,#3241);
#3240 = CARTESIAN_POINT('',(31.5,-4.,-3.67));
#3241 = VECTOR('',#3242,1.);
#3242 = DIRECTION('',(-0.,0.,-1.));
#3243 = ORIENTED_EDGE('',*,*,#3244,.F.);
#3244 = EDGE_CURVE('',#3245,#3237,#3247,.T.);
#3245 = VERTEX_POINT('',#3246);
#3246 = CARTESIAN_POINT('',(29.5,-4.,6.26));
#3247 = CIRCLE('',#3248,2.);
#3248 = AXIS2_PLACEMENT_3D('',#3249,#3250,#3251);
#3249 = CARTESIAN_POINT('',(29.5,-4.,4.26));
#3250 = DIRECTION('',(0.,1.,0.));
#3251 = DIRECTION('',(1.,0.,-0.));
#3252 = ORIENTED_EDGE('',*,*,#3253,.F.);
#3253 = EDGE_CURVE('',#3194,#3245,#3254,.T.);
#3254 = LINE('',#3255,#3256);
#3255 = CARTESIAN_POINT('',(8.55,-4.,6.26));
#3256 = VECTOR('',#3257,1.);
#3257 = DIRECTION('',(1.,0.,-0.));
#3258 = FACE_BOUND('',#3259,.F.);
#3259 = EDGE_LOOP('',(#3260,#3271,#3279,#3288,#3296,#3305,#3313,#3322));
#3260 = ORIENTED_EDGE('',*,*,#3261,.F.);
#3261 = EDGE_CURVE('',#3262,#3264,#3266,.T.);
#3262 = VERTEX_POINT('',#3263);
#3263 = CARTESIAN_POINT('',(33.5,-4.,4.26));
#3264 = VERTEX_POINT('',#3265);
#3265 = CARTESIAN_POINT('',(35.5,-4.,6.26));
#3266 = CIRCLE('',#3267,2.);
#3267 = AXIS2_PLACEMENT_3D('',#3268,#3269,#3270);
#3268 = CARTESIAN_POINT('',(35.5,-4.,4.26));
#3269 = DIRECTION('',(-0.,1.,0.));
#3270 = DIRECTION('',(-1.,-0.,0.));
#3271 = ORIENTED_EDGE('',*,*,#3272,.T.);
#3272 = EDGE_CURVE('',#3262,#3273,#3275,.T.);
#3273 = VERTEX_POINT('',#3274);
#3274 = CARTESIAN_POINT('',(33.5,-4.,0.66));
#3275 = LINE('',#3276,#3277);
#3276 = CARTESIAN_POINT('',(33.5,-4.,-3.67));
#3277 = VECTOR('',#3278,1.);
#3278 = DIRECTION('',(-0.,0.,-1.));
#3279 = ORIENTED_EDGE('',*,*,#3280,.F.);
#3280 = EDGE_CURVE('',#3281,#3273,#3283,.T.);
#3281 = VERTEX_POINT('',#3282);
#3282 = CARTESIAN_POINT('',(35.5,-4.,-1.34));
#3283 = CIRCLE('',#3284,2.);
#3284 = AXIS2_PLACEMENT_3D('',#3285,#3286,#3287);
#3285 = CARTESIAN_POINT('',(35.5,-4.,0.66));
#3286 = DIRECTION('',(-0.,1.,0.));
#3287 = DIRECTION('',(-1.,-0.,0.));
#3288 = ORIENTED_EDGE('',*,*,#3289,.T.);
#3289 = EDGE_CURVE('',#3281,#3290,#3292,.T.);
#3290 = VERTEX_POINT('',#3291);
#3291 = CARTESIAN_POINT('',(42.9,-4.,-1.34));
#3292 = LINE('',#3293,#3294);
#3293 = CARTESIAN_POINT('',(15.25,-4.,-1.34));
#3294 = VECTOR('',#3295,1.);
#3295 = DIRECTION('',(1.,0.,-0.));
#3296 = ORIENTED_EDGE('',*,*,#3297,.F.);
#3297 = EDGE_CURVE('',#3298,#3290,#3300,.T.);
#3298 = VERTEX_POINT('',#3299);
#3299 = CARTESIAN_POINT('',(44.9,-4.,0.66));
#3300 = CIRCLE('',#3301,2.);
#3301 = AXIS2_PLACEMENT_3D('',#3302,#3303,#3304);
#3302 = CARTESIAN_POINT('',(42.9,-4.,0.66));
#3303 = DIRECTION('',(0.,1.,0.));
#3304 = DIRECTION('',(1.,0.,-0.));
#3305 = ORIENTED_EDGE('',*,*,#3306,.F.);
#3306 = EDGE_CURVE('',#3307,#3298,#3309,.T.);
#3307 = VERTEX_POINT('',#3308);
#3308 = CARTESIAN_POINT('',(44.9,-4.,4.26));
#3309 = LINE('',#3310,#3311);
#3310 = CARTESIAN_POINT('',(44.9,-4.,-3.67));
#3311 = VECTOR('',#3312,1.);
#3312 = DIRECTION('',(-0.,0.,-1.));
#3313 = ORIENTED_EDGE('',*,*,#3314,.F.);
#3314 = EDGE_CURVE('',#3315,#3307,#3317,.T.);
#3315 = VERTEX_POINT('',#3316);
#3316 = CARTESIAN_POINT('',(42.9,-4.,6.26));
#3317 = CIRCLE('',#3318,2.);
#3318 = AXIS2_PLACEMENT_3D('',#3319,#3320,#3321);
#3319 = CARTESIAN_POINT('',(42.9,-4.,4.26));
#3320 = DIRECTION('',(0.,1.,0.));
#3321 = DIRECTION('',(1.,0.,-0.));
#3322 = ORIENTED_EDGE('',*,*,#3323,.F.);
#3323 = EDGE_CURVE('',#3264,#3315,#3324,.T.);
#3324 = LINE('',#3325,#3326);
#3325 = CARTESIAN_POINT('',(15.25,-4.,6.26));
#3326 = VECTOR('',#3327,1.);
#3327 = DIRECTION('',(1.,0.,-0.));
#3328 = FACE_BOUND('',#3329,.F.);
#3329 = EDGE_LOOP('',(#3330,#3340,#3348,#3356));
#3330 = ORIENTED_EDGE('',*,*,#3331,.F.);
#3331 = EDGE_CURVE('',#3332,#3334,#3336,.T.);
#3332 = VERTEX_POINT('',#3333);
#3333 = CARTESIAN_POINT('',(24.8,-4.,14.5));
#3334 = VERTEX_POINT('',#3335);
#3335 = CARTESIAN_POINT('',(26.4,-4.,14.5));
#3336 = LINE('',#3337,#3338);
#3337 = CARTESIAN_POINT('',(10.9,-4.,14.5));
#3338 = VECTOR('',#3339,1.);
#3339 = DIRECTION('',(1.,0.,-0.));
#3340 = ORIENTED_EDGE('',*,*,#3341,.T.);
#3341 = EDGE_CURVE('',#3332,#3342,#3344,.T.);
#3342 = VERTEX_POINT('',#3343);
#3343 = CARTESIAN_POINT('',(24.8,-4.,8.));
#3344 = LINE('',#3345,#3346);
#3345 = CARTESIAN_POINT('',(24.8,-4.,1.));
#3346 = VECTOR('',#3347,1.);
#3347 = DIRECTION('',(-0.,0.,-1.));
#3348 = ORIENTED_EDGE('',*,*,#3349,.T.);
#3349 = EDGE_CURVE('',#3342,#3350,#3352,.T.);
#3350 = VERTEX_POINT('',#3351);
#3351 = CARTESIAN_POINT('',(26.4,-4.,8.));
#3352 = LINE('',#3353,#3354);
#3353 = CARTESIAN_POINT('',(10.9,-4.,8.));
#3354 = VECTOR('',#3355,1.);
#3355 = DIRECTION('',(1.,0.,-0.));
#3356 = ORIENTED_EDGE('',*,*,#3357,.F.);
#3357 = EDGE_CURVE('',#3334,#3350,#3358,.T.);
#3358 = LINE('',#3359,#3360);
#3359 = CARTESIAN_POINT('',(26.4,-4.,1.));
#3360 = VECTOR('',#3361,1.);
#3361 = DIRECTION('',(-0.,0.,-1.));
#3362 = FACE_BOUND('',#3363,.F.);
#3363 = EDGE_LOOP('',(#3364,#3374,#3382,#3390));
#3364 = ORIENTED_EDGE('',*,*,#3365,.F.);
#3365 = EDGE_CURVE('',#3366,#3368,#3370,.T.);
#3366 = VERTEX_POINT('',#3367);
#3367 = CARTESIAN_POINT('',(28.2,-4.,14.5));
#3368 = VERTEX_POINT('',#3369);
#3369 = CARTESIAN_POINT('',(29.8,-4.,14.5));
#3370 = LINE('',#3371,#3372);
#3371 = CARTESIAN_POINT('',(12.6,-4.,14.5));
#3372 = VECTOR('',#3373,1.);
#3373 = DIRECTION('',(1.,0.,-0.));
#3374 = ORIENTED_EDGE('',*,*,#3375,.T.);
#3375 = EDGE_CURVE('',#3366,#3376,#3378,.T.);
#3376 = VERTEX_POINT('',#3377);
#3377 = CARTESIAN_POINT('',(28.2,-4.,8.));
#3378 = LINE('',#3379,#3380);
#3379 = CARTESIAN_POINT('',(28.2,-4.,1.));
#3380 = VECTOR('',#3381,1.);
#3381 = DIRECTION('',(-0.,0.,-1.));
#3382 = ORIENTED_EDGE('',*,*,#3383,.T.);
#3383 = EDGE_CURVE('',#3376,#3384,#3386,.T.);
#3384 = VERTEX_POINT('',#3385);
#3385 = CARTESIAN_POINT('',(29.8,-4.,8.));
#3386 = LINE('',#3387,#3388);
#3387 = CARTESIAN_POINT('',(12.6,-4.,8.));
#3388 = VECTOR('',#3389,1.);
#3389 = DIRECTION('',(1.,0.,-0.));
#3390 = ORIENTED_EDGE('',*,*,#3391,.F.);
#3391 = EDGE_CURVE('',#3368,#3384,#3392,.T.);
#3392 = LINE('',#3393,#3394);
#3393 = CARTESIAN_POINT('',(29.8,-4.,1.));
#3394 = VECTOR('',#3395,1.);
#3395 = DIRECTION('',(-0.,0.,-1.));
#3396 = FACE_BOUND('',#3397,.F.);
#3397 = EDGE_LOOP('',(#3398,#3408,#3416,#3424));
#3398 = ORIENTED_EDGE('',*,*,#3399,.F.);
#3399 = EDGE_CURVE('',#3400,#3402,#3404,.T.);
#3400 = VERTEX_POINT('',#3401);
#3401 = CARTESIAN_POINT('',(31.6,-4.,14.5));
#3402 = VERTEX_POINT('',#3403);
#3403 = CARTESIAN_POINT('',(33.2,-4.,14.5));
#3404 = LINE('',#3405,#3406);
#3405 = CARTESIAN_POINT('',(14.3,-4.,14.5));
#3406 = VECTOR('',#3407,1.);
#3407 = DIRECTION('',(1.,0.,-0.));
#3408 = ORIENTED_EDGE('',*,*,#3409,.T.);
#3409 = EDGE_CURVE('',#3400,#3410,#3412,.T.);
#3410 = VERTEX_POINT('',#3411);
#3411 = CARTESIAN_POINT('',(31.6,-4.,8.));
#3412 = LINE('',#3413,#3414);
#3413 = CARTESIAN_POINT('',(31.6,-4.,1.));
#3414 = VECTOR('',#3415,1.);
#3415 = DIRECTION('',(-0.,0.,-1.));
#3416 = ORIENTED_EDGE('',*,*,#3417,.T.);
#3417 = EDGE_CURVE('',#3410,#3418,#3420,.T.);
#3418 = VERTEX_POINT('',#3419);
#3419 = CARTESIAN_POINT('',(33.2,-4.,8.));
#3420 = LINE('',#3421,#3422);
#3421 = CARTESIAN_POINT('',(14.3,-4.,8.));
#3422 = VECTOR('',#3423,1.);
#3423 = DIRECTION('',(1.,0.,-0.));
#3424 = ORIENTED_EDGE('',*,*,#3425,.F.);
#3425 = EDGE_CURVE('',#3402,#3418,#3426,.T.);
#3426 = LINE('',#3427,#3428);
#3427 = CARTESIAN_POINT('',(33.2,-4.,1.));
#3428 = VECTOR('',#3429,1.);
#3429 = DIRECTION('',(-0.,0.,-1.));
#3430 = FACE_BOUND('',#3431,.F.);
#3431 = EDGE_LOOP('',(#3432,#3442,#3450,#3458));
#3432 = ORIENTED_EDGE('',*,*,#3433,.F.);
#3433 = EDGE_CURVE('',#3434,#3436,#3438,.T.);
#3434 = VERTEX_POINT('',#3435);
#3435 = CARTESIAN_POINT('',(35.,-4.,14.5));
#3436 = VERTEX_POINT('',#3437);
#3437 = CARTESIAN_POINT('',(36.6,-4.,14.5));
#3438 = LINE('',#3439,#3440);
#3439 = CARTESIAN_POINT('',(16.,-4.,14.5));
#3440 = VECTOR('',#3441,1.);
#3441 = DIRECTION('',(1.,0.,-0.));
#3442 = ORIENTED_EDGE('',*,*,#3443,.T.);
#3443 = EDGE_CURVE('',#3434,#3444,#3446,.T.);
#3444 = VERTEX_POINT('',#3445);
#3445 = CARTESIAN_POINT('',(35.,-4.,8.));
#3446 = LINE('',#3447,#3448);
#3447 = CARTESIAN_POINT('',(35.,-4.,1.));
#3448 = VECTOR('',#3449,1.);
#3449 = DIRECTION('',(-0.,0.,-1.));
#3450 = ORIENTED_EDGE('',*,*,#3451,.T.);
#3451 = EDGE_CURVE('',#3444,#3452,#3454,.T.);
#3452 = VERTEX_POINT('',#3453);
#3453 = CARTESIAN_POINT('',(36.6,-4.,8.));
#3454 = LINE('',#3455,#3456);
#3455 = CARTESIAN_POINT('',(16.,-4.,8.));
#3456 = VECTOR('',#3457,1.);
#3457 = DIRECTION('',(1.,0.,-0.));
#3458 = ORIENTED_EDGE('',*,*,#3459,.F.);
#3459 = EDGE_CURVE('',#3436,#3452,#3460,.T.);
#3460 = LINE('',#3461,#3462);
#3461 = CARTESIAN_POINT('',(36.6,-4.,1.));
#3462 = VECTOR('',#3463,1.);
#3463 = DIRECTION('',(-0.,0.,-1.));
#3464 = FACE_BOUND('',#3465,.F.);
#3465 = EDGE_LOOP('',(#3466,#3476,#3484,#3492));
#3466 = ORIENTED_EDGE('',*,*,#3467,.F.);
#3467 = EDGE_CURVE('',#3468,#3470,#3472,.T.);
#3468 = VERTEX_POINT('',#3469);
#3469 = CARTESIAN_POINT('',(38.4,-4.,14.5));
#3470 = VERTEX_POINT('',#3471);
#3471 = CARTESIAN_POINT('',(40.,-4.,14.5));
#3472 = LINE('',#3473,#3474);
#3473 = CARTESIAN_POINT('',(17.7,-4.,14.5));
#3474 = VECTOR('',#3475,1.);
#3475 = DIRECTION('',(1.,0.,-0.));
#3476 = ORIENTED_EDGE('',*,*,#3477,.T.);
#3477 = EDGE_CURVE('',#3468,#3478,#3480,.T.);
#3478 = VERTEX_POINT('',#3479);
#3479 = CARTESIAN_POINT('',(38.4,-4.,8.));
#3480 = LINE('',#3481,#3482);
#3481 = CARTESIAN_POINT('',(38.4,-4.,1.));
#3482 = VECTOR('',#3483,1.);
#3483 = DIRECTION('',(-0.,0.,-1.));
#3484 = ORIENTED_EDGE('',*,*,#3485,.T.);
#3485 = EDGE_CURVE('',#3478,#3486,#3488,.T.);
#3486 = VERTEX_POINT('',#3487);
#3487 = CARTESIAN_POINT('',(40.,-4.,8.));
#3488 = LINE('',#3489,#3490);
#3489 = CARTESIAN_POINT('',(17.7,-4.,8.));
#3490 = VECTOR('',#3491,1.);
#3491 = DIRECTION('',(1.,0.,-0.));
#3492 = ORIENTED_EDGE('',*,*,#3493,.F.);
#3493 = EDGE_CURVE('',#3470,#3486,#3494,.T.);
#3494 = LINE('',#3495,#3496);
#3495 = CARTESIAN_POINT('',(40.,-4.,1.));
#3496 = VECTOR('',#3497,1.);
#3497 = DIRECTION('',(-0.,0.,-1.));
#3498 = FACE_BOUND('',#3499,.F.);
#3499 = EDGE_LOOP('',(#3500,#3510,#3518,#3526));
#3500 = ORIENTED_EDGE('',*,*,#3501,.F.);
#3501 = EDGE_CURVE('',#3502,#3504,#3506,.T.);
#3502 = VERTEX_POINT('',#3503);
#3503 = CARTESIAN_POINT('',(41.8,-4.,14.5));
#3504 = VERTEX_POINT('',#3505);
#3505 = CARTESIAN_POINT('',(43.4,-4.,14.5));
#3506 = LINE('',#3507,#3508);
#3507 = CARTESIAN_POINT('',(19.4,-4.,14.5));
#3508 = VECTOR('',#3509,1.);
#3509 = DIRECTION('',(1.,0.,-0.));
#3510 = ORIENTED_EDGE('',*,*,#3511,.T.);
#3511 = EDGE_CURVE('',#3502,#3512,#3514,.T.);
#3512 = VERTEX_POINT('',#3513);
#3513 = CARTESIAN_POINT('',(41.8,-4.,8.));
#3514 = LINE('',#3515,#3516);
#3515 = CARTESIAN_POINT('',(41.8,-4.,1.));
#3516 = VECTOR('',#3517,1.);
#3517 = DIRECTION('',(-0.,0.,-1.));
#3518 = ORIENTED_EDGE('',*,*,#3519,.T.);
#3519 = EDGE_CURVE('',#3512,#3520,#3522,.T.);
#3520 = VERTEX_POINT('',#3521);
#3521 = CARTESIAN_POINT('',(43.4,-4.,8.));
#3522 = LINE('',#3523,#3524);
#3523 = CARTESIAN_POINT('',(19.4,-4.,8.));
#3524 = VECTOR('',#3525,1.);
#3525 = DIRECTION('',(1.,0.,-0.));
#3526 = ORIENTED_EDGE('',*,*,#3527,.F.);
#3527 = EDGE_CURVE('',#3504,#3520,#3528,.T.);
#3528 = LINE('',#3529,#3530);
#3529 = CARTESIAN_POINT('',(43.4,-4.,1.));
#3530 = VECTOR('',#3531,1.);
#3531 = DIRECTION('',(-0.,0.,-1.));
#3532 = PLANE('',#3533);
#3533 = AXIS2_PLACEMENT_3D('',#3534,#3535,#3536);
#3534 = CARTESIAN_POINT('',(-3.,-4.,-6.));
#3535 = DIRECTION('',(-0.,1.,0.));
#3536 = DIRECTION('',(0.,0.,1.));
#3537 = ADVANCED_FACE('',(#3538),#3563,.T.);
#3538 = FACE_BOUND('',#3539,.T.);
#3539 = EDGE_LOOP('',(#3540,#3548,#3549,#3557));
#3540 = ORIENTED_EDGE('',*,*,#3541,.F.);
#3541 = EDGE_CURVE('',#780,#3542,#3544,.T.);
#3542 = VERTEX_POINT('',#3543);
#3543 = CARTESIAN_POINT('',(1.,-2.,14.5));
#3544 = LINE('',#3545,#3546);
#3545 = CARTESIAN_POINT('',(1.,-4.1,14.5));
#3546 = VECTOR('',#3547,1.);
#3547 = DIRECTION('',(-0.,1.,0.));
#3548 = ORIENTED_EDGE('',*,*,#779,.F.);
#3549 = ORIENTED_EDGE('',*,*,#3550,.T.);
#3550 = EDGE_CURVE('',#772,#3551,#3553,.T.);
#3551 = VERTEX_POINT('',#3552);
#3552 = CARTESIAN_POINT('',(1.,-2.,8.));
#3553 = LINE('',#3554,#3555);
#3554 = CARTESIAN_POINT('',(1.,-4.1,8.));
#3555 = VECTOR('',#3556,1.);
#3556 = DIRECTION('',(-0.,1.,0.));
#3557 = ORIENTED_EDGE('',*,*,#3558,.T.);
#3558 = EDGE_CURVE('',#3551,#3542,#3559,.T.);
#3559 = LINE('',#3560,#3561);
#3560 = CARTESIAN_POINT('',(1.,-2.,-4.));
#3561 = VECTOR('',#3562,1.);
#3562 = DIRECTION('',(0.,0.,1.));
#3563 = PLANE('',#3564);
#3564 = AXIS2_PLACEMENT_3D('',#3565,#3566,#3567);
#3565 = CARTESIAN_POINT('',(1.,-4.1,8.));
#3566 = DIRECTION('',(1.,0.,-0.));
#3567 = DIRECTION('',(0.,0.,1.));
#3568 = ADVANCED_FACE('',(#3569,#3622,#3633,#3644,#3678,#3712,#3746,
    #3780,#3814,#3825,#3859,#3893,#3927,#3961,#3995,#4029,#4063),#4074,
  .F.);
#3569 = FACE_BOUND('',#3570,.F.);
#3570 = EDGE_LOOP('',(#3571,#3572,#3573,#3581,#3590,#3598,#3607,#3615));
#3571 = ORIENTED_EDGE('',*,*,#827,.F.);
#3572 = ORIENTED_EDGE('',*,*,#2854,.F.);
#3573 = ORIENTED_EDGE('',*,*,#3574,.F.);
#3574 = EDGE_CURVE('',#3575,#2845,#3577,.T.);
#3575 = VERTEX_POINT('',#3576);
#3576 = CARTESIAN_POINT('',(84.,-3.2,-6.));
#3577 = LINE('',#3578,#3579);
#3578 = CARTESIAN_POINT('',(84.,-3.2,-6.));
#3579 = VECTOR('',#3580,1.);
#3580 = DIRECTION('',(-1.,-0.,0.));
#3581 = ORIENTED_EDGE('',*,*,#3582,.F.);
#3582 = EDGE_CURVE('',#3583,#3575,#3585,.T.);
#3583 = VERTEX_POINT('',#3584);
#3584 = CARTESIAN_POINT('',(87.2,0.,-6.));
#3585 = CIRCLE('',#3586,3.2);
#3586 = AXIS2_PLACEMENT_3D('',#3587,#3588,#3589);
#3587 = CARTESIAN_POINT('',(84.,-8.881784197001E-16,-6.));
#3588 = DIRECTION('',(0.,-0.,-1.));
#3589 = DIRECTION('',(1.,1.836970198721E-16,-0.));
#3590 = ORIENTED_EDGE('',*,*,#3591,.F.);
#3591 = EDGE_CURVE('',#3592,#3583,#3594,.T.);
#3592 = VERTEX_POINT('',#3593);
#3593 = CARTESIAN_POINT('',(87.2,61.5,-6.));
#3594 = LINE('',#3595,#3596);
#3595 = CARTESIAN_POINT('',(87.2,61.5,-6.));
#3596 = VECTOR('',#3597,1.);
#3597 = DIRECTION('',(0.,-1.,-0.));
#3598 = ORIENTED_EDGE('',*,*,#3599,.F.);
#3599 = EDGE_CURVE('',#3600,#3592,#3602,.T.);
#3600 = VERTEX_POINT('',#3601);
#3601 = CARTESIAN_POINT('',(84.,64.7,-6.));
#3602 = CIRCLE('',#3603,3.2);
#3603 = AXIS2_PLACEMENT_3D('',#3604,#3605,#3606);
#3604 = CARTESIAN_POINT('',(84.,61.5,-6.));
#3605 = DIRECTION('',(0.,-0.,-1.));
#3606 = DIRECTION('',(0.,1.,-0.));
#3607 = ORIENTED_EDGE('',*,*,#3608,.F.);
#3608 = EDGE_CURVE('',#3609,#3600,#3611,.T.);
#3609 = VERTEX_POINT('',#3610);
#3610 = CARTESIAN_POINT('',(1.,64.7,-6.));
#3611 = LINE('',#3612,#3613);
#3612 = CARTESIAN_POINT('',(1.,64.7,-6.));
#3613 = VECTOR('',#3614,1.);
#3614 = DIRECTION('',(1.,0.,-0.));
#3615 = ORIENTED_EDGE('',*,*,#3616,.F.);
#3616 = EDGE_CURVE('',#820,#3609,#3617,.T.);
#3617 = CIRCLE('',#3618,3.2);
#3618 = AXIS2_PLACEMENT_3D('',#3619,#3620,#3621);
#3619 = CARTESIAN_POINT('',(1.,61.5,-6.));
#3620 = DIRECTION('',(-0.,0.,-1.));
#3621 = DIRECTION('',(-1.,0.,0.));
#3622 = FACE_BOUND('',#3623,.F.);
#3623 = EDGE_LOOP('',(#3624));
#3624 = ORIENTED_EDGE('',*,*,#3625,.F.);
#3625 = EDGE_CURVE('',#3626,#3626,#3628,.T.);
#3626 = VERTEX_POINT('',#3627);
#3627 = CARTESIAN_POINT('',(6.1,3.5,-6.));
#3628 = CIRCLE('',#3629,2.6);
#3629 = AXIS2_PLACEMENT_3D('',#3630,#3631,#3632);
#3630 = CARTESIAN_POINT('',(3.5,3.5,-6.));
#3631 = DIRECTION('',(0.,0.,1.));
#3632 = DIRECTION('',(1.,0.,-0.));
#3633 = FACE_BOUND('',#3634,.F.);
#3634 = EDGE_LOOP('',(#3635));
#3635 = ORIENTED_EDGE('',*,*,#3636,.F.);
#3636 = EDGE_CURVE('',#3637,#3637,#3639,.T.);
#3637 = VERTEX_POINT('',#3638);
#3638 = CARTESIAN_POINT('',(64.1,3.5,-6.));
#3639 = CIRCLE('',#3640,2.6);
#3640 = AXIS2_PLACEMENT_3D('',#3641,#3642,#3643);
#3641 = CARTESIAN_POINT('',(61.5,3.5,-6.));
#3642 = DIRECTION('',(0.,0.,1.));
#3643 = DIRECTION('',(1.,0.,-0.));
#3644 = FACE_BOUND('',#3645,.F.);
#3645 = EDGE_LOOP('',(#3646,#3656,#3664,#3672));
#3646 = ORIENTED_EDGE('',*,*,#3647,.T.);
#3647 = EDGE_CURVE('',#3648,#3650,#3652,.T.);
#3648 = VERTEX_POINT('',#3649);
#3649 = CARTESIAN_POINT('',(14.,13.,-6.));
#3650 = VERTEX_POINT('',#3651);
#3651 = CARTESIAN_POINT('',(12.,13.,-6.));
#3652 = LINE('',#3653,#3654);
#3653 = CARTESIAN_POINT('',(4.5,13.,-6.));
#3654 = VECTOR('',#3655,1.);
#3655 = DIRECTION('',(-1.,-0.,0.));
#3656 = ORIENTED_EDGE('',*,*,#3657,.T.);
#3657 = EDGE_CURVE('',#3650,#3658,#3660,.T.);
#3658 = VERTEX_POINT('',#3659);
#3659 = CARTESIAN_POINT('',(12.,43.,-6.));
#3660 = LINE('',#3661,#3662);
#3661 = CARTESIAN_POINT('',(12.,4.5,-6.));
#3662 = VECTOR('',#3663,1.);
#3663 = DIRECTION('',(-0.,1.,0.));
#3664 = ORIENTED_EDGE('',*,*,#3665,.F.);
#3665 = EDGE_CURVE('',#3666,#3658,#3668,.T.);
#3666 = VERTEX_POINT('',#3667);
#3667 = CARTESIAN_POINT('',(14.,43.,-6.));
#3668 = LINE('',#3669,#3670);
#3669 = CARTESIAN_POINT('',(4.5,43.,-6.));
#3670 = VECTOR('',#3671,1.);
#3671 = DIRECTION('',(-1.,-0.,0.));
#3672 = ORIENTED_EDGE('',*,*,#3673,.F.);
#3673 = EDGE_CURVE('',#3648,#3666,#3674,.T.);
#3674 = LINE('',#3675,#3676);
#3675 = CARTESIAN_POINT('',(14.,4.5,-6.));
#3676 = VECTOR('',#3677,1.);
#3677 = DIRECTION('',(-0.,1.,0.));
#3678 = FACE_BOUND('',#3679,.F.);
#3679 = EDGE_LOOP('',(#3680,#3690,#3698,#3706));
#3680 = ORIENTED_EDGE('',*,*,#3681,.T.);
#3681 = EDGE_CURVE('',#3682,#3684,#3686,.T.);
#3682 = VERTEX_POINT('',#3683);
#3683 = CARTESIAN_POINT('',(18.,13.,-6.));
#3684 = VERTEX_POINT('',#3685);
#3685 = CARTESIAN_POINT('',(16.,13.,-6.));
#3686 = LINE('',#3687,#3688);
#3687 = CARTESIAN_POINT('',(6.5,13.,-6.));
#3688 = VECTOR('',#3689,1.);
#3689 = DIRECTION('',(-1.,-0.,0.));
#3690 = ORIENTED_EDGE('',*,*,#3691,.T.);
#3691 = EDGE_CURVE('',#3684,#3692,#3694,.T.);
#3692 = VERTEX_POINT('',#3693);
#3693 = CARTESIAN_POINT('',(16.,43.,-6.));
#3694 = LINE('',#3695,#3696);
#3695 = CARTESIAN_POINT('',(16.,4.5,-6.));
#3696 = VECTOR('',#3697,1.);
#3697 = DIRECTION('',(-0.,1.,0.));
#3698 = ORIENTED_EDGE('',*,*,#3699,.F.);
#3699 = EDGE_CURVE('',#3700,#3692,#3702,.T.);
#3700 = VERTEX_POINT('',#3701);
#3701 = CARTESIAN_POINT('',(18.,43.,-6.));
#3702 = LINE('',#3703,#3704);
#3703 = CARTESIAN_POINT('',(6.5,43.,-6.));
#3704 = VECTOR('',#3705,1.);
#3705 = DIRECTION('',(-1.,-0.,0.));
#3706 = ORIENTED_EDGE('',*,*,#3707,.F.);
#3707 = EDGE_CURVE('',#3682,#3700,#3708,.T.);
#3708 = LINE('',#3709,#3710);
#3709 = CARTESIAN_POINT('',(18.,4.5,-6.));
#3710 = VECTOR('',#3711,1.);
#3711 = DIRECTION('',(-0.,1.,0.));
#3712 = FACE_BOUND('',#3713,.F.);
#3713 = EDGE_LOOP('',(#3714,#3724,#3732,#3740));
#3714 = ORIENTED_EDGE('',*,*,#3715,.T.);
#3715 = EDGE_CURVE('',#3716,#3718,#3720,.T.);
#3716 = VERTEX_POINT('',#3717);
#3717 = CARTESIAN_POINT('',(22.,13.,-6.));
#3718 = VERTEX_POINT('',#3719);
#3719 = CARTESIAN_POINT('',(20.,13.,-6.));
#3720 = LINE('',#3721,#3722);
#3721 = CARTESIAN_POINT('',(8.5,13.,-6.));
#3722 = VECTOR('',#3723,1.);
#3723 = DIRECTION('',(-1.,-0.,0.));
#3724 = ORIENTED_EDGE('',*,*,#3725,.T.);
#3725 = EDGE_CURVE('',#3718,#3726,#3728,.T.);
#3726 = VERTEX_POINT('',#3727);
#3727 = CARTESIAN_POINT('',(20.,43.,-6.));
#3728 = LINE('',#3729,#3730);
#3729 = CARTESIAN_POINT('',(20.,4.5,-6.));
#3730 = VECTOR('',#3731,1.);
#3731 = DIRECTION('',(-0.,1.,0.));
#3732 = ORIENTED_EDGE('',*,*,#3733,.F.);
#3733 = EDGE_CURVE('',#3734,#3726,#3736,.T.);
#3734 = VERTEX_POINT('',#3735);
#3735 = CARTESIAN_POINT('',(22.,43.,-6.));
#3736 = LINE('',#3737,#3738);
#3737 = CARTESIAN_POINT('',(8.5,43.,-6.));
#3738 = VECTOR('',#3739,1.);
#3739 = DIRECTION('',(-1.,-0.,0.));
#3740 = ORIENTED_EDGE('',*,*,#3741,.F.);
#3741 = EDGE_CURVE('',#3716,#3734,#3742,.T.);
#3742 = LINE('',#3743,#3744);
#3743 = CARTESIAN_POINT('',(22.,4.5,-6.));
#3744 = VECTOR('',#3745,1.);
#3745 = DIRECTION('',(-0.,1.,0.));
#3746 = FACE_BOUND('',#3747,.F.);
#3747 = EDGE_LOOP('',(#3748,#3758,#3766,#3774));
#3748 = ORIENTED_EDGE('',*,*,#3749,.T.);
#3749 = EDGE_CURVE('',#3750,#3752,#3754,.T.);
#3750 = VERTEX_POINT('',#3751);
#3751 = CARTESIAN_POINT('',(26.,13.,-6.));
#3752 = VERTEX_POINT('',#3753);
#3753 = CARTESIAN_POINT('',(24.,13.,-6.));
#3754 = LINE('',#3755,#3756);
#3755 = CARTESIAN_POINT('',(10.5,13.,-6.));
#3756 = VECTOR('',#3757,1.);
#3757 = DIRECTION('',(-1.,-0.,0.));
#3758 = ORIENTED_EDGE('',*,*,#3759,.T.);
#3759 = EDGE_CURVE('',#3752,#3760,#3762,.T.);
#3760 = VERTEX_POINT('',#3761);
#3761 = CARTESIAN_POINT('',(24.,43.,-6.));
#3762 = LINE('',#3763,#3764);
#3763 = CARTESIAN_POINT('',(24.,4.5,-6.));
#3764 = VECTOR('',#3765,1.);
#3765 = DIRECTION('',(-0.,1.,0.));
#3766 = ORIENTED_EDGE('',*,*,#3767,.F.);
#3767 = EDGE_CURVE('',#3768,#3760,#3770,.T.);
#3768 = VERTEX_POINT('',#3769);
#3769 = CARTESIAN_POINT('',(26.,43.,-6.));
#3770 = LINE('',#3771,#3772);
#3771 = CARTESIAN_POINT('',(10.5,43.,-6.));
#3772 = VECTOR('',#3773,1.);
#3773 = DIRECTION('',(-1.,-0.,0.));
#3774 = ORIENTED_EDGE('',*,*,#3775,.F.);
#3775 = EDGE_CURVE('',#3750,#3768,#3776,.T.);
#3776 = LINE('',#3777,#3778);
#3777 = CARTESIAN_POINT('',(26.,4.5,-6.));
#3778 = VECTOR('',#3779,1.);
#3779 = DIRECTION('',(-0.,1.,0.));
#3780 = FACE_BOUND('',#3781,.F.);
#3781 = EDGE_LOOP('',(#3782,#3792,#3800,#3808));
#3782 = ORIENTED_EDGE('',*,*,#3783,.T.);
#3783 = EDGE_CURVE('',#3784,#3786,#3788,.T.);
#3784 = VERTEX_POINT('',#3785);
#3785 = CARTESIAN_POINT('',(30.,13.,-6.));
#3786 = VERTEX_POINT('',#3787);
#3787 = CARTESIAN_POINT('',(28.,13.,-6.));
#3788 = LINE('',#3789,#3790);
#3789 = CARTESIAN_POINT('',(12.5,13.,-6.));
#3790 = VECTOR('',#3791,1.);
#3791 = DIRECTION('',(-1.,-0.,0.));
#3792 = ORIENTED_EDGE('',*,*,#3793,.T.);
#3793 = EDGE_CURVE('',#3786,#3794,#3796,.T.);
#3794 = VERTEX_POINT('',#3795);
#3795 = CARTESIAN_POINT('',(28.,43.,-6.));
#3796 = LINE('',#3797,#3798);
#3797 = CARTESIAN_POINT('',(28.,4.5,-6.));
#3798 = VECTOR('',#3799,1.);
#3799 = DIRECTION('',(-0.,1.,0.));
#3800 = ORIENTED_EDGE('',*,*,#3801,.F.);
#3801 = EDGE_CURVE('',#3802,#3794,#3804,.T.);
#3802 = VERTEX_POINT('',#3803);
#3803 = CARTESIAN_POINT('',(30.,43.,-6.));
#3804 = LINE('',#3805,#3806);
#3805 = CARTESIAN_POINT('',(12.5,43.,-6.));
#3806 = VECTOR('',#3807,1.);
#3807 = DIRECTION('',(-1.,-0.,0.));
#3808 = ORIENTED_EDGE('',*,*,#3809,.F.);
#3809 = EDGE_CURVE('',#3784,#3802,#3810,.T.);
#3810 = LINE('',#3811,#3812);
#3811 = CARTESIAN_POINT('',(30.,4.5,-6.));
#3812 = VECTOR('',#3813,1.);
#3813 = DIRECTION('',(-0.,1.,0.));
#3814 = FACE_BOUND('',#3815,.F.);
#3815 = EDGE_LOOP('',(#3816));
#3816 = ORIENTED_EDGE('',*,*,#3817,.F.);
#3817 = EDGE_CURVE('',#3818,#3818,#3820,.T.);
#3818 = VERTEX_POINT('',#3819);
#3819 = CARTESIAN_POINT('',(6.1,52.5,-6.));
#3820 = CIRCLE('',#3821,2.6);
#3821 = AXIS2_PLACEMENT_3D('',#3822,#3823,#3824);
#3822 = CARTESIAN_POINT('',(3.5,52.5,-6.));
#3823 = DIRECTION('',(0.,0.,1.));
#3824 = DIRECTION('',(1.,0.,-0.));
#3825 = FACE_BOUND('',#3826,.F.);
#3826 = EDGE_LOOP('',(#3827,#3837,#3845,#3853));
#3827 = ORIENTED_EDGE('',*,*,#3828,.T.);
#3828 = EDGE_CURVE('',#3829,#3831,#3833,.T.);
#3829 = VERTEX_POINT('',#3830);
#3830 = CARTESIAN_POINT('',(34.,13.,-6.));
#3831 = VERTEX_POINT('',#3832);
#3832 = CARTESIAN_POINT('',(32.,13.,-6.));
#3833 = LINE('',#3834,#3835);
#3834 = CARTESIAN_POINT('',(14.5,13.,-6.));
#3835 = VECTOR('',#3836,1.);
#3836 = DIRECTION('',(-1.,-0.,0.));
#3837 = ORIENTED_EDGE('',*,*,#3838,.T.);
#3838 = EDGE_CURVE('',#3831,#3839,#3841,.T.);
#3839 = VERTEX_POINT('',#3840);
#3840 = CARTESIAN_POINT('',(32.,43.,-6.));
#3841 = LINE('',#3842,#3843);
#3842 = CARTESIAN_POINT('',(32.,4.5,-6.));
#3843 = VECTOR('',#3844,1.);
#3844 = DIRECTION('',(-0.,1.,0.));
#3845 = ORIENTED_EDGE('',*,*,#3846,.F.);
#3846 = EDGE_CURVE('',#3847,#3839,#3849,.T.);
#3847 = VERTEX_POINT('',#3848);
#3848 = CARTESIAN_POINT('',(34.,43.,-6.));
#3849 = LINE('',#3850,#3851);
#3850 = CARTESIAN_POINT('',(14.5,43.,-6.));
#3851 = VECTOR('',#3852,1.);
#3852 = DIRECTION('',(-1.,-0.,0.));
#3853 = ORIENTED_EDGE('',*,*,#3854,.F.);
#3854 = EDGE_CURVE('',#3829,#3847,#3855,.T.);
#3855 = LINE('',#3856,#3857);
#3856 = CARTESIAN_POINT('',(34.,4.5,-6.));
#3857 = VECTOR('',#3858,1.);
#3858 = DIRECTION('',(-0.,1.,0.));
#3859 = FACE_BOUND('',#3860,.F.);
#3860 = EDGE_LOOP('',(#3861,#3871,#3879,#3887));
#3861 = ORIENTED_EDGE('',*,*,#3862,.T.);
#3862 = EDGE_CURVE('',#3863,#3865,#3867,.T.);
#3863 = VERTEX_POINT('',#3864);
#3864 = CARTESIAN_POINT('',(38.,13.,-6.));
#3865 = VERTEX_POINT('',#3866);
#3866 = CARTESIAN_POINT('',(36.,13.,-6.));
#3867 = LINE('',#3868,#3869);
#3868 = CARTESIAN_POINT('',(16.5,13.,-6.));
#3869 = VECTOR('',#3870,1.);
#3870 = DIRECTION('',(-1.,-0.,0.));
#3871 = ORIENTED_EDGE('',*,*,#3872,.T.);
#3872 = EDGE_CURVE('',#3865,#3873,#3875,.T.);
#3873 = VERTEX_POINT('',#3874);
#3874 = CARTESIAN_POINT('',(36.,43.,-6.));
#3875 = LINE('',#3876,#3877);
#3876 = CARTESIAN_POINT('',(36.,4.5,-6.));
#3877 = VECTOR('',#3878,1.);
#3878 = DIRECTION('',(-0.,1.,0.));
#3879 = ORIENTED_EDGE('',*,*,#3880,.F.);
#3880 = EDGE_CURVE('',#3881,#3873,#3883,.T.);
#3881 = VERTEX_POINT('',#3882);
#3882 = CARTESIAN_POINT('',(38.,43.,-6.));
#3883 = LINE('',#3884,#3885);
#3884 = CARTESIAN_POINT('',(16.5,43.,-6.));
#3885 = VECTOR('',#3886,1.);
#3886 = DIRECTION('',(-1.,-0.,0.));
#3887 = ORIENTED_EDGE('',*,*,#3888,.F.);
#3888 = EDGE_CURVE('',#3863,#3881,#3889,.T.);
#3889 = LINE('',#3890,#3891);
#3890 = CARTESIAN_POINT('',(38.,4.5,-6.));
#3891 = VECTOR('',#3892,1.);
#3892 = DIRECTION('',(-0.,1.,0.));
#3893 = FACE_BOUND('',#3894,.F.);
#3894 = EDGE_LOOP('',(#3895,#3905,#3913,#3921));
#3895 = ORIENTED_EDGE('',*,*,#3896,.T.);
#3896 = EDGE_CURVE('',#3897,#3899,#3901,.T.);
#3897 = VERTEX_POINT('',#3898);
#3898 = CARTESIAN_POINT('',(42.,13.,-6.));
#3899 = VERTEX_POINT('',#3900);
#3900 = CARTESIAN_POINT('',(40.,13.,-6.));
#3901 = LINE('',#3902,#3903);
#3902 = CARTESIAN_POINT('',(18.5,13.,-6.));
#3903 = VECTOR('',#3904,1.);
#3904 = DIRECTION('',(-1.,-0.,0.));
#3905 = ORIENTED_EDGE('',*,*,#3906,.T.);
#3906 = EDGE_CURVE('',#3899,#3907,#3909,.T.);
#3907 = VERTEX_POINT('',#3908);
#3908 = CARTESIAN_POINT('',(40.,43.,-6.));
#3909 = LINE('',#3910,#3911);
#3910 = CARTESIAN_POINT('',(40.,4.5,-6.));
#3911 = VECTOR('',#3912,1.);
#3912 = DIRECTION('',(-0.,1.,0.));
#3913 = ORIENTED_EDGE('',*,*,#3914,.F.);
#3914 = EDGE_CURVE('',#3915,#3907,#3917,.T.);
#3915 = VERTEX_POINT('',#3916);
#3916 = CARTESIAN_POINT('',(42.,43.,-6.));
#3917 = LINE('',#3918,#3919);
#3918 = CARTESIAN_POINT('',(18.5,43.,-6.));
#3919 = VECTOR('',#3920,1.);
#3920 = DIRECTION('',(-1.,-0.,0.));
#3921 = ORIENTED_EDGE('',*,*,#3922,.F.);
#3922 = EDGE_CURVE('',#3897,#3915,#3923,.T.);
#3923 = LINE('',#3924,#3925);
#3924 = CARTESIAN_POINT('',(42.,4.5,-6.));
#3925 = VECTOR('',#3926,1.);
#3926 = DIRECTION('',(-0.,1.,0.));
#3927 = FACE_BOUND('',#3928,.F.);
#3928 = EDGE_LOOP('',(#3929,#3939,#3947,#3955));
#3929 = ORIENTED_EDGE('',*,*,#3930,.T.);
#3930 = EDGE_CURVE('',#3931,#3933,#3935,.T.);
#3931 = VERTEX_POINT('',#3932);
#3932 = CARTESIAN_POINT('',(46.,13.,-6.));
#3933 = VERTEX_POINT('',#3934);
#3934 = CARTESIAN_POINT('',(44.,13.,-6.));
#3935 = LINE('',#3936,#3937);
#3936 = CARTESIAN_POINT('',(20.5,13.,-6.));
#3937 = VECTOR('',#3938,1.);
#3938 = DIRECTION('',(-1.,-0.,0.));
#3939 = ORIENTED_EDGE('',*,*,#3940,.T.);
#3940 = EDGE_CURVE('',#3933,#3941,#3943,.T.);
#3941 = VERTEX_POINT('',#3942);
#3942 = CARTESIAN_POINT('',(44.,43.,-6.));
#3943 = LINE('',#3944,#3945);
#3944 = CARTESIAN_POINT('',(44.,4.5,-6.));
#3945 = VECTOR('',#3946,1.);
#3946 = DIRECTION('',(-0.,1.,0.));
#3947 = ORIENTED_EDGE('',*,*,#3948,.F.);
#3948 = EDGE_CURVE('',#3949,#3941,#3951,.T.);
#3949 = VERTEX_POINT('',#3950);
#3950 = CARTESIAN_POINT('',(46.,43.,-6.));
#3951 = LINE('',#3952,#3953);
#3952 = CARTESIAN_POINT('',(20.5,43.,-6.));
#3953 = VECTOR('',#3954,1.);
#3954 = DIRECTION('',(-1.,-0.,0.));
#3955 = ORIENTED_EDGE('',*,*,#3956,.F.);
#3956 = EDGE_CURVE('',#3931,#3949,#3957,.T.);
#3957 = LINE('',#3958,#3959);
#3958 = CARTESIAN_POINT('',(46.,4.5,-6.));
#3959 = VECTOR('',#3960,1.);
#3960 = DIRECTION('',(-0.,1.,0.));
#3961 = FACE_BOUND('',#3962,.F.);
#3962 = EDGE_LOOP('',(#3963,#3973,#3981,#3989));
#3963 = ORIENTED_EDGE('',*,*,#3964,.T.);
#3964 = EDGE_CURVE('',#3965,#3967,#3969,.T.);
#3965 = VERTEX_POINT('',#3966);
#3966 = CARTESIAN_POINT('',(50.,13.,-6.));
#3967 = VERTEX_POINT('',#3968);
#3968 = CARTESIAN_POINT('',(48.,13.,-6.));
#3969 = LINE('',#3970,#3971);
#3970 = CARTESIAN_POINT('',(22.5,13.,-6.));
#3971 = VECTOR('',#3972,1.);
#3972 = DIRECTION('',(-1.,-0.,0.));
#3973 = ORIENTED_EDGE('',*,*,#3974,.T.);
#3974 = EDGE_CURVE('',#3967,#3975,#3977,.T.);
#3975 = VERTEX_POINT('',#3976);
#3976 = CARTESIAN_POINT('',(48.,43.,-6.));
#3977 = LINE('',#3978,#3979);
#3978 = CARTESIAN_POINT('',(48.,4.5,-6.));
#3979 = VECTOR('',#3980,1.);
#3980 = DIRECTION('',(-0.,1.,0.));
#3981 = ORIENTED_EDGE('',*,*,#3982,.F.);
#3982 = EDGE_CURVE('',#3983,#3975,#3985,.T.);
#3983 = VERTEX_POINT('',#3984);
#3984 = CARTESIAN_POINT('',(50.,43.,-6.));
#3985 = LINE('',#3986,#3987);
#3986 = CARTESIAN_POINT('',(22.5,43.,-6.));
#3987 = VECTOR('',#3988,1.);
#3988 = DIRECTION('',(-1.,-0.,0.));
#3989 = ORIENTED_EDGE('',*,*,#3990,.F.);
#3990 = EDGE_CURVE('',#3965,#3983,#3991,.T.);
#3991 = LINE('',#3992,#3993);
#3992 = CARTESIAN_POINT('',(50.,4.5,-6.));
#3993 = VECTOR('',#3994,1.);
#3994 = DIRECTION('',(-0.,1.,0.));
#3995 = FACE_BOUND('',#3996,.F.);
#3996 = EDGE_LOOP('',(#3997,#4007,#4015,#4023));
#3997 = ORIENTED_EDGE('',*,*,#3998,.T.);
#3998 = EDGE_CURVE('',#3999,#4001,#4003,.T.);
#3999 = VERTEX_POINT('',#4000);
#4000 = CARTESIAN_POINT('',(54.,13.,-6.));
#4001 = VERTEX_POINT('',#4002);
#4002 = CARTESIAN_POINT('',(52.,13.,-6.));
#4003 = LINE('',#4004,#4005);
#4004 = CARTESIAN_POINT('',(24.5,13.,-6.));
#4005 = VECTOR('',#4006,1.);
#4006 = DIRECTION('',(-1.,-0.,0.));
#4007 = ORIENTED_EDGE('',*,*,#4008,.T.);
#4008 = EDGE_CURVE('',#4001,#4009,#4011,.T.);
#4009 = VERTEX_POINT('',#4010);
#4010 = CARTESIAN_POINT('',(52.,43.,-6.));
#4011 = LINE('',#4012,#4013);
#4012 = CARTESIAN_POINT('',(52.,4.5,-6.));
#4013 = VECTOR('',#4014,1.);
#4014 = DIRECTION('',(-0.,1.,0.));
#4015 = ORIENTED_EDGE('',*,*,#4016,.F.);
#4016 = EDGE_CURVE('',#4017,#4009,#4019,.T.);
#4017 = VERTEX_POINT('',#4018);
#4018 = CARTESIAN_POINT('',(54.,43.,-6.));
#4019 = LINE('',#4020,#4021);
#4020 = CARTESIAN_POINT('',(24.5,43.,-6.));
#4021 = VECTOR('',#4022,1.);
#4022 = DIRECTION('',(-1.,-0.,0.));
#4023 = ORIENTED_EDGE('',*,*,#4024,.F.);
#4024 = EDGE_CURVE('',#3999,#4017,#4025,.T.);
#4025 = LINE('',#4026,#4027);
#4026 = CARTESIAN_POINT('',(54.,4.5,-6.));
#4027 = VECTOR('',#4028,1.);
#4028 = DIRECTION('',(-0.,1.,0.));
#4029 = FACE_BOUND('',#4030,.F.);
#4030 = EDGE_LOOP('',(#4031,#4041,#4049,#4057));
#4031 = ORIENTED_EDGE('',*,*,#4032,.T.);
#4032 = EDGE_CURVE('',#4033,#4035,#4037,.T.);
#4033 = VERTEX_POINT('',#4034);
#4034 = CARTESIAN_POINT('',(58.,13.,-6.));
#4035 = VERTEX_POINT('',#4036);
#4036 = CARTESIAN_POINT('',(56.,13.,-6.));
#4037 = LINE('',#4038,#4039);
#4038 = CARTESIAN_POINT('',(26.5,13.,-6.));
#4039 = VECTOR('',#4040,1.);
#4040 = DIRECTION('',(-1.,-0.,0.));
#4041 = ORIENTED_EDGE('',*,*,#4042,.T.);
#4042 = EDGE_CURVE('',#4035,#4043,#4045,.T.);
#4043 = VERTEX_POINT('',#4044);
#4044 = CARTESIAN_POINT('',(56.,43.,-6.));
#4045 = LINE('',#4046,#4047);
#4046 = CARTESIAN_POINT('',(56.,4.5,-6.));
#4047 = VECTOR('',#4048,1.);
#4048 = DIRECTION('',(-0.,1.,0.));
#4049 = ORIENTED_EDGE('',*,*,#4050,.F.);
#4050 = EDGE_CURVE('',#4051,#4043,#4053,.T.);
#4051 = VERTEX_POINT('',#4052);
#4052 = CARTESIAN_POINT('',(58.,43.,-6.));
#4053 = LINE('',#4054,#4055);
#4054 = CARTESIAN_POINT('',(26.5,43.,-6.));
#4055 = VECTOR('',#4056,1.);
#4056 = DIRECTION('',(-1.,-0.,0.));
#4057 = ORIENTED_EDGE('',*,*,#4058,.F.);
#4058 = EDGE_CURVE('',#4033,#4051,#4059,.T.);
#4059 = LINE('',#4060,#4061);
#4060 = CARTESIAN_POINT('',(58.,4.5,-6.));
#4061 = VECTOR('',#4062,1.);
#4062 = DIRECTION('',(-0.,1.,0.));
#4063 = FACE_BOUND('',#4064,.F.);
#4064 = EDGE_LOOP('',(#4065));
#4065 = ORIENTED_EDGE('',*,*,#4066,.F.);
#4066 = EDGE_CURVE('',#4067,#4067,#4069,.T.);
#4067 = VERTEX_POINT('',#4068);
#4068 = CARTESIAN_POINT('',(64.1,52.5,-6.));
#4069 = CIRCLE('',#4070,2.6);
#4070 = AXIS2_PLACEMENT_3D('',#4071,#4072,#4073);
#4071 = CARTESIAN_POINT('',(61.5,52.5,-6.));
#4072 = DIRECTION('',(0.,0.,1.));
#4073 = DIRECTION('',(1.,0.,-0.));
#4074 = PLANE('',#4075);
#4075 = AXIS2_PLACEMENT_3D('',#4076,#4077,#4078);
#4076 = CARTESIAN_POINT('',(-3.,-4.,-6.));
#4077 = DIRECTION('',(0.,0.,1.));
#4078 = DIRECTION('',(1.,0.,-0.));
#4079 = ADVANCED_FACE('',(#4080),#4091,.T.);
#4080 = FACE_BOUND('',#4081,.T.);
#4081 = EDGE_LOOP('',(#4082,#4083,#4084,#4090));
#4082 = ORIENTED_EDGE('',*,*,#819,.F.);
#4083 = ORIENTED_EDGE('',*,*,#842,.T.);
#4084 = ORIENTED_EDGE('',*,*,#4085,.T.);
#4085 = EDGE_CURVE('',#843,#3609,#4086,.T.);
#4086 = LINE('',#4087,#4088);
#4087 = CARTESIAN_POINT('',(1.,65.5,-5.2));
#4088 = VECTOR('',#4089,1.);
#4089 = DIRECTION('',(4.329780281177E-17,-0.707106781187,-0.707106781187
    ));
#4090 = ORIENTED_EDGE('',*,*,#3616,.F.);
#4091 = CONICAL_SURFACE('',#4092,4.,0.785398163397);
#4092 = AXIS2_PLACEMENT_3D('',#4093,#4094,#4095);
#4093 = CARTESIAN_POINT('',(1.,61.5,-5.2));
#4094 = DIRECTION('',(0.,0.,1.));
#4095 = DIRECTION('',(-1.,0.,0.));
#4096 = ADVANCED_FACE('',(#4097,#4122),#4149,.T.);
#4097 = FACE_BOUND('',#4098,.T.);
#4098 = EDGE_LOOP('',(#4099,#4100,#4108,#4116));
#4099 = ORIENTED_EDGE('',*,*,#851,.T.);
#4100 = ORIENTED_EDGE('',*,*,#4101,.T.);
#4101 = EDGE_CURVE('',#852,#4102,#4104,.T.);
#4102 = VERTEX_POINT('',#4103);
#4103 = CARTESIAN_POINT('',(84.,65.5,21.35));
#4104 = LINE('',#4105,#4106);
#4105 = CARTESIAN_POINT('',(-3.,65.5,21.35));
#4106 = VECTOR('',#4107,1.);
#4107 = DIRECTION('',(1.,0.,-0.));
#4108 = ORIENTED_EDGE('',*,*,#4109,.F.);
#4109 = EDGE_CURVE('',#4110,#4102,#4112,.T.);
#4110 = VERTEX_POINT('',#4111);
#4111 = CARTESIAN_POINT('',(84.,65.5,-5.2));
#4112 = LINE('',#4113,#4114);
#4113 = CARTESIAN_POINT('',(84.,65.5,-6.));
#4114 = VECTOR('',#4115,1.);
#4115 = DIRECTION('',(0.,0.,1.));
#4116 = ORIENTED_EDGE('',*,*,#4117,.F.);
#4117 = EDGE_CURVE('',#843,#4110,#4118,.T.);
#4118 = LINE('',#4119,#4120);
#4119 = CARTESIAN_POINT('',(1.,65.5,-5.2));
#4120 = VECTOR('',#4121,1.);
#4121 = DIRECTION('',(1.,0.,-0.));
#4122 = FACE_BOUND('',#4123,.T.);
#4123 = EDGE_LOOP('',(#4124,#4135,#4143));
#4124 = ORIENTED_EDGE('',*,*,#4125,.F.);
#4125 = EDGE_CURVE('',#4126,#4128,#4130,.T.);
#4126 = VERTEX_POINT('',#4127);
#4127 = CARTESIAN_POINT('',(43.136756909406,65.5,14.100858524544));
#4128 = VERTEX_POINT('',#4129);
#4129 = CARTESIAN_POINT('',(41.863243090594,65.5,14.100858524544));
#4130 = CIRCLE('',#4131,4.15);
#4131 = AXIS2_PLACEMENT_3D('',#4132,#4133,#4134);
#4132 = CARTESIAN_POINT('',(42.5,65.5,10.));
#4133 = DIRECTION('',(0.,1.,0.));
#4134 = DIRECTION('',(0.,-0.,1.));
#4135 = ORIENTED_EDGE('',*,*,#4136,.F.);
#4136 = EDGE_CURVE('',#4137,#4126,#4139,.T.);
#4137 = VERTEX_POINT('',#4138);
#4138 = CARTESIAN_POINT('',(42.5,65.5,14.73761543395));
#4139 = LINE('',#4140,#4141);
#4140 = CARTESIAN_POINT('',(37.493807716975,65.5,19.743807716975));
#4141 = VECTOR('',#4142,1.);
#4142 = DIRECTION('',(0.707106781187,0.,-0.707106781187));
#4143 = ORIENTED_EDGE('',*,*,#4144,.F.);
#4144 = EDGE_CURVE('',#4128,#4137,#4145,.T.);
#4145 = LINE('',#4146,#4147);
#4146 = CARTESIAN_POINT('',(25.940596141513,65.5,-1.821788424538));
#4147 = VECTOR('',#4148,1.);
#4148 = DIRECTION('',(0.707106781187,0.,0.707106781187));
#4149 = PLANE('',#4150);
#4150 = AXIS2_PLACEMENT_3D('',#4151,#4152,#4153);
#4151 = CARTESIAN_POINT('',(-3.,65.5,-6.));
#4152 = DIRECTION('',(-0.,1.,0.));
#4153 = DIRECTION('',(0.,0.,1.));
#4154 = ADVANCED_FACE('',(#4155),#4182,.T.);
#4155 = FACE_BOUND('',#4156,.F.);
#4156 = EDGE_LOOP('',(#4157,#4167,#4174,#4175));
#4157 = ORIENTED_EDGE('',*,*,#4158,.F.);
#4158 = EDGE_CURVE('',#4159,#4161,#4163,.T.);
#4159 = VERTEX_POINT('',#4160);
#4160 = CARTESIAN_POINT('',(88.,0.,-5.2));
#4161 = VERTEX_POINT('',#4162);
#4162 = CARTESIAN_POINT('',(88.,-8.881784197001E-16,21.35));
#4163 = LINE('',#4164,#4165);
#4164 = CARTESIAN_POINT('',(88.,-8.881784197001E-16,-6.));
#4165 = VECTOR('',#4166,1.);
#4166 = DIRECTION('',(0.,0.,1.));
#4167 = ORIENTED_EDGE('',*,*,#4168,.T.);
#4168 = EDGE_CURVE('',#4159,#2870,#4169,.T.);
#4169 = CIRCLE('',#4170,4.);
#4170 = AXIS2_PLACEMENT_3D('',#4171,#4172,#4173);
#4171 = CARTESIAN_POINT('',(84.,-8.881784197001E-16,-5.2));
#4172 = DIRECTION('',(0.,-0.,-1.));
#4173 = DIRECTION('',(1.,1.836970198721E-16,-0.));
#4174 = ORIENTED_EDGE('',*,*,#2909,.T.);
#4175 = ORIENTED_EDGE('',*,*,#4176,.F.);
#4176 = EDGE_CURVE('',#4161,#2902,#4177,.T.);
#4177 = CIRCLE('',#4178,4.);
#4178 = AXIS2_PLACEMENT_3D('',#4179,#4180,#4181);
#4179 = CARTESIAN_POINT('',(84.,-8.881784197001E-16,21.35));
#4180 = DIRECTION('',(-0.,-0.,-1.));
#4181 = DIRECTION('',(0.,-1.,0.));
#4182 = CYLINDRICAL_SURFACE('',#4183,4.);
#4183 = AXIS2_PLACEMENT_3D('',#4184,#4185,#4186);
#4184 = CARTESIAN_POINT('',(84.,-8.881784197001E-16,-6.));
#4185 = DIRECTION('',(0.,0.,1.));
#4186 = DIRECTION('',(1.,0.,-0.));
#4187 = ADVANCED_FACE('',(#4188),#4215,.T.);
#4188 = FACE_BOUND('',#4189,.T.);
#4189 = EDGE_LOOP('',(#4190,#4200,#4207,#4208));
#4190 = ORIENTED_EDGE('',*,*,#4191,.F.);
#4191 = EDGE_CURVE('',#4192,#4194,#4196,.T.);
#4192 = VERTEX_POINT('',#4193);
#4193 = CARTESIAN_POINT('',(88.,61.5,-5.2));
#4194 = VERTEX_POINT('',#4195);
#4195 = CARTESIAN_POINT('',(88.,61.5,21.35));
#4196 = LINE('',#4197,#4198);
#4197 = CARTESIAN_POINT('',(88.,61.5,-6.));
#4198 = VECTOR('',#4199,1.);
#4199 = DIRECTION('',(0.,0.,1.));
#4200 = ORIENTED_EDGE('',*,*,#4201,.F.);
#4201 = EDGE_CURVE('',#4110,#4192,#4202,.T.);
#4202 = CIRCLE('',#4203,4.);
#4203 = AXIS2_PLACEMENT_3D('',#4204,#4205,#4206);
#4204 = CARTESIAN_POINT('',(84.,61.5,-5.2));
#4205 = DIRECTION('',(0.,-0.,-1.));
#4206 = DIRECTION('',(0.,1.,-0.));
#4207 = ORIENTED_EDGE('',*,*,#4109,.T.);
#4208 = ORIENTED_EDGE('',*,*,#4209,.F.);
#4209 = EDGE_CURVE('',#4194,#4102,#4210,.T.);
#4210 = CIRCLE('',#4211,4.);
#4211 = AXIS2_PLACEMENT_3D('',#4212,#4213,#4214);
#4212 = CARTESIAN_POINT('',(84.,61.5,21.35));
#4213 = DIRECTION('',(0.,0.,1.));
#4214 = DIRECTION('',(0.,-1.,0.));
#4215 = CYLINDRICAL_SURFACE('',#4216,4.);
#4216 = AXIS2_PLACEMENT_3D('',#4217,#4218,#4219);
#4217 = CARTESIAN_POINT('',(84.,61.5,-6.));
#4218 = DIRECTION('',(0.,0.,1.));
#4219 = DIRECTION('',(1.,0.,-0.));
#4220 = ADVANCED_FACE('',(#4221,#4237,#4307,#4377),#4497,.T.);
#4221 = FACE_BOUND('',#4222,.T.);
#4222 = EDGE_LOOP('',(#4223,#4224,#4230,#4231));
#4223 = ORIENTED_EDGE('',*,*,#4158,.F.);
#4224 = ORIENTED_EDGE('',*,*,#4225,.F.);
#4225 = EDGE_CURVE('',#4192,#4159,#4226,.T.);
#4226 = LINE('',#4227,#4228);
#4227 = CARTESIAN_POINT('',(88.,61.5,-5.2));
#4228 = VECTOR('',#4229,1.);
#4229 = DIRECTION('',(0.,-1.,-0.));
#4230 = ORIENTED_EDGE('',*,*,#4191,.T.);
#4231 = ORIENTED_EDGE('',*,*,#4232,.F.);
#4232 = EDGE_CURVE('',#4161,#4194,#4233,.T.);
#4233 = LINE('',#4234,#4235);
#4234 = CARTESIAN_POINT('',(88.,-4.,21.35));
#4235 = VECTOR('',#4236,1.);
#4236 = DIRECTION('',(-0.,1.,0.));
#4237 = FACE_BOUND('',#4238,.T.);
#4238 = EDGE_LOOP('',(#4239,#4250,#4258,#4267,#4275,#4284,#4292,#4301));
#4239 = ORIENTED_EDGE('',*,*,#4240,.F.);
#4240 = EDGE_CURVE('',#4241,#4243,#4245,.T.);
#4241 = VERTEX_POINT('',#4242);
#4242 = CARTESIAN_POINT('',(88.,39.3,0.18));
#4243 = VERTEX_POINT('',#4244);
#4244 = CARTESIAN_POINT('',(88.,40.1,-0.62));
#4245 = CIRCLE('',#4246,0.8);
#4246 = AXIS2_PLACEMENT_3D('',#4247,#4248,#4249);
#4247 = CARTESIAN_POINT('',(88.,40.1,0.18));
#4248 = DIRECTION('',(1.,0.,0.));
#4249 = DIRECTION('',(0.,-1.,0.));
#4250 = ORIENTED_EDGE('',*,*,#4251,.T.);
#4251 = EDGE_CURVE('',#4241,#4252,#4254,.T.);
#4252 = VERTEX_POINT('',#4253);
#4253 = CARTESIAN_POINT('',(88.,39.3,17.01));
#4254 = LINE('',#4255,#4256);
#4255 = CARTESIAN_POINT('',(88.,39.3,-3.31));
#4256 = VECTOR('',#4257,1.);
#4257 = DIRECTION('',(0.,0.,1.));
#4258 = ORIENTED_EDGE('',*,*,#4259,.F.);
#4259 = EDGE_CURVE('',#4260,#4252,#4262,.T.);
#4260 = VERTEX_POINT('',#4261);
#4261 = CARTESIAN_POINT('',(88.,40.1,17.81));
#4262 = CIRCLE('',#4263,0.8);
#4263 = AXIS2_PLACEMENT_3D('',#4264,#4265,#4266);
#4264 = CARTESIAN_POINT('',(88.,40.1,17.01));
#4265 = DIRECTION('',(1.,0.,0.));
#4266 = DIRECTION('',(0.,-1.,0.));
#4267 = ORIENTED_EDGE('',*,*,#4268,.F.);
#4268 = EDGE_CURVE('',#4269,#4260,#4271,.T.);
#4269 = VERTEX_POINT('',#4270);
#4270 = CARTESIAN_POINT('',(88.,53.9,17.81));
#4271 = LINE('',#4272,#4273);
#4272 = CARTESIAN_POINT('',(88.,17.65,17.81));
#4273 = VECTOR('',#4274,1.);
#4274 = DIRECTION('',(0.,-1.,0.));
#4275 = ORIENTED_EDGE('',*,*,#4276,.F.);
#4276 = EDGE_CURVE('',#4277,#4269,#4279,.T.);
#4277 = VERTEX_POINT('',#4278);
#4278 = CARTESIAN_POINT('',(88.,54.7,17.01));
#4279 = CIRCLE('',#4280,0.8);
#4280 = AXIS2_PLACEMENT_3D('',#4281,#4282,#4283);
#4281 = CARTESIAN_POINT('',(88.,53.9,17.01));
#4282 = DIRECTION('',(1.,0.,-0.));
#4283 = DIRECTION('',(0.,1.,0.));
#4284 = ORIENTED_EDGE('',*,*,#4285,.F.);
#4285 = EDGE_CURVE('',#4286,#4277,#4288,.T.);
#4286 = VERTEX_POINT('',#4287);
#4287 = CARTESIAN_POINT('',(88.,54.7,0.18));
#4288 = LINE('',#4289,#4290);
#4289 = CARTESIAN_POINT('',(88.,54.7,-3.31));
#4290 = VECTOR('',#4291,1.);
#4291 = DIRECTION('',(0.,0.,1.));
#4292 = ORIENTED_EDGE('',*,*,#4293,.F.);
#4293 = EDGE_CURVE('',#4294,#4286,#4296,.T.);
#4294 = VERTEX_POINT('',#4295);
#4295 = CARTESIAN_POINT('',(88.,53.9,-0.62));
#4296 = CIRCLE('',#4297,0.8);
#4297 = AXIS2_PLACEMENT_3D('',#4298,#4299,#4300);
#4298 = CARTESIAN_POINT('',(88.,53.9,0.18));
#4299 = DIRECTION('',(1.,0.,-0.));
#4300 = DIRECTION('',(0.,1.,0.));
#4301 = ORIENTED_EDGE('',*,*,#4302,.T.);
#4302 = EDGE_CURVE('',#4294,#4243,#4303,.T.);
#4303 = LINE('',#4304,#4305);
#4304 = CARTESIAN_POINT('',(88.,17.65,-0.62));
#4305 = VECTOR('',#4306,1.);
#4306 = DIRECTION('',(0.,-1.,0.));
#4307 = FACE_BOUND('',#4308,.T.);
#4308 = EDGE_LOOP('',(#4309,#4320,#4328,#4337,#4345,#4354,#4362,#4371));
#4309 = ORIENTED_EDGE('',*,*,#4310,.F.);
#4310 = EDGE_CURVE('',#4311,#4313,#4315,.T.);
#4311 = VERTEX_POINT('',#4312);
#4312 = CARTESIAN_POINT('',(88.,21.3,0.19));
#4313 = VERTEX_POINT('',#4314);
#4314 = CARTESIAN_POINT('',(88.,22.1,-0.61));
#4315 = CIRCLE('',#4316,0.8);
#4316 = AXIS2_PLACEMENT_3D('',#4317,#4318,#4319);
#4317 = CARTESIAN_POINT('',(88.,22.1,0.19));
#4318 = DIRECTION('',(1.,0.,0.));
#4319 = DIRECTION('',(0.,-1.,0.));
#4320 = ORIENTED_EDGE('',*,*,#4321,.T.);
#4321 = EDGE_CURVE('',#4311,#4322,#4324,.T.);
#4322 = VERTEX_POINT('',#4323);
#4323 = CARTESIAN_POINT('',(88.,21.3,17.18));
#4324 = LINE('',#4325,#4326);
#4325 = CARTESIAN_POINT('',(88.,21.3,-3.305));
#4326 = VECTOR('',#4327,1.);
#4327 = DIRECTION('',(0.,0.,1.));
#4328 = ORIENTED_EDGE('',*,*,#4329,.F.);
#4329 = EDGE_CURVE('',#4330,#4322,#4332,.T.);
#4330 = VERTEX_POINT('',#4331);
#4331 = CARTESIAN_POINT('',(88.,22.1,17.98));
#4332 = CIRCLE('',#4333,0.8);
#4333 = AXIS2_PLACEMENT_3D('',#4334,#4335,#4336);
#4334 = CARTESIAN_POINT('',(88.,22.1,17.18));
#4335 = DIRECTION('',(1.,0.,0.));
#4336 = DIRECTION('',(0.,-1.,0.));
#4337 = ORIENTED_EDGE('',*,*,#4338,.F.);
#4338 = EDGE_CURVE('',#4339,#4330,#4341,.T.);
#4339 = VERTEX_POINT('',#4340);
#4340 = CARTESIAN_POINT('',(88.,35.9,17.98));
#4341 = LINE('',#4342,#4343);
#4342 = CARTESIAN_POINT('',(88.,8.65,17.98));
#4343 = VECTOR('',#4344,1.);
#4344 = DIRECTION('',(0.,-1.,0.));
#4345 = ORIENTED_EDGE('',*,*,#4346,.F.);
#4346 = EDGE_CURVE('',#4347,#4339,#4349,.T.);
#4347 = VERTEX_POINT('',#4348);
#4348 = CARTESIAN_POINT('',(88.,36.7,17.18));
#4349 = CIRCLE('',#4350,0.8);
#4350 = AXIS2_PLACEMENT_3D('',#4351,#4352,#4353);
#4351 = CARTESIAN_POINT('',(88.,35.9,17.18));
#4352 = DIRECTION('',(1.,0.,-0.));
#4353 = DIRECTION('',(0.,1.,0.));
#4354 = ORIENTED_EDGE('',*,*,#4355,.F.);
#4355 = EDGE_CURVE('',#4356,#4347,#4358,.T.);
#4356 = VERTEX_POINT('',#4357);
#4357 = CARTESIAN_POINT('',(88.,36.7,0.19));
#4358 = LINE('',#4359,#4360);
#4359 = CARTESIAN_POINT('',(88.,36.7,-3.305));
#4360 = VECTOR('',#4361,1.);
#4361 = DIRECTION('',(0.,0.,1.));
#4362 = ORIENTED_EDGE('',*,*,#4363,.F.);
#4363 = EDGE_CURVE('',#4364,#4356,#4366,.T.);
#4364 = VERTEX_POINT('',#4365);
#4365 = CARTESIAN_POINT('',(88.,35.9,-0.61));
#4366 = CIRCLE('',#4367,0.8);
#4367 = AXIS2_PLACEMENT_3D('',#4368,#4369,#4370);
#4368 = CARTESIAN_POINT('',(88.,35.9,0.19));
#4369 = DIRECTION('',(1.,0.,-0.));
#4370 = DIRECTION('',(0.,1.,0.));
#4371 = ORIENTED_EDGE('',*,*,#4372,.T.);
#4372 = EDGE_CURVE('',#4364,#4313,#4373,.T.);
#4373 = LINE('',#4374,#4375);
#4374 = CARTESIAN_POINT('',(88.,8.65,-0.61));
#4375 = VECTOR('',#4376,1.);
#4376 = DIRECTION('',(0.,-1.,0.));
#4377 = FACE_BOUND('',#4378,.T.);
#4378 = EDGE_LOOP('',(#4379,#4390,#4398,#4407,#4415,#4424,#4432,#4440,
    #4449,#4457,#4466,#4474,#4482,#4491));
#4379 = ORIENTED_EDGE('',*,*,#4380,.F.);
#4380 = EDGE_CURVE('',#4381,#4383,#4385,.T.);
#4381 = VERTEX_POINT('',#4382);
#4382 = CARTESIAN_POINT('',(88.,1.83,-0.31));
#4383 = VERTEX_POINT('',#4384);
#4384 = CARTESIAN_POINT('',(88.,2.63,-1.11));
#4385 = CIRCLE('',#4386,0.8);
#4386 = AXIS2_PLACEMENT_3D('',#4387,#4388,#4389);
#4387 = CARTESIAN_POINT('',(88.,2.63,-0.31));
#4388 = DIRECTION('',(1.,0.,0.));
#4389 = DIRECTION('',(0.,-1.,0.));
#4390 = ORIENTED_EDGE('',*,*,#4391,.T.);
#4391 = EDGE_CURVE('',#4381,#4392,#4394,.T.);
#4392 = VERTEX_POINT('',#4393);
#4393 = CARTESIAN_POINT('',(88.,1.83,14.29));
#4394 = LINE('',#4395,#4396);
#4395 = CARTESIAN_POINT('',(88.,1.83,-3.555));
#4396 = VECTOR('',#4397,1.);
#4397 = DIRECTION('',(0.,0.,1.));
#4398 = ORIENTED_EDGE('',*,*,#4399,.F.);
#4399 = EDGE_CURVE('',#4400,#4392,#4402,.T.);
#4400 = VERTEX_POINT('',#4401);
#4401 = CARTESIAN_POINT('',(88.,2.63,15.09));
#4402 = CIRCLE('',#4403,0.8);
#4403 = AXIS2_PLACEMENT_3D('',#4404,#4405,#4406);
#4404 = CARTESIAN_POINT('',(88.,2.63,14.29));
#4405 = DIRECTION('',(1.,0.,0.));
#4406 = DIRECTION('',(0.,-1.,0.));
#4407 = ORIENTED_EDGE('',*,*,#4408,.F.);
#4408 = EDGE_CURVE('',#4409,#4400,#4411,.T.);
#4409 = VERTEX_POINT('',#4410);
#4410 = CARTESIAN_POINT('',(88.,17.87,15.09));
#4411 = LINE('',#4412,#4413);
#4412 = CARTESIAN_POINT('',(88.,-1.085,15.09));
#4413 = VECTOR('',#4414,1.);
#4414 = DIRECTION('',(0.,-1.,0.));
#4415 = ORIENTED_EDGE('',*,*,#4416,.F.);
#4416 = EDGE_CURVE('',#4417,#4409,#4419,.T.);
#4417 = VERTEX_POINT('',#4418);
#4418 = CARTESIAN_POINT('',(88.,18.67,14.29));
#4419 = CIRCLE('',#4420,0.8);
#4420 = AXIS2_PLACEMENT_3D('',#4421,#4422,#4423);
#4421 = CARTESIAN_POINT('',(88.,17.87,14.29));
#4422 = DIRECTION('',(1.,0.,-0.));
#4423 = DIRECTION('',(0.,1.,0.));
#4424 = ORIENTED_EDGE('',*,*,#4425,.F.);
#4425 = EDGE_CURVE('',#4426,#4417,#4428,.T.);
#4426 = VERTEX_POINT('',#4427);
#4427 = CARTESIAN_POINT('',(88.,18.67,5.94));
#4428 = LINE('',#4429,#4430);
#4429 = CARTESIAN_POINT('',(88.,18.67,-3.555));
#4430 = VECTOR('',#4431,1.);
#4431 = DIRECTION('',(0.,0.,1.));
#4432 = ORIENTED_EDGE('',*,*,#4433,.F.);
#4433 = EDGE_CURVE('',#4434,#4426,#4436,.T.);
#4434 = VERTEX_POINT('',#4435);
#4435 = CARTESIAN_POINT('',(88.,19.45,5.94));
#4436 = LINE('',#4437,#4438);
#4437 = CARTESIAN_POINT('',(88.,4.415,5.94));
#4438 = VECTOR('',#4439,1.);
#4439 = DIRECTION('',(0.,-1.,0.));
#4440 = ORIENTED_EDGE('',*,*,#4441,.F.);
#4441 = EDGE_CURVE('',#4442,#4434,#4444,.T.);
#4442 = VERTEX_POINT('',#4443);
#4443 = CARTESIAN_POINT('',(88.,20.25,5.14));
#4444 = CIRCLE('',#4445,0.8);
#4445 = AXIS2_PLACEMENT_3D('',#4446,#4447,#4448);
#4446 = CARTESIAN_POINT('',(88.,19.45,5.14));
#4447 = DIRECTION('',(1.,0.,-0.));
#4448 = DIRECTION('',(0.,1.,0.));
#4449 = ORIENTED_EDGE('',*,*,#4450,.F.);
#4450 = EDGE_CURVE('',#4451,#4442,#4453,.T.);
#4451 = VERTEX_POINT('',#4452);
#4452 = CARTESIAN_POINT('',(88.,20.25,1.73));
#4453 = LINE('',#4454,#4455);
#4454 = CARTESIAN_POINT('',(88.,20.25,-2.535));
#4455 = VECTOR('',#4456,1.);
#4456 = DIRECTION('',(0.,0.,1.));
#4457 = ORIENTED_EDGE('',*,*,#4458,.F.);
#4458 = EDGE_CURVE('',#4459,#4451,#4461,.T.);
#4459 = VERTEX_POINT('',#4460);
#4460 = CARTESIAN_POINT('',(88.,19.45,0.93));
#4461 = CIRCLE('',#4462,0.8);
#4462 = AXIS2_PLACEMENT_3D('',#4463,#4464,#4465);
#4463 = CARTESIAN_POINT('',(88.,19.45,1.73));
#4464 = DIRECTION('',(1.,0.,-0.));
#4465 = DIRECTION('',(0.,1.,0.));
#4466 = ORIENTED_EDGE('',*,*,#4467,.T.);
#4467 = EDGE_CURVE('',#4459,#4468,#4470,.T.);
#4468 = VERTEX_POINT('',#4469);
#4469 = CARTESIAN_POINT('',(88.,18.67,0.93));
#4470 = LINE('',#4471,#4472);
#4471 = CARTESIAN_POINT('',(88.,4.415,0.93));
#4472 = VECTOR('',#4473,1.);
#4473 = DIRECTION('',(0.,-1.,0.));
#4474 = ORIENTED_EDGE('',*,*,#4475,.F.);
#4475 = EDGE_CURVE('',#4476,#4468,#4478,.T.);
#4476 = VERTEX_POINT('',#4477);
#4477 = CARTESIAN_POINT('',(88.,18.67,-0.31));
#4478 = LINE('',#4479,#4480);
#4479 = CARTESIAN_POINT('',(88.,18.67,-3.555));
#4480 = VECTOR('',#4481,1.);
#4481 = DIRECTION('',(0.,0.,1.));
#4482 = ORIENTED_EDGE('',*,*,#4483,.F.);
#4483 = EDGE_CURVE('',#4484,#4476,#4486,.T.);
#4484 = VERTEX_POINT('',#4485);
#4485 = CARTESIAN_POINT('',(88.,17.87,-1.11));
#4486 = CIRCLE('',#4487,0.8);
#4487 = AXIS2_PLACEMENT_3D('',#4488,#4489,#4490);
#4488 = CARTESIAN_POINT('',(88.,17.87,-0.31));
#4489 = DIRECTION('',(1.,0.,-0.));
#4490 = DIRECTION('',(0.,1.,0.));
#4491 = ORIENTED_EDGE('',*,*,#4492,.T.);
#4492 = EDGE_CURVE('',#4484,#4383,#4493,.T.);
#4493 = LINE('',#4494,#4495);
#4494 = CARTESIAN_POINT('',(88.,-1.085,-1.11));
#4495 = VECTOR('',#4496,1.);
#4496 = DIRECTION('',(0.,-1.,0.));
#4497 = PLANE('',#4498);
#4498 = AXIS2_PLACEMENT_3D('',#4499,#4500,#4501);
#4499 = CARTESIAN_POINT('',(88.,-4.,-6.));
#4500 = DIRECTION('',(1.,0.,-0.));
#4501 = DIRECTION('',(0.,0.,1.));
#4502 = ADVANCED_FACE('',(#4503),#4546,.F.);
#4503 = FACE_BOUND('',#4504,.F.);
#4504 = EDGE_LOOP('',(#4505,#4515,#4524,#4530,#4531,#4539));
#4505 = ORIENTED_EDGE('',*,*,#4506,.F.);
#4506 = EDGE_CURVE('',#4507,#4509,#4511,.T.);
#4507 = VERTEX_POINT('',#4508);
#4508 = CARTESIAN_POINT('',(-1.,-4.440892098501E-16,-4.));
#4509 = VERTEX_POINT('',#4510);
#4510 = CARTESIAN_POINT('',(-1.,-4.440892098501E-16,21.35));
#4511 = LINE('',#4512,#4513);
#4512 = CARTESIAN_POINT('',(-1.,-4.440892098501E-16,-4.));
#4513 = VECTOR('',#4514,1.);
#4514 = DIRECTION('',(0.,0.,1.));
#4515 = ORIENTED_EDGE('',*,*,#4516,.T.);
#4516 = EDGE_CURVE('',#4507,#4517,#4519,.T.);
#4517 = VERTEX_POINT('',#4518);
#4518 = CARTESIAN_POINT('',(1.,-2.,-4.));
#4519 = CIRCLE('',#4520,2.);
#4520 = AXIS2_PLACEMENT_3D('',#4521,#4522,#4523);
#4521 = CARTESIAN_POINT('',(1.,-4.440892098501E-16,-4.));
#4522 = DIRECTION('',(0.,0.,1.));
#4523 = DIRECTION('',(0.,-1.,0.));
#4524 = ORIENTED_EDGE('',*,*,#4525,.T.);
#4525 = EDGE_CURVE('',#4517,#3551,#4526,.T.);
#4526 = LINE('',#4527,#4528);
#4527 = CARTESIAN_POINT('',(1.,-2.,-4.));
#4528 = VECTOR('',#4529,1.);
#4529 = DIRECTION('',(0.,0.,1.));
#4530 = ORIENTED_EDGE('',*,*,#3558,.T.);
#4531 = ORIENTED_EDGE('',*,*,#4532,.T.);
#4532 = EDGE_CURVE('',#3542,#4533,#4535,.T.);
#4533 = VERTEX_POINT('',#4534);
#4534 = CARTESIAN_POINT('',(1.,-2.,21.35));
#4535 = LINE('',#4536,#4537);
#4536 = CARTESIAN_POINT('',(1.,-2.,-4.));
#4537 = VECTOR('',#4538,1.);
#4538 = DIRECTION('',(0.,0.,1.));
#4539 = ORIENTED_EDGE('',*,*,#4540,.F.);
#4540 = EDGE_CURVE('',#4509,#4533,#4541,.T.);
#4541 = CIRCLE('',#4542,2.);
#4542 = AXIS2_PLACEMENT_3D('',#4543,#4544,#4545);
#4543 = CARTESIAN_POINT('',(1.,-4.440892098501E-16,21.35));
#4544 = DIRECTION('',(0.,0.,1.));
#4545 = DIRECTION('',(-1.,-0.,0.));
#4546 = CYLINDRICAL_SURFACE('',#4547,2.);
#4547 = AXIS2_PLACEMENT_3D('',#4548,#4549,#4550);
#4548 = CARTESIAN_POINT('',(1.,-4.440892098501E-16,-4.));
#4549 = DIRECTION('',(0.,0.,1.));
#4550 = DIRECTION('',(-1.,-0.,0.));
#4551 = ADVANCED_FACE('',(#4552,#4600,#4670,#4704,#4738,#4772,#4806,
    #4840,#4874,#4944,#5014,#5048,#5082,#5116,#5150,#5184),#5218,.T.);
#4552 = FACE_BOUND('',#4553,.T.);
#4553 = EDGE_LOOP('',(#4554,#4562,#4563,#4571,#4579,#4585,#4586,#4594));
#4554 = ORIENTED_EDGE('',*,*,#4555,.F.);
#4555 = EDGE_CURVE('',#4517,#4556,#4558,.T.);
#4556 = VERTEX_POINT('',#4557);
#4557 = CARTESIAN_POINT('',(84.,-2.,-4.));
#4558 = LINE('',#4559,#4560);
#4559 = CARTESIAN_POINT('',(-1.,-2.,-4.));
#4560 = VECTOR('',#4561,1.);
#4561 = DIRECTION('',(1.,0.,-0.));
#4562 = ORIENTED_EDGE('',*,*,#4525,.T.);
#4563 = ORIENTED_EDGE('',*,*,#4564,.T.);
#4564 = EDGE_CURVE('',#3551,#4565,#4567,.T.);
#4565 = VERTEX_POINT('',#4566);
#4566 = CARTESIAN_POINT('',(2.6,-2.,8.));
#4567 = LINE('',#4568,#4569);
#4568 = CARTESIAN_POINT('',(0.,-2.,8.));
#4569 = VECTOR('',#4570,1.);
#4570 = DIRECTION('',(1.,0.,-0.));
#4571 = ORIENTED_EDGE('',*,*,#4572,.F.);
#4572 = EDGE_CURVE('',#4573,#4565,#4575,.T.);
#4573 = VERTEX_POINT('',#4574);
#4574 = CARTESIAN_POINT('',(2.6,-2.,14.5));
#4575 = LINE('',#4576,#4577);
#4576 = CARTESIAN_POINT('',(2.6,-2.,2.));
#4577 = VECTOR('',#4578,1.);
#4578 = DIRECTION('',(-0.,0.,-1.));
#4579 = ORIENTED_EDGE('',*,*,#4580,.F.);
#4580 = EDGE_CURVE('',#3542,#4573,#4581,.T.);
#4581 = LINE('',#4582,#4583);
#4582 = CARTESIAN_POINT('',(0.,-2.,14.5));
#4583 = VECTOR('',#4584,1.);
#4584 = DIRECTION('',(1.,0.,-0.));
#4585 = ORIENTED_EDGE('',*,*,#4532,.T.);
#4586 = ORIENTED_EDGE('',*,*,#4587,.F.);
#4587 = EDGE_CURVE('',#4588,#4533,#4590,.T.);
#4588 = VERTEX_POINT('',#4589);
#4589 = CARTESIAN_POINT('',(84.,-2.,21.35));
#4590 = LINE('',#4591,#4592);
#4591 = CARTESIAN_POINT('',(-2.,-2.,21.35));
#4592 = VECTOR('',#4593,1.);
#4593 = DIRECTION('',(-1.,-0.,0.));
#4594 = ORIENTED_EDGE('',*,*,#4595,.F.);
#4595 = EDGE_CURVE('',#4556,#4588,#4596,.T.);
#4596 = LINE('',#4597,#4598);
#4597 = CARTESIAN_POINT('',(84.,-2.,-4.));
#4598 = VECTOR('',#4599,1.);
#4599 = DIRECTION('',(0.,0.,1.));
#4600 = FACE_BOUND('',#4601,.T.);
#4601 = EDGE_LOOP('',(#4602,#4613,#4621,#4630,#4638,#4647,#4655,#4664));
#4602 = ORIENTED_EDGE('',*,*,#4603,.F.);
#4603 = EDGE_CURVE('',#4604,#4606,#4608,.T.);
#4604 = VERTEX_POINT('',#4605);
#4605 = CARTESIAN_POINT('',(4.7,-2.,3.97));
#4606 = VERTEX_POINT('',#4607);
#4607 = CARTESIAN_POINT('',(6.9,-2.,6.17));
#4608 = CIRCLE('',#4609,2.2);
#4609 = AXIS2_PLACEMENT_3D('',#4610,#4611,#4612);
#4610 = CARTESIAN_POINT('',(6.9,-2.,3.97));
#4611 = DIRECTION('',(-0.,1.,0.));
#4612 = DIRECTION('',(-1.,-0.,0.));
#4613 = ORIENTED_EDGE('',*,*,#4614,.T.);
#4614 = EDGE_CURVE('',#4604,#4615,#4617,.T.);
#4615 = VERTEX_POINT('',#4616);
#4616 = CARTESIAN_POINT('',(4.7,-2.,0.97));
#4617 = LINE('',#4618,#4619);
#4618 = CARTESIAN_POINT('',(4.7,-2.,-2.615));
#4619 = VECTOR('',#4620,1.);
#4620 = DIRECTION('',(-0.,0.,-1.));
#4621 = ORIENTED_EDGE('',*,*,#4622,.F.);
#4622 = EDGE_CURVE('',#4623,#4615,#4625,.T.);
#4623 = VERTEX_POINT('',#4624);
#4624 = CARTESIAN_POINT('',(6.9,-2.,-1.23));
#4625 = CIRCLE('',#4626,2.2);
#4626 = AXIS2_PLACEMENT_3D('',#4627,#4628,#4629);
#4627 = CARTESIAN_POINT('',(6.9,-2.,0.97));
#4628 = DIRECTION('',(-0.,1.,0.));
#4629 = DIRECTION('',(-1.,-0.,0.));
#4630 = ORIENTED_EDGE('',*,*,#4631,.T.);
#4631 = EDGE_CURVE('',#4623,#4632,#4634,.T.);
#4632 = VERTEX_POINT('',#4633);
#4633 = CARTESIAN_POINT('',(15.5,-2.,-1.23));
#4634 = LINE('',#4635,#4636);
#4635 = CARTESIAN_POINT('',(1.85,-2.,-1.23));
#4636 = VECTOR('',#4637,1.);
#4637 = DIRECTION('',(1.,0.,-0.));
#4638 = ORIENTED_EDGE('',*,*,#4639,.F.);
#4639 = EDGE_CURVE('',#4640,#4632,#4642,.T.);
#4640 = VERTEX_POINT('',#4641);
#4641 = CARTESIAN_POINT('',(17.7,-2.,0.97));
#4642 = CIRCLE('',#4643,2.2);
#4643 = AXIS2_PLACEMENT_3D('',#4644,#4645,#4646);
#4644 = CARTESIAN_POINT('',(15.5,-2.,0.97));
#4645 = DIRECTION('',(0.,1.,0.));
#4646 = DIRECTION('',(1.,0.,-0.));
#4647 = ORIENTED_EDGE('',*,*,#4648,.F.);
#4648 = EDGE_CURVE('',#4649,#4640,#4651,.T.);
#4649 = VERTEX_POINT('',#4650);
#4650 = CARTESIAN_POINT('',(17.7,-2.,3.97));
#4651 = LINE('',#4652,#4653);
#4652 = CARTESIAN_POINT('',(17.7,-2.,-2.615));
#4653 = VECTOR('',#4654,1.);
#4654 = DIRECTION('',(-0.,0.,-1.));
#4655 = ORIENTED_EDGE('',*,*,#4656,.F.);
#4656 = EDGE_CURVE('',#4657,#4649,#4659,.T.);
#4657 = VERTEX_POINT('',#4658);
#4658 = CARTESIAN_POINT('',(15.5,-2.,6.17));
#4659 = CIRCLE('',#4660,2.2);
#4660 = AXIS2_PLACEMENT_3D('',#4661,#4662,#4663);
#4661 = CARTESIAN_POINT('',(15.5,-2.,3.97));
#4662 = DIRECTION('',(0.,1.,0.));
#4663 = DIRECTION('',(1.,0.,-0.));
#4664 = ORIENTED_EDGE('',*,*,#4665,.F.);
#4665 = EDGE_CURVE('',#4606,#4657,#4666,.T.);
#4666 = LINE('',#4667,#4668);
#4667 = CARTESIAN_POINT('',(1.85,-2.,6.17));
#4668 = VECTOR('',#4669,1.);
#4669 = DIRECTION('',(1.,0.,-0.));
#4670 = FACE_BOUND('',#4671,.T.);
#4671 = EDGE_LOOP('',(#4672,#4682,#4690,#4698));
#4672 = ORIENTED_EDGE('',*,*,#4673,.F.);
#4673 = EDGE_CURVE('',#4674,#4676,#4678,.T.);
#4674 = VERTEX_POINT('',#4675);
#4675 = CARTESIAN_POINT('',(4.4,-2.,14.5));
#4676 = VERTEX_POINT('',#4677);
#4677 = CARTESIAN_POINT('',(6.,-2.,14.5));
#4678 = LINE('',#4679,#4680);
#4679 = CARTESIAN_POINT('',(1.7,-2.,14.5));
#4680 = VECTOR('',#4681,1.);
#4681 = DIRECTION('',(1.,0.,-0.));
#4682 = ORIENTED_EDGE('',*,*,#4683,.T.);
#4683 = EDGE_CURVE('',#4674,#4684,#4686,.T.);
#4684 = VERTEX_POINT('',#4685);
#4685 = CARTESIAN_POINT('',(4.4,-2.,8.));
#4686 = LINE('',#4687,#4688);
#4687 = CARTESIAN_POINT('',(4.4,-2.,2.));
#4688 = VECTOR('',#4689,1.);
#4689 = DIRECTION('',(-0.,0.,-1.));
#4690 = ORIENTED_EDGE('',*,*,#4691,.T.);
#4691 = EDGE_CURVE('',#4684,#4692,#4694,.T.);
#4692 = VERTEX_POINT('',#4693);
#4693 = CARTESIAN_POINT('',(6.,-2.,8.));
#4694 = LINE('',#4695,#4696);
#4695 = CARTESIAN_POINT('',(1.7,-2.,8.));
#4696 = VECTOR('',#4697,1.);
#4697 = DIRECTION('',(1.,0.,-0.));
#4698 = ORIENTED_EDGE('',*,*,#4699,.F.);
#4699 = EDGE_CURVE('',#4676,#4692,#4700,.T.);
#4700 = LINE('',#4701,#4702);
#4701 = CARTESIAN_POINT('',(6.,-2.,2.));
#4702 = VECTOR('',#4703,1.);
#4703 = DIRECTION('',(-0.,0.,-1.));
#4704 = FACE_BOUND('',#4705,.T.);
#4705 = EDGE_LOOP('',(#4706,#4716,#4724,#4732));
#4706 = ORIENTED_EDGE('',*,*,#4707,.F.);
#4707 = EDGE_CURVE('',#4708,#4710,#4712,.T.);
#4708 = VERTEX_POINT('',#4709);
#4709 = CARTESIAN_POINT('',(7.8,-2.,14.5));
#4710 = VERTEX_POINT('',#4711);
#4711 = CARTESIAN_POINT('',(9.4,-2.,14.5));
#4712 = LINE('',#4713,#4714);
#4713 = CARTESIAN_POINT('',(3.4,-2.,14.5));
#4714 = VECTOR('',#4715,1.);
#4715 = DIRECTION('',(1.,0.,-0.));
#4716 = ORIENTED_EDGE('',*,*,#4717,.T.);
#4717 = EDGE_CURVE('',#4708,#4718,#4720,.T.);
#4718 = VERTEX_POINT('',#4719);
#4719 = CARTESIAN_POINT('',(7.8,-2.,8.));
#4720 = LINE('',#4721,#4722);
#4721 = CARTESIAN_POINT('',(7.8,-2.,2.));
#4722 = VECTOR('',#4723,1.);
#4723 = DIRECTION('',(-0.,0.,-1.));
#4724 = ORIENTED_EDGE('',*,*,#4725,.T.);
#4725 = EDGE_CURVE('',#4718,#4726,#4728,.T.);
#4726 = VERTEX_POINT('',#4727);
#4727 = CARTESIAN_POINT('',(9.4,-2.,8.));
#4728 = LINE('',#4729,#4730);
#4729 = CARTESIAN_POINT('',(3.4,-2.,8.));
#4730 = VECTOR('',#4731,1.);
#4731 = DIRECTION('',(1.,0.,-0.));
#4732 = ORIENTED_EDGE('',*,*,#4733,.F.);
#4733 = EDGE_CURVE('',#4710,#4726,#4734,.T.);
#4734 = LINE('',#4735,#4736);
#4735 = CARTESIAN_POINT('',(9.4,-2.,2.));
#4736 = VECTOR('',#4737,1.);
#4737 = DIRECTION('',(-0.,0.,-1.));
#4738 = FACE_BOUND('',#4739,.T.);
#4739 = EDGE_LOOP('',(#4740,#4750,#4758,#4766));
#4740 = ORIENTED_EDGE('',*,*,#4741,.F.);
#4741 = EDGE_CURVE('',#4742,#4744,#4746,.T.);
#4742 = VERTEX_POINT('',#4743);
#4743 = CARTESIAN_POINT('',(11.2,-2.,14.5));
#4744 = VERTEX_POINT('',#4745);
#4745 = CARTESIAN_POINT('',(12.8,-2.,14.5));
#4746 = LINE('',#4747,#4748);
#4747 = CARTESIAN_POINT('',(5.1,-2.,14.5));
#4748 = VECTOR('',#4749,1.);
#4749 = DIRECTION('',(1.,0.,-0.));
#4750 = ORIENTED_EDGE('',*,*,#4751,.T.);
#4751 = EDGE_CURVE('',#4742,#4752,#4754,.T.);
#4752 = VERTEX_POINT('',#4753);
#4753 = CARTESIAN_POINT('',(11.2,-2.,8.));
#4754 = LINE('',#4755,#4756);
#4755 = CARTESIAN_POINT('',(11.2,-2.,2.));
#4756 = VECTOR('',#4757,1.);
#4757 = DIRECTION('',(-0.,0.,-1.));
#4758 = ORIENTED_EDGE('',*,*,#4759,.T.);
#4759 = EDGE_CURVE('',#4752,#4760,#4762,.T.);
#4760 = VERTEX_POINT('',#4761);
#4761 = CARTESIAN_POINT('',(12.8,-2.,8.));
#4762 = LINE('',#4763,#4764);
#4763 = CARTESIAN_POINT('',(5.1,-2.,8.));
#4764 = VECTOR('',#4765,1.);
#4765 = DIRECTION('',(1.,0.,-0.));
#4766 = ORIENTED_EDGE('',*,*,#4767,.F.);
#4767 = EDGE_CURVE('',#4744,#4760,#4768,.T.);
#4768 = LINE('',#4769,#4770);
#4769 = CARTESIAN_POINT('',(12.8,-2.,2.));
#4770 = VECTOR('',#4771,1.);
#4771 = DIRECTION('',(-0.,0.,-1.));
#4772 = FACE_BOUND('',#4773,.T.);
#4773 = EDGE_LOOP('',(#4774,#4784,#4792,#4800));
#4774 = ORIENTED_EDGE('',*,*,#4775,.F.);
#4775 = EDGE_CURVE('',#4776,#4778,#4780,.T.);
#4776 = VERTEX_POINT('',#4777);
#4777 = CARTESIAN_POINT('',(14.6,-2.,14.5));
#4778 = VERTEX_POINT('',#4779);
#4779 = CARTESIAN_POINT('',(16.2,-2.,14.5));
#4780 = LINE('',#4781,#4782);
#4781 = CARTESIAN_POINT('',(6.8,-2.,14.5));
#4782 = VECTOR('',#4783,1.);
#4783 = DIRECTION('',(1.,0.,-0.));
#4784 = ORIENTED_EDGE('',*,*,#4785,.T.);
#4785 = EDGE_CURVE('',#4776,#4786,#4788,.T.);
#4786 = VERTEX_POINT('',#4787);
#4787 = CARTESIAN_POINT('',(14.6,-2.,8.));
#4788 = LINE('',#4789,#4790);
#4789 = CARTESIAN_POINT('',(14.6,-2.,2.));
#4790 = VECTOR('',#4791,1.);
#4791 = DIRECTION('',(-0.,0.,-1.));
#4792 = ORIENTED_EDGE('',*,*,#4793,.T.);
#4793 = EDGE_CURVE('',#4786,#4794,#4796,.T.);
#4794 = VERTEX_POINT('',#4795);
#4795 = CARTESIAN_POINT('',(16.2,-2.,8.));
#4796 = LINE('',#4797,#4798);
#4797 = CARTESIAN_POINT('',(6.8,-2.,8.));
#4798 = VECTOR('',#4799,1.);
#4799 = DIRECTION('',(1.,0.,-0.));
#4800 = ORIENTED_EDGE('',*,*,#4801,.F.);
#4801 = EDGE_CURVE('',#4778,#4794,#4802,.T.);
#4802 = LINE('',#4803,#4804);
#4803 = CARTESIAN_POINT('',(16.2,-2.,2.));
#4804 = VECTOR('',#4805,1.);
#4805 = DIRECTION('',(-0.,0.,-1.));
#4806 = FACE_BOUND('',#4807,.T.);
#4807 = EDGE_LOOP('',(#4808,#4818,#4826,#4834));
#4808 = ORIENTED_EDGE('',*,*,#4809,.F.);
#4809 = EDGE_CURVE('',#4810,#4812,#4814,.T.);
#4810 = VERTEX_POINT('',#4811);
#4811 = CARTESIAN_POINT('',(18.,-2.,14.5));
#4812 = VERTEX_POINT('',#4813);
#4813 = CARTESIAN_POINT('',(19.6,-2.,14.5));
#4814 = LINE('',#4815,#4816);
#4815 = CARTESIAN_POINT('',(8.5,-2.,14.5));
#4816 = VECTOR('',#4817,1.);
#4817 = DIRECTION('',(1.,0.,-0.));
#4818 = ORIENTED_EDGE('',*,*,#4819,.T.);
#4819 = EDGE_CURVE('',#4810,#4820,#4822,.T.);
#4820 = VERTEX_POINT('',#4821);
#4821 = CARTESIAN_POINT('',(18.,-2.,8.));
#4822 = LINE('',#4823,#4824);
#4823 = CARTESIAN_POINT('',(18.,-2.,2.));
#4824 = VECTOR('',#4825,1.);
#4825 = DIRECTION('',(-0.,0.,-1.));
#4826 = ORIENTED_EDGE('',*,*,#4827,.T.);
#4827 = EDGE_CURVE('',#4820,#4828,#4830,.T.);
#4828 = VERTEX_POINT('',#4829);
#4829 = CARTESIAN_POINT('',(19.6,-2.,8.));
#4830 = LINE('',#4831,#4832);
#4831 = CARTESIAN_POINT('',(8.5,-2.,8.));
#4832 = VECTOR('',#4833,1.);
#4833 = DIRECTION('',(1.,0.,-0.));
#4834 = ORIENTED_EDGE('',*,*,#4835,.F.);
#4835 = EDGE_CURVE('',#4812,#4828,#4836,.T.);
#4836 = LINE('',#4837,#4838);
#4837 = CARTESIAN_POINT('',(19.6,-2.,2.));
#4838 = VECTOR('',#4839,1.);
#4839 = DIRECTION('',(-0.,0.,-1.));
#4840 = FACE_BOUND('',#4841,.T.);
#4841 = EDGE_LOOP('',(#4842,#4852,#4860,#4868));
#4842 = ORIENTED_EDGE('',*,*,#4843,.F.);
#4843 = EDGE_CURVE('',#4844,#4846,#4848,.T.);
#4844 = VERTEX_POINT('',#4845);
#4845 = CARTESIAN_POINT('',(21.4,-2.,14.5));
#4846 = VERTEX_POINT('',#4847);
#4847 = CARTESIAN_POINT('',(23.,-2.,14.5));
#4848 = LINE('',#4849,#4850);
#4849 = CARTESIAN_POINT('',(10.2,-2.,14.5));
#4850 = VECTOR('',#4851,1.);
#4851 = DIRECTION('',(1.,0.,-0.));
#4852 = ORIENTED_EDGE('',*,*,#4853,.T.);
#4853 = EDGE_CURVE('',#4844,#4854,#4856,.T.);
#4854 = VERTEX_POINT('',#4855);
#4855 = CARTESIAN_POINT('',(21.4,-2.,8.));
#4856 = LINE('',#4857,#4858);
#4857 = CARTESIAN_POINT('',(21.4,-2.,2.));
#4858 = VECTOR('',#4859,1.);
#4859 = DIRECTION('',(-0.,0.,-1.));
#4860 = ORIENTED_EDGE('',*,*,#4861,.T.);
#4861 = EDGE_CURVE('',#4854,#4862,#4864,.T.);
#4862 = VERTEX_POINT('',#4863);
#4863 = CARTESIAN_POINT('',(23.,-2.,8.));
#4864 = LINE('',#4865,#4866);
#4865 = CARTESIAN_POINT('',(10.2,-2.,8.));
#4866 = VECTOR('',#4867,1.);
#4867 = DIRECTION('',(1.,0.,-0.));
#4868 = ORIENTED_EDGE('',*,*,#4869,.F.);
#4869 = EDGE_CURVE('',#4846,#4862,#4870,.T.);
#4870 = LINE('',#4871,#4872);
#4871 = CARTESIAN_POINT('',(23.,-2.,2.));
#4872 = VECTOR('',#4873,1.);
#4873 = DIRECTION('',(-0.,0.,-1.));
#4874 = FACE_BOUND('',#4875,.T.);
#4875 = EDGE_LOOP('',(#4876,#4887,#4895,#4904,#4912,#4921,#4929,#4938));
#4876 = ORIENTED_EDGE('',*,*,#4877,.F.);
#4877 = EDGE_CURVE('',#4878,#4880,#4882,.T.);
#4878 = VERTEX_POINT('',#4879);
#4879 = CARTESIAN_POINT('',(20.1,-2.,4.26));
#4880 = VERTEX_POINT('',#4881);
#4881 = CARTESIAN_POINT('',(22.1,-2.,6.26));
#4882 = CIRCLE('',#4883,2.);
#4883 = AXIS2_PLACEMENT_3D('',#4884,#4885,#4886);
#4884 = CARTESIAN_POINT('',(22.1,-2.,4.26));
#4885 = DIRECTION('',(-0.,1.,0.));
#4886 = DIRECTION('',(-1.,-0.,0.));
#4887 = ORIENTED_EDGE('',*,*,#4888,.T.);
#4888 = EDGE_CURVE('',#4878,#4889,#4891,.T.);
#4889 = VERTEX_POINT('',#4890);
#4890 = CARTESIAN_POINT('',(20.1,-2.,0.66));
#4891 = LINE('',#4892,#4893);
#4892 = CARTESIAN_POINT('',(20.1,-2.,-2.67));
#4893 = VECTOR('',#4894,1.);
#4894 = DIRECTION('',(-0.,0.,-1.));
#4895 = ORIENTED_EDGE('',*,*,#4896,.F.);
#4896 = EDGE_CURVE('',#4897,#4889,#4899,.T.);
#4897 = VERTEX_POINT('',#4898);
#4898 = CARTESIAN_POINT('',(22.1,-2.,-1.34));
#4899 = CIRCLE('',#4900,2.);
#4900 = AXIS2_PLACEMENT_3D('',#4901,#4902,#4903);
#4901 = CARTESIAN_POINT('',(22.1,-2.,0.66));
#4902 = DIRECTION('',(-0.,1.,0.));
#4903 = DIRECTION('',(-1.,-0.,0.));
#4904 = ORIENTED_EDGE('',*,*,#4905,.T.);
#4905 = EDGE_CURVE('',#4897,#4906,#4908,.T.);
#4906 = VERTEX_POINT('',#4907);
#4907 = CARTESIAN_POINT('',(29.5,-2.,-1.34));
#4908 = LINE('',#4909,#4910);
#4909 = CARTESIAN_POINT('',(9.55,-2.,-1.34));
#4910 = VECTOR('',#4911,1.);
#4911 = DIRECTION('',(1.,0.,-0.));
#4912 = ORIENTED_EDGE('',*,*,#4913,.F.);
#4913 = EDGE_CURVE('',#4914,#4906,#4916,.T.);
#4914 = VERTEX_POINT('',#4915);
#4915 = CARTESIAN_POINT('',(31.5,-2.,0.66));
#4916 = CIRCLE('',#4917,2.);
#4917 = AXIS2_PLACEMENT_3D('',#4918,#4919,#4920);
#4918 = CARTESIAN_POINT('',(29.5,-2.,0.66));
#4919 = DIRECTION('',(0.,1.,0.));
#4920 = DIRECTION('',(1.,0.,-0.));
#4921 = ORIENTED_EDGE('',*,*,#4922,.F.);
#4922 = EDGE_CURVE('',#4923,#4914,#4925,.T.);
#4923 = VERTEX_POINT('',#4924);
#4924 = CARTESIAN_POINT('',(31.5,-2.,4.26));
#4925 = LINE('',#4926,#4927);
#4926 = CARTESIAN_POINT('',(31.5,-2.,-2.67));
#4927 = VECTOR('',#4928,1.);
#4928 = DIRECTION('',(-0.,0.,-1.));
#4929 = ORIENTED_EDGE('',*,*,#4930,.F.);
#4930 = EDGE_CURVE('',#4931,#4923,#4933,.T.);
#4931 = VERTEX_POINT('',#4932);
#4932 = CARTESIAN_POINT('',(29.5,-2.,6.26));
#4933 = CIRCLE('',#4934,2.);
#4934 = AXIS2_PLACEMENT_3D('',#4935,#4936,#4937);
#4935 = CARTESIAN_POINT('',(29.5,-2.,4.26));
#4936 = DIRECTION('',(0.,1.,0.));
#4937 = DIRECTION('',(1.,0.,-0.));
#4938 = ORIENTED_EDGE('',*,*,#4939,.F.);
#4939 = EDGE_CURVE('',#4880,#4931,#4940,.T.);
#4940 = LINE('',#4941,#4942);
#4941 = CARTESIAN_POINT('',(9.55,-2.,6.26));
#4942 = VECTOR('',#4943,1.);
#4943 = DIRECTION('',(1.,0.,-0.));
#4944 = FACE_BOUND('',#4945,.T.);
#4945 = EDGE_LOOP('',(#4946,#4957,#4965,#4974,#4982,#4991,#4999,#5008));
#4946 = ORIENTED_EDGE('',*,*,#4947,.F.);
#4947 = EDGE_CURVE('',#4948,#4950,#4952,.T.);
#4948 = VERTEX_POINT('',#4949);
#4949 = CARTESIAN_POINT('',(33.5,-2.,4.26));
#4950 = VERTEX_POINT('',#4951);
#4951 = CARTESIAN_POINT('',(35.5,-2.,6.26));
#4952 = CIRCLE('',#4953,2.);
#4953 = AXIS2_PLACEMENT_3D('',#4954,#4955,#4956);
#4954 = CARTESIAN_POINT('',(35.5,-2.,4.26));
#4955 = DIRECTION('',(-0.,1.,0.));
#4956 = DIRECTION('',(-1.,-0.,0.));
#4957 = ORIENTED_EDGE('',*,*,#4958,.T.);
#4958 = EDGE_CURVE('',#4948,#4959,#4961,.T.);
#4959 = VERTEX_POINT('',#4960);
#4960 = CARTESIAN_POINT('',(33.5,-2.,0.66));
#4961 = LINE('',#4962,#4963);
#4962 = CARTESIAN_POINT('',(33.5,-2.,-2.67));
#4963 = VECTOR('',#4964,1.);
#4964 = DIRECTION('',(-0.,0.,-1.));
#4965 = ORIENTED_EDGE('',*,*,#4966,.F.);
#4966 = EDGE_CURVE('',#4967,#4959,#4969,.T.);
#4967 = VERTEX_POINT('',#4968);
#4968 = CARTESIAN_POINT('',(35.5,-2.,-1.34));
#4969 = CIRCLE('',#4970,2.);
#4970 = AXIS2_PLACEMENT_3D('',#4971,#4972,#4973);
#4971 = CARTESIAN_POINT('',(35.5,-2.,0.66));
#4972 = DIRECTION('',(-0.,1.,0.));
#4973 = DIRECTION('',(-1.,-0.,0.));
#4974 = ORIENTED_EDGE('',*,*,#4975,.T.);
#4975 = EDGE_CURVE('',#4967,#4976,#4978,.T.);
#4976 = VERTEX_POINT('',#4977);
#4977 = CARTESIAN_POINT('',(42.9,-2.,-1.34));
#4978 = LINE('',#4979,#4980);
#4979 = CARTESIAN_POINT('',(16.25,-2.,-1.34));
#4980 = VECTOR('',#4981,1.);
#4981 = DIRECTION('',(1.,0.,-0.));
#4982 = ORIENTED_EDGE('',*,*,#4983,.F.);
#4983 = EDGE_CURVE('',#4984,#4976,#4986,.T.);
#4984 = VERTEX_POINT('',#4985);
#4985 = CARTESIAN_POINT('',(44.9,-2.,0.66));
#4986 = CIRCLE('',#4987,2.);
#4987 = AXIS2_PLACEMENT_3D('',#4988,#4989,#4990);
#4988 = CARTESIAN_POINT('',(42.9,-2.,0.66));
#4989 = DIRECTION('',(0.,1.,0.));
#4990 = DIRECTION('',(1.,0.,-0.));
#4991 = ORIENTED_EDGE('',*,*,#4992,.F.);
#4992 = EDGE_CURVE('',#4993,#4984,#4995,.T.);
#4993 = VERTEX_POINT('',#4994);
#4994 = CARTESIAN_POINT('',(44.9,-2.,4.26));
#4995 = LINE('',#4996,#4997);
#4996 = CARTESIAN_POINT('',(44.9,-2.,-2.67));
#4997 = VECTOR('',#4998,1.);
#4998 = DIRECTION('',(-0.,0.,-1.));
#4999 = ORIENTED_EDGE('',*,*,#5000,.F.);
#5000 = EDGE_CURVE('',#5001,#4993,#5003,.T.);
#5001 = VERTEX_POINT('',#5002);
#5002 = CARTESIAN_POINT('',(42.9,-2.,6.26));
#5003 = CIRCLE('',#5004,2.);
#5004 = AXIS2_PLACEMENT_3D('',#5005,#5006,#5007);
#5005 = CARTESIAN_POINT('',(42.9,-2.,4.26));
#5006 = DIRECTION('',(0.,1.,0.));
#5007 = DIRECTION('',(1.,0.,-0.));
#5008 = ORIENTED_EDGE('',*,*,#5009,.F.);
#5009 = EDGE_CURVE('',#4950,#5001,#5010,.T.);
#5010 = LINE('',#5011,#5012);
#5011 = CARTESIAN_POINT('',(16.25,-2.,6.26));
#5012 = VECTOR('',#5013,1.);
#5013 = DIRECTION('',(1.,0.,-0.));
#5014 = FACE_BOUND('',#5015,.T.);
#5015 = EDGE_LOOP('',(#5016,#5026,#5034,#5042));
#5016 = ORIENTED_EDGE('',*,*,#5017,.F.);
#5017 = EDGE_CURVE('',#5018,#5020,#5022,.T.);
#5018 = VERTEX_POINT('',#5019);
#5019 = CARTESIAN_POINT('',(24.8,-2.,14.5));
#5020 = VERTEX_POINT('',#5021);
#5021 = CARTESIAN_POINT('',(26.4,-2.,14.5));
#5022 = LINE('',#5023,#5024);
#5023 = CARTESIAN_POINT('',(11.9,-2.,14.5));
#5024 = VECTOR('',#5025,1.);
#5025 = DIRECTION('',(1.,0.,-0.));
#5026 = ORIENTED_EDGE('',*,*,#5027,.T.);
#5027 = EDGE_CURVE('',#5018,#5028,#5030,.T.);
#5028 = VERTEX_POINT('',#5029);
#5029 = CARTESIAN_POINT('',(24.8,-2.,8.));
#5030 = LINE('',#5031,#5032);
#5031 = CARTESIAN_POINT('',(24.8,-2.,2.));
#5032 = VECTOR('',#5033,1.);
#5033 = DIRECTION('',(-0.,0.,-1.));
#5034 = ORIENTED_EDGE('',*,*,#5035,.T.);
#5035 = EDGE_CURVE('',#5028,#5036,#5038,.T.);
#5036 = VERTEX_POINT('',#5037);
#5037 = CARTESIAN_POINT('',(26.4,-2.,8.));
#5038 = LINE('',#5039,#5040);
#5039 = CARTESIAN_POINT('',(11.9,-2.,8.));
#5040 = VECTOR('',#5041,1.);
#5041 = DIRECTION('',(1.,0.,-0.));
#5042 = ORIENTED_EDGE('',*,*,#5043,.F.);
#5043 = EDGE_CURVE('',#5020,#5036,#5044,.T.);
#5044 = LINE('',#5045,#5046);
#5045 = CARTESIAN_POINT('',(26.4,-2.,2.));
#5046 = VECTOR('',#5047,1.);
#5047 = DIRECTION('',(-0.,0.,-1.));
#5048 = FACE_BOUND('',#5049,.T.);
#5049 = EDGE_LOOP('',(#5050,#5060,#5068,#5076));
#5050 = ORIENTED_EDGE('',*,*,#5051,.F.);
#5051 = EDGE_CURVE('',#5052,#5054,#5056,.T.);
#5052 = VERTEX_POINT('',#5053);
#5053 = CARTESIAN_POINT('',(28.2,-2.,14.5));
#5054 = VERTEX_POINT('',#5055);
#5055 = CARTESIAN_POINT('',(29.8,-2.,14.5));
#5056 = LINE('',#5057,#5058);
#5057 = CARTESIAN_POINT('',(13.6,-2.,14.5));
#5058 = VECTOR('',#5059,1.);
#5059 = DIRECTION('',(1.,0.,-0.));
#5060 = ORIENTED_EDGE('',*,*,#5061,.T.);
#5061 = EDGE_CURVE('',#5052,#5062,#5064,.T.);
#5062 = VERTEX_POINT('',#5063);
#5063 = CARTESIAN_POINT('',(28.2,-2.,8.));
#5064 = LINE('',#5065,#5066);
#5065 = CARTESIAN_POINT('',(28.2,-2.,2.));
#5066 = VECTOR('',#5067,1.);
#5067 = DIRECTION('',(-0.,0.,-1.));
#5068 = ORIENTED_EDGE('',*,*,#5069,.T.);
#5069 = EDGE_CURVE('',#5062,#5070,#5072,.T.);
#5070 = VERTEX_POINT('',#5071);
#5071 = CARTESIAN_POINT('',(29.8,-2.,8.));
#5072 = LINE('',#5073,#5074);
#5073 = CARTESIAN_POINT('',(13.6,-2.,8.));
#5074 = VECTOR('',#5075,1.);
#5075 = DIRECTION('',(1.,0.,-0.));
#5076 = ORIENTED_EDGE('',*,*,#5077,.F.);
#5077 = EDGE_CURVE('',#5054,#5070,#5078,.T.);
#5078 = LINE('',#5079,#5080);
#5079 = CARTESIAN_POINT('',(29.8,-2.,2.));
#5080 = VECTOR('',#5081,1.);
#5081 = DIRECTION('',(-0.,0.,-1.));
#5082 = FACE_BOUND('',#5083,.T.);
#5083 = EDGE_LOOP('',(#5084,#5094,#5102,#5110));
#5084 = ORIENTED_EDGE('',*,*,#5085,.F.);
#5085 = EDGE_CURVE('',#5086,#5088,#5090,.T.);
#5086 = VERTEX_POINT('',#5087);
#5087 = CARTESIAN_POINT('',(31.6,-2.,14.5));
#5088 = VERTEX_POINT('',#5089);
#5089 = CARTESIAN_POINT('',(33.2,-2.,14.5));
#5090 = LINE('',#5091,#5092);
#5091 = CARTESIAN_POINT('',(15.3,-2.,14.5));
#5092 = VECTOR('',#5093,1.);
#5093 = DIRECTION('',(1.,0.,-0.));
#5094 = ORIENTED_EDGE('',*,*,#5095,.T.);
#5095 = EDGE_CURVE('',#5086,#5096,#5098,.T.);
#5096 = VERTEX_POINT('',#5097);
#5097 = CARTESIAN_POINT('',(31.6,-2.,8.));
#5098 = LINE('',#5099,#5100);
#5099 = CARTESIAN_POINT('',(31.6,-2.,2.));
#5100 = VECTOR('',#5101,1.);
#5101 = DIRECTION('',(-0.,0.,-1.));
#5102 = ORIENTED_EDGE('',*,*,#5103,.T.);
#5103 = EDGE_CURVE('',#5096,#5104,#5106,.T.);
#5104 = VERTEX_POINT('',#5105);
#5105 = CARTESIAN_POINT('',(33.2,-2.,8.));
#5106 = LINE('',#5107,#5108);
#5107 = CARTESIAN_POINT('',(15.3,-2.,8.));
#5108 = VECTOR('',#5109,1.);
#5109 = DIRECTION('',(1.,0.,-0.));
#5110 = ORIENTED_EDGE('',*,*,#5111,.F.);
#5111 = EDGE_CURVE('',#5088,#5104,#5112,.T.);
#5112 = LINE('',#5113,#5114);
#5113 = CARTESIAN_POINT('',(33.2,-2.,2.));
#5114 = VECTOR('',#5115,1.);
#5115 = DIRECTION('',(-0.,0.,-1.));
#5116 = FACE_BOUND('',#5117,.T.);
#5117 = EDGE_LOOP('',(#5118,#5128,#5136,#5144));
#5118 = ORIENTED_EDGE('',*,*,#5119,.F.);
#5119 = EDGE_CURVE('',#5120,#5122,#5124,.T.);
#5120 = VERTEX_POINT('',#5121);
#5121 = CARTESIAN_POINT('',(35.,-2.,14.5));
#5122 = VERTEX_POINT('',#5123);
#5123 = CARTESIAN_POINT('',(36.6,-2.,14.5));
#5124 = LINE('',#5125,#5126);
#5125 = CARTESIAN_POINT('',(17.,-2.,14.5));
#5126 = VECTOR('',#5127,1.);
#5127 = DIRECTION('',(1.,0.,-0.));
#5128 = ORIENTED_EDGE('',*,*,#5129,.T.);
#5129 = EDGE_CURVE('',#5120,#5130,#5132,.T.);
#5130 = VERTEX_POINT('',#5131);
#5131 = CARTESIAN_POINT('',(35.,-2.,8.));
#5132 = LINE('',#5133,#5134);
#5133 = CARTESIAN_POINT('',(35.,-2.,2.));
#5134 = VECTOR('',#5135,1.);
#5135 = DIRECTION('',(-0.,0.,-1.));
#5136 = ORIENTED_EDGE('',*,*,#5137,.T.);
#5137 = EDGE_CURVE('',#5130,#5138,#5140,.T.);
#5138 = VERTEX_POINT('',#5139);
#5139 = CARTESIAN_POINT('',(36.6,-2.,8.));
#5140 = LINE('',#5141,#5142);
#5141 = CARTESIAN_POINT('',(17.,-2.,8.));
#5142 = VECTOR('',#5143,1.);
#5143 = DIRECTION('',(1.,0.,-0.));
#5144 = ORIENTED_EDGE('',*,*,#5145,.F.);
#5145 = EDGE_CURVE('',#5122,#5138,#5146,.T.);
#5146 = LINE('',#5147,#5148);
#5147 = CARTESIAN_POINT('',(36.6,-2.,2.));
#5148 = VECTOR('',#5149,1.);
#5149 = DIRECTION('',(-0.,0.,-1.));
#5150 = FACE_BOUND('',#5151,.T.);
#5151 = EDGE_LOOP('',(#5152,#5162,#5170,#5178));
#5152 = ORIENTED_EDGE('',*,*,#5153,.F.);
#5153 = EDGE_CURVE('',#5154,#5156,#5158,.T.);
#5154 = VERTEX_POINT('',#5155);
#5155 = CARTESIAN_POINT('',(38.4,-2.,14.5));
#5156 = VERTEX_POINT('',#5157);
#5157 = CARTESIAN_POINT('',(40.,-2.,14.5));
#5158 = LINE('',#5159,#5160);
#5159 = CARTESIAN_POINT('',(18.7,-2.,14.5));
#5160 = VECTOR('',#5161,1.);
#5161 = DIRECTION('',(1.,0.,-0.));
#5162 = ORIENTED_EDGE('',*,*,#5163,.T.);
#5163 = EDGE_CURVE('',#5154,#5164,#5166,.T.);
#5164 = VERTEX_POINT('',#5165);
#5165 = CARTESIAN_POINT('',(38.4,-2.,8.));
#5166 = LINE('',#5167,#5168);
#5167 = CARTESIAN_POINT('',(38.4,-2.,2.));
#5168 = VECTOR('',#5169,1.);
#5169 = DIRECTION('',(-0.,0.,-1.));
#5170 = ORIENTED_EDGE('',*,*,#5171,.T.);
#5171 = EDGE_CURVE('',#5164,#5172,#5174,.T.);
#5172 = VERTEX_POINT('',#5173);
#5173 = CARTESIAN_POINT('',(40.,-2.,8.));
#5174 = LINE('',#5175,#5176);
#5175 = CARTESIAN_POINT('',(18.7,-2.,8.));
#5176 = VECTOR('',#5177,1.);
#5177 = DIRECTION('',(1.,0.,-0.));
#5178 = ORIENTED_EDGE('',*,*,#5179,.F.);
#5179 = EDGE_CURVE('',#5156,#5172,#5180,.T.);
#5180 = LINE('',#5181,#5182);
#5181 = CARTESIAN_POINT('',(40.,-2.,2.));
#5182 = VECTOR('',#5183,1.);
#5183 = DIRECTION('',(-0.,0.,-1.));
#5184 = FACE_BOUND('',#5185,.T.);
#5185 = EDGE_LOOP('',(#5186,#5196,#5204,#5212));
#5186 = ORIENTED_EDGE('',*,*,#5187,.F.);
#5187 = EDGE_CURVE('',#5188,#5190,#5192,.T.);
#5188 = VERTEX_POINT('',#5189);
#5189 = CARTESIAN_POINT('',(41.8,-2.,14.5));
#5190 = VERTEX_POINT('',#5191);
#5191 = CARTESIAN_POINT('',(43.4,-2.,14.5));
#5192 = LINE('',#5193,#5194);
#5193 = CARTESIAN_POINT('',(20.4,-2.,14.5));
#5194 = VECTOR('',#5195,1.);
#5195 = DIRECTION('',(1.,0.,-0.));
#5196 = ORIENTED_EDGE('',*,*,#5197,.T.);
#5197 = EDGE_CURVE('',#5188,#5198,#5200,.T.);
#5198 = VERTEX_POINT('',#5199);
#5199 = CARTESIAN_POINT('',(41.8,-2.,8.));
#5200 = LINE('',#5201,#5202);
#5201 = CARTESIAN_POINT('',(41.8,-2.,2.));
#5202 = VECTOR('',#5203,1.);
#5203 = DIRECTION('',(-0.,0.,-1.));
#5204 = ORIENTED_EDGE('',*,*,#5205,.T.);
#5205 = EDGE_CURVE('',#5198,#5206,#5208,.T.);
#5206 = VERTEX_POINT('',#5207);
#5207 = CARTESIAN_POINT('',(43.4,-2.,8.));
#5208 = LINE('',#5209,#5210);
#5209 = CARTESIAN_POINT('',(20.4,-2.,8.));
#5210 = VECTOR('',#5211,1.);
#5211 = DIRECTION('',(1.,0.,-0.));
#5212 = ORIENTED_EDGE('',*,*,#5213,.F.);
#5213 = EDGE_CURVE('',#5190,#5206,#5214,.T.);
#5214 = LINE('',#5215,#5216);
#5215 = CARTESIAN_POINT('',(43.4,-2.,2.));
#5216 = VECTOR('',#5217,1.);
#5217 = DIRECTION('',(-0.,0.,-1.));
#5218 = PLANE('',#5219);
#5219 = AXIS2_PLACEMENT_3D('',#5220,#5221,#5222);
#5220 = CARTESIAN_POINT('',(-1.,-2.,-4.));
#5221 = DIRECTION('',(-0.,1.,0.));
#5222 = DIRECTION('',(0.,0.,1.));
#5223 = ADVANCED_FACE('',(#5224),#5251,.F.);
#5224 = FACE_BOUND('',#5225,.T.);
#5225 = EDGE_LOOP('',(#5226,#5236,#5243,#5244));
#5226 = ORIENTED_EDGE('',*,*,#5227,.F.);
#5227 = EDGE_CURVE('',#5228,#5230,#5232,.T.);
#5228 = VERTEX_POINT('',#5229);
#5229 = CARTESIAN_POINT('',(86.,-4.440892098501E-16,-4.));
#5230 = VERTEX_POINT('',#5231);
#5231 = CARTESIAN_POINT('',(86.,-4.440892098501E-16,21.35));
#5232 = LINE('',#5233,#5234);
#5233 = CARTESIAN_POINT('',(86.,-4.440892098501E-16,-4.));
#5234 = VECTOR('',#5235,1.);
#5235 = DIRECTION('',(0.,0.,1.));
#5236 = ORIENTED_EDGE('',*,*,#5237,.T.);
#5237 = EDGE_CURVE('',#5228,#4556,#5238,.T.);
#5238 = CIRCLE('',#5239,2.);
#5239 = AXIS2_PLACEMENT_3D('',#5240,#5241,#5242);
#5240 = CARTESIAN_POINT('',(84.,-4.440892098501E-16,-4.));
#5241 = DIRECTION('',(-0.,-0.,-1.));
#5242 = DIRECTION('',(0.,-1.,0.));
#5243 = ORIENTED_EDGE('',*,*,#4595,.T.);
#5244 = ORIENTED_EDGE('',*,*,#5245,.T.);
#5245 = EDGE_CURVE('',#4588,#5230,#5246,.T.);
#5246 = CIRCLE('',#5247,2.);
#5247 = AXIS2_PLACEMENT_3D('',#5248,#5249,#5250);
#5248 = CARTESIAN_POINT('',(84.,-4.440892098501E-16,21.35));
#5249 = DIRECTION('',(0.,0.,1.));
#5250 = DIRECTION('',(1.,0.,-0.));
#5251 = CYLINDRICAL_SURFACE('',#5252,2.);
#5252 = AXIS2_PLACEMENT_3D('',#5253,#5254,#5255);
#5253 = CARTESIAN_POINT('',(84.,-4.440892098501E-16,-4.));
#5254 = DIRECTION('',(0.,0.,1.));
#5255 = DIRECTION('',(1.,0.,-0.));
#5256 = ADVANCED_FACE('',(#5257,#5282,#5352,#5422),#5542,.F.);
#5257 = FACE_BOUND('',#5258,.F.);
#5258 = EDGE_LOOP('',(#5259,#5267,#5268,#5276));
#5259 = ORIENTED_EDGE('',*,*,#5260,.F.);
#5260 = EDGE_CURVE('',#5230,#5261,#5263,.T.);
#5261 = VERTEX_POINT('',#5262);
#5262 = CARTESIAN_POINT('',(86.,61.5,21.35));
#5263 = LINE('',#5264,#5265);
#5264 = CARTESIAN_POINT('',(86.,-3.,21.35));
#5265 = VECTOR('',#5266,1.);
#5266 = DIRECTION('',(-0.,1.,0.));
#5267 = ORIENTED_EDGE('',*,*,#5227,.F.);
#5268 = ORIENTED_EDGE('',*,*,#5269,.T.);
#5269 = EDGE_CURVE('',#5228,#5270,#5272,.T.);
#5270 = VERTEX_POINT('',#5271);
#5271 = CARTESIAN_POINT('',(86.,61.5,-4.));
#5272 = LINE('',#5273,#5274);
#5273 = CARTESIAN_POINT('',(86.,-2.,-4.));
#5274 = VECTOR('',#5275,1.);
#5275 = DIRECTION('',(-0.,1.,0.));
#5276 = ORIENTED_EDGE('',*,*,#5277,.T.);
#5277 = EDGE_CURVE('',#5270,#5261,#5278,.T.);
#5278 = LINE('',#5279,#5280);
#5279 = CARTESIAN_POINT('',(86.,61.5,-4.));
#5280 = VECTOR('',#5281,1.);
#5281 = DIRECTION('',(0.,0.,1.));
#5282 = FACE_BOUND('',#5283,.F.);
#5283 = EDGE_LOOP('',(#5284,#5295,#5303,#5312,#5320,#5329,#5337,#5346));
#5284 = ORIENTED_EDGE('',*,*,#5285,.F.);
#5285 = EDGE_CURVE('',#5286,#5288,#5290,.T.);
#5286 = VERTEX_POINT('',#5287);
#5287 = CARTESIAN_POINT('',(86.,39.3,0.18));
#5288 = VERTEX_POINT('',#5289);
#5289 = CARTESIAN_POINT('',(86.,40.1,-0.62));
#5290 = CIRCLE('',#5291,0.8);
#5291 = AXIS2_PLACEMENT_3D('',#5292,#5293,#5294);
#5292 = CARTESIAN_POINT('',(86.,40.1,0.18));
#5293 = DIRECTION('',(1.,0.,0.));
#5294 = DIRECTION('',(0.,-1.,0.));
#5295 = ORIENTED_EDGE('',*,*,#5296,.T.);
#5296 = EDGE_CURVE('',#5286,#5297,#5299,.T.);
#5297 = VERTEX_POINT('',#5298);
#5298 = CARTESIAN_POINT('',(86.,39.3,17.01));
#5299 = LINE('',#5300,#5301);
#5300 = CARTESIAN_POINT('',(86.,39.3,-2.31));
#5301 = VECTOR('',#5302,1.);
#5302 = DIRECTION('',(0.,0.,1.));
#5303 = ORIENTED_EDGE('',*,*,#5304,.F.);
#5304 = EDGE_CURVE('',#5305,#5297,#5307,.T.);
#5305 = VERTEX_POINT('',#5306);
#5306 = CARTESIAN_POINT('',(86.,40.1,17.81));
#5307 = CIRCLE('',#5308,0.8);
#5308 = AXIS2_PLACEMENT_3D('',#5309,#5310,#5311);
#5309 = CARTESIAN_POINT('',(86.,40.1,17.01));
#5310 = DIRECTION('',(1.,0.,0.));
#5311 = DIRECTION('',(0.,-1.,0.));
#5312 = ORIENTED_EDGE('',*,*,#5313,.F.);
#5313 = EDGE_CURVE('',#5314,#5305,#5316,.T.);
#5314 = VERTEX_POINT('',#5315);
#5315 = CARTESIAN_POINT('',(86.,53.9,17.81));
#5316 = LINE('',#5317,#5318);
#5317 = CARTESIAN_POINT('',(86.,18.65,17.81));
#5318 = VECTOR('',#5319,1.);
#5319 = DIRECTION('',(0.,-1.,0.));
#5320 = ORIENTED_EDGE('',*,*,#5321,.F.);
#5321 = EDGE_CURVE('',#5322,#5314,#5324,.T.);
#5322 = VERTEX_POINT('',#5323);
#5323 = CARTESIAN_POINT('',(86.,54.7,17.01));
#5324 = CIRCLE('',#5325,0.8);
#5325 = AXIS2_PLACEMENT_3D('',#5326,#5327,#5328);
#5326 = CARTESIAN_POINT('',(86.,53.9,17.01));
#5327 = DIRECTION('',(1.,0.,-0.));
#5328 = DIRECTION('',(0.,1.,0.));
#5329 = ORIENTED_EDGE('',*,*,#5330,.F.);
#5330 = EDGE_CURVE('',#5331,#5322,#5333,.T.);
#5331 = VERTEX_POINT('',#5332);
#5332 = CARTESIAN_POINT('',(86.,54.7,0.18));
#5333 = LINE('',#5334,#5335);
#5334 = CARTESIAN_POINT('',(86.,54.7,-2.31));
#5335 = VECTOR('',#5336,1.);
#5336 = DIRECTION('',(0.,0.,1.));
#5337 = ORIENTED_EDGE('',*,*,#5338,.F.);
#5338 = EDGE_CURVE('',#5339,#5331,#5341,.T.);
#5339 = VERTEX_POINT('',#5340);
#5340 = CARTESIAN_POINT('',(86.,53.9,-0.62));
#5341 = CIRCLE('',#5342,0.8);
#5342 = AXIS2_PLACEMENT_3D('',#5343,#5344,#5345);
#5343 = CARTESIAN_POINT('',(86.,53.9,0.18));
#5344 = DIRECTION('',(1.,0.,-0.));
#5345 = DIRECTION('',(0.,1.,0.));
#5346 = ORIENTED_EDGE('',*,*,#5347,.T.);
#5347 = EDGE_CURVE('',#5339,#5288,#5348,.T.);
#5348 = LINE('',#5349,#5350);
#5349 = CARTESIAN_POINT('',(86.,18.65,-0.62));
#5350 = VECTOR('',#5351,1.);
#5351 = DIRECTION('',(0.,-1.,0.));
#5352 = FACE_BOUND('',#5353,.F.);
#5353 = EDGE_LOOP('',(#5354,#5365,#5373,#5382,#5390,#5399,#5407,#5416));
#5354 = ORIENTED_EDGE('',*,*,#5355,.F.);
#5355 = EDGE_CURVE('',#5356,#5358,#5360,.T.);
#5356 = VERTEX_POINT('',#5357);
#5357 = CARTESIAN_POINT('',(86.,21.3,0.19));
#5358 = VERTEX_POINT('',#5359);
#5359 = CARTESIAN_POINT('',(86.,22.1,-0.61));
#5360 = CIRCLE('',#5361,0.8);
#5361 = AXIS2_PLACEMENT_3D('',#5362,#5363,#5364);
#5362 = CARTESIAN_POINT('',(86.,22.1,0.19));
#5363 = DIRECTION('',(1.,0.,0.));
#5364 = DIRECTION('',(0.,-1.,0.));
#5365 = ORIENTED_EDGE('',*,*,#5366,.T.);
#5366 = EDGE_CURVE('',#5356,#5367,#5369,.T.);
#5367 = VERTEX_POINT('',#5368);
#5368 = CARTESIAN_POINT('',(86.,21.3,17.18));
#5369 = LINE('',#5370,#5371);
#5370 = CARTESIAN_POINT('',(86.,21.3,-2.305));
#5371 = VECTOR('',#5372,1.);
#5372 = DIRECTION('',(0.,0.,1.));
#5373 = ORIENTED_EDGE('',*,*,#5374,.F.);
#5374 = EDGE_CURVE('',#5375,#5367,#5377,.T.);
#5375 = VERTEX_POINT('',#5376);
#5376 = CARTESIAN_POINT('',(86.,22.1,17.98));
#5377 = CIRCLE('',#5378,0.8);
#5378 = AXIS2_PLACEMENT_3D('',#5379,#5380,#5381);
#5379 = CARTESIAN_POINT('',(86.,22.1,17.18));
#5380 = DIRECTION('',(1.,0.,0.));
#5381 = DIRECTION('',(0.,-1.,0.));
#5382 = ORIENTED_EDGE('',*,*,#5383,.F.);
#5383 = EDGE_CURVE('',#5384,#5375,#5386,.T.);
#5384 = VERTEX_POINT('',#5385);
#5385 = CARTESIAN_POINT('',(86.,35.9,17.98));
#5386 = LINE('',#5387,#5388);
#5387 = CARTESIAN_POINT('',(86.,9.65,17.98));
#5388 = VECTOR('',#5389,1.);
#5389 = DIRECTION('',(0.,-1.,0.));
#5390 = ORIENTED_EDGE('',*,*,#5391,.F.);
#5391 = EDGE_CURVE('',#5392,#5384,#5394,.T.);
#5392 = VERTEX_POINT('',#5393);
#5393 = CARTESIAN_POINT('',(86.,36.7,17.18));
#5394 = CIRCLE('',#5395,0.8);
#5395 = AXIS2_PLACEMENT_3D('',#5396,#5397,#5398);
#5396 = CARTESIAN_POINT('',(86.,35.9,17.18));
#5397 = DIRECTION('',(1.,0.,-0.));
#5398 = DIRECTION('',(0.,1.,0.));
#5399 = ORIENTED_EDGE('',*,*,#5400,.F.);
#5400 = EDGE_CURVE('',#5401,#5392,#5403,.T.);
#5401 = VERTEX_POINT('',#5402);
#5402 = CARTESIAN_POINT('',(86.,36.7,0.19));
#5403 = LINE('',#5404,#5405);
#5404 = CARTESIAN_POINT('',(86.,36.7,-2.305));
#5405 = VECTOR('',#5406,1.);
#5406 = DIRECTION('',(0.,0.,1.));
#5407 = ORIENTED_EDGE('',*,*,#5408,.F.);
#5408 = EDGE_CURVE('',#5409,#5401,#5411,.T.);
#5409 = VERTEX_POINT('',#5410);
#5410 = CARTESIAN_POINT('',(86.,35.9,-0.61));
#5411 = CIRCLE('',#5412,0.8);
#5412 = AXIS2_PLACEMENT_3D('',#5413,#5414,#5415);
#5413 = CARTESIAN_POINT('',(86.,35.9,0.19));
#5414 = DIRECTION('',(1.,0.,-0.));
#5415 = DIRECTION('',(0.,1.,0.));
#5416 = ORIENTED_EDGE('',*,*,#5417,.T.);
#5417 = EDGE_CURVE('',#5409,#5358,#5418,.T.);
#5418 = LINE('',#5419,#5420);
#5419 = CARTESIAN_POINT('',(86.,9.65,-0.61));
#5420 = VECTOR('',#5421,1.);
#5421 = DIRECTION('',(0.,-1.,0.));
#5422 = FACE_BOUND('',#5423,.F.);
#5423 = EDGE_LOOP('',(#5424,#5435,#5443,#5452,#5460,#5469,#5477,#5485,
    #5494,#5502,#5511,#5519,#5527,#5536));
#5424 = ORIENTED_EDGE('',*,*,#5425,.F.);
#5425 = EDGE_CURVE('',#5426,#5428,#5430,.T.);
#5426 = VERTEX_POINT('',#5427);
#5427 = CARTESIAN_POINT('',(86.,1.83,-0.31));
#5428 = VERTEX_POINT('',#5429);
#5429 = CARTESIAN_POINT('',(86.,2.63,-1.11));
#5430 = CIRCLE('',#5431,0.8);
#5431 = AXIS2_PLACEMENT_3D('',#5432,#5433,#5434);
#5432 = CARTESIAN_POINT('',(86.,2.63,-0.31));
#5433 = DIRECTION('',(1.,0.,0.));
#5434 = DIRECTION('',(0.,-1.,0.));
#5435 = ORIENTED_EDGE('',*,*,#5436,.T.);
#5436 = EDGE_CURVE('',#5426,#5437,#5439,.T.);
#5437 = VERTEX_POINT('',#5438);
#5438 = CARTESIAN_POINT('',(86.,1.83,14.29));
#5439 = LINE('',#5440,#5441);
#5440 = CARTESIAN_POINT('',(86.,1.83,-2.555));
#5441 = VECTOR('',#5442,1.);
#5442 = DIRECTION('',(0.,0.,1.));
#5443 = ORIENTED_EDGE('',*,*,#5444,.F.);
#5444 = EDGE_CURVE('',#5445,#5437,#5447,.T.);
#5445 = VERTEX_POINT('',#5446);
#5446 = CARTESIAN_POINT('',(86.,2.63,15.09));
#5447 = CIRCLE('',#5448,0.8);
#5448 = AXIS2_PLACEMENT_3D('',#5449,#5450,#5451);
#5449 = CARTESIAN_POINT('',(86.,2.63,14.29));
#5450 = DIRECTION('',(1.,0.,0.));
#5451 = DIRECTION('',(0.,-1.,0.));
#5452 = ORIENTED_EDGE('',*,*,#5453,.F.);
#5453 = EDGE_CURVE('',#5454,#5445,#5456,.T.);
#5454 = VERTEX_POINT('',#5455);
#5455 = CARTESIAN_POINT('',(86.,17.87,15.09));
#5456 = LINE('',#5457,#5458);
#5457 = CARTESIAN_POINT('',(86.,-8.5E-02,15.09));
#5458 = VECTOR('',#5459,1.);
#5459 = DIRECTION('',(0.,-1.,0.));
#5460 = ORIENTED_EDGE('',*,*,#5461,.F.);
#5461 = EDGE_CURVE('',#5462,#5454,#5464,.T.);
#5462 = VERTEX_POINT('',#5463);
#5463 = CARTESIAN_POINT('',(86.,18.67,14.29));
#5464 = CIRCLE('',#5465,0.8);
#5465 = AXIS2_PLACEMENT_3D('',#5466,#5467,#5468);
#5466 = CARTESIAN_POINT('',(86.,17.87,14.29));
#5467 = DIRECTION('',(1.,0.,-0.));
#5468 = DIRECTION('',(0.,1.,0.));
#5469 = ORIENTED_EDGE('',*,*,#5470,.F.);
#5470 = EDGE_CURVE('',#5471,#5462,#5473,.T.);
#5471 = VERTEX_POINT('',#5472);
#5472 = CARTESIAN_POINT('',(86.,18.67,5.94));
#5473 = LINE('',#5474,#5475);
#5474 = CARTESIAN_POINT('',(86.,18.67,-2.555));
#5475 = VECTOR('',#5476,1.);
#5476 = DIRECTION('',(0.,0.,1.));
#5477 = ORIENTED_EDGE('',*,*,#5478,.F.);
#5478 = EDGE_CURVE('',#5479,#5471,#5481,.T.);
#5479 = VERTEX_POINT('',#5480);
#5480 = CARTESIAN_POINT('',(86.,19.45,5.94));
#5481 = LINE('',#5482,#5483);
#5482 = CARTESIAN_POINT('',(86.,5.415,5.94));
#5483 = VECTOR('',#5484,1.);
#5484 = DIRECTION('',(0.,-1.,0.));
#5485 = ORIENTED_EDGE('',*,*,#5486,.F.);
#5486 = EDGE_CURVE('',#5487,#5479,#5489,.T.);
#5487 = VERTEX_POINT('',#5488);
#5488 = CARTESIAN_POINT('',(86.,20.25,5.14));
#5489 = CIRCLE('',#5490,0.8);
#5490 = AXIS2_PLACEMENT_3D('',#5491,#5492,#5493);
#5491 = CARTESIAN_POINT('',(86.,19.45,5.14));
#5492 = DIRECTION('',(1.,0.,-0.));
#5493 = DIRECTION('',(0.,1.,0.));
#5494 = ORIENTED_EDGE('',*,*,#5495,.F.);
#5495 = EDGE_CURVE('',#5496,#5487,#5498,.T.);
#5496 = VERTEX_POINT('',#5497);
#5497 = CARTESIAN_POINT('',(86.,20.25,1.73));
#5498 = LINE('',#5499,#5500);
#5499 = CARTESIAN_POINT('',(86.,20.25,-1.535));
#5500 = VECTOR('',#5501,1.);
#5501 = DIRECTION('',(0.,0.,1.));
#5502 = ORIENTED_EDGE('',*,*,#5503,.F.);
#5503 = EDGE_CURVE('',#5504,#5496,#5506,.T.);
#5504 = VERTEX_POINT('',#5505);
#5505 = CARTESIAN_POINT('',(86.,19.45,0.93));
#5506 = CIRCLE('',#5507,0.8);
#5507 = AXIS2_PLACEMENT_3D('',#5508,#5509,#5510);
#5508 = CARTESIAN_POINT('',(86.,19.45,1.73));
#5509 = DIRECTION('',(1.,0.,-0.));
#5510 = DIRECTION('',(0.,1.,0.));
#5511 = ORIENTED_EDGE('',*,*,#5512,.T.);
#5512 = EDGE_CURVE('',#5504,#5513,#5515,.T.);
#5513 = VERTEX_POINT('',#5514);
#5514 = CARTESIAN_POINT('',(86.,18.67,0.93));
#5515 = LINE('',#5516,#5517);
#5516 = CARTESIAN_POINT('',(86.,5.415,0.93));
#5517 = VECTOR('',#5518,1.);
#5518 = DIRECTION('',(0.,-1.,0.));
#5519 = ORIENTED_EDGE('',*,*,#5520,.F.);
#5520 = EDGE_CURVE('',#5521,#5513,#5523,.T.);
#5521 = VERTEX_POINT('',#5522);
#5522 = CARTESIAN_POINT('',(86.,18.67,-0.31));
#5523 = LINE('',#5524,#5525);
#5524 = CARTESIAN_POINT('',(86.,18.67,-2.555));
#5525 = VECTOR('',#5526,1.);
#5526 = DIRECTION('',(0.,0.,1.));
#5527 = ORIENTED_EDGE('',*,*,#5528,.F.);
#5528 = EDGE_CURVE('',#5529,#5521,#5531,.T.);
#5529 = VERTEX_POINT('',#5530);
#5530 = CARTESIAN_POINT('',(86.,17.87,-1.11));
#5531 = CIRCLE('',#5532,0.8);
#5532 = AXIS2_PLACEMENT_3D('',#5533,#5534,#5535);
#5533 = CARTESIAN_POINT('',(86.,17.87,-0.31));
#5534 = DIRECTION('',(1.,0.,-0.));
#5535 = DIRECTION('',(0.,1.,0.));
#5536 = ORIENTED_EDGE('',*,*,#5537,.T.);
#5537 = EDGE_CURVE('',#5529,#5428,#5538,.T.);
#5538 = LINE('',#5539,#5540);
#5539 = CARTESIAN_POINT('',(86.,-8.5E-02,-1.11));
#5540 = VECTOR('',#5541,1.);
#5541 = DIRECTION('',(0.,-1.,0.));
#5542 = PLANE('',#5543);
#5543 = AXIS2_PLACEMENT_3D('',#5544,#5545,#5546);
#5544 = CARTESIAN_POINT('',(86.,-2.,-4.));
#5545 = DIRECTION('',(1.,0.,-0.));
#5546 = DIRECTION('',(0.,0.,1.));
#5547 = ADVANCED_FACE('',(#5548),#5575,.F.);
#5548 = FACE_BOUND('',#5549,.F.);
#5549 = EDGE_LOOP('',(#5550,#5551,#5560,#5568));
#5550 = ORIENTED_EDGE('',*,*,#5277,.F.);
#5551 = ORIENTED_EDGE('',*,*,#5552,.T.);
#5552 = EDGE_CURVE('',#5270,#5553,#5555,.T.);
#5553 = VERTEX_POINT('',#5554);
#5554 = CARTESIAN_POINT('',(84.,63.5,-4.));
#5555 = CIRCLE('',#5556,2.);
#5556 = AXIS2_PLACEMENT_3D('',#5557,#5558,#5559);
#5557 = CARTESIAN_POINT('',(84.,61.5,-4.));
#5558 = DIRECTION('',(0.,0.,1.));
#5559 = DIRECTION('',(0.,-1.,0.));
#5560 = ORIENTED_EDGE('',*,*,#5561,.T.);
#5561 = EDGE_CURVE('',#5553,#5562,#5564,.T.);
#5562 = VERTEX_POINT('',#5563);
#5563 = CARTESIAN_POINT('',(84.,63.5,21.35));
#5564 = LINE('',#5565,#5566);
#5565 = CARTESIAN_POINT('',(84.,63.5,-4.));
#5566 = VECTOR('',#5567,1.);
#5567 = DIRECTION('',(0.,0.,1.));
#5568 = ORIENTED_EDGE('',*,*,#5569,.F.);
#5569 = EDGE_CURVE('',#5261,#5562,#5570,.T.);
#5570 = CIRCLE('',#5571,2.);
#5571 = AXIS2_PLACEMENT_3D('',#5572,#5573,#5574);
#5572 = CARTESIAN_POINT('',(84.,61.5,21.35));
#5573 = DIRECTION('',(0.,0.,1.));
#5574 = DIRECTION('',(1.,0.,-0.));
#5575 = CYLINDRICAL_SURFACE('',#5576,2.);
#5576 = AXIS2_PLACEMENT_3D('',#5577,#5578,#5579);
#5577 = CARTESIAN_POINT('',(84.,61.5,-4.));
#5578 = DIRECTION('',(0.,0.,1.));
#5579 = DIRECTION('',(1.,0.,-0.));
#5580 = ADVANCED_FACE('',(#5581),#5606,.F.);
#5581 = FACE_BOUND('',#5582,.F.);
#5582 = EDGE_LOOP('',(#5583,#5591,#5599,#5605));
#5583 = ORIENTED_EDGE('',*,*,#5584,.F.);
#5584 = EDGE_CURVE('',#5585,#5553,#5587,.T.);
#5585 = VERTEX_POINT('',#5586);
#5586 = CARTESIAN_POINT('',(50.2,63.5,-4.));
#5587 = LINE('',#5588,#5589);
#5588 = CARTESIAN_POINT('',(-1.,63.5,-4.));
#5589 = VECTOR('',#5590,1.);
#5590 = DIRECTION('',(1.,0.,-0.));
#5591 = ORIENTED_EDGE('',*,*,#5592,.F.);
#5592 = EDGE_CURVE('',#5593,#5585,#5595,.T.);
#5593 = VERTEX_POINT('',#5594);
#5594 = CARTESIAN_POINT('',(50.2,63.5,21.35));
#5595 = LINE('',#5596,#5597);
#5596 = CARTESIAN_POINT('',(50.2,63.5,-4.005));
#5597 = VECTOR('',#5598,1.);
#5598 = DIRECTION('',(-0.,0.,-1.));
#5599 = ORIENTED_EDGE('',*,*,#5600,.F.);
#5600 = EDGE_CURVE('',#5562,#5593,#5601,.T.);
#5601 = LINE('',#5602,#5603);
#5602 = CARTESIAN_POINT('',(-2.,63.5,21.35));
#5603 = VECTOR('',#5604,1.);
#5604 = DIRECTION('',(-1.,-0.,0.));
#5605 = ORIENTED_EDGE('',*,*,#5561,.F.);
#5606 = PLANE('',#5607);
#5607 = AXIS2_PLACEMENT_3D('',#5608,#5609,#5610);
#5608 = CARTESIAN_POINT('',(-1.,63.5,-4.));
#5609 = DIRECTION('',(-0.,1.,0.));
#5610 = DIRECTION('',(0.,0.,1.));
#5611 = ADVANCED_FACE('',(#5612,#5637,#5643,#5649,#5655,#5661,#5667,
    #5673,#5679,#5685,#5691,#5697,#5724,#5729,#5735,#5741,#5747,#5753,
    #5759,#5765,#5771,#5777),#5783,.T.);
#5612 = FACE_BOUND('',#5613,.T.);
#5613 = EDGE_LOOP('',(#5614,#5622,#5623,#5631));
#5614 = ORIENTED_EDGE('',*,*,#5615,.F.);
#5615 = EDGE_CURVE('',#4509,#5616,#5618,.T.);
#5616 = VERTEX_POINT('',#5617);
#5617 = CARTESIAN_POINT('',(-1.,61.5,21.35));
#5618 = LINE('',#5619,#5620);
#5619 = CARTESIAN_POINT('',(-1.,-3.,21.35));
#5620 = VECTOR('',#5621,1.);
#5621 = DIRECTION('',(-0.,1.,0.));
#5622 = ORIENTED_EDGE('',*,*,#4506,.F.);
#5623 = ORIENTED_EDGE('',*,*,#5624,.T.);
#5624 = EDGE_CURVE('',#4507,#5625,#5627,.T.);
#5625 = VERTEX_POINT('',#5626);
#5626 = CARTESIAN_POINT('',(-1.,61.5,-4.));
#5627 = LINE('',#5628,#5629);
#5628 = CARTESIAN_POINT('',(-1.,-2.,-4.));
#5629 = VECTOR('',#5630,1.);
#5630 = DIRECTION('',(-0.,1.,0.));
#5631 = ORIENTED_EDGE('',*,*,#5632,.T.);
#5632 = EDGE_CURVE('',#5625,#5616,#5633,.T.);
#5633 = LINE('',#5634,#5635);
#5634 = CARTESIAN_POINT('',(-1.,61.5,-4.));
#5635 = VECTOR('',#5636,1.);
#5636 = DIRECTION('',(0.,0.,1.));
#5637 = FACE_BOUND('',#5638,.T.);
#5638 = EDGE_LOOP('',(#5639,#5640,#5641,#5642));
#5639 = ORIENTED_EDGE('',*,*,#891,.T.);
#5640 = ORIENTED_EDGE('',*,*,#956,.T.);
#5641 = ORIENTED_EDGE('',*,*,#939,.F.);
#5642 = ORIENTED_EDGE('',*,*,#915,.F.);
#5643 = FACE_BOUND('',#5644,.T.);
#5644 = EDGE_LOOP('',(#5645,#5646,#5647,#5648));
#5645 = ORIENTED_EDGE('',*,*,#987,.T.);
#5646 = ORIENTED_EDGE('',*,*,#1052,.T.);
#5647 = ORIENTED_EDGE('',*,*,#1035,.F.);
#5648 = ORIENTED_EDGE('',*,*,#1011,.F.);
#5649 = FACE_BOUND('',#5650,.T.);
#5650 = EDGE_LOOP('',(#5651,#5652,#5653,#5654));
#5651 = ORIENTED_EDGE('',*,*,#1083,.T.);
#5652 = ORIENTED_EDGE('',*,*,#1148,.T.);
#5653 = ORIENTED_EDGE('',*,*,#1131,.F.);
#5654 = ORIENTED_EDGE('',*,*,#1107,.F.);
#5655 = FACE_BOUND('',#5656,.T.);
#5656 = EDGE_LOOP('',(#5657,#5658,#5659,#5660));
#5657 = ORIENTED_EDGE('',*,*,#1179,.T.);
#5658 = ORIENTED_EDGE('',*,*,#1244,.T.);
#5659 = ORIENTED_EDGE('',*,*,#1227,.F.);
#5660 = ORIENTED_EDGE('',*,*,#1203,.F.);
#5661 = FACE_BOUND('',#5662,.T.);
#5662 = EDGE_LOOP('',(#5663,#5664,#5665,#5666));
#5663 = ORIENTED_EDGE('',*,*,#1275,.T.);
#5664 = ORIENTED_EDGE('',*,*,#1340,.T.);
#5665 = ORIENTED_EDGE('',*,*,#1323,.F.);
#5666 = ORIENTED_EDGE('',*,*,#1299,.F.);
#5667 = FACE_BOUND('',#5668,.T.);
#5668 = EDGE_LOOP('',(#5669,#5670,#5671,#5672));
#5669 = ORIENTED_EDGE('',*,*,#1371,.T.);
#5670 = ORIENTED_EDGE('',*,*,#1436,.T.);
#5671 = ORIENTED_EDGE('',*,*,#1419,.F.);
#5672 = ORIENTED_EDGE('',*,*,#1395,.F.);
#5673 = FACE_BOUND('',#5674,.T.);
#5674 = EDGE_LOOP('',(#5675,#5676,#5677,#5678));
#5675 = ORIENTED_EDGE('',*,*,#1467,.T.);
#5676 = ORIENTED_EDGE('',*,*,#1532,.T.);
#5677 = ORIENTED_EDGE('',*,*,#1515,.F.);
#5678 = ORIENTED_EDGE('',*,*,#1491,.F.);
#5679 = FACE_BOUND('',#5680,.T.);
#5680 = EDGE_LOOP('',(#5681,#5682,#5683,#5684));
#5681 = ORIENTED_EDGE('',*,*,#1563,.T.);
#5682 = ORIENTED_EDGE('',*,*,#1628,.T.);
#5683 = ORIENTED_EDGE('',*,*,#1611,.F.);
#5684 = ORIENTED_EDGE('',*,*,#1587,.F.);
#5685 = FACE_BOUND('',#5686,.T.);
#5686 = EDGE_LOOP('',(#5687,#5688,#5689,#5690));
#5687 = ORIENTED_EDGE('',*,*,#1659,.T.);
#5688 = ORIENTED_EDGE('',*,*,#1724,.T.);
#5689 = ORIENTED_EDGE('',*,*,#1707,.F.);
#5690 = ORIENTED_EDGE('',*,*,#1683,.F.);
#5691 = FACE_BOUND('',#5692,.T.);
#5692 = EDGE_LOOP('',(#5693,#5694,#5695,#5696));
#5693 = ORIENTED_EDGE('',*,*,#1755,.T.);
#5694 = ORIENTED_EDGE('',*,*,#1820,.T.);
#5695 = ORIENTED_EDGE('',*,*,#1803,.F.);
#5696 = ORIENTED_EDGE('',*,*,#1779,.F.);
#5697 = FACE_BOUND('',#5698,.T.);
#5698 = EDGE_LOOP('',(#5699,#5710,#5718));
#5699 = ORIENTED_EDGE('',*,*,#5700,.F.);
#5700 = EDGE_CURVE('',#5701,#5703,#5705,.T.);
#5701 = VERTEX_POINT('',#5702);
#5702 = CARTESIAN_POINT('',(-1.,16.455456351737,4.984543648263));
#5703 = VERTEX_POINT('',#5704);
#5704 = CARTESIAN_POINT('',(-1.,20.344543648263,4.984543648263));
#5705 = CIRCLE('',#5706,2.75);
#5706 = AXIS2_PLACEMENT_3D('',#5707,#5708,#5709);
#5707 = CARTESIAN_POINT('',(-1.,18.4,3.04));
#5708 = DIRECTION('',(1.,0.,0.));
#5709 = DIRECTION('',(-0.,0.,1.));
#5710 = ORIENTED_EDGE('',*,*,#5711,.T.);
#5711 = EDGE_CURVE('',#5701,#5712,#5714,.T.);
#5712 = VERTEX_POINT('',#5713);
#5713 = CARTESIAN_POINT('',(-1.,18.4,6.929087296526));
#5714 = LINE('',#5715,#5716);
#5715 = CARTESIAN_POINT('',(-1.,10.567728175868,-0.903184527605));
#5716 = VECTOR('',#5717,1.);
#5717 = DIRECTION('',(0.,0.707106781187,0.707106781187));
#5718 = ORIENTED_EDGE('',*,*,#5719,.T.);
#5719 = EDGE_CURVE('',#5712,#5703,#5720,.T.);
#5720 = LINE('',#5721,#5722);
#5721 = CARTESIAN_POINT('',(-1.,17.004543648263,8.324543648263));
#5722 = VECTOR('',#5723,1.);
#5723 = DIRECTION('',(-0.,0.707106781187,-0.707106781187));
#5724 = FACE_BOUND('',#5725,.T.);
#5725 = EDGE_LOOP('',(#5726,#5727,#5728));
#5726 = ORIENTED_EDGE('',*,*,#1907,.F.);
#5727 = ORIENTED_EDGE('',*,*,#1965,.T.);
#5728 = ORIENTED_EDGE('',*,*,#1941,.T.);
#5729 = FACE_BOUND('',#5730,.T.);
#5730 = EDGE_LOOP('',(#5731,#5732,#5733,#5734));
#5731 = ORIENTED_EDGE('',*,*,#1997,.T.);
#5732 = ORIENTED_EDGE('',*,*,#2062,.T.);
#5733 = ORIENTED_EDGE('',*,*,#2045,.F.);
#5734 = ORIENTED_EDGE('',*,*,#2021,.F.);
#5735 = FACE_BOUND('',#5736,.T.);
#5736 = EDGE_LOOP('',(#5737,#5738,#5739,#5740));
#5737 = ORIENTED_EDGE('',*,*,#2093,.T.);
#5738 = ORIENTED_EDGE('',*,*,#2158,.T.);
#5739 = ORIENTED_EDGE('',*,*,#2141,.F.);
#5740 = ORIENTED_EDGE('',*,*,#2117,.F.);
#5741 = FACE_BOUND('',#5742,.T.);
#5742 = EDGE_LOOP('',(#5743,#5744,#5745,#5746));
#5743 = ORIENTED_EDGE('',*,*,#2189,.T.);
#5744 = ORIENTED_EDGE('',*,*,#2254,.T.);
#5745 = ORIENTED_EDGE('',*,*,#2237,.F.);
#5746 = ORIENTED_EDGE('',*,*,#2213,.F.);
#5747 = FACE_BOUND('',#5748,.T.);
#5748 = EDGE_LOOP('',(#5749,#5750,#5751,#5752));
#5749 = ORIENTED_EDGE('',*,*,#2285,.T.);
#5750 = ORIENTED_EDGE('',*,*,#2350,.T.);
#5751 = ORIENTED_EDGE('',*,*,#2333,.F.);
#5752 = ORIENTED_EDGE('',*,*,#2309,.F.);
#5753 = FACE_BOUND('',#5754,.T.);
#5754 = EDGE_LOOP('',(#5755,#5756,#5757,#5758));
#5755 = ORIENTED_EDGE('',*,*,#2381,.T.);
#5756 = ORIENTED_EDGE('',*,*,#2446,.T.);
#5757 = ORIENTED_EDGE('',*,*,#2429,.F.);
#5758 = ORIENTED_EDGE('',*,*,#2405,.F.);
#5759 = FACE_BOUND('',#5760,.T.);
#5760 = EDGE_LOOP('',(#5761,#5762,#5763,#5764));
#5761 = ORIENTED_EDGE('',*,*,#2477,.T.);
#5762 = ORIENTED_EDGE('',*,*,#2542,.T.);
#5763 = ORIENTED_EDGE('',*,*,#2525,.F.);
#5764 = ORIENTED_EDGE('',*,*,#2501,.F.);
#5765 = FACE_BOUND('',#5766,.T.);
#5766 = EDGE_LOOP('',(#5767,#5768,#5769,#5770));
#5767 = ORIENTED_EDGE('',*,*,#2573,.T.);
#5768 = ORIENTED_EDGE('',*,*,#2638,.T.);
#5769 = ORIENTED_EDGE('',*,*,#2621,.F.);
#5770 = ORIENTED_EDGE('',*,*,#2597,.F.);
#5771 = FACE_BOUND('',#5772,.T.);
#5772 = EDGE_LOOP('',(#5773,#5774,#5775,#5776));
#5773 = ORIENTED_EDGE('',*,*,#2669,.T.);
#5774 = ORIENTED_EDGE('',*,*,#2734,.T.);
#5775 = ORIENTED_EDGE('',*,*,#2717,.F.);
#5776 = ORIENTED_EDGE('',*,*,#2693,.F.);
#5777 = FACE_BOUND('',#5778,.T.);
#5778 = EDGE_LOOP('',(#5779,#5780,#5781,#5782));
#5779 = ORIENTED_EDGE('',*,*,#2765,.T.);
#5780 = ORIENTED_EDGE('',*,*,#2830,.T.);
#5781 = ORIENTED_EDGE('',*,*,#2813,.F.);
#5782 = ORIENTED_EDGE('',*,*,#2789,.F.);
#5783 = PLANE('',#5784);
#5784 = AXIS2_PLACEMENT_3D('',#5785,#5786,#5787);
#5785 = CARTESIAN_POINT('',(-1.,-2.,-4.));
#5786 = DIRECTION('',(1.,0.,-0.));
#5787 = DIRECTION('',(0.,0.,1.));
#5788 = ADVANCED_FACE('',(#5789),#5823,.F.);
#5789 = FACE_BOUND('',#5790,.F.);
#5790 = EDGE_LOOP('',(#5791,#5801,#5809,#5817));
#5791 = ORIENTED_EDGE('',*,*,#5792,.F.);
#5792 = EDGE_CURVE('',#5793,#5795,#5797,.T.);
#5793 = VERTEX_POINT('',#5794);
#5794 = CARTESIAN_POINT('',(1.,63.5,-4.));
#5795 = VERTEX_POINT('',#5796);
#5796 = CARTESIAN_POINT('',(34.8,63.5,-4.));
#5797 = LINE('',#5798,#5799);
#5798 = CARTESIAN_POINT('',(-1.,63.5,-4.));
#5799 = VECTOR('',#5800,1.);
#5800 = DIRECTION('',(1.,0.,-0.));
#5801 = ORIENTED_EDGE('',*,*,#5802,.T.);
#5802 = EDGE_CURVE('',#5793,#5803,#5805,.T.);
#5803 = VERTEX_POINT('',#5804);
#5804 = CARTESIAN_POINT('',(1.,63.5,21.35));
#5805 = LINE('',#5806,#5807);
#5806 = CARTESIAN_POINT('',(1.,63.5,-4.));
#5807 = VECTOR('',#5808,1.);
#5808 = DIRECTION('',(0.,0.,1.));
#5809 = ORIENTED_EDGE('',*,*,#5810,.F.);
#5810 = EDGE_CURVE('',#5811,#5803,#5813,.T.);
#5811 = VERTEX_POINT('',#5812);
#5812 = CARTESIAN_POINT('',(34.8,63.5,21.35));
#5813 = LINE('',#5814,#5815);
#5814 = CARTESIAN_POINT('',(-2.,63.5,21.35));
#5815 = VECTOR('',#5816,1.);
#5816 = DIRECTION('',(-1.,-0.,0.));
#5817 = ORIENTED_EDGE('',*,*,#5818,.T.);
#5818 = EDGE_CURVE('',#5811,#5795,#5819,.T.);
#5819 = LINE('',#5820,#5821);
#5820 = CARTESIAN_POINT('',(34.8,63.5,-4.005));
#5821 = VECTOR('',#5822,1.);
#5822 = DIRECTION('',(-0.,0.,-1.));
#5823 = PLANE('',#5824);
#5824 = AXIS2_PLACEMENT_3D('',#5825,#5826,#5827);
#5825 = CARTESIAN_POINT('',(-1.,63.5,-4.));
#5826 = DIRECTION('',(-0.,1.,0.));
#5827 = DIRECTION('',(0.,0.,1.));
#5828 = ADVANCED_FACE('',(#5829),#5847,.F.);
#5829 = FACE_BOUND('',#5830,.T.);
#5830 = EDGE_LOOP('',(#5831,#5832,#5839,#5840));
#5831 = ORIENTED_EDGE('',*,*,#5632,.F.);
#5832 = ORIENTED_EDGE('',*,*,#5833,.T.);
#5833 = EDGE_CURVE('',#5625,#5793,#5834,.T.);
#5834 = CIRCLE('',#5835,2.);
#5835 = AXIS2_PLACEMENT_3D('',#5836,#5837,#5838);
#5836 = CARTESIAN_POINT('',(1.,61.5,-4.));
#5837 = DIRECTION('',(-0.,-0.,-1.));
#5838 = DIRECTION('',(0.,-1.,0.));
#5839 = ORIENTED_EDGE('',*,*,#5802,.T.);
#5840 = ORIENTED_EDGE('',*,*,#5841,.T.);
#5841 = EDGE_CURVE('',#5803,#5616,#5842,.T.);
#5842 = CIRCLE('',#5843,2.);
#5843 = AXIS2_PLACEMENT_3D('',#5844,#5845,#5846);
#5844 = CARTESIAN_POINT('',(1.,61.5,21.35));
#5845 = DIRECTION('',(0.,0.,1.));
#5846 = DIRECTION('',(-1.,-0.,0.));
#5847 = CYLINDRICAL_SURFACE('',#5848,2.);
#5848 = AXIS2_PLACEMENT_3D('',#5849,#5850,#5851);
#5849 = CARTESIAN_POINT('',(1.,61.5,-4.));
#5850 = DIRECTION('',(0.,0.,1.));
#5851 = DIRECTION('',(-1.,-0.,0.));
#5852 = ADVANCED_FACE('',(#5853),#5864,.T.);
#5853 = FACE_BOUND('',#5854,.T.);
#5854 = EDGE_LOOP('',(#5855,#5861,#5862,#5863));
#5855 = ORIENTED_EDGE('',*,*,#5856,.F.);
#5856 = EDGE_CURVE('',#2870,#3575,#5857,.T.);
#5857 = LINE('',#5858,#5859);
#5858 = CARTESIAN_POINT('',(84.,-4.,-5.2));
#5859 = VECTOR('',#5860,1.);
#5860 = DIRECTION('',(-1.731912112471E-16,0.707106781187,-0.707106781187
    ));
#5861 = ORIENTED_EDGE('',*,*,#2869,.T.);
#5862 = ORIENTED_EDGE('',*,*,#2844,.T.);
#5863 = ORIENTED_EDGE('',*,*,#3574,.F.);
#5864 = PLANE('',#5865);
#5865 = AXIS2_PLACEMENT_3D('',#5866,#5867,#5868);
#5866 = CARTESIAN_POINT('',(84.,-3.6,-5.6));
#5867 = DIRECTION('',(0.,-0.707106781187,-0.707106781187));
#5868 = DIRECTION('',(-1.,-0.,0.));
#5869 = ADVANCED_FACE('',(#5870),#5881,.F.);
#5870 = FACE_BOUND('',#5871,.F.);
#5871 = EDGE_LOOP('',(#5872,#5873,#5874,#5880));
#5872 = ORIENTED_EDGE('',*,*,#3541,.F.);
#5873 = ORIENTED_EDGE('',*,*,#2894,.T.);
#5874 = ORIENTED_EDGE('',*,*,#5875,.T.);
#5875 = EDGE_CURVE('',#2887,#4573,#5876,.T.);
#5876 = LINE('',#5877,#5878);
#5877 = CARTESIAN_POINT('',(2.6,-4.1,14.5));
#5878 = VECTOR('',#5879,1.);
#5879 = DIRECTION('',(-0.,1.,0.));
#5880 = ORIENTED_EDGE('',*,*,#4580,.F.);
#5881 = PLANE('',#5882);
#5882 = AXIS2_PLACEMENT_3D('',#5883,#5884,#5885);
#5883 = CARTESIAN_POINT('',(1.,-4.1,14.5));
#5884 = DIRECTION('',(0.,0.,1.));
#5885 = DIRECTION('',(1.,0.,-0.));
#5886 = ADVANCED_FACE('',(#5887),#5898,.F.);
#5887 = FACE_BOUND('',#5888,.F.);
#5888 = EDGE_LOOP('',(#5889,#5890,#5891,#5897));
#5889 = ORIENTED_EDGE('',*,*,#5875,.F.);
#5890 = ORIENTED_EDGE('',*,*,#2886,.T.);
#5891 = ORIENTED_EDGE('',*,*,#5892,.T.);
#5892 = EDGE_CURVE('',#2879,#4565,#5893,.T.);
#5893 = LINE('',#5894,#5895);
#5894 = CARTESIAN_POINT('',(2.6,-4.1,8.));
#5895 = VECTOR('',#5896,1.);
#5896 = DIRECTION('',(-0.,1.,0.));
#5897 = ORIENTED_EDGE('',*,*,#4572,.F.);
#5898 = PLANE('',#5899);
#5899 = AXIS2_PLACEMENT_3D('',#5900,#5901,#5902);
#5900 = CARTESIAN_POINT('',(2.6,-4.1,8.));
#5901 = DIRECTION('',(1.,0.,-0.));
#5902 = DIRECTION('',(0.,0.,1.));
#5903 = ADVANCED_FACE('',(#5904),#5910,.T.);
#5904 = FACE_BOUND('',#5905,.T.);
#5905 = EDGE_LOOP('',(#5906,#5907,#5908,#5909));
#5906 = ORIENTED_EDGE('',*,*,#3550,.F.);
#5907 = ORIENTED_EDGE('',*,*,#2878,.T.);
#5908 = ORIENTED_EDGE('',*,*,#5892,.T.);
#5909 = ORIENTED_EDGE('',*,*,#4564,.F.);
#5910 = PLANE('',#5911);
#5911 = AXIS2_PLACEMENT_3D('',#5912,#5913,#5914);
#5912 = CARTESIAN_POINT('',(1.,-4.1,8.));
#5913 = DIRECTION('',(0.,0.,1.));
#5914 = DIRECTION('',(1.,0.,-0.));
#5915 = ADVANCED_FACE('',(#5916),#5932,.F.);
#5916 = FACE_BOUND('',#5917,.F.);
#5917 = EDGE_LOOP('',(#5918,#5924,#5925,#5931));
#5918 = ORIENTED_EDGE('',*,*,#5919,.F.);
#5919 = EDGE_CURVE('',#2918,#4604,#5920,.T.);
#5920 = LINE('',#5921,#5922);
#5921 = CARTESIAN_POINT('',(4.7,-4.1,3.97));
#5922 = VECTOR('',#5923,1.);
#5923 = DIRECTION('',(-0.,1.,0.));
#5924 = ORIENTED_EDGE('',*,*,#2917,.T.);
#5925 = ORIENTED_EDGE('',*,*,#5926,.T.);
#5926 = EDGE_CURVE('',#2920,#4606,#5927,.T.);
#5927 = LINE('',#5928,#5929);
#5928 = CARTESIAN_POINT('',(6.9,-4.1,6.17));
#5929 = VECTOR('',#5930,1.);
#5930 = DIRECTION('',(-0.,1.,0.));
#5931 = ORIENTED_EDGE('',*,*,#4603,.F.);
#5932 = CYLINDRICAL_SURFACE('',#5933,2.2);
#5933 = AXIS2_PLACEMENT_3D('',#5934,#5935,#5936);
#5934 = CARTESIAN_POINT('',(6.9,-4.1,3.97));
#5935 = DIRECTION('',(-0.,1.,0.));
#5936 = DIRECTION('',(-1.,-0.,0.));
#5937 = ADVANCED_FACE('',(#5938),#5949,.F.);
#5938 = FACE_BOUND('',#5939,.F.);
#5939 = EDGE_LOOP('',(#5940,#5941,#5942,#5943));
#5940 = ORIENTED_EDGE('',*,*,#4665,.F.);
#5941 = ORIENTED_EDGE('',*,*,#5926,.F.);
#5942 = ORIENTED_EDGE('',*,*,#2979,.T.);
#5943 = ORIENTED_EDGE('',*,*,#5944,.T.);
#5944 = EDGE_CURVE('',#2971,#4657,#5945,.T.);
#5945 = LINE('',#5946,#5947);
#5946 = CARTESIAN_POINT('',(15.5,-4.1,6.17));
#5947 = VECTOR('',#5948,1.);
#5948 = DIRECTION('',(-0.,1.,0.));
#5949 = PLANE('',#5950);
#5950 = AXIS2_PLACEMENT_3D('',#5951,#5952,#5953);
#5951 = CARTESIAN_POINT('',(4.7,-4.1,6.17));
#5952 = DIRECTION('',(0.,0.,1.));
#5953 = DIRECTION('',(1.,0.,-0.));
#5954 = ADVANCED_FACE('',(#5955),#5966,.F.);
#5955 = FACE_BOUND('',#5956,.T.);
#5956 = EDGE_LOOP('',(#5957,#5963,#5964,#5965));
#5957 = ORIENTED_EDGE('',*,*,#5958,.F.);
#5958 = EDGE_CURVE('',#2963,#4649,#5959,.T.);
#5959 = LINE('',#5960,#5961);
#5960 = CARTESIAN_POINT('',(17.7,-4.1,3.97));
#5961 = VECTOR('',#5962,1.);
#5962 = DIRECTION('',(-0.,1.,0.));
#5963 = ORIENTED_EDGE('',*,*,#2970,.F.);
#5964 = ORIENTED_EDGE('',*,*,#5944,.T.);
#5965 = ORIENTED_EDGE('',*,*,#4656,.T.);
#5966 = CYLINDRICAL_SURFACE('',#5967,2.2);
#5967 = AXIS2_PLACEMENT_3D('',#5968,#5969,#5970);
#5968 = CARTESIAN_POINT('',(15.5,-4.1,3.97));
#5969 = DIRECTION('',(-0.,1.,0.));
#5970 = DIRECTION('',(1.,0.,-0.));
#5971 = ADVANCED_FACE('',(#5972),#5983,.F.);
#5972 = FACE_BOUND('',#5973,.F.);
#5973 = EDGE_LOOP('',(#5974,#5975,#5981,#5982));
#5974 = ORIENTED_EDGE('',*,*,#2962,.T.);
#5975 = ORIENTED_EDGE('',*,*,#5976,.T.);
#5976 = EDGE_CURVE('',#2954,#4640,#5977,.T.);
#5977 = LINE('',#5978,#5979);
#5978 = CARTESIAN_POINT('',(17.7,-4.1,0.97));
#5979 = VECTOR('',#5980,1.);
#5980 = DIRECTION('',(-0.,1.,0.));
#5981 = ORIENTED_EDGE('',*,*,#4648,.F.);
#5982 = ORIENTED_EDGE('',*,*,#5958,.F.);
#5983 = PLANE('',#5984);
#5984 = AXIS2_PLACEMENT_3D('',#5985,#5986,#5987);
#5985 = CARTESIAN_POINT('',(17.7,-4.1,-1.23));
#5986 = DIRECTION('',(1.,0.,-0.));
#5987 = DIRECTION('',(0.,0.,1.));
#5988 = ADVANCED_FACE('',(#5989),#6000,.F.);
#5989 = FACE_BOUND('',#5990,.F.);
#5990 = EDGE_LOOP('',(#5991,#5992,#5993,#5999));
#5991 = ORIENTED_EDGE('',*,*,#5976,.F.);
#5992 = ORIENTED_EDGE('',*,*,#2953,.T.);
#5993 = ORIENTED_EDGE('',*,*,#5994,.T.);
#5994 = EDGE_CURVE('',#2946,#4632,#5995,.T.);
#5995 = LINE('',#5996,#5997);
#5996 = CARTESIAN_POINT('',(15.5,-4.1,-1.23));
#5997 = VECTOR('',#5998,1.);
#5998 = DIRECTION('',(-0.,1.,0.));
#5999 = ORIENTED_EDGE('',*,*,#4639,.F.);
#6000 = CYLINDRICAL_SURFACE('',#6001,2.2);
#6001 = AXIS2_PLACEMENT_3D('',#6002,#6003,#6004);
#6002 = CARTESIAN_POINT('',(15.5,-4.1,0.97));
#6003 = DIRECTION('',(-0.,1.,0.));
#6004 = DIRECTION('',(1.,0.,-0.));
#6005 = ADVANCED_FACE('',(#6006),#6017,.T.);
#6006 = FACE_BOUND('',#6007,.T.);
#6007 = EDGE_LOOP('',(#6008,#6009,#6015,#6016));
#6008 = ORIENTED_EDGE('',*,*,#4631,.F.);
#6009 = ORIENTED_EDGE('',*,*,#6010,.F.);
#6010 = EDGE_CURVE('',#2937,#4623,#6011,.T.);
#6011 = LINE('',#6012,#6013);
#6012 = CARTESIAN_POINT('',(6.9,-4.1,-1.23));
#6013 = VECTOR('',#6014,1.);
#6014 = DIRECTION('',(-0.,1.,0.));
#6015 = ORIENTED_EDGE('',*,*,#2945,.T.);
#6016 = ORIENTED_EDGE('',*,*,#5994,.T.);
#6017 = PLANE('',#6018);
#6018 = AXIS2_PLACEMENT_3D('',#6019,#6020,#6021);
#6019 = CARTESIAN_POINT('',(4.7,-4.1,-1.23));
#6020 = DIRECTION('',(0.,0.,1.));
#6021 = DIRECTION('',(1.,0.,-0.));
#6022 = ADVANCED_FACE('',(#6023),#6034,.F.);
#6023 = FACE_BOUND('',#6024,.T.);
#6024 = EDGE_LOOP('',(#6025,#6031,#6032,#6033));
#6025 = ORIENTED_EDGE('',*,*,#6026,.F.);
#6026 = EDGE_CURVE('',#2929,#4615,#6027,.T.);
#6027 = LINE('',#6028,#6029);
#6028 = CARTESIAN_POINT('',(4.7,-4.1,0.97));
#6029 = VECTOR('',#6030,1.);
#6030 = DIRECTION('',(-0.,1.,0.));
#6031 = ORIENTED_EDGE('',*,*,#2936,.F.);
#6032 = ORIENTED_EDGE('',*,*,#6010,.T.);
#6033 = ORIENTED_EDGE('',*,*,#4622,.T.);
#6034 = CYLINDRICAL_SURFACE('',#6035,2.2);
#6035 = AXIS2_PLACEMENT_3D('',#6036,#6037,#6038);
#6036 = CARTESIAN_POINT('',(6.9,-4.1,0.97));
#6037 = DIRECTION('',(-0.,1.,0.));
#6038 = DIRECTION('',(-1.,-0.,0.));
#6039 = ADVANCED_FACE('',(#6040),#6046,.T.);
#6040 = FACE_BOUND('',#6041,.T.);
#6041 = EDGE_LOOP('',(#6042,#6043,#6044,#6045));
#6042 = ORIENTED_EDGE('',*,*,#2928,.T.);
#6043 = ORIENTED_EDGE('',*,*,#6026,.T.);
#6044 = ORIENTED_EDGE('',*,*,#4614,.F.);
#6045 = ORIENTED_EDGE('',*,*,#5919,.F.);
#6046 = PLANE('',#6047);
#6047 = AXIS2_PLACEMENT_3D('',#6048,#6049,#6050);
#6048 = CARTESIAN_POINT('',(4.7,-4.1,-1.23));
#6049 = DIRECTION('',(1.,0.,-0.));
#6050 = DIRECTION('',(0.,0.,1.));
#6051 = ADVANCED_FACE('',(#6052),#6068,.F.);
#6052 = FACE_BOUND('',#6053,.F.);
#6053 = EDGE_LOOP('',(#6054,#6060,#6061,#6067));
#6054 = ORIENTED_EDGE('',*,*,#6055,.F.);
#6055 = EDGE_CURVE('',#2988,#4674,#6056,.T.);
#6056 = LINE('',#6057,#6058);
#6057 = CARTESIAN_POINT('',(4.4,-4.1,14.5));
#6058 = VECTOR('',#6059,1.);
#6059 = DIRECTION('',(-0.,1.,0.));
#6060 = ORIENTED_EDGE('',*,*,#2987,.T.);
#6061 = ORIENTED_EDGE('',*,*,#6062,.T.);
#6062 = EDGE_CURVE('',#2990,#4676,#6063,.T.);
#6063 = LINE('',#6064,#6065);
#6064 = CARTESIAN_POINT('',(6.,-4.1,14.5));
#6065 = VECTOR('',#6066,1.);
#6066 = DIRECTION('',(-0.,1.,0.));
#6067 = ORIENTED_EDGE('',*,*,#4673,.F.);
#6068 = PLANE('',#6069);
#6069 = AXIS2_PLACEMENT_3D('',#6070,#6071,#6072);
#6070 = CARTESIAN_POINT('',(4.4,-4.1,14.5));
#6071 = DIRECTION('',(0.,0.,1.));
#6072 = DIRECTION('',(1.,0.,-0.));
#6073 = ADVANCED_FACE('',(#6074),#6085,.F.);
#6074 = FACE_BOUND('',#6075,.F.);
#6075 = EDGE_LOOP('',(#6076,#6077,#6078,#6084));
#6076 = ORIENTED_EDGE('',*,*,#6062,.F.);
#6077 = ORIENTED_EDGE('',*,*,#3013,.T.);
#6078 = ORIENTED_EDGE('',*,*,#6079,.T.);
#6079 = EDGE_CURVE('',#3006,#4692,#6080,.T.);
#6080 = LINE('',#6081,#6082);
#6081 = CARTESIAN_POINT('',(6.,-4.1,8.));
#6082 = VECTOR('',#6083,1.);
#6083 = DIRECTION('',(-0.,1.,0.));
#6084 = ORIENTED_EDGE('',*,*,#4699,.F.);
#6085 = PLANE('',#6086);
#6086 = AXIS2_PLACEMENT_3D('',#6087,#6088,#6089);
#6087 = CARTESIAN_POINT('',(6.,-4.1,8.));
#6088 = DIRECTION('',(1.,0.,-0.));
#6089 = DIRECTION('',(0.,0.,1.));
#6090 = ADVANCED_FACE('',(#6091),#6102,.T.);
#6091 = FACE_BOUND('',#6092,.T.);
#6092 = EDGE_LOOP('',(#6093,#6099,#6100,#6101));
#6093 = ORIENTED_EDGE('',*,*,#6094,.F.);
#6094 = EDGE_CURVE('',#2998,#4684,#6095,.T.);
#6095 = LINE('',#6096,#6097);
#6096 = CARTESIAN_POINT('',(4.4,-4.1,8.));
#6097 = VECTOR('',#6098,1.);
#6098 = DIRECTION('',(-0.,1.,0.));
#6099 = ORIENTED_EDGE('',*,*,#3005,.T.);
#6100 = ORIENTED_EDGE('',*,*,#6079,.T.);
#6101 = ORIENTED_EDGE('',*,*,#4691,.F.);
#6102 = PLANE('',#6103);
#6103 = AXIS2_PLACEMENT_3D('',#6104,#6105,#6106);
#6104 = CARTESIAN_POINT('',(4.4,-4.1,8.));
#6105 = DIRECTION('',(0.,0.,1.));
#6106 = DIRECTION('',(1.,0.,-0.));
#6107 = ADVANCED_FACE('',(#6108),#6114,.T.);
#6108 = FACE_BOUND('',#6109,.T.);
#6109 = EDGE_LOOP('',(#6110,#6111,#6112,#6113));
#6110 = ORIENTED_EDGE('',*,*,#6055,.F.);
#6111 = ORIENTED_EDGE('',*,*,#2997,.T.);
#6112 = ORIENTED_EDGE('',*,*,#6094,.T.);
#6113 = ORIENTED_EDGE('',*,*,#4683,.F.);
#6114 = PLANE('',#6115);
#6115 = AXIS2_PLACEMENT_3D('',#6116,#6117,#6118);
#6116 = CARTESIAN_POINT('',(4.4,-4.1,8.));
#6117 = DIRECTION('',(1.,0.,-0.));
#6118 = DIRECTION('',(0.,0.,1.));
#6119 = ADVANCED_FACE('',(#6120),#6136,.F.);
#6120 = FACE_BOUND('',#6121,.F.);
#6121 = EDGE_LOOP('',(#6122,#6128,#6129,#6135));
#6122 = ORIENTED_EDGE('',*,*,#6123,.F.);
#6123 = EDGE_CURVE('',#3022,#4708,#6124,.T.);
#6124 = LINE('',#6125,#6126);
#6125 = CARTESIAN_POINT('',(7.8,-4.1,14.5));
#6126 = VECTOR('',#6127,1.);
#6127 = DIRECTION('',(-0.,1.,0.));
#6128 = ORIENTED_EDGE('',*,*,#3021,.T.);
#6129 = ORIENTED_EDGE('',*,*,#6130,.T.);
#6130 = EDGE_CURVE('',#3024,#4710,#6131,.T.);
#6131 = LINE('',#6132,#6133);
#6132 = CARTESIAN_POINT('',(9.4,-4.1,14.5));
#6133 = VECTOR('',#6134,1.);
#6134 = DIRECTION('',(-0.,1.,0.));
#6135 = ORIENTED_EDGE('',*,*,#4707,.F.);
#6136 = PLANE('',#6137);
#6137 = AXIS2_PLACEMENT_3D('',#6138,#6139,#6140);
#6138 = CARTESIAN_POINT('',(7.8,-4.1,14.5));
#6139 = DIRECTION('',(0.,0.,1.));
#6140 = DIRECTION('',(1.,0.,-0.));
#6141 = ADVANCED_FACE('',(#6142),#6153,.F.);
#6142 = FACE_BOUND('',#6143,.F.);
#6143 = EDGE_LOOP('',(#6144,#6145,#6146,#6152));
#6144 = ORIENTED_EDGE('',*,*,#6130,.F.);
#6145 = ORIENTED_EDGE('',*,*,#3047,.T.);
#6146 = ORIENTED_EDGE('',*,*,#6147,.T.);
#6147 = EDGE_CURVE('',#3040,#4726,#6148,.T.);
#6148 = LINE('',#6149,#6150);
#6149 = CARTESIAN_POINT('',(9.4,-4.1,8.));
#6150 = VECTOR('',#6151,1.);
#6151 = DIRECTION('',(-0.,1.,0.));
#6152 = ORIENTED_EDGE('',*,*,#4733,.F.);
#6153 = PLANE('',#6154);
#6154 = AXIS2_PLACEMENT_3D('',#6155,#6156,#6157);
#6155 = CARTESIAN_POINT('',(9.4,-4.1,8.));
#6156 = DIRECTION('',(1.,0.,-0.));
#6157 = DIRECTION('',(0.,0.,1.));
#6158 = ADVANCED_FACE('',(#6159),#6170,.T.);
#6159 = FACE_BOUND('',#6160,.T.);
#6160 = EDGE_LOOP('',(#6161,#6167,#6168,#6169));
#6161 = ORIENTED_EDGE('',*,*,#6162,.F.);
#6162 = EDGE_CURVE('',#3032,#4718,#6163,.T.);
#6163 = LINE('',#6164,#6165);
#6164 = CARTESIAN_POINT('',(7.8,-4.1,8.));
#6165 = VECTOR('',#6166,1.);
#6166 = DIRECTION('',(-0.,1.,0.));
#6167 = ORIENTED_EDGE('',*,*,#3039,.T.);
#6168 = ORIENTED_EDGE('',*,*,#6147,.T.);
#6169 = ORIENTED_EDGE('',*,*,#4725,.F.);
#6170 = PLANE('',#6171);
#6171 = AXIS2_PLACEMENT_3D('',#6172,#6173,#6174);
#6172 = CARTESIAN_POINT('',(7.8,-4.1,8.));
#6173 = DIRECTION('',(0.,0.,1.));
#6174 = DIRECTION('',(1.,0.,-0.));
#6175 = ADVANCED_FACE('',(#6176),#6182,.T.);
#6176 = FACE_BOUND('',#6177,.T.);
#6177 = EDGE_LOOP('',(#6178,#6179,#6180,#6181));
#6178 = ORIENTED_EDGE('',*,*,#6123,.F.);
#6179 = ORIENTED_EDGE('',*,*,#3031,.T.);
#6180 = ORIENTED_EDGE('',*,*,#6162,.T.);
#6181 = ORIENTED_EDGE('',*,*,#4717,.F.);
#6182 = PLANE('',#6183);
#6183 = AXIS2_PLACEMENT_3D('',#6184,#6185,#6186);
#6184 = CARTESIAN_POINT('',(7.8,-4.1,8.));
#6185 = DIRECTION('',(1.,0.,-0.));
#6186 = DIRECTION('',(0.,0.,1.));
#6187 = ADVANCED_FACE('',(#6188),#6204,.F.);
#6188 = FACE_BOUND('',#6189,.F.);
#6189 = EDGE_LOOP('',(#6190,#6196,#6197,#6203));
#6190 = ORIENTED_EDGE('',*,*,#6191,.F.);
#6191 = EDGE_CURVE('',#3056,#4742,#6192,.T.);
#6192 = LINE('',#6193,#6194);
#6193 = CARTESIAN_POINT('',(11.2,-4.1,14.5));
#6194 = VECTOR('',#6195,1.);
#6195 = DIRECTION('',(-0.,1.,0.));
#6196 = ORIENTED_EDGE('',*,*,#3055,.T.);
#6197 = ORIENTED_EDGE('',*,*,#6198,.T.);
#6198 = EDGE_CURVE('',#3058,#4744,#6199,.T.);
#6199 = LINE('',#6200,#6201);
#6200 = CARTESIAN_POINT('',(12.8,-4.1,14.5));
#6201 = VECTOR('',#6202,1.);
#6202 = DIRECTION('',(-0.,1.,0.));
#6203 = ORIENTED_EDGE('',*,*,#4741,.F.);
#6204 = PLANE('',#6205);
#6205 = AXIS2_PLACEMENT_3D('',#6206,#6207,#6208);
#6206 = CARTESIAN_POINT('',(11.2,-4.1,14.5));
#6207 = DIRECTION('',(0.,0.,1.));
#6208 = DIRECTION('',(1.,0.,-0.));
#6209 = ADVANCED_FACE('',(#6210),#6221,.F.);
#6210 = FACE_BOUND('',#6211,.F.);
#6211 = EDGE_LOOP('',(#6212,#6213,#6214,#6220));
#6212 = ORIENTED_EDGE('',*,*,#6198,.F.);
#6213 = ORIENTED_EDGE('',*,*,#3081,.T.);
#6214 = ORIENTED_EDGE('',*,*,#6215,.T.);
#6215 = EDGE_CURVE('',#3074,#4760,#6216,.T.);
#6216 = LINE('',#6217,#6218);
#6217 = CARTESIAN_POINT('',(12.8,-4.1,8.));
#6218 = VECTOR('',#6219,1.);
#6219 = DIRECTION('',(-0.,1.,0.));
#6220 = ORIENTED_EDGE('',*,*,#4767,.F.);
#6221 = PLANE('',#6222);
#6222 = AXIS2_PLACEMENT_3D('',#6223,#6224,#6225);
#6223 = CARTESIAN_POINT('',(12.8,-4.1,8.));
#6224 = DIRECTION('',(1.,0.,-0.));
#6225 = DIRECTION('',(0.,0.,1.));
#6226 = ADVANCED_FACE('',(#6227),#6238,.T.);
#6227 = FACE_BOUND('',#6228,.T.);
#6228 = EDGE_LOOP('',(#6229,#6235,#6236,#6237));
#6229 = ORIENTED_EDGE('',*,*,#6230,.F.);
#6230 = EDGE_CURVE('',#3066,#4752,#6231,.T.);
#6231 = LINE('',#6232,#6233);
#6232 = CARTESIAN_POINT('',(11.2,-4.1,8.));
#6233 = VECTOR('',#6234,1.);
#6234 = DIRECTION('',(-0.,1.,0.));
#6235 = ORIENTED_EDGE('',*,*,#3073,.T.);
#6236 = ORIENTED_EDGE('',*,*,#6215,.T.);
#6237 = ORIENTED_EDGE('',*,*,#4759,.F.);
#6238 = PLANE('',#6239);
#6239 = AXIS2_PLACEMENT_3D('',#6240,#6241,#6242);
#6240 = CARTESIAN_POINT('',(11.2,-4.1,8.));
#6241 = DIRECTION('',(0.,0.,1.));
#6242 = DIRECTION('',(1.,0.,-0.));
#6243 = ADVANCED_FACE('',(#6244),#6250,.T.);
#6244 = FACE_BOUND('',#6245,.T.);
#6245 = EDGE_LOOP('',(#6246,#6247,#6248,#6249));
#6246 = ORIENTED_EDGE('',*,*,#6191,.F.);
#6247 = ORIENTED_EDGE('',*,*,#3065,.T.);
#6248 = ORIENTED_EDGE('',*,*,#6230,.T.);
#6249 = ORIENTED_EDGE('',*,*,#4751,.F.);
#6250 = PLANE('',#6251);
#6251 = AXIS2_PLACEMENT_3D('',#6252,#6253,#6254);
#6252 = CARTESIAN_POINT('',(11.2,-4.1,8.));
#6253 = DIRECTION('',(1.,0.,-0.));
#6254 = DIRECTION('',(0.,0.,1.));
#6255 = ADVANCED_FACE('',(#6256),#6272,.F.);
#6256 = FACE_BOUND('',#6257,.F.);
#6257 = EDGE_LOOP('',(#6258,#6264,#6265,#6271));
#6258 = ORIENTED_EDGE('',*,*,#6259,.F.);
#6259 = EDGE_CURVE('',#3090,#4776,#6260,.T.);
#6260 = LINE('',#6261,#6262);
#6261 = CARTESIAN_POINT('',(14.6,-4.1,14.5));
#6262 = VECTOR('',#6263,1.);
#6263 = DIRECTION('',(-0.,1.,0.));
#6264 = ORIENTED_EDGE('',*,*,#3089,.T.);
#6265 = ORIENTED_EDGE('',*,*,#6266,.T.);
#6266 = EDGE_CURVE('',#3092,#4778,#6267,.T.);
#6267 = LINE('',#6268,#6269);
#6268 = CARTESIAN_POINT('',(16.2,-4.1,14.5));
#6269 = VECTOR('',#6270,1.);
#6270 = DIRECTION('',(-0.,1.,0.));
#6271 = ORIENTED_EDGE('',*,*,#4775,.F.);
#6272 = PLANE('',#6273);
#6273 = AXIS2_PLACEMENT_3D('',#6274,#6275,#6276);
#6274 = CARTESIAN_POINT('',(14.6,-4.1,14.5));
#6275 = DIRECTION('',(0.,0.,1.));
#6276 = DIRECTION('',(1.,0.,-0.));
#6277 = ADVANCED_FACE('',(#6278),#6289,.F.);
#6278 = FACE_BOUND('',#6279,.F.);
#6279 = EDGE_LOOP('',(#6280,#6281,#6282,#6288));
#6280 = ORIENTED_EDGE('',*,*,#6266,.F.);
#6281 = ORIENTED_EDGE('',*,*,#3115,.T.);
#6282 = ORIENTED_EDGE('',*,*,#6283,.T.);
#6283 = EDGE_CURVE('',#3108,#4794,#6284,.T.);
#6284 = LINE('',#6285,#6286);
#6285 = CARTESIAN_POINT('',(16.2,-4.1,8.));
#6286 = VECTOR('',#6287,1.);
#6287 = DIRECTION('',(-0.,1.,0.));
#6288 = ORIENTED_EDGE('',*,*,#4801,.F.);
#6289 = PLANE('',#6290);
#6290 = AXIS2_PLACEMENT_3D('',#6291,#6292,#6293);
#6291 = CARTESIAN_POINT('',(16.2,-4.1,8.));
#6292 = DIRECTION('',(1.,0.,-0.));
#6293 = DIRECTION('',(0.,0.,1.));
#6294 = ADVANCED_FACE('',(#6295),#6306,.T.);
#6295 = FACE_BOUND('',#6296,.T.);
#6296 = EDGE_LOOP('',(#6297,#6303,#6304,#6305));
#6297 = ORIENTED_EDGE('',*,*,#6298,.F.);
#6298 = EDGE_CURVE('',#3100,#4786,#6299,.T.);
#6299 = LINE('',#6300,#6301);
#6300 = CARTESIAN_POINT('',(14.6,-4.1,8.));
#6301 = VECTOR('',#6302,1.);
#6302 = DIRECTION('',(-0.,1.,0.));
#6303 = ORIENTED_EDGE('',*,*,#3107,.T.);
#6304 = ORIENTED_EDGE('',*,*,#6283,.T.);
#6305 = ORIENTED_EDGE('',*,*,#4793,.F.);
#6306 = PLANE('',#6307);
#6307 = AXIS2_PLACEMENT_3D('',#6308,#6309,#6310);
#6308 = CARTESIAN_POINT('',(14.6,-4.1,8.));
#6309 = DIRECTION('',(0.,0.,1.));
#6310 = DIRECTION('',(1.,0.,-0.));
#6311 = ADVANCED_FACE('',(#6312),#6318,.T.);
#6312 = FACE_BOUND('',#6313,.T.);
#6313 = EDGE_LOOP('',(#6314,#6315,#6316,#6317));
#6314 = ORIENTED_EDGE('',*,*,#6259,.F.);
#6315 = ORIENTED_EDGE('',*,*,#3099,.T.);
#6316 = ORIENTED_EDGE('',*,*,#6298,.T.);
#6317 = ORIENTED_EDGE('',*,*,#4785,.F.);
#6318 = PLANE('',#6319);
#6319 = AXIS2_PLACEMENT_3D('',#6320,#6321,#6322);
#6320 = CARTESIAN_POINT('',(14.6,-4.1,8.));
#6321 = DIRECTION('',(1.,0.,-0.));
#6322 = DIRECTION('',(0.,0.,1.));
#6323 = ADVANCED_FACE('',(#6324),#6340,.F.);
#6324 = FACE_BOUND('',#6325,.F.);
#6325 = EDGE_LOOP('',(#6326,#6332,#6333,#6339));
#6326 = ORIENTED_EDGE('',*,*,#6327,.F.);
#6327 = EDGE_CURVE('',#3124,#4810,#6328,.T.);
#6328 = LINE('',#6329,#6330);
#6329 = CARTESIAN_POINT('',(18.,-4.1,14.5));
#6330 = VECTOR('',#6331,1.);
#6331 = DIRECTION('',(-0.,1.,0.));
#6332 = ORIENTED_EDGE('',*,*,#3123,.T.);
#6333 = ORIENTED_EDGE('',*,*,#6334,.T.);
#6334 = EDGE_CURVE('',#3126,#4812,#6335,.T.);
#6335 = LINE('',#6336,#6337);
#6336 = CARTESIAN_POINT('',(19.6,-4.1,14.5));
#6337 = VECTOR('',#6338,1.);
#6338 = DIRECTION('',(-0.,1.,0.));
#6339 = ORIENTED_EDGE('',*,*,#4809,.F.);
#6340 = PLANE('',#6341);
#6341 = AXIS2_PLACEMENT_3D('',#6342,#6343,#6344);
#6342 = CARTESIAN_POINT('',(18.,-4.1,14.5));
#6343 = DIRECTION('',(0.,0.,1.));
#6344 = DIRECTION('',(1.,0.,-0.));
#6345 = ADVANCED_FACE('',(#6346),#6357,.F.);
#6346 = FACE_BOUND('',#6347,.F.);
#6347 = EDGE_LOOP('',(#6348,#6349,#6350,#6356));
#6348 = ORIENTED_EDGE('',*,*,#6334,.F.);
#6349 = ORIENTED_EDGE('',*,*,#3149,.T.);
#6350 = ORIENTED_EDGE('',*,*,#6351,.T.);
#6351 = EDGE_CURVE('',#3142,#4828,#6352,.T.);
#6352 = LINE('',#6353,#6354);
#6353 = CARTESIAN_POINT('',(19.6,-4.1,8.));
#6354 = VECTOR('',#6355,1.);
#6355 = DIRECTION('',(-0.,1.,0.));
#6356 = ORIENTED_EDGE('',*,*,#4835,.F.);
#6357 = PLANE('',#6358);
#6358 = AXIS2_PLACEMENT_3D('',#6359,#6360,#6361);
#6359 = CARTESIAN_POINT('',(19.6,-4.1,8.));
#6360 = DIRECTION('',(1.,0.,-0.));
#6361 = DIRECTION('',(0.,0.,1.));
#6362 = ADVANCED_FACE('',(#6363),#6374,.T.);
#6363 = FACE_BOUND('',#6364,.T.);
#6364 = EDGE_LOOP('',(#6365,#6371,#6372,#6373));
#6365 = ORIENTED_EDGE('',*,*,#6366,.F.);
#6366 = EDGE_CURVE('',#3134,#4820,#6367,.T.);
#6367 = LINE('',#6368,#6369);
#6368 = CARTESIAN_POINT('',(18.,-4.1,8.));
#6369 = VECTOR('',#6370,1.);
#6370 = DIRECTION('',(-0.,1.,0.));
#6371 = ORIENTED_EDGE('',*,*,#3141,.T.);
#6372 = ORIENTED_EDGE('',*,*,#6351,.T.);
#6373 = ORIENTED_EDGE('',*,*,#4827,.F.);
#6374 = PLANE('',#6375);
#6375 = AXIS2_PLACEMENT_3D('',#6376,#6377,#6378);
#6376 = CARTESIAN_POINT('',(18.,-4.1,8.));
#6377 = DIRECTION('',(0.,0.,1.));
#6378 = DIRECTION('',(1.,0.,-0.));
#6379 = ADVANCED_FACE('',(#6380),#6386,.T.);
#6380 = FACE_BOUND('',#6381,.T.);
#6381 = EDGE_LOOP('',(#6382,#6383,#6384,#6385));
#6382 = ORIENTED_EDGE('',*,*,#6327,.F.);
#6383 = ORIENTED_EDGE('',*,*,#3133,.T.);
#6384 = ORIENTED_EDGE('',*,*,#6366,.T.);
#6385 = ORIENTED_EDGE('',*,*,#4819,.F.);
#6386 = PLANE('',#6387);
#6387 = AXIS2_PLACEMENT_3D('',#6388,#6389,#6390);
#6388 = CARTESIAN_POINT('',(18.,-4.1,8.));
#6389 = DIRECTION('',(1.,0.,-0.));
#6390 = DIRECTION('',(0.,0.,1.));
#6391 = ADVANCED_FACE('',(#6392),#6408,.F.);
#6392 = FACE_BOUND('',#6393,.F.);
#6393 = EDGE_LOOP('',(#6394,#6400,#6401,#6407));
#6394 = ORIENTED_EDGE('',*,*,#6395,.F.);
#6395 = EDGE_CURVE('',#3158,#4844,#6396,.T.);
#6396 = LINE('',#6397,#6398);
#6397 = CARTESIAN_POINT('',(21.4,-4.1,14.5));
#6398 = VECTOR('',#6399,1.);
#6399 = DIRECTION('',(-0.,1.,0.));
#6400 = ORIENTED_EDGE('',*,*,#3157,.T.);
#6401 = ORIENTED_EDGE('',*,*,#6402,.T.);
#6402 = EDGE_CURVE('',#3160,#4846,#6403,.T.);
#6403 = LINE('',#6404,#6405);
#6404 = CARTESIAN_POINT('',(23.,-4.1,14.5));
#6405 = VECTOR('',#6406,1.);
#6406 = DIRECTION('',(-0.,1.,0.));
#6407 = ORIENTED_EDGE('',*,*,#4843,.F.);
#6408 = PLANE('',#6409);
#6409 = AXIS2_PLACEMENT_3D('',#6410,#6411,#6412);
#6410 = CARTESIAN_POINT('',(21.4,-4.1,14.5));
#6411 = DIRECTION('',(0.,0.,1.));
#6412 = DIRECTION('',(1.,0.,-0.));
#6413 = ADVANCED_FACE('',(#6414),#6425,.F.);
#6414 = FACE_BOUND('',#6415,.F.);
#6415 = EDGE_LOOP('',(#6416,#6417,#6418,#6424));
#6416 = ORIENTED_EDGE('',*,*,#6402,.F.);
#6417 = ORIENTED_EDGE('',*,*,#3183,.T.);
#6418 = ORIENTED_EDGE('',*,*,#6419,.T.);
#6419 = EDGE_CURVE('',#3176,#4862,#6420,.T.);
#6420 = LINE('',#6421,#6422);
#6421 = CARTESIAN_POINT('',(23.,-4.1,8.));
#6422 = VECTOR('',#6423,1.);
#6423 = DIRECTION('',(-0.,1.,0.));
#6424 = ORIENTED_EDGE('',*,*,#4869,.F.);
#6425 = PLANE('',#6426);
#6426 = AXIS2_PLACEMENT_3D('',#6427,#6428,#6429);
#6427 = CARTESIAN_POINT('',(23.,-4.1,8.));
#6428 = DIRECTION('',(1.,0.,-0.));
#6429 = DIRECTION('',(0.,0.,1.));
#6430 = ADVANCED_FACE('',(#6431),#6442,.T.);
#6431 = FACE_BOUND('',#6432,.T.);
#6432 = EDGE_LOOP('',(#6433,#6439,#6440,#6441));
#6433 = ORIENTED_EDGE('',*,*,#6434,.F.);
#6434 = EDGE_CURVE('',#3168,#4854,#6435,.T.);
#6435 = LINE('',#6436,#6437);
#6436 = CARTESIAN_POINT('',(21.4,-4.1,8.));
#6437 = VECTOR('',#6438,1.);
#6438 = DIRECTION('',(-0.,1.,0.));
#6439 = ORIENTED_EDGE('',*,*,#3175,.T.);
#6440 = ORIENTED_EDGE('',*,*,#6419,.T.);
#6441 = ORIENTED_EDGE('',*,*,#4861,.F.);
#6442 = PLANE('',#6443);
#6443 = AXIS2_PLACEMENT_3D('',#6444,#6445,#6446);
#6444 = CARTESIAN_POINT('',(21.4,-4.1,8.));
#6445 = DIRECTION('',(0.,0.,1.));
#6446 = DIRECTION('',(1.,0.,-0.));
#6447 = ADVANCED_FACE('',(#6448),#6454,.T.);
#6448 = FACE_BOUND('',#6449,.T.);
#6449 = EDGE_LOOP('',(#6450,#6451,#6452,#6453));
#6450 = ORIENTED_EDGE('',*,*,#6395,.F.);
#6451 = ORIENTED_EDGE('',*,*,#3167,.T.);
#6452 = ORIENTED_EDGE('',*,*,#6434,.T.);
#6453 = ORIENTED_EDGE('',*,*,#4853,.F.);
#6454 = PLANE('',#6455);
#6455 = AXIS2_PLACEMENT_3D('',#6456,#6457,#6458);
#6456 = CARTESIAN_POINT('',(21.4,-4.1,8.));
#6457 = DIRECTION('',(1.,0.,-0.));
#6458 = DIRECTION('',(0.,0.,1.));
#6459 = ADVANCED_FACE('',(#6460),#6476,.F.);
#6460 = FACE_BOUND('',#6461,.F.);
#6461 = EDGE_LOOP('',(#6462,#6468,#6469,#6475));
#6462 = ORIENTED_EDGE('',*,*,#6463,.F.);
#6463 = EDGE_CURVE('',#3192,#4878,#6464,.T.);
#6464 = LINE('',#6465,#6466);
#6465 = CARTESIAN_POINT('',(20.1,-4.1,4.26));
#6466 = VECTOR('',#6467,1.);
#6467 = DIRECTION('',(-0.,1.,0.));
#6468 = ORIENTED_EDGE('',*,*,#3191,.T.);
#6469 = ORIENTED_EDGE('',*,*,#6470,.T.);
#6470 = EDGE_CURVE('',#3194,#4880,#6471,.T.);
#6471 = LINE('',#6472,#6473);
#6472 = CARTESIAN_POINT('',(22.1,-4.1,6.26));
#6473 = VECTOR('',#6474,1.);
#6474 = DIRECTION('',(-0.,1.,0.));
#6475 = ORIENTED_EDGE('',*,*,#4877,.F.);
#6476 = CYLINDRICAL_SURFACE('',#6477,2.);
#6477 = AXIS2_PLACEMENT_3D('',#6478,#6479,#6480);
#6478 = CARTESIAN_POINT('',(22.1,-4.1,4.26));
#6479 = DIRECTION('',(-0.,1.,0.));
#6480 = DIRECTION('',(-1.,-0.,0.));
#6481 = ADVANCED_FACE('',(#6482),#6493,.F.);
#6482 = FACE_BOUND('',#6483,.F.);
#6483 = EDGE_LOOP('',(#6484,#6485,#6486,#6487));
#6484 = ORIENTED_EDGE('',*,*,#4939,.F.);
#6485 = ORIENTED_EDGE('',*,*,#6470,.F.);
#6486 = ORIENTED_EDGE('',*,*,#3253,.T.);
#6487 = ORIENTED_EDGE('',*,*,#6488,.T.);
#6488 = EDGE_CURVE('',#3245,#4931,#6489,.T.);
#6489 = LINE('',#6490,#6491);
#6490 = CARTESIAN_POINT('',(29.5,-4.1,6.26));
#6491 = VECTOR('',#6492,1.);
#6492 = DIRECTION('',(-0.,1.,0.));
#6493 = PLANE('',#6494);
#6494 = AXIS2_PLACEMENT_3D('',#6495,#6496,#6497);
#6495 = CARTESIAN_POINT('',(20.1,-4.1,6.26));
#6496 = DIRECTION('',(0.,0.,1.));
#6497 = DIRECTION('',(1.,0.,-0.));
#6498 = ADVANCED_FACE('',(#6499),#6510,.F.);
#6499 = FACE_BOUND('',#6500,.T.);
#6500 = EDGE_LOOP('',(#6501,#6507,#6508,#6509));
#6501 = ORIENTED_EDGE('',*,*,#6502,.F.);
#6502 = EDGE_CURVE('',#3237,#4923,#6503,.T.);
#6503 = LINE('',#6504,#6505);
#6504 = CARTESIAN_POINT('',(31.5,-4.1,4.26));
#6505 = VECTOR('',#6506,1.);
#6506 = DIRECTION('',(-0.,1.,0.));
#6507 = ORIENTED_EDGE('',*,*,#3244,.F.);
#6508 = ORIENTED_EDGE('',*,*,#6488,.T.);
#6509 = ORIENTED_EDGE('',*,*,#4930,.T.);
#6510 = CYLINDRICAL_SURFACE('',#6511,2.);
#6511 = AXIS2_PLACEMENT_3D('',#6512,#6513,#6514);
#6512 = CARTESIAN_POINT('',(29.5,-4.1,4.26));
#6513 = DIRECTION('',(-0.,1.,0.));
#6514 = DIRECTION('',(1.,0.,-0.));
#6515 = ADVANCED_FACE('',(#6516),#6527,.F.);
#6516 = FACE_BOUND('',#6517,.F.);
#6517 = EDGE_LOOP('',(#6518,#6519,#6525,#6526));
#6518 = ORIENTED_EDGE('',*,*,#3236,.T.);
#6519 = ORIENTED_EDGE('',*,*,#6520,.T.);
#6520 = EDGE_CURVE('',#3228,#4914,#6521,.T.);
#6521 = LINE('',#6522,#6523);
#6522 = CARTESIAN_POINT('',(31.5,-4.1,0.66));
#6523 = VECTOR('',#6524,1.);
#6524 = DIRECTION('',(-0.,1.,0.));
#6525 = ORIENTED_EDGE('',*,*,#4922,.F.);
#6526 = ORIENTED_EDGE('',*,*,#6502,.F.);
#6527 = PLANE('',#6528);
#6528 = AXIS2_PLACEMENT_3D('',#6529,#6530,#6531);
#6529 = CARTESIAN_POINT('',(31.5,-4.1,-1.34));
#6530 = DIRECTION('',(1.,0.,-0.));
#6531 = DIRECTION('',(0.,0.,1.));
#6532 = ADVANCED_FACE('',(#6533),#6544,.F.);
#6533 = FACE_BOUND('',#6534,.F.);
#6534 = EDGE_LOOP('',(#6535,#6536,#6537,#6543));
#6535 = ORIENTED_EDGE('',*,*,#6520,.F.);
#6536 = ORIENTED_EDGE('',*,*,#3227,.T.);
#6537 = ORIENTED_EDGE('',*,*,#6538,.T.);
#6538 = EDGE_CURVE('',#3220,#4906,#6539,.T.);
#6539 = LINE('',#6540,#6541);
#6540 = CARTESIAN_POINT('',(29.5,-4.1,-1.34));
#6541 = VECTOR('',#6542,1.);
#6542 = DIRECTION('',(-0.,1.,0.));
#6543 = ORIENTED_EDGE('',*,*,#4913,.F.);
#6544 = CYLINDRICAL_SURFACE('',#6545,2.);
#6545 = AXIS2_PLACEMENT_3D('',#6546,#6547,#6548);
#6546 = CARTESIAN_POINT('',(29.5,-4.1,0.66));
#6547 = DIRECTION('',(-0.,1.,0.));
#6548 = DIRECTION('',(1.,0.,-0.));
#6549 = ADVANCED_FACE('',(#6550),#6561,.T.);
#6550 = FACE_BOUND('',#6551,.T.);
#6551 = EDGE_LOOP('',(#6552,#6553,#6559,#6560));
#6552 = ORIENTED_EDGE('',*,*,#4905,.F.);
#6553 = ORIENTED_EDGE('',*,*,#6554,.F.);
#6554 = EDGE_CURVE('',#3211,#4897,#6555,.T.);
#6555 = LINE('',#6556,#6557);
#6556 = CARTESIAN_POINT('',(22.1,-4.1,-1.34));
#6557 = VECTOR('',#6558,1.);
#6558 = DIRECTION('',(-0.,1.,0.));
#6559 = ORIENTED_EDGE('',*,*,#3219,.T.);
#6560 = ORIENTED_EDGE('',*,*,#6538,.T.);
#6561 = PLANE('',#6562);
#6562 = AXIS2_PLACEMENT_3D('',#6563,#6564,#6565);
#6563 = CARTESIAN_POINT('',(20.1,-4.1,-1.34));
#6564 = DIRECTION('',(0.,0.,1.));
#6565 = DIRECTION('',(1.,0.,-0.));
#6566 = ADVANCED_FACE('',(#6567),#6578,.F.);
#6567 = FACE_BOUND('',#6568,.T.);
#6568 = EDGE_LOOP('',(#6569,#6575,#6576,#6577));
#6569 = ORIENTED_EDGE('',*,*,#6570,.F.);
#6570 = EDGE_CURVE('',#3203,#4889,#6571,.T.);
#6571 = LINE('',#6572,#6573);
#6572 = CARTESIAN_POINT('',(20.1,-4.1,0.66));
#6573 = VECTOR('',#6574,1.);
#6574 = DIRECTION('',(-0.,1.,0.));
#6575 = ORIENTED_EDGE('',*,*,#3210,.F.);
#6576 = ORIENTED_EDGE('',*,*,#6554,.T.);
#6577 = ORIENTED_EDGE('',*,*,#4896,.T.);
#6578 = CYLINDRICAL_SURFACE('',#6579,2.);
#6579 = AXIS2_PLACEMENT_3D('',#6580,#6581,#6582);
#6580 = CARTESIAN_POINT('',(22.1,-4.1,0.66));
#6581 = DIRECTION('',(-0.,1.,0.));
#6582 = DIRECTION('',(-1.,-0.,0.));
#6583 = ADVANCED_FACE('',(#6584),#6590,.T.);
#6584 = FACE_BOUND('',#6585,.T.);
#6585 = EDGE_LOOP('',(#6586,#6587,#6588,#6589));
#6586 = ORIENTED_EDGE('',*,*,#3202,.T.);
#6587 = ORIENTED_EDGE('',*,*,#6570,.T.);
#6588 = ORIENTED_EDGE('',*,*,#4888,.F.);
#6589 = ORIENTED_EDGE('',*,*,#6463,.F.);
#6590 = PLANE('',#6591);
#6591 = AXIS2_PLACEMENT_3D('',#6592,#6593,#6594);
#6592 = CARTESIAN_POINT('',(20.1,-4.1,-1.34));
#6593 = DIRECTION('',(1.,0.,-0.));
#6594 = DIRECTION('',(0.,0.,1.));
#6595 = ADVANCED_FACE('',(#6596),#6612,.F.);
#6596 = FACE_BOUND('',#6597,.F.);
#6597 = EDGE_LOOP('',(#6598,#6604,#6605,#6611));
#6598 = ORIENTED_EDGE('',*,*,#6599,.F.);
#6599 = EDGE_CURVE('',#3262,#4948,#6600,.T.);
#6600 = LINE('',#6601,#6602);
#6601 = CARTESIAN_POINT('',(33.5,-4.1,4.26));
#6602 = VECTOR('',#6603,1.);
#6603 = DIRECTION('',(-0.,1.,0.));
#6604 = ORIENTED_EDGE('',*,*,#3261,.T.);
#6605 = ORIENTED_EDGE('',*,*,#6606,.T.);
#6606 = EDGE_CURVE('',#3264,#4950,#6607,.T.);
#6607 = LINE('',#6608,#6609);
#6608 = CARTESIAN_POINT('',(35.5,-4.1,6.26));
#6609 = VECTOR('',#6610,1.);
#6610 = DIRECTION('',(-0.,1.,0.));
#6611 = ORIENTED_EDGE('',*,*,#4947,.F.);
#6612 = CYLINDRICAL_SURFACE('',#6613,2.);
#6613 = AXIS2_PLACEMENT_3D('',#6614,#6615,#6616);
#6614 = CARTESIAN_POINT('',(35.5,-4.1,4.26));
#6615 = DIRECTION('',(-0.,1.,0.));
#6616 = DIRECTION('',(-1.,-0.,0.));
#6617 = ADVANCED_FACE('',(#6618),#6629,.F.);
#6618 = FACE_BOUND('',#6619,.F.);
#6619 = EDGE_LOOP('',(#6620,#6621,#6622,#6623));
#6620 = ORIENTED_EDGE('',*,*,#5009,.F.);
#6621 = ORIENTED_EDGE('',*,*,#6606,.F.);
#6622 = ORIENTED_EDGE('',*,*,#3323,.T.);
#6623 = ORIENTED_EDGE('',*,*,#6624,.T.);
#6624 = EDGE_CURVE('',#3315,#5001,#6625,.T.);
#6625 = LINE('',#6626,#6627);
#6626 = CARTESIAN_POINT('',(42.9,-4.1,6.26));
#6627 = VECTOR('',#6628,1.);
#6628 = DIRECTION('',(-0.,1.,0.));
#6629 = PLANE('',#6630);
#6630 = AXIS2_PLACEMENT_3D('',#6631,#6632,#6633);
#6631 = CARTESIAN_POINT('',(33.5,-4.1,6.26));
#6632 = DIRECTION('',(0.,0.,1.));
#6633 = DIRECTION('',(1.,0.,-0.));
#6634 = ADVANCED_FACE('',(#6635),#6646,.F.);
#6635 = FACE_BOUND('',#6636,.T.);
#6636 = EDGE_LOOP('',(#6637,#6643,#6644,#6645));
#6637 = ORIENTED_EDGE('',*,*,#6638,.F.);
#6638 = EDGE_CURVE('',#3307,#4993,#6639,.T.);
#6639 = LINE('',#6640,#6641);
#6640 = CARTESIAN_POINT('',(44.9,-4.1,4.26));
#6641 = VECTOR('',#6642,1.);
#6642 = DIRECTION('',(-0.,1.,0.));
#6643 = ORIENTED_EDGE('',*,*,#3314,.F.);
#6644 = ORIENTED_EDGE('',*,*,#6624,.T.);
#6645 = ORIENTED_EDGE('',*,*,#5000,.T.);
#6646 = CYLINDRICAL_SURFACE('',#6647,2.);
#6647 = AXIS2_PLACEMENT_3D('',#6648,#6649,#6650);
#6648 = CARTESIAN_POINT('',(42.9,-4.1,4.26));
#6649 = DIRECTION('',(-0.,1.,0.));
#6650 = DIRECTION('',(1.,0.,-0.));
#6651 = ADVANCED_FACE('',(#6652),#6663,.F.);
#6652 = FACE_BOUND('',#6653,.F.);
#6653 = EDGE_LOOP('',(#6654,#6655,#6661,#6662));
#6654 = ORIENTED_EDGE('',*,*,#3306,.T.);
#6655 = ORIENTED_EDGE('',*,*,#6656,.T.);
#6656 = EDGE_CURVE('',#3298,#4984,#6657,.T.);
#6657 = LINE('',#6658,#6659);
#6658 = CARTESIAN_POINT('',(44.9,-4.1,0.66));
#6659 = VECTOR('',#6660,1.);
#6660 = DIRECTION('',(-0.,1.,0.));
#6661 = ORIENTED_EDGE('',*,*,#4992,.F.);
#6662 = ORIENTED_EDGE('',*,*,#6638,.F.);
#6663 = PLANE('',#6664);
#6664 = AXIS2_PLACEMENT_3D('',#6665,#6666,#6667);
#6665 = CARTESIAN_POINT('',(44.9,-4.1,-1.34));
#6666 = DIRECTION('',(1.,0.,-0.));
#6667 = DIRECTION('',(0.,0.,1.));
#6668 = ADVANCED_FACE('',(#6669),#6680,.F.);
#6669 = FACE_BOUND('',#6670,.F.);
#6670 = EDGE_LOOP('',(#6671,#6672,#6673,#6679));
#6671 = ORIENTED_EDGE('',*,*,#6656,.F.);
#6672 = ORIENTED_EDGE('',*,*,#3297,.T.);
#6673 = ORIENTED_EDGE('',*,*,#6674,.T.);
#6674 = EDGE_CURVE('',#3290,#4976,#6675,.T.);
#6675 = LINE('',#6676,#6677);
#6676 = CARTESIAN_POINT('',(42.9,-4.1,-1.34));
#6677 = VECTOR('',#6678,1.);
#6678 = DIRECTION('',(-0.,1.,0.));
#6679 = ORIENTED_EDGE('',*,*,#4983,.F.);
#6680 = CYLINDRICAL_SURFACE('',#6681,2.);
#6681 = AXIS2_PLACEMENT_3D('',#6682,#6683,#6684);
#6682 = CARTESIAN_POINT('',(42.9,-4.1,0.66));
#6683 = DIRECTION('',(-0.,1.,0.));
#6684 = DIRECTION('',(1.,0.,-0.));
#6685 = ADVANCED_FACE('',(#6686),#6697,.T.);
#6686 = FACE_BOUND('',#6687,.T.);
#6687 = EDGE_LOOP('',(#6688,#6689,#6695,#6696));
#6688 = ORIENTED_EDGE('',*,*,#4975,.F.);
#6689 = ORIENTED_EDGE('',*,*,#6690,.F.);
#6690 = EDGE_CURVE('',#3281,#4967,#6691,.T.);
#6691 = LINE('',#6692,#6693);
#6692 = CARTESIAN_POINT('',(35.5,-4.1,-1.34));
#6693 = VECTOR('',#6694,1.);
#6694 = DIRECTION('',(-0.,1.,0.));
#6695 = ORIENTED_EDGE('',*,*,#3289,.T.);
#6696 = ORIENTED_EDGE('',*,*,#6674,.T.);
#6697 = PLANE('',#6698);
#6698 = AXIS2_PLACEMENT_3D('',#6699,#6700,#6701);
#6699 = CARTESIAN_POINT('',(33.5,-4.1,-1.34));
#6700 = DIRECTION('',(0.,0.,1.));
#6701 = DIRECTION('',(1.,0.,-0.));
#6702 = ADVANCED_FACE('',(#6703),#6714,.F.);
#6703 = FACE_BOUND('',#6704,.T.);
#6704 = EDGE_LOOP('',(#6705,#6711,#6712,#6713));
#6705 = ORIENTED_EDGE('',*,*,#6706,.F.);
#6706 = EDGE_CURVE('',#3273,#4959,#6707,.T.);
#6707 = LINE('',#6708,#6709);
#6708 = CARTESIAN_POINT('',(33.5,-4.1,0.66));
#6709 = VECTOR('',#6710,1.);
#6710 = DIRECTION('',(-0.,1.,0.));
#6711 = ORIENTED_EDGE('',*,*,#3280,.F.);
#6712 = ORIENTED_EDGE('',*,*,#6690,.T.);
#6713 = ORIENTED_EDGE('',*,*,#4966,.T.);
#6714 = CYLINDRICAL_SURFACE('',#6715,2.);
#6715 = AXIS2_PLACEMENT_3D('',#6716,#6717,#6718);
#6716 = CARTESIAN_POINT('',(35.5,-4.1,0.66));
#6717 = DIRECTION('',(-0.,1.,0.));
#6718 = DIRECTION('',(-1.,-0.,0.));
#6719 = ADVANCED_FACE('',(#6720),#6726,.T.);
#6720 = FACE_BOUND('',#6721,.T.);
#6721 = EDGE_LOOP('',(#6722,#6723,#6724,#6725));
#6722 = ORIENTED_EDGE('',*,*,#3272,.T.);
#6723 = ORIENTED_EDGE('',*,*,#6706,.T.);
#6724 = ORIENTED_EDGE('',*,*,#4958,.F.);
#6725 = ORIENTED_EDGE('',*,*,#6599,.F.);
#6726 = PLANE('',#6727);
#6727 = AXIS2_PLACEMENT_3D('',#6728,#6729,#6730);
#6728 = CARTESIAN_POINT('',(33.5,-4.1,-1.34));
#6729 = DIRECTION('',(1.,0.,-0.));
#6730 = DIRECTION('',(0.,0.,1.));
#6731 = ADVANCED_FACE('',(#6732),#6748,.F.);
#6732 = FACE_BOUND('',#6733,.F.);
#6733 = EDGE_LOOP('',(#6734,#6740,#6741,#6747));
#6734 = ORIENTED_EDGE('',*,*,#6735,.F.);
#6735 = EDGE_CURVE('',#3332,#5018,#6736,.T.);
#6736 = LINE('',#6737,#6738);
#6737 = CARTESIAN_POINT('',(24.8,-4.1,14.5));
#6738 = VECTOR('',#6739,1.);
#6739 = DIRECTION('',(-0.,1.,0.));
#6740 = ORIENTED_EDGE('',*,*,#3331,.T.);
#6741 = ORIENTED_EDGE('',*,*,#6742,.T.);
#6742 = EDGE_CURVE('',#3334,#5020,#6743,.T.);
#6743 = LINE('',#6744,#6745);
#6744 = CARTESIAN_POINT('',(26.4,-4.1,14.5));
#6745 = VECTOR('',#6746,1.);
#6746 = DIRECTION('',(-0.,1.,0.));
#6747 = ORIENTED_EDGE('',*,*,#5017,.F.);
#6748 = PLANE('',#6749);
#6749 = AXIS2_PLACEMENT_3D('',#6750,#6751,#6752);
#6750 = CARTESIAN_POINT('',(24.8,-4.1,14.5));
#6751 = DIRECTION('',(0.,0.,1.));
#6752 = DIRECTION('',(1.,0.,-0.));
#6753 = ADVANCED_FACE('',(#6754),#6765,.F.);
#6754 = FACE_BOUND('',#6755,.F.);
#6755 = EDGE_LOOP('',(#6756,#6757,#6758,#6764));
#6756 = ORIENTED_EDGE('',*,*,#6742,.F.);
#6757 = ORIENTED_EDGE('',*,*,#3357,.T.);
#6758 = ORIENTED_EDGE('',*,*,#6759,.T.);
#6759 = EDGE_CURVE('',#3350,#5036,#6760,.T.);
#6760 = LINE('',#6761,#6762);
#6761 = CARTESIAN_POINT('',(26.4,-4.1,8.));
#6762 = VECTOR('',#6763,1.);
#6763 = DIRECTION('',(-0.,1.,0.));
#6764 = ORIENTED_EDGE('',*,*,#5043,.F.);
#6765 = PLANE('',#6766);
#6766 = AXIS2_PLACEMENT_3D('',#6767,#6768,#6769);
#6767 = CARTESIAN_POINT('',(26.4,-4.1,8.));
#6768 = DIRECTION('',(1.,0.,-0.));
#6769 = DIRECTION('',(0.,0.,1.));
#6770 = ADVANCED_FACE('',(#6771),#6782,.T.);
#6771 = FACE_BOUND('',#6772,.T.);
#6772 = EDGE_LOOP('',(#6773,#6779,#6780,#6781));
#6773 = ORIENTED_EDGE('',*,*,#6774,.F.);
#6774 = EDGE_CURVE('',#3342,#5028,#6775,.T.);
#6775 = LINE('',#6776,#6777);
#6776 = CARTESIAN_POINT('',(24.8,-4.1,8.));
#6777 = VECTOR('',#6778,1.);
#6778 = DIRECTION('',(-0.,1.,0.));
#6779 = ORIENTED_EDGE('',*,*,#3349,.T.);
#6780 = ORIENTED_EDGE('',*,*,#6759,.T.);
#6781 = ORIENTED_EDGE('',*,*,#5035,.F.);
#6782 = PLANE('',#6783);
#6783 = AXIS2_PLACEMENT_3D('',#6784,#6785,#6786);
#6784 = CARTESIAN_POINT('',(24.8,-4.1,8.));
#6785 = DIRECTION('',(0.,0.,1.));
#6786 = DIRECTION('',(1.,0.,-0.));
#6787 = ADVANCED_FACE('',(#6788),#6794,.T.);
#6788 = FACE_BOUND('',#6789,.T.);
#6789 = EDGE_LOOP('',(#6790,#6791,#6792,#6793));
#6790 = ORIENTED_EDGE('',*,*,#6735,.F.);
#6791 = ORIENTED_EDGE('',*,*,#3341,.T.);
#6792 = ORIENTED_EDGE('',*,*,#6774,.T.);
#6793 = ORIENTED_EDGE('',*,*,#5027,.F.);
#6794 = PLANE('',#6795);
#6795 = AXIS2_PLACEMENT_3D('',#6796,#6797,#6798);
#6796 = CARTESIAN_POINT('',(24.8,-4.1,8.));
#6797 = DIRECTION('',(1.,0.,-0.));
#6798 = DIRECTION('',(0.,0.,1.));
#6799 = ADVANCED_FACE('',(#6800),#6816,.F.);
#6800 = FACE_BOUND('',#6801,.F.);
#6801 = EDGE_LOOP('',(#6802,#6808,#6809,#6815));
#6802 = ORIENTED_EDGE('',*,*,#6803,.F.);
#6803 = EDGE_CURVE('',#3366,#5052,#6804,.T.);
#6804 = LINE('',#6805,#6806);
#6805 = CARTESIAN_POINT('',(28.2,-4.1,14.5));
#6806 = VECTOR('',#6807,1.);
#6807 = DIRECTION('',(-0.,1.,0.));
#6808 = ORIENTED_EDGE('',*,*,#3365,.T.);
#6809 = ORIENTED_EDGE('',*,*,#6810,.T.);
#6810 = EDGE_CURVE('',#3368,#5054,#6811,.T.);
#6811 = LINE('',#6812,#6813);
#6812 = CARTESIAN_POINT('',(29.8,-4.1,14.5));
#6813 = VECTOR('',#6814,1.);
#6814 = DIRECTION('',(-0.,1.,0.));
#6815 = ORIENTED_EDGE('',*,*,#5051,.F.);
#6816 = PLANE('',#6817);
#6817 = AXIS2_PLACEMENT_3D('',#6818,#6819,#6820);
#6818 = CARTESIAN_POINT('',(28.2,-4.1,14.5));
#6819 = DIRECTION('',(0.,0.,1.));
#6820 = DIRECTION('',(1.,0.,-0.));
#6821 = ADVANCED_FACE('',(#6822),#6833,.F.);
#6822 = FACE_BOUND('',#6823,.F.);
#6823 = EDGE_LOOP('',(#6824,#6825,#6826,#6832));
#6824 = ORIENTED_EDGE('',*,*,#6810,.F.);
#6825 = ORIENTED_EDGE('',*,*,#3391,.T.);
#6826 = ORIENTED_EDGE('',*,*,#6827,.T.);
#6827 = EDGE_CURVE('',#3384,#5070,#6828,.T.);
#6828 = LINE('',#6829,#6830);
#6829 = CARTESIAN_POINT('',(29.8,-4.1,8.));
#6830 = VECTOR('',#6831,1.);
#6831 = DIRECTION('',(-0.,1.,0.));
#6832 = ORIENTED_EDGE('',*,*,#5077,.F.);
#6833 = PLANE('',#6834);
#6834 = AXIS2_PLACEMENT_3D('',#6835,#6836,#6837);
#6835 = CARTESIAN_POINT('',(29.8,-4.1,8.));
#6836 = DIRECTION('',(1.,0.,-0.));
#6837 = DIRECTION('',(0.,0.,1.));
#6838 = ADVANCED_FACE('',(#6839),#6850,.T.);
#6839 = FACE_BOUND('',#6840,.T.);
#6840 = EDGE_LOOP('',(#6841,#6847,#6848,#6849));
#6841 = ORIENTED_EDGE('',*,*,#6842,.F.);
#6842 = EDGE_CURVE('',#3376,#5062,#6843,.T.);
#6843 = LINE('',#6844,#6845);
#6844 = CARTESIAN_POINT('',(28.2,-4.1,8.));
#6845 = VECTOR('',#6846,1.);
#6846 = DIRECTION('',(-0.,1.,0.));
#6847 = ORIENTED_EDGE('',*,*,#3383,.T.);
#6848 = ORIENTED_EDGE('',*,*,#6827,.T.);
#6849 = ORIENTED_EDGE('',*,*,#5069,.F.);
#6850 = PLANE('',#6851);
#6851 = AXIS2_PLACEMENT_3D('',#6852,#6853,#6854);
#6852 = CARTESIAN_POINT('',(28.2,-4.1,8.));
#6853 = DIRECTION('',(0.,0.,1.));
#6854 = DIRECTION('',(1.,0.,-0.));
#6855 = ADVANCED_FACE('',(#6856),#6862,.T.);
#6856 = FACE_BOUND('',#6857,.T.);
#6857 = EDGE_LOOP('',(#6858,#6859,#6860,#6861));
#6858 = ORIENTED_EDGE('',*,*,#6803,.F.);
#6859 = ORIENTED_EDGE('',*,*,#3375,.T.);
#6860 = ORIENTED_EDGE('',*,*,#6842,.T.);
#6861 = ORIENTED_EDGE('',*,*,#5061,.F.);
#6862 = PLANE('',#6863);
#6863 = AXIS2_PLACEMENT_3D('',#6864,#6865,#6866);
#6864 = CARTESIAN_POINT('',(28.2,-4.1,8.));
#6865 = DIRECTION('',(1.,0.,-0.));
#6866 = DIRECTION('',(0.,0.,1.));
#6867 = ADVANCED_FACE('',(#6868),#6884,.F.);
#6868 = FACE_BOUND('',#6869,.F.);
#6869 = EDGE_LOOP('',(#6870,#6876,#6877,#6883));
#6870 = ORIENTED_EDGE('',*,*,#6871,.F.);
#6871 = EDGE_CURVE('',#3400,#5086,#6872,.T.);
#6872 = LINE('',#6873,#6874);
#6873 = CARTESIAN_POINT('',(31.6,-4.1,14.5));
#6874 = VECTOR('',#6875,1.);
#6875 = DIRECTION('',(-0.,1.,0.));
#6876 = ORIENTED_EDGE('',*,*,#3399,.T.);
#6877 = ORIENTED_EDGE('',*,*,#6878,.T.);
#6878 = EDGE_CURVE('',#3402,#5088,#6879,.T.);
#6879 = LINE('',#6880,#6881);
#6880 = CARTESIAN_POINT('',(33.2,-4.1,14.5));
#6881 = VECTOR('',#6882,1.);
#6882 = DIRECTION('',(-0.,1.,0.));
#6883 = ORIENTED_EDGE('',*,*,#5085,.F.);
#6884 = PLANE('',#6885);
#6885 = AXIS2_PLACEMENT_3D('',#6886,#6887,#6888);
#6886 = CARTESIAN_POINT('',(31.6,-4.1,14.5));
#6887 = DIRECTION('',(0.,0.,1.));
#6888 = DIRECTION('',(1.,0.,-0.));
#6889 = ADVANCED_FACE('',(#6890),#6901,.F.);
#6890 = FACE_BOUND('',#6891,.F.);
#6891 = EDGE_LOOP('',(#6892,#6893,#6894,#6900));
#6892 = ORIENTED_EDGE('',*,*,#6878,.F.);
#6893 = ORIENTED_EDGE('',*,*,#3425,.T.);
#6894 = ORIENTED_EDGE('',*,*,#6895,.T.);
#6895 = EDGE_CURVE('',#3418,#5104,#6896,.T.);
#6896 = LINE('',#6897,#6898);
#6897 = CARTESIAN_POINT('',(33.2,-4.1,8.));
#6898 = VECTOR('',#6899,1.);
#6899 = DIRECTION('',(-0.,1.,0.));
#6900 = ORIENTED_EDGE('',*,*,#5111,.F.);
#6901 = PLANE('',#6902);
#6902 = AXIS2_PLACEMENT_3D('',#6903,#6904,#6905);
#6903 = CARTESIAN_POINT('',(33.2,-4.1,8.));
#6904 = DIRECTION('',(1.,0.,-0.));
#6905 = DIRECTION('',(0.,0.,1.));
#6906 = ADVANCED_FACE('',(#6907),#6918,.T.);
#6907 = FACE_BOUND('',#6908,.T.);
#6908 = EDGE_LOOP('',(#6909,#6915,#6916,#6917));
#6909 = ORIENTED_EDGE('',*,*,#6910,.F.);
#6910 = EDGE_CURVE('',#3410,#5096,#6911,.T.);
#6911 = LINE('',#6912,#6913);
#6912 = CARTESIAN_POINT('',(31.6,-4.1,8.));
#6913 = VECTOR('',#6914,1.);
#6914 = DIRECTION('',(-0.,1.,0.));
#6915 = ORIENTED_EDGE('',*,*,#3417,.T.);
#6916 = ORIENTED_EDGE('',*,*,#6895,.T.);
#6917 = ORIENTED_EDGE('',*,*,#5103,.F.);
#6918 = PLANE('',#6919);
#6919 = AXIS2_PLACEMENT_3D('',#6920,#6921,#6922);
#6920 = CARTESIAN_POINT('',(31.6,-4.1,8.));
#6921 = DIRECTION('',(0.,0.,1.));
#6922 = DIRECTION('',(1.,0.,-0.));
#6923 = ADVANCED_FACE('',(#6924),#6930,.T.);
#6924 = FACE_BOUND('',#6925,.T.);
#6925 = EDGE_LOOP('',(#6926,#6927,#6928,#6929));
#6926 = ORIENTED_EDGE('',*,*,#6871,.F.);
#6927 = ORIENTED_EDGE('',*,*,#3409,.T.);
#6928 = ORIENTED_EDGE('',*,*,#6910,.T.);
#6929 = ORIENTED_EDGE('',*,*,#5095,.F.);
#6930 = PLANE('',#6931);
#6931 = AXIS2_PLACEMENT_3D('',#6932,#6933,#6934);
#6932 = CARTESIAN_POINT('',(31.6,-4.1,8.));
#6933 = DIRECTION('',(1.,0.,-0.));
#6934 = DIRECTION('',(0.,0.,1.));
#6935 = ADVANCED_FACE('',(#6936),#6952,.F.);
#6936 = FACE_BOUND('',#6937,.F.);
#6937 = EDGE_LOOP('',(#6938,#6944,#6945,#6951));
#6938 = ORIENTED_EDGE('',*,*,#6939,.F.);
#6939 = EDGE_CURVE('',#3434,#5120,#6940,.T.);
#6940 = LINE('',#6941,#6942);
#6941 = CARTESIAN_POINT('',(35.,-4.1,14.5));
#6942 = VECTOR('',#6943,1.);
#6943 = DIRECTION('',(-0.,1.,0.));
#6944 = ORIENTED_EDGE('',*,*,#3433,.T.);
#6945 = ORIENTED_EDGE('',*,*,#6946,.T.);
#6946 = EDGE_CURVE('',#3436,#5122,#6947,.T.);
#6947 = LINE('',#6948,#6949);
#6948 = CARTESIAN_POINT('',(36.6,-4.1,14.5));
#6949 = VECTOR('',#6950,1.);
#6950 = DIRECTION('',(-0.,1.,0.));
#6951 = ORIENTED_EDGE('',*,*,#5119,.F.);
#6952 = PLANE('',#6953);
#6953 = AXIS2_PLACEMENT_3D('',#6954,#6955,#6956);
#6954 = CARTESIAN_POINT('',(35.,-4.1,14.5));
#6955 = DIRECTION('',(0.,0.,1.));
#6956 = DIRECTION('',(1.,0.,-0.));
#6957 = ADVANCED_FACE('',(#6958),#6969,.F.);
#6958 = FACE_BOUND('',#6959,.F.);
#6959 = EDGE_LOOP('',(#6960,#6961,#6962,#6968));
#6960 = ORIENTED_EDGE('',*,*,#6946,.F.);
#6961 = ORIENTED_EDGE('',*,*,#3459,.T.);
#6962 = ORIENTED_EDGE('',*,*,#6963,.T.);
#6963 = EDGE_CURVE('',#3452,#5138,#6964,.T.);
#6964 = LINE('',#6965,#6966);
#6965 = CARTESIAN_POINT('',(36.6,-4.1,8.));
#6966 = VECTOR('',#6967,1.);
#6967 = DIRECTION('',(-0.,1.,0.));
#6968 = ORIENTED_EDGE('',*,*,#5145,.F.);
#6969 = PLANE('',#6970);
#6970 = AXIS2_PLACEMENT_3D('',#6971,#6972,#6973);
#6971 = CARTESIAN_POINT('',(36.6,-4.1,8.));
#6972 = DIRECTION('',(1.,0.,-0.));
#6973 = DIRECTION('',(0.,0.,1.));
#6974 = ADVANCED_FACE('',(#6975),#6986,.T.);
#6975 = FACE_BOUND('',#6976,.T.);
#6976 = EDGE_LOOP('',(#6977,#6983,#6984,#6985));
#6977 = ORIENTED_EDGE('',*,*,#6978,.F.);
#6978 = EDGE_CURVE('',#3444,#5130,#6979,.T.);
#6979 = LINE('',#6980,#6981);
#6980 = CARTESIAN_POINT('',(35.,-4.1,8.));
#6981 = VECTOR('',#6982,1.);
#6982 = DIRECTION('',(-0.,1.,0.));
#6983 = ORIENTED_EDGE('',*,*,#3451,.T.);
#6984 = ORIENTED_EDGE('',*,*,#6963,.T.);
#6985 = ORIENTED_EDGE('',*,*,#5137,.F.);
#6986 = PLANE('',#6987);
#6987 = AXIS2_PLACEMENT_3D('',#6988,#6989,#6990);
#6988 = CARTESIAN_POINT('',(35.,-4.1,8.));
#6989 = DIRECTION('',(0.,0.,1.));
#6990 = DIRECTION('',(1.,0.,-0.));
#6991 = ADVANCED_FACE('',(#6992),#6998,.T.);
#6992 = FACE_BOUND('',#6993,.T.);
#6993 = EDGE_LOOP('',(#6994,#6995,#6996,#6997));
#6994 = ORIENTED_EDGE('',*,*,#6939,.F.);
#6995 = ORIENTED_EDGE('',*,*,#3443,.T.);
#6996 = ORIENTED_EDGE('',*,*,#6978,.T.);
#6997 = ORIENTED_EDGE('',*,*,#5129,.F.);
#6998 = PLANE('',#6999);
#6999 = AXIS2_PLACEMENT_3D('',#7000,#7001,#7002);
#7000 = CARTESIAN_POINT('',(35.,-4.1,8.));
#7001 = DIRECTION('',(1.,0.,-0.));
#7002 = DIRECTION('',(0.,0.,1.));
#7003 = ADVANCED_FACE('',(#7004),#7020,.F.);
#7004 = FACE_BOUND('',#7005,.F.);
#7005 = EDGE_LOOP('',(#7006,#7012,#7013,#7019));
#7006 = ORIENTED_EDGE('',*,*,#7007,.F.);
#7007 = EDGE_CURVE('',#3468,#5154,#7008,.T.);
#7008 = LINE('',#7009,#7010);
#7009 = CARTESIAN_POINT('',(38.4,-4.1,14.5));
#7010 = VECTOR('',#7011,1.);
#7011 = DIRECTION('',(-0.,1.,0.));
#7012 = ORIENTED_EDGE('',*,*,#3467,.T.);
#7013 = ORIENTED_EDGE('',*,*,#7014,.T.);
#7014 = EDGE_CURVE('',#3470,#5156,#7015,.T.);
#7015 = LINE('',#7016,#7017);
#7016 = CARTESIAN_POINT('',(40.,-4.1,14.5));
#7017 = VECTOR('',#7018,1.);
#7018 = DIRECTION('',(-0.,1.,0.));
#7019 = ORIENTED_EDGE('',*,*,#5153,.F.);
#7020 = PLANE('',#7021);
#7021 = AXIS2_PLACEMENT_3D('',#7022,#7023,#7024);
#7022 = CARTESIAN_POINT('',(38.4,-4.1,14.5));
#7023 = DIRECTION('',(0.,0.,1.));
#7024 = DIRECTION('',(1.,0.,-0.));
#7025 = ADVANCED_FACE('',(#7026),#7037,.F.);
#7026 = FACE_BOUND('',#7027,.F.);
#7027 = EDGE_LOOP('',(#7028,#7029,#7030,#7036));
#7028 = ORIENTED_EDGE('',*,*,#7014,.F.);
#7029 = ORIENTED_EDGE('',*,*,#3493,.T.);
#7030 = ORIENTED_EDGE('',*,*,#7031,.T.);
#7031 = EDGE_CURVE('',#3486,#5172,#7032,.T.);
#7032 = LINE('',#7033,#7034);
#7033 = CARTESIAN_POINT('',(40.,-4.1,8.));
#7034 = VECTOR('',#7035,1.);
#7035 = DIRECTION('',(-0.,1.,0.));
#7036 = ORIENTED_EDGE('',*,*,#5179,.F.);
#7037 = PLANE('',#7038);
#7038 = AXIS2_PLACEMENT_3D('',#7039,#7040,#7041);
#7039 = CARTESIAN_POINT('',(40.,-4.1,8.));
#7040 = DIRECTION('',(1.,0.,-0.));
#7041 = DIRECTION('',(0.,0.,1.));
#7042 = ADVANCED_FACE('',(#7043),#7054,.T.);
#7043 = FACE_BOUND('',#7044,.T.);
#7044 = EDGE_LOOP('',(#7045,#7051,#7052,#7053));
#7045 = ORIENTED_EDGE('',*,*,#7046,.F.);
#7046 = EDGE_CURVE('',#3478,#5164,#7047,.T.);
#7047 = LINE('',#7048,#7049);
#7048 = CARTESIAN_POINT('',(38.4,-4.1,8.));
#7049 = VECTOR('',#7050,1.);
#7050 = DIRECTION('',(-0.,1.,0.));
#7051 = ORIENTED_EDGE('',*,*,#3485,.T.);
#7052 = ORIENTED_EDGE('',*,*,#7031,.T.);
#7053 = ORIENTED_EDGE('',*,*,#5171,.F.);
#7054 = PLANE('',#7055);
#7055 = AXIS2_PLACEMENT_3D('',#7056,#7057,#7058);
#7056 = CARTESIAN_POINT('',(38.4,-4.1,8.));
#7057 = DIRECTION('',(0.,0.,1.));
#7058 = DIRECTION('',(1.,0.,-0.));
#7059 = ADVANCED_FACE('',(#7060),#7066,.T.);
#7060 = FACE_BOUND('',#7061,.T.);
#7061 = EDGE_LOOP('',(#7062,#7063,#7064,#7065));
#7062 = ORIENTED_EDGE('',*,*,#7007,.F.);
#7063 = ORIENTED_EDGE('',*,*,#3477,.T.);
#7064 = ORIENTED_EDGE('',*,*,#7046,.T.);
#7065 = ORIENTED_EDGE('',*,*,#5163,.F.);
#7066 = PLANE('',#7067);
#7067 = AXIS2_PLACEMENT_3D('',#7068,#7069,#7070);
#7068 = CARTESIAN_POINT('',(38.4,-4.1,8.));
#7069 = DIRECTION('',(1.,0.,-0.));
#7070 = DIRECTION('',(0.,0.,1.));
#7071 = ADVANCED_FACE('',(#7072),#7088,.F.);
#7072 = FACE_BOUND('',#7073,.F.);
#7073 = EDGE_LOOP('',(#7074,#7080,#7081,#7087));
#7074 = ORIENTED_EDGE('',*,*,#7075,.F.);
#7075 = EDGE_CURVE('',#3502,#5188,#7076,.T.);
#7076 = LINE('',#7077,#7078);
#7077 = CARTESIAN_POINT('',(41.8,-4.1,14.5));
#7078 = VECTOR('',#7079,1.);
#7079 = DIRECTION('',(-0.,1.,0.));
#7080 = ORIENTED_EDGE('',*,*,#3501,.T.);
#7081 = ORIENTED_EDGE('',*,*,#7082,.T.);
#7082 = EDGE_CURVE('',#3504,#5190,#7083,.T.);
#7083 = LINE('',#7084,#7085);
#7084 = CARTESIAN_POINT('',(43.4,-4.1,14.5));
#7085 = VECTOR('',#7086,1.);
#7086 = DIRECTION('',(-0.,1.,0.));
#7087 = ORIENTED_EDGE('',*,*,#5187,.F.);
#7088 = PLANE('',#7089);
#7089 = AXIS2_PLACEMENT_3D('',#7090,#7091,#7092);
#7090 = CARTESIAN_POINT('',(41.8,-4.1,14.5));
#7091 = DIRECTION('',(0.,0.,1.));
#7092 = DIRECTION('',(1.,0.,-0.));
#7093 = ADVANCED_FACE('',(#7094),#7105,.F.);
#7094 = FACE_BOUND('',#7095,.F.);
#7095 = EDGE_LOOP('',(#7096,#7097,#7098,#7104));
#7096 = ORIENTED_EDGE('',*,*,#7082,.F.);
#7097 = ORIENTED_EDGE('',*,*,#3527,.T.);
#7098 = ORIENTED_EDGE('',*,*,#7099,.T.);
#7099 = EDGE_CURVE('',#3520,#5206,#7100,.T.);
#7100 = LINE('',#7101,#7102);
#7101 = CARTESIAN_POINT('',(43.4,-4.1,8.));
#7102 = VECTOR('',#7103,1.);
#7103 = DIRECTION('',(-0.,1.,0.));
#7104 = ORIENTED_EDGE('',*,*,#5213,.F.);
#7105 = PLANE('',#7106);
#7106 = AXIS2_PLACEMENT_3D('',#7107,#7108,#7109);
#7107 = CARTESIAN_POINT('',(43.4,-4.1,8.));
#7108 = DIRECTION('',(1.,0.,-0.));
#7109 = DIRECTION('',(0.,0.,1.));
#7110 = ADVANCED_FACE('',(#7111),#7122,.T.);
#7111 = FACE_BOUND('',#7112,.T.);
#7112 = EDGE_LOOP('',(#7113,#7119,#7120,#7121));
#7113 = ORIENTED_EDGE('',*,*,#7114,.F.);
#7114 = EDGE_CURVE('',#3512,#5198,#7115,.T.);
#7115 = LINE('',#7116,#7117);
#7116 = CARTESIAN_POINT('',(41.8,-4.1,8.));
#7117 = VECTOR('',#7118,1.);
#7118 = DIRECTION('',(-0.,1.,0.));
#7119 = ORIENTED_EDGE('',*,*,#3519,.T.);
#7120 = ORIENTED_EDGE('',*,*,#7099,.T.);
#7121 = ORIENTED_EDGE('',*,*,#5205,.F.);
#7122 = PLANE('',#7123);
#7123 = AXIS2_PLACEMENT_3D('',#7124,#7125,#7126);
#7124 = CARTESIAN_POINT('',(41.8,-4.1,8.));
#7125 = DIRECTION('',(0.,0.,1.));
#7126 = DIRECTION('',(1.,0.,-0.));
#7127 = ADVANCED_FACE('',(#7128),#7134,.T.);
#7128 = FACE_BOUND('',#7129,.T.);
#7129 = EDGE_LOOP('',(#7130,#7131,#7132,#7133));
#7130 = ORIENTED_EDGE('',*,*,#7075,.F.);
#7131 = ORIENTED_EDGE('',*,*,#3511,.T.);
#7132 = ORIENTED_EDGE('',*,*,#7114,.T.);
#7133 = ORIENTED_EDGE('',*,*,#5197,.F.);
#7134 = PLANE('',#7135);
#7135 = AXIS2_PLACEMENT_3D('',#7136,#7137,#7138);
#7136 = CARTESIAN_POINT('',(41.8,-4.1,8.));
#7137 = DIRECTION('',(1.,0.,-0.));
#7138 = DIRECTION('',(0.,0.,1.));
#7139 = ADVANCED_FACE('',(#7140),#7151,.F.);
#7140 = FACE_BOUND('',#7141,.T.);
#7141 = EDGE_LOOP('',(#7142,#7143,#7144,#7150));
#7142 = ORIENTED_EDGE('',*,*,#4085,.F.);
#7143 = ORIENTED_EDGE('',*,*,#4117,.T.);
#7144 = ORIENTED_EDGE('',*,*,#7145,.T.);
#7145 = EDGE_CURVE('',#4110,#3600,#7146,.T.);
#7146 = LINE('',#7147,#7148);
#7147 = CARTESIAN_POINT('',(84.,65.1,-5.6));
#7148 = VECTOR('',#7149,1.);
#7149 = DIRECTION('',(-0.,-0.707106781187,-0.707106781187));
#7150 = ORIENTED_EDGE('',*,*,#3608,.F.);
#7151 = PLANE('',#7152);
#7152 = AXIS2_PLACEMENT_3D('',#7153,#7154,#7155);
#7153 = CARTESIAN_POINT('',(1.,65.1,-5.6));
#7154 = DIRECTION('',(6.983161618628E-18,-0.707106781187,0.707106781187)
  );
#7155 = DIRECTION('',(-1.,-4.937840934654E-18,4.937840934654E-18));
#7156 = ADVANCED_FACE('',(#7157),#7168,.T.);
#7157 = FACE_BOUND('',#7158,.T.);
#7158 = EDGE_LOOP('',(#7159,#7165,#7166,#7167));
#7159 = ORIENTED_EDGE('',*,*,#7160,.F.);
#7160 = EDGE_CURVE('',#4159,#3583,#7161,.T.);
#7161 = LINE('',#7162,#7163);
#7162 = CARTESIAN_POINT('',(87.6,0.,-5.6));
#7163 = VECTOR('',#7164,1.);
#7164 = DIRECTION('',(-0.707106781187,-0.,-0.707106781187));
#7165 = ORIENTED_EDGE('',*,*,#4168,.T.);
#7166 = ORIENTED_EDGE('',*,*,#5856,.T.);
#7167 = ORIENTED_EDGE('',*,*,#3582,.F.);
#7168 = CONICAL_SURFACE('',#7169,4.,0.785398163397);
#7169 = AXIS2_PLACEMENT_3D('',#7170,#7171,#7172);
#7170 = CARTESIAN_POINT('',(84.,-8.881784197001E-16,-5.2));
#7171 = DIRECTION('',(0.,0.,1.));
#7172 = DIRECTION('',(1.,1.836970198721E-16,-0.));
#7173 = ADVANCED_FACE('',(#7174),#7185,.T.);
#7174 = FACE_BOUND('',#7175,.T.);
#7175 = EDGE_LOOP('',(#7176,#7177,#7178,#7184));
#7176 = ORIENTED_EDGE('',*,*,#7145,.F.);
#7177 = ORIENTED_EDGE('',*,*,#4201,.T.);
#7178 = ORIENTED_EDGE('',*,*,#7179,.T.);
#7179 = EDGE_CURVE('',#4192,#3592,#7180,.T.);
#7180 = LINE('',#7181,#7182);
#7181 = CARTESIAN_POINT('',(88.,61.5,-5.2));
#7182 = VECTOR('',#7183,1.);
#7183 = DIRECTION('',(-0.707106781187,-4.329780281177E-17,
    -0.707106781187));
#7184 = ORIENTED_EDGE('',*,*,#3599,.F.);
#7185 = CONICAL_SURFACE('',#7186,4.,0.785398163397);
#7186 = AXIS2_PLACEMENT_3D('',#7187,#7188,#7189);
#7187 = CARTESIAN_POINT('',(84.,61.5,-5.2));
#7188 = DIRECTION('',(0.,0.,1.));
#7189 = DIRECTION('',(0.,1.,0.));
#7190 = ADVANCED_FACE('',(#7191),#7197,.F.);
#7191 = FACE_BOUND('',#7192,.T.);
#7192 = EDGE_LOOP('',(#7193,#7194,#7195,#7196));
#7193 = ORIENTED_EDGE('',*,*,#7179,.F.);
#7194 = ORIENTED_EDGE('',*,*,#4225,.T.);
#7195 = ORIENTED_EDGE('',*,*,#7160,.T.);
#7196 = ORIENTED_EDGE('',*,*,#3591,.F.);
#7197 = PLANE('',#7198);
#7198 = AXIS2_PLACEMENT_3D('',#7199,#7200,#7201);
#7199 = CARTESIAN_POINT('',(87.6,61.5,-5.6));
#7200 = DIRECTION('',(-0.707106781187,-6.983161618628E-18,0.707106781187
    ));
#7201 = DIRECTION('',(-4.937840934654E-18,1.,4.937840934654E-18));
#7202 = ADVANCED_FACE('',(#7203),#7308,.F.);
#7203 = FACE_BOUND('',#7204,.F.);
#7204 = EDGE_LOOP('',(#7205,#7213,#7222,#7230,#7239,#7248,#7256,#7265,
    #7273,#7282,#7291,#7299,#7306,#7307));
#7205 = ORIENTED_EDGE('',*,*,#7206,.T.);
#7206 = EDGE_CURVE('',#3626,#7207,#7209,.T.);
#7207 = VERTEX_POINT('',#7208);
#7208 = CARTESIAN_POINT('',(6.1,3.5,-3.3));
#7209 = LINE('',#7210,#7211);
#7210 = CARTESIAN_POINT('',(6.1,3.5,-6.1));
#7211 = VECTOR('',#7212,1.);
#7212 = DIRECTION('',(0.,0.,1.));
#7213 = ORIENTED_EDGE('',*,*,#7214,.F.);
#7214 = EDGE_CURVE('',#7215,#7207,#7217,.T.);
#7215 = VERTEX_POINT('',#7216);
#7216 = CARTESIAN_POINT('',(4.95,1.341875814509,-3.3));
#7217 = CIRCLE('',#7218,2.6);
#7218 = AXIS2_PLACEMENT_3D('',#7219,#7220,#7221);
#7219 = CARTESIAN_POINT('',(3.5,3.5,-3.3));
#7220 = DIRECTION('',(0.,0.,1.));
#7221 = DIRECTION('',(1.,0.,-0.));
#7222 = ORIENTED_EDGE('',*,*,#7223,.F.);
#7223 = EDGE_CURVE('',#7224,#7215,#7226,.T.);
#7224 = VERTEX_POINT('',#7225);
#7225 = CARTESIAN_POINT('',(4.95,1.341875814509,-3.31));
#7226 = LINE('',#7227,#7228);
#7227 = CARTESIAN_POINT('',(4.95,1.341875814509,-6.1));
#7228 = VECTOR('',#7229,1.);
#7229 = DIRECTION('',(0.,0.,1.));
#7230 = ORIENTED_EDGE('',*,*,#7231,.F.);
#7231 = EDGE_CURVE('',#7232,#7224,#7234,.T.);
#7232 = VERTEX_POINT('',#7233);
#7233 = CARTESIAN_POINT('',(3.5,0.9,-3.31));
#7234 = CIRCLE('',#7235,2.6);
#7235 = AXIS2_PLACEMENT_3D('',#7236,#7237,#7238);
#7236 = CARTESIAN_POINT('',(3.5,3.5,-3.31));
#7237 = DIRECTION('',(0.,0.,1.));
#7238 = DIRECTION('',(1.,0.,-0.));
#7239 = ORIENTED_EDGE('',*,*,#7240,.F.);
#7240 = EDGE_CURVE('',#7241,#7232,#7243,.T.);
#7241 = VERTEX_POINT('',#7242);
#7242 = CARTESIAN_POINT('',(2.05,1.341875814509,-3.31));
#7243 = CIRCLE('',#7244,2.6);
#7244 = AXIS2_PLACEMENT_3D('',#7245,#7246,#7247);
#7245 = CARTESIAN_POINT('',(3.5,3.5,-3.31));
#7246 = DIRECTION('',(0.,0.,1.));
#7247 = DIRECTION('',(1.,0.,-0.));
#7248 = ORIENTED_EDGE('',*,*,#7249,.T.);
#7249 = EDGE_CURVE('',#7241,#7250,#7252,.T.);
#7250 = VERTEX_POINT('',#7251);
#7251 = CARTESIAN_POINT('',(2.05,1.341875814509,-3.3));
#7252 = LINE('',#7253,#7254);
#7253 = CARTESIAN_POINT('',(2.05,1.341875814509,-6.1));
#7254 = VECTOR('',#7255,1.);
#7255 = DIRECTION('',(0.,0.,1.));
#7256 = ORIENTED_EDGE('',*,*,#7257,.F.);
#7257 = EDGE_CURVE('',#7258,#7250,#7260,.T.);
#7258 = VERTEX_POINT('',#7259);
#7259 = CARTESIAN_POINT('',(2.05,5.658124185491,-3.3));
#7260 = CIRCLE('',#7261,2.6);
#7261 = AXIS2_PLACEMENT_3D('',#7262,#7263,#7264);
#7262 = CARTESIAN_POINT('',(3.5,3.5,-3.3));
#7263 = DIRECTION('',(0.,0.,1.));
#7264 = DIRECTION('',(1.,0.,-0.));
#7265 = ORIENTED_EDGE('',*,*,#7266,.F.);
#7266 = EDGE_CURVE('',#7267,#7258,#7269,.T.);
#7267 = VERTEX_POINT('',#7268);
#7268 = CARTESIAN_POINT('',(2.05,5.658124185491,-3.31));
#7269 = LINE('',#7270,#7271);
#7270 = CARTESIAN_POINT('',(2.05,5.658124185491,-6.1));
#7271 = VECTOR('',#7272,1.);
#7272 = DIRECTION('',(0.,0.,1.));
#7273 = ORIENTED_EDGE('',*,*,#7274,.F.);
#7274 = EDGE_CURVE('',#7275,#7267,#7277,.T.);
#7275 = VERTEX_POINT('',#7276);
#7276 = CARTESIAN_POINT('',(3.5,6.1,-3.31));
#7277 = CIRCLE('',#7278,2.6);
#7278 = AXIS2_PLACEMENT_3D('',#7279,#7280,#7281);
#7279 = CARTESIAN_POINT('',(3.5,3.5,-3.31));
#7280 = DIRECTION('',(0.,0.,1.));
#7281 = DIRECTION('',(1.,0.,-0.));
#7282 = ORIENTED_EDGE('',*,*,#7283,.F.);
#7283 = EDGE_CURVE('',#7284,#7275,#7286,.T.);
#7284 = VERTEX_POINT('',#7285);
#7285 = CARTESIAN_POINT('',(4.95,5.658124185491,-3.31));
#7286 = CIRCLE('',#7287,2.6);
#7287 = AXIS2_PLACEMENT_3D('',#7288,#7289,#7290);
#7288 = CARTESIAN_POINT('',(3.5,3.5,-3.31));
#7289 = DIRECTION('',(0.,0.,1.));
#7290 = DIRECTION('',(1.,0.,-0.));
#7291 = ORIENTED_EDGE('',*,*,#7292,.T.);
#7292 = EDGE_CURVE('',#7284,#7293,#7295,.T.);
#7293 = VERTEX_POINT('',#7294);
#7294 = CARTESIAN_POINT('',(4.95,5.658124185491,-3.3));
#7295 = LINE('',#7296,#7297);
#7296 = CARTESIAN_POINT('',(4.95,5.658124185491,-6.1));
#7297 = VECTOR('',#7298,1.);
#7298 = DIRECTION('',(0.,0.,1.));
#7299 = ORIENTED_EDGE('',*,*,#7300,.F.);
#7300 = EDGE_CURVE('',#7207,#7293,#7301,.T.);
#7301 = CIRCLE('',#7302,2.6);
#7302 = AXIS2_PLACEMENT_3D('',#7303,#7304,#7305);
#7303 = CARTESIAN_POINT('',(3.5,3.5,-3.3));
#7304 = DIRECTION('',(0.,0.,1.));
#7305 = DIRECTION('',(1.,0.,-0.));
#7306 = ORIENTED_EDGE('',*,*,#7206,.F.);
#7307 = ORIENTED_EDGE('',*,*,#3625,.T.);
#7308 = CYLINDRICAL_SURFACE('',#7309,2.6);
#7309 = AXIS2_PLACEMENT_3D('',#7310,#7311,#7312);
#7310 = CARTESIAN_POINT('',(3.5,3.5,-6.1));
#7311 = DIRECTION('',(0.,0.,1.));
#7312 = DIRECTION('',(1.,0.,-0.));
#7313 = ADVANCED_FACE('',(#7314),#7419,.F.);
#7314 = FACE_BOUND('',#7315,.F.);
#7315 = EDGE_LOOP('',(#7316,#7324,#7333,#7341,#7350,#7359,#7367,#7376,
    #7384,#7393,#7402,#7410,#7417,#7418));
#7316 = ORIENTED_EDGE('',*,*,#7317,.T.);
#7317 = EDGE_CURVE('',#3637,#7318,#7320,.T.);
#7318 = VERTEX_POINT('',#7319);
#7319 = CARTESIAN_POINT('',(64.1,3.5,-3.3));
#7320 = LINE('',#7321,#7322);
#7321 = CARTESIAN_POINT('',(64.1,3.5,-6.1));
#7322 = VECTOR('',#7323,1.);
#7323 = DIRECTION('',(0.,0.,1.));
#7324 = ORIENTED_EDGE('',*,*,#7325,.F.);
#7325 = EDGE_CURVE('',#7326,#7318,#7328,.T.);
#7326 = VERTEX_POINT('',#7327);
#7327 = CARTESIAN_POINT('',(62.95,1.341875814509,-3.3));
#7328 = CIRCLE('',#7329,2.6);
#7329 = AXIS2_PLACEMENT_3D('',#7330,#7331,#7332);
#7330 = CARTESIAN_POINT('',(61.5,3.5,-3.3));
#7331 = DIRECTION('',(0.,0.,1.));
#7332 = DIRECTION('',(1.,0.,-0.));
#7333 = ORIENTED_EDGE('',*,*,#7334,.F.);
#7334 = EDGE_CURVE('',#7335,#7326,#7337,.T.);
#7335 = VERTEX_POINT('',#7336);
#7336 = CARTESIAN_POINT('',(62.95,1.341875814509,-3.31));
#7337 = LINE('',#7338,#7339);
#7338 = CARTESIAN_POINT('',(62.95,1.341875814509,-6.1));
#7339 = VECTOR('',#7340,1.);
#7340 = DIRECTION('',(0.,0.,1.));
#7341 = ORIENTED_EDGE('',*,*,#7342,.F.);
#7342 = EDGE_CURVE('',#7343,#7335,#7345,.T.);
#7343 = VERTEX_POINT('',#7344);
#7344 = CARTESIAN_POINT('',(61.5,0.9,-3.31));
#7345 = CIRCLE('',#7346,2.6);
#7346 = AXIS2_PLACEMENT_3D('',#7347,#7348,#7349);
#7347 = CARTESIAN_POINT('',(61.5,3.5,-3.31));
#7348 = DIRECTION('',(0.,0.,1.));
#7349 = DIRECTION('',(1.,0.,-0.));
#7350 = ORIENTED_EDGE('',*,*,#7351,.F.);
#7351 = EDGE_CURVE('',#7352,#7343,#7354,.T.);
#7352 = VERTEX_POINT('',#7353);
#7353 = CARTESIAN_POINT('',(60.05,1.341875814509,-3.31));
#7354 = CIRCLE('',#7355,2.6);
#7355 = AXIS2_PLACEMENT_3D('',#7356,#7357,#7358);
#7356 = CARTESIAN_POINT('',(61.5,3.5,-3.31));
#7357 = DIRECTION('',(0.,0.,1.));
#7358 = DIRECTION('',(1.,0.,-0.));
#7359 = ORIENTED_EDGE('',*,*,#7360,.T.);
#7360 = EDGE_CURVE('',#7352,#7361,#7363,.T.);
#7361 = VERTEX_POINT('',#7362);
#7362 = CARTESIAN_POINT('',(60.05,1.341875814509,-3.3));
#7363 = LINE('',#7364,#7365);
#7364 = CARTESIAN_POINT('',(60.05,1.341875814509,-6.1));
#7365 = VECTOR('',#7366,1.);
#7366 = DIRECTION('',(0.,0.,1.));
#7367 = ORIENTED_EDGE('',*,*,#7368,.F.);
#7368 = EDGE_CURVE('',#7369,#7361,#7371,.T.);
#7369 = VERTEX_POINT('',#7370);
#7370 = CARTESIAN_POINT('',(60.05,5.658124185491,-3.3));
#7371 = CIRCLE('',#7372,2.6);
#7372 = AXIS2_PLACEMENT_3D('',#7373,#7374,#7375);
#7373 = CARTESIAN_POINT('',(61.5,3.5,-3.3));
#7374 = DIRECTION('',(0.,0.,1.));
#7375 = DIRECTION('',(1.,0.,-0.));
#7376 = ORIENTED_EDGE('',*,*,#7377,.F.);
#7377 = EDGE_CURVE('',#7378,#7369,#7380,.T.);
#7378 = VERTEX_POINT('',#7379);
#7379 = CARTESIAN_POINT('',(60.05,5.658124185491,-3.31));
#7380 = LINE('',#7381,#7382);
#7381 = CARTESIAN_POINT('',(60.05,5.658124185491,-6.1));
#7382 = VECTOR('',#7383,1.);
#7383 = DIRECTION('',(0.,0.,1.));
#7384 = ORIENTED_EDGE('',*,*,#7385,.F.);
#7385 = EDGE_CURVE('',#7386,#7378,#7388,.T.);
#7386 = VERTEX_POINT('',#7387);
#7387 = CARTESIAN_POINT('',(61.5,6.1,-3.31));
#7388 = CIRCLE('',#7389,2.6);
#7389 = AXIS2_PLACEMENT_3D('',#7390,#7391,#7392);
#7390 = CARTESIAN_POINT('',(61.5,3.5,-3.31));
#7391 = DIRECTION('',(0.,0.,1.));
#7392 = DIRECTION('',(1.,0.,-0.));
#7393 = ORIENTED_EDGE('',*,*,#7394,.F.);
#7394 = EDGE_CURVE('',#7395,#7386,#7397,.T.);
#7395 = VERTEX_POINT('',#7396);
#7396 = CARTESIAN_POINT('',(62.95,5.658124185491,-3.31));
#7397 = CIRCLE('',#7398,2.6);
#7398 = AXIS2_PLACEMENT_3D('',#7399,#7400,#7401);
#7399 = CARTESIAN_POINT('',(61.5,3.5,-3.31));
#7400 = DIRECTION('',(0.,0.,1.));
#7401 = DIRECTION('',(1.,0.,-0.));
#7402 = ORIENTED_EDGE('',*,*,#7403,.T.);
#7403 = EDGE_CURVE('',#7395,#7404,#7406,.T.);
#7404 = VERTEX_POINT('',#7405);
#7405 = CARTESIAN_POINT('',(62.95,5.658124185491,-3.3));
#7406 = LINE('',#7407,#7408);
#7407 = CARTESIAN_POINT('',(62.95,5.658124185491,-6.1));
#7408 = VECTOR('',#7409,1.);
#7409 = DIRECTION('',(0.,0.,1.));
#7410 = ORIENTED_EDGE('',*,*,#7411,.F.);
#7411 = EDGE_CURVE('',#7318,#7404,#7412,.T.);
#7412 = CIRCLE('',#7413,2.6);
#7413 = AXIS2_PLACEMENT_3D('',#7414,#7415,#7416);
#7414 = CARTESIAN_POINT('',(61.5,3.5,-3.3));
#7415 = DIRECTION('',(0.,0.,1.));
#7416 = DIRECTION('',(1.,0.,-0.));
#7417 = ORIENTED_EDGE('',*,*,#7317,.F.);
#7418 = ORIENTED_EDGE('',*,*,#3636,.T.);
#7419 = CYLINDRICAL_SURFACE('',#7420,2.6);
#7420 = AXIS2_PLACEMENT_3D('',#7421,#7422,#7423);
#7421 = CARTESIAN_POINT('',(61.5,3.5,-6.1));
#7422 = DIRECTION('',(0.,0.,1.));
#7423 = DIRECTION('',(1.,0.,-0.));
#7424 = ADVANCED_FACE('',(#7425),#7450,.T.);
#7425 = FACE_BOUND('',#7426,.T.);
#7426 = EDGE_LOOP('',(#7427,#7435,#7436,#7444));
#7427 = ORIENTED_EDGE('',*,*,#7428,.F.);
#7428 = EDGE_CURVE('',#3648,#7429,#7431,.T.);
#7429 = VERTEX_POINT('',#7430);
#7430 = CARTESIAN_POINT('',(14.,13.,-4.));
#7431 = LINE('',#7432,#7433);
#7432 = CARTESIAN_POINT('',(14.,13.,-6.1));
#7433 = VECTOR('',#7434,1.);
#7434 = DIRECTION('',(0.,0.,1.));
#7435 = ORIENTED_EDGE('',*,*,#3647,.T.);
#7436 = ORIENTED_EDGE('',*,*,#7437,.T.);
#7437 = EDGE_CURVE('',#3650,#7438,#7440,.T.);
#7438 = VERTEX_POINT('',#7439);
#7439 = CARTESIAN_POINT('',(12.,13.,-4.));
#7440 = LINE('',#7441,#7442);
#7441 = CARTESIAN_POINT('',(12.,13.,-6.1));
#7442 = VECTOR('',#7443,1.);
#7443 = DIRECTION('',(0.,0.,1.));
#7444 = ORIENTED_EDGE('',*,*,#7445,.F.);
#7445 = EDGE_CURVE('',#7429,#7438,#7446,.T.);
#7446 = LINE('',#7447,#7448);
#7447 = CARTESIAN_POINT('',(5.5,13.,-4.));
#7448 = VECTOR('',#7449,1.);
#7449 = DIRECTION('',(-1.,-0.,0.));
#7450 = PLANE('',#7451);
#7451 = AXIS2_PLACEMENT_3D('',#7452,#7453,#7454);
#7452 = CARTESIAN_POINT('',(12.,13.,-6.1));
#7453 = DIRECTION('',(-0.,1.,0.));
#7454 = DIRECTION('',(0.,0.,1.));
#7455 = ADVANCED_FACE('',(#7456),#7474,.F.);
#7456 = FACE_BOUND('',#7457,.F.);
#7457 = EDGE_LOOP('',(#7458,#7459,#7460,#7468));
#7458 = ORIENTED_EDGE('',*,*,#7428,.F.);
#7459 = ORIENTED_EDGE('',*,*,#3673,.T.);
#7460 = ORIENTED_EDGE('',*,*,#7461,.T.);
#7461 = EDGE_CURVE('',#3666,#7462,#7464,.T.);
#7462 = VERTEX_POINT('',#7463);
#7463 = CARTESIAN_POINT('',(14.,43.,-4.));
#7464 = LINE('',#7465,#7466);
#7465 = CARTESIAN_POINT('',(14.,43.,-6.1));
#7466 = VECTOR('',#7467,1.);
#7467 = DIRECTION('',(0.,0.,1.));
#7468 = ORIENTED_EDGE('',*,*,#7469,.F.);
#7469 = EDGE_CURVE('',#7429,#7462,#7470,.T.);
#7470 = LINE('',#7471,#7472);
#7471 = CARTESIAN_POINT('',(14.,5.5,-4.));
#7472 = VECTOR('',#7473,1.);
#7473 = DIRECTION('',(-0.,1.,0.));
#7474 = PLANE('',#7475);
#7475 = AXIS2_PLACEMENT_3D('',#7476,#7477,#7478);
#7476 = CARTESIAN_POINT('',(14.,13.,-6.1));
#7477 = DIRECTION('',(1.,0.,-0.));
#7478 = DIRECTION('',(0.,0.,1.));
#7479 = ADVANCED_FACE('',(#7480),#7498,.F.);
#7480 = FACE_BOUND('',#7481,.F.);
#7481 = EDGE_LOOP('',(#7482,#7483,#7484,#7492));
#7482 = ORIENTED_EDGE('',*,*,#7461,.F.);
#7483 = ORIENTED_EDGE('',*,*,#3665,.T.);
#7484 = ORIENTED_EDGE('',*,*,#7485,.T.);
#7485 = EDGE_CURVE('',#3658,#7486,#7488,.T.);
#7486 = VERTEX_POINT('',#7487);
#7487 = CARTESIAN_POINT('',(12.,43.,-4.));
#7488 = LINE('',#7489,#7490);
#7489 = CARTESIAN_POINT('',(12.,43.,-6.1));
#7490 = VECTOR('',#7491,1.);
#7491 = DIRECTION('',(0.,0.,1.));
#7492 = ORIENTED_EDGE('',*,*,#7493,.F.);
#7493 = EDGE_CURVE('',#7462,#7486,#7494,.T.);
#7494 = LINE('',#7495,#7496);
#7495 = CARTESIAN_POINT('',(5.5,43.,-4.));
#7496 = VECTOR('',#7497,1.);
#7497 = DIRECTION('',(-1.,-0.,0.));
#7498 = PLANE('',#7499);
#7499 = AXIS2_PLACEMENT_3D('',#7500,#7501,#7502);
#7500 = CARTESIAN_POINT('',(12.,43.,-6.1));
#7501 = DIRECTION('',(-0.,1.,0.));
#7502 = DIRECTION('',(0.,0.,1.));
#7503 = ADVANCED_FACE('',(#7504),#7515,.T.);
#7504 = FACE_BOUND('',#7505,.T.);
#7505 = EDGE_LOOP('',(#7506,#7507,#7508,#7509));
#7506 = ORIENTED_EDGE('',*,*,#7437,.F.);
#7507 = ORIENTED_EDGE('',*,*,#3657,.T.);
#7508 = ORIENTED_EDGE('',*,*,#7485,.T.);
#7509 = ORIENTED_EDGE('',*,*,#7510,.F.);
#7510 = EDGE_CURVE('',#7438,#7486,#7511,.T.);
#7511 = LINE('',#7512,#7513);
#7512 = CARTESIAN_POINT('',(12.,5.5,-4.));
#7513 = VECTOR('',#7514,1.);
#7514 = DIRECTION('',(-0.,1.,0.));
#7515 = PLANE('',#7516);
#7516 = AXIS2_PLACEMENT_3D('',#7517,#7518,#7519);
#7517 = CARTESIAN_POINT('',(12.,13.,-6.1));
#7518 = DIRECTION('',(1.,0.,-0.));
#7519 = DIRECTION('',(0.,0.,1.));
#7520 = ADVANCED_FACE('',(#7521),#7546,.T.);
#7521 = FACE_BOUND('',#7522,.T.);
#7522 = EDGE_LOOP('',(#7523,#7531,#7532,#7540));
#7523 = ORIENTED_EDGE('',*,*,#7524,.F.);
#7524 = EDGE_CURVE('',#3682,#7525,#7527,.T.);
#7525 = VERTEX_POINT('',#7526);
#7526 = CARTESIAN_POINT('',(18.,13.,-4.));
#7527 = LINE('',#7528,#7529);
#7528 = CARTESIAN_POINT('',(18.,13.,-6.1));
#7529 = VECTOR('',#7530,1.);
#7530 = DIRECTION('',(0.,0.,1.));
#7531 = ORIENTED_EDGE('',*,*,#3681,.T.);
#7532 = ORIENTED_EDGE('',*,*,#7533,.T.);
#7533 = EDGE_CURVE('',#3684,#7534,#7536,.T.);
#7534 = VERTEX_POINT('',#7535);
#7535 = CARTESIAN_POINT('',(16.,13.,-4.));
#7536 = LINE('',#7537,#7538);
#7537 = CARTESIAN_POINT('',(16.,13.,-6.1));
#7538 = VECTOR('',#7539,1.);
#7539 = DIRECTION('',(0.,0.,1.));
#7540 = ORIENTED_EDGE('',*,*,#7541,.F.);
#7541 = EDGE_CURVE('',#7525,#7534,#7542,.T.);
#7542 = LINE('',#7543,#7544);
#7543 = CARTESIAN_POINT('',(7.5,13.,-4.));
#7544 = VECTOR('',#7545,1.);
#7545 = DIRECTION('',(-1.,-0.,0.));
#7546 = PLANE('',#7547);
#7547 = AXIS2_PLACEMENT_3D('',#7548,#7549,#7550);
#7548 = CARTESIAN_POINT('',(16.,13.,-6.1));
#7549 = DIRECTION('',(-0.,1.,0.));
#7550 = DIRECTION('',(0.,0.,1.));
#7551 = ADVANCED_FACE('',(#7552),#7570,.F.);
#7552 = FACE_BOUND('',#7553,.F.);
#7553 = EDGE_LOOP('',(#7554,#7555,#7556,#7564));
#7554 = ORIENTED_EDGE('',*,*,#7524,.F.);
#7555 = ORIENTED_EDGE('',*,*,#3707,.T.);
#7556 = ORIENTED_EDGE('',*,*,#7557,.T.);
#7557 = EDGE_CURVE('',#3700,#7558,#7560,.T.);
#7558 = VERTEX_POINT('',#7559);
#7559 = CARTESIAN_POINT('',(18.,43.,-4.));
#7560 = LINE('',#7561,#7562);
#7561 = CARTESIAN_POINT('',(18.,43.,-6.1));
#7562 = VECTOR('',#7563,1.);
#7563 = DIRECTION('',(0.,0.,1.));
#7564 = ORIENTED_EDGE('',*,*,#7565,.F.);
#7565 = EDGE_CURVE('',#7525,#7558,#7566,.T.);
#7566 = LINE('',#7567,#7568);
#7567 = CARTESIAN_POINT('',(18.,5.5,-4.));
#7568 = VECTOR('',#7569,1.);
#7569 = DIRECTION('',(-0.,1.,0.));
#7570 = PLANE('',#7571);
#7571 = AXIS2_PLACEMENT_3D('',#7572,#7573,#7574);
#7572 = CARTESIAN_POINT('',(18.,13.,-6.1));
#7573 = DIRECTION('',(1.,0.,-0.));
#7574 = DIRECTION('',(0.,0.,1.));
#7575 = ADVANCED_FACE('',(#7576),#7594,.F.);
#7576 = FACE_BOUND('',#7577,.F.);
#7577 = EDGE_LOOP('',(#7578,#7579,#7580,#7588));
#7578 = ORIENTED_EDGE('',*,*,#7557,.F.);
#7579 = ORIENTED_EDGE('',*,*,#3699,.T.);
#7580 = ORIENTED_EDGE('',*,*,#7581,.T.);
#7581 = EDGE_CURVE('',#3692,#7582,#7584,.T.);
#7582 = VERTEX_POINT('',#7583);
#7583 = CARTESIAN_POINT('',(16.,43.,-4.));
#7584 = LINE('',#7585,#7586);
#7585 = CARTESIAN_POINT('',(16.,43.,-6.1));
#7586 = VECTOR('',#7587,1.);
#7587 = DIRECTION('',(0.,0.,1.));
#7588 = ORIENTED_EDGE('',*,*,#7589,.F.);
#7589 = EDGE_CURVE('',#7558,#7582,#7590,.T.);
#7590 = LINE('',#7591,#7592);
#7591 = CARTESIAN_POINT('',(7.5,43.,-4.));
#7592 = VECTOR('',#7593,1.);
#7593 = DIRECTION('',(-1.,-0.,0.));
#7594 = PLANE('',#7595);
#7595 = AXIS2_PLACEMENT_3D('',#7596,#7597,#7598);
#7596 = CARTESIAN_POINT('',(16.,43.,-6.1));
#7597 = DIRECTION('',(-0.,1.,0.));
#7598 = DIRECTION('',(0.,0.,1.));
#7599 = ADVANCED_FACE('',(#7600),#7611,.T.);
#7600 = FACE_BOUND('',#7601,.T.);
#7601 = EDGE_LOOP('',(#7602,#7603,#7604,#7605));
#7602 = ORIENTED_EDGE('',*,*,#7533,.F.);
#7603 = ORIENTED_EDGE('',*,*,#3691,.T.);
#7604 = ORIENTED_EDGE('',*,*,#7581,.T.);
#7605 = ORIENTED_EDGE('',*,*,#7606,.F.);
#7606 = EDGE_CURVE('',#7534,#7582,#7607,.T.);
#7607 = LINE('',#7608,#7609);
#7608 = CARTESIAN_POINT('',(16.,5.5,-4.));
#7609 = VECTOR('',#7610,1.);
#7610 = DIRECTION('',(-0.,1.,0.));
#7611 = PLANE('',#7612);
#7612 = AXIS2_PLACEMENT_3D('',#7613,#7614,#7615);
#7613 = CARTESIAN_POINT('',(16.,13.,-6.1));
#7614 = DIRECTION('',(1.,0.,-0.));
#7615 = DIRECTION('',(0.,0.,1.));
#7616 = ADVANCED_FACE('',(#7617),#7642,.T.);
#7617 = FACE_BOUND('',#7618,.T.);
#7618 = EDGE_LOOP('',(#7619,#7627,#7628,#7636));
#7619 = ORIENTED_EDGE('',*,*,#7620,.F.);
#7620 = EDGE_CURVE('',#3716,#7621,#7623,.T.);
#7621 = VERTEX_POINT('',#7622);
#7622 = CARTESIAN_POINT('',(22.,13.,-4.));
#7623 = LINE('',#7624,#7625);
#7624 = CARTESIAN_POINT('',(22.,13.,-6.1));
#7625 = VECTOR('',#7626,1.);
#7626 = DIRECTION('',(0.,0.,1.));
#7627 = ORIENTED_EDGE('',*,*,#3715,.T.);
#7628 = ORIENTED_EDGE('',*,*,#7629,.T.);
#7629 = EDGE_CURVE('',#3718,#7630,#7632,.T.);
#7630 = VERTEX_POINT('',#7631);
#7631 = CARTESIAN_POINT('',(20.,13.,-4.));
#7632 = LINE('',#7633,#7634);
#7633 = CARTESIAN_POINT('',(20.,13.,-6.1));
#7634 = VECTOR('',#7635,1.);
#7635 = DIRECTION('',(0.,0.,1.));
#7636 = ORIENTED_EDGE('',*,*,#7637,.F.);
#7637 = EDGE_CURVE('',#7621,#7630,#7638,.T.);
#7638 = LINE('',#7639,#7640);
#7639 = CARTESIAN_POINT('',(9.5,13.,-4.));
#7640 = VECTOR('',#7641,1.);
#7641 = DIRECTION('',(-1.,-0.,0.));
#7642 = PLANE('',#7643);
#7643 = AXIS2_PLACEMENT_3D('',#7644,#7645,#7646);
#7644 = CARTESIAN_POINT('',(20.,13.,-6.1));
#7645 = DIRECTION('',(-0.,1.,0.));
#7646 = DIRECTION('',(0.,0.,1.));
#7647 = ADVANCED_FACE('',(#7648),#7666,.F.);
#7648 = FACE_BOUND('',#7649,.F.);
#7649 = EDGE_LOOP('',(#7650,#7651,#7652,#7660));
#7650 = ORIENTED_EDGE('',*,*,#7620,.F.);
#7651 = ORIENTED_EDGE('',*,*,#3741,.T.);
#7652 = ORIENTED_EDGE('',*,*,#7653,.T.);
#7653 = EDGE_CURVE('',#3734,#7654,#7656,.T.);
#7654 = VERTEX_POINT('',#7655);
#7655 = CARTESIAN_POINT('',(22.,43.,-4.));
#7656 = LINE('',#7657,#7658);
#7657 = CARTESIAN_POINT('',(22.,43.,-6.1));
#7658 = VECTOR('',#7659,1.);
#7659 = DIRECTION('',(0.,0.,1.));
#7660 = ORIENTED_EDGE('',*,*,#7661,.F.);
#7661 = EDGE_CURVE('',#7621,#7654,#7662,.T.);
#7662 = LINE('',#7663,#7664);
#7663 = CARTESIAN_POINT('',(22.,5.5,-4.));
#7664 = VECTOR('',#7665,1.);
#7665 = DIRECTION('',(-0.,1.,0.));
#7666 = PLANE('',#7667);
#7667 = AXIS2_PLACEMENT_3D('',#7668,#7669,#7670);
#7668 = CARTESIAN_POINT('',(22.,13.,-6.1));
#7669 = DIRECTION('',(1.,0.,-0.));
#7670 = DIRECTION('',(0.,0.,1.));
#7671 = ADVANCED_FACE('',(#7672),#7690,.F.);
#7672 = FACE_BOUND('',#7673,.F.);
#7673 = EDGE_LOOP('',(#7674,#7675,#7676,#7684));
#7674 = ORIENTED_EDGE('',*,*,#7653,.F.);
#7675 = ORIENTED_EDGE('',*,*,#3733,.T.);
#7676 = ORIENTED_EDGE('',*,*,#7677,.T.);
#7677 = EDGE_CURVE('',#3726,#7678,#7680,.T.);
#7678 = VERTEX_POINT('',#7679);
#7679 = CARTESIAN_POINT('',(20.,43.,-4.));
#7680 = LINE('',#7681,#7682);
#7681 = CARTESIAN_POINT('',(20.,43.,-6.1));
#7682 = VECTOR('',#7683,1.);
#7683 = DIRECTION('',(0.,0.,1.));
#7684 = ORIENTED_EDGE('',*,*,#7685,.F.);
#7685 = EDGE_CURVE('',#7654,#7678,#7686,.T.);
#7686 = LINE('',#7687,#7688);
#7687 = CARTESIAN_POINT('',(9.5,43.,-4.));
#7688 = VECTOR('',#7689,1.);
#7689 = DIRECTION('',(-1.,-0.,0.));
#7690 = PLANE('',#7691);
#7691 = AXIS2_PLACEMENT_3D('',#7692,#7693,#7694);
#7692 = CARTESIAN_POINT('',(20.,43.,-6.1));
#7693 = DIRECTION('',(-0.,1.,0.));
#7694 = DIRECTION('',(0.,0.,1.));
#7695 = ADVANCED_FACE('',(#7696),#7707,.T.);
#7696 = FACE_BOUND('',#7697,.T.);
#7697 = EDGE_LOOP('',(#7698,#7699,#7700,#7701));
#7698 = ORIENTED_EDGE('',*,*,#7629,.F.);
#7699 = ORIENTED_EDGE('',*,*,#3725,.T.);
#7700 = ORIENTED_EDGE('',*,*,#7677,.T.);
#7701 = ORIENTED_EDGE('',*,*,#7702,.F.);
#7702 = EDGE_CURVE('',#7630,#7678,#7703,.T.);
#7703 = LINE('',#7704,#7705);
#7704 = CARTESIAN_POINT('',(20.,5.5,-4.));
#7705 = VECTOR('',#7706,1.);
#7706 = DIRECTION('',(-0.,1.,0.));
#7707 = PLANE('',#7708);
#7708 = AXIS2_PLACEMENT_3D('',#7709,#7710,#7711);
#7709 = CARTESIAN_POINT('',(20.,13.,-6.1));
#7710 = DIRECTION('',(1.,0.,-0.));
#7711 = DIRECTION('',(0.,0.,1.));
#7712 = ADVANCED_FACE('',(#7713),#7738,.T.);
#7713 = FACE_BOUND('',#7714,.T.);
#7714 = EDGE_LOOP('',(#7715,#7723,#7724,#7732));
#7715 = ORIENTED_EDGE('',*,*,#7716,.F.);
#7716 = EDGE_CURVE('',#3750,#7717,#7719,.T.);
#7717 = VERTEX_POINT('',#7718);
#7718 = CARTESIAN_POINT('',(26.,13.,-4.));
#7719 = LINE('',#7720,#7721);
#7720 = CARTESIAN_POINT('',(26.,13.,-6.1));
#7721 = VECTOR('',#7722,1.);
#7722 = DIRECTION('',(0.,0.,1.));
#7723 = ORIENTED_EDGE('',*,*,#3749,.T.);
#7724 = ORIENTED_EDGE('',*,*,#7725,.T.);
#7725 = EDGE_CURVE('',#3752,#7726,#7728,.T.);
#7726 = VERTEX_POINT('',#7727);
#7727 = CARTESIAN_POINT('',(24.,13.,-4.));
#7728 = LINE('',#7729,#7730);
#7729 = CARTESIAN_POINT('',(24.,13.,-6.1));
#7730 = VECTOR('',#7731,1.);
#7731 = DIRECTION('',(0.,0.,1.));
#7732 = ORIENTED_EDGE('',*,*,#7733,.F.);
#7733 = EDGE_CURVE('',#7717,#7726,#7734,.T.);
#7734 = LINE('',#7735,#7736);
#7735 = CARTESIAN_POINT('',(11.5,13.,-4.));
#7736 = VECTOR('',#7737,1.);
#7737 = DIRECTION('',(-1.,-0.,0.));
#7738 = PLANE('',#7739);
#7739 = AXIS2_PLACEMENT_3D('',#7740,#7741,#7742);
#7740 = CARTESIAN_POINT('',(24.,13.,-6.1));
#7741 = DIRECTION('',(-0.,1.,0.));
#7742 = DIRECTION('',(0.,0.,1.));
#7743 = ADVANCED_FACE('',(#7744),#7762,.F.);
#7744 = FACE_BOUND('',#7745,.F.);
#7745 = EDGE_LOOP('',(#7746,#7747,#7748,#7756));
#7746 = ORIENTED_EDGE('',*,*,#7716,.F.);
#7747 = ORIENTED_EDGE('',*,*,#3775,.T.);
#7748 = ORIENTED_EDGE('',*,*,#7749,.T.);
#7749 = EDGE_CURVE('',#3768,#7750,#7752,.T.);
#7750 = VERTEX_POINT('',#7751);
#7751 = CARTESIAN_POINT('',(26.,43.,-4.));
#7752 = LINE('',#7753,#7754);
#7753 = CARTESIAN_POINT('',(26.,43.,-6.1));
#7754 = VECTOR('',#7755,1.);
#7755 = DIRECTION('',(0.,0.,1.));
#7756 = ORIENTED_EDGE('',*,*,#7757,.F.);
#7757 = EDGE_CURVE('',#7717,#7750,#7758,.T.);
#7758 = LINE('',#7759,#7760);
#7759 = CARTESIAN_POINT('',(26.,5.5,-4.));
#7760 = VECTOR('',#7761,1.);
#7761 = DIRECTION('',(-0.,1.,0.));
#7762 = PLANE('',#7763);
#7763 = AXIS2_PLACEMENT_3D('',#7764,#7765,#7766);
#7764 = CARTESIAN_POINT('',(26.,13.,-6.1));
#7765 = DIRECTION('',(1.,0.,-0.));
#7766 = DIRECTION('',(0.,0.,1.));
#7767 = ADVANCED_FACE('',(#7768),#7786,.F.);
#7768 = FACE_BOUND('',#7769,.F.);
#7769 = EDGE_LOOP('',(#7770,#7771,#7772,#7780));
#7770 = ORIENTED_EDGE('',*,*,#7749,.F.);
#7771 = ORIENTED_EDGE('',*,*,#3767,.T.);
#7772 = ORIENTED_EDGE('',*,*,#7773,.T.);
#7773 = EDGE_CURVE('',#3760,#7774,#7776,.T.);
#7774 = VERTEX_POINT('',#7775);
#7775 = CARTESIAN_POINT('',(24.,43.,-4.));
#7776 = LINE('',#7777,#7778);
#7777 = CARTESIAN_POINT('',(24.,43.,-6.1));
#7778 = VECTOR('',#7779,1.);
#7779 = DIRECTION('',(0.,0.,1.));
#7780 = ORIENTED_EDGE('',*,*,#7781,.F.);
#7781 = EDGE_CURVE('',#7750,#7774,#7782,.T.);
#7782 = LINE('',#7783,#7784);
#7783 = CARTESIAN_POINT('',(11.5,43.,-4.));
#7784 = VECTOR('',#7785,1.);
#7785 = DIRECTION('',(-1.,-0.,0.));
#7786 = PLANE('',#7787);
#7787 = AXIS2_PLACEMENT_3D('',#7788,#7789,#7790);
#7788 = CARTESIAN_POINT('',(24.,43.,-6.1));
#7789 = DIRECTION('',(-0.,1.,0.));
#7790 = DIRECTION('',(0.,0.,1.));
#7791 = ADVANCED_FACE('',(#7792),#7803,.T.);
#7792 = FACE_BOUND('',#7793,.T.);
#7793 = EDGE_LOOP('',(#7794,#7795,#7796,#7797));
#7794 = ORIENTED_EDGE('',*,*,#7725,.F.);
#7795 = ORIENTED_EDGE('',*,*,#3759,.T.);
#7796 = ORIENTED_EDGE('',*,*,#7773,.T.);
#7797 = ORIENTED_EDGE('',*,*,#7798,.F.);
#7798 = EDGE_CURVE('',#7726,#7774,#7799,.T.);
#7799 = LINE('',#7800,#7801);
#7800 = CARTESIAN_POINT('',(24.,5.5,-4.));
#7801 = VECTOR('',#7802,1.);
#7802 = DIRECTION('',(-0.,1.,0.));
#7803 = PLANE('',#7804);
#7804 = AXIS2_PLACEMENT_3D('',#7805,#7806,#7807);
#7805 = CARTESIAN_POINT('',(24.,13.,-6.1));
#7806 = DIRECTION('',(1.,0.,-0.));
#7807 = DIRECTION('',(0.,0.,1.));
#7808 = ADVANCED_FACE('',(#7809),#7834,.T.);
#7809 = FACE_BOUND('',#7810,.T.);
#7810 = EDGE_LOOP('',(#7811,#7819,#7820,#7828));
#7811 = ORIENTED_EDGE('',*,*,#7812,.F.);
#7812 = EDGE_CURVE('',#3784,#7813,#7815,.T.);
#7813 = VERTEX_POINT('',#7814);
#7814 = CARTESIAN_POINT('',(30.,13.,-4.));
#7815 = LINE('',#7816,#7817);
#7816 = CARTESIAN_POINT('',(30.,13.,-6.1));
#7817 = VECTOR('',#7818,1.);
#7818 = DIRECTION('',(0.,0.,1.));
#7819 = ORIENTED_EDGE('',*,*,#3783,.T.);
#7820 = ORIENTED_EDGE('',*,*,#7821,.T.);
#7821 = EDGE_CURVE('',#3786,#7822,#7824,.T.);
#7822 = VERTEX_POINT('',#7823);
#7823 = CARTESIAN_POINT('',(28.,13.,-4.));
#7824 = LINE('',#7825,#7826);
#7825 = CARTESIAN_POINT('',(28.,13.,-6.1));
#7826 = VECTOR('',#7827,1.);
#7827 = DIRECTION('',(0.,0.,1.));
#7828 = ORIENTED_EDGE('',*,*,#7829,.F.);
#7829 = EDGE_CURVE('',#7813,#7822,#7830,.T.);
#7830 = LINE('',#7831,#7832);
#7831 = CARTESIAN_POINT('',(13.5,13.,-4.));
#7832 = VECTOR('',#7833,1.);
#7833 = DIRECTION('',(-1.,-0.,0.));
#7834 = PLANE('',#7835);
#7835 = AXIS2_PLACEMENT_3D('',#7836,#7837,#7838);
#7836 = CARTESIAN_POINT('',(28.,13.,-6.1));
#7837 = DIRECTION('',(-0.,1.,0.));
#7838 = DIRECTION('',(0.,0.,1.));
#7839 = ADVANCED_FACE('',(#7840),#7858,.F.);
#7840 = FACE_BOUND('',#7841,.F.);
#7841 = EDGE_LOOP('',(#7842,#7843,#7844,#7852));
#7842 = ORIENTED_EDGE('',*,*,#7812,.F.);
#7843 = ORIENTED_EDGE('',*,*,#3809,.T.);
#7844 = ORIENTED_EDGE('',*,*,#7845,.T.);
#7845 = EDGE_CURVE('',#3802,#7846,#7848,.T.);
#7846 = VERTEX_POINT('',#7847);
#7847 = CARTESIAN_POINT('',(30.,43.,-4.));
#7848 = LINE('',#7849,#7850);
#7849 = CARTESIAN_POINT('',(30.,43.,-6.1));
#7850 = VECTOR('',#7851,1.);
#7851 = DIRECTION('',(0.,0.,1.));
#7852 = ORIENTED_EDGE('',*,*,#7853,.F.);
#7853 = EDGE_CURVE('',#7813,#7846,#7854,.T.);
#7854 = LINE('',#7855,#7856);
#7855 = CARTESIAN_POINT('',(30.,5.5,-4.));
#7856 = VECTOR('',#7857,1.);
#7857 = DIRECTION('',(-0.,1.,0.));
#7858 = PLANE('',#7859);
#7859 = AXIS2_PLACEMENT_3D('',#7860,#7861,#7862);
#7860 = CARTESIAN_POINT('',(30.,13.,-6.1));
#7861 = DIRECTION('',(1.,0.,-0.));
#7862 = DIRECTION('',(0.,0.,1.));
#7863 = ADVANCED_FACE('',(#7864),#7882,.F.);
#7864 = FACE_BOUND('',#7865,.F.);
#7865 = EDGE_LOOP('',(#7866,#7867,#7868,#7876));
#7866 = ORIENTED_EDGE('',*,*,#7845,.F.);
#7867 = ORIENTED_EDGE('',*,*,#3801,.T.);
#7868 = ORIENTED_EDGE('',*,*,#7869,.T.);
#7869 = EDGE_CURVE('',#3794,#7870,#7872,.T.);
#7870 = VERTEX_POINT('',#7871);
#7871 = CARTESIAN_POINT('',(28.,43.,-4.));
#7872 = LINE('',#7873,#7874);
#7873 = CARTESIAN_POINT('',(28.,43.,-6.1));
#7874 = VECTOR('',#7875,1.);
#7875 = DIRECTION('',(0.,0.,1.));
#7876 = ORIENTED_EDGE('',*,*,#7877,.F.);
#7877 = EDGE_CURVE('',#7846,#7870,#7878,.T.);
#7878 = LINE('',#7879,#7880);
#7879 = CARTESIAN_POINT('',(13.5,43.,-4.));
#7880 = VECTOR('',#7881,1.);
#7881 = DIRECTION('',(-1.,-0.,0.));
#7882 = PLANE('',#7883);
#7883 = AXIS2_PLACEMENT_3D('',#7884,#7885,#7886);
#7884 = CARTESIAN_POINT('',(28.,43.,-6.1));
#7885 = DIRECTION('',(-0.,1.,0.));
#7886 = DIRECTION('',(0.,0.,1.));
#7887 = ADVANCED_FACE('',(#7888),#7899,.T.);
#7888 = FACE_BOUND('',#7889,.T.);
#7889 = EDGE_LOOP('',(#7890,#7891,#7892,#7893));
#7890 = ORIENTED_EDGE('',*,*,#7821,.F.);
#7891 = ORIENTED_EDGE('',*,*,#3793,.T.);
#7892 = ORIENTED_EDGE('',*,*,#7869,.T.);
#7893 = ORIENTED_EDGE('',*,*,#7894,.F.);
#7894 = EDGE_CURVE('',#7822,#7870,#7895,.T.);
#7895 = LINE('',#7896,#7897);
#7896 = CARTESIAN_POINT('',(28.,5.5,-4.));
#7897 = VECTOR('',#7898,1.);
#7898 = DIRECTION('',(-0.,1.,0.));
#7899 = PLANE('',#7900);
#7900 = AXIS2_PLACEMENT_3D('',#7901,#7902,#7903);
#7901 = CARTESIAN_POINT('',(28.,13.,-6.1));
#7902 = DIRECTION('',(1.,0.,-0.));
#7903 = DIRECTION('',(0.,0.,1.));
#7904 = ADVANCED_FACE('',(#7905),#8010,.F.);
#7905 = FACE_BOUND('',#7906,.F.);
#7906 = EDGE_LOOP('',(#7907,#7915,#7924,#7932,#7941,#7950,#7958,#7967,
    #7975,#7984,#7993,#8001,#8008,#8009));
#7907 = ORIENTED_EDGE('',*,*,#7908,.T.);
#7908 = EDGE_CURVE('',#3818,#7909,#7911,.T.);
#7909 = VERTEX_POINT('',#7910);
#7910 = CARTESIAN_POINT('',(6.1,52.5,-3.3));
#7911 = LINE('',#7912,#7913);
#7912 = CARTESIAN_POINT('',(6.1,52.5,-6.1));
#7913 = VECTOR('',#7914,1.);
#7914 = DIRECTION('',(0.,0.,1.));
#7915 = ORIENTED_EDGE('',*,*,#7916,.F.);
#7916 = EDGE_CURVE('',#7917,#7909,#7919,.T.);
#7917 = VERTEX_POINT('',#7918);
#7918 = CARTESIAN_POINT('',(4.95,50.341875814509,-3.3));
#7919 = CIRCLE('',#7920,2.6);
#7920 = AXIS2_PLACEMENT_3D('',#7921,#7922,#7923);
#7921 = CARTESIAN_POINT('',(3.5,52.5,-3.3));
#7922 = DIRECTION('',(0.,0.,1.));
#7923 = DIRECTION('',(1.,0.,-0.));
#7924 = ORIENTED_EDGE('',*,*,#7925,.F.);
#7925 = EDGE_CURVE('',#7926,#7917,#7928,.T.);
#7926 = VERTEX_POINT('',#7927);
#7927 = CARTESIAN_POINT('',(4.95,50.341875814509,-3.31));
#7928 = LINE('',#7929,#7930);
#7929 = CARTESIAN_POINT('',(4.95,50.341875814509,-6.1));
#7930 = VECTOR('',#7931,1.);
#7931 = DIRECTION('',(0.,0.,1.));
#7932 = ORIENTED_EDGE('',*,*,#7933,.F.);
#7933 = EDGE_CURVE('',#7934,#7926,#7936,.T.);
#7934 = VERTEX_POINT('',#7935);
#7935 = CARTESIAN_POINT('',(3.5,49.9,-3.31));
#7936 = CIRCLE('',#7937,2.6);
#7937 = AXIS2_PLACEMENT_3D('',#7938,#7939,#7940);
#7938 = CARTESIAN_POINT('',(3.5,52.5,-3.31));
#7939 = DIRECTION('',(0.,0.,1.));
#7940 = DIRECTION('',(1.,0.,-0.));
#7941 = ORIENTED_EDGE('',*,*,#7942,.F.);
#7942 = EDGE_CURVE('',#7943,#7934,#7945,.T.);
#7943 = VERTEX_POINT('',#7944);
#7944 = CARTESIAN_POINT('',(2.05,50.341875814509,-3.31));
#7945 = CIRCLE('',#7946,2.6);
#7946 = AXIS2_PLACEMENT_3D('',#7947,#7948,#7949);
#7947 = CARTESIAN_POINT('',(3.5,52.5,-3.31));
#7948 = DIRECTION('',(0.,0.,1.));
#7949 = DIRECTION('',(1.,0.,-0.));
#7950 = ORIENTED_EDGE('',*,*,#7951,.T.);
#7951 = EDGE_CURVE('',#7943,#7952,#7954,.T.);
#7952 = VERTEX_POINT('',#7953);
#7953 = CARTESIAN_POINT('',(2.05,50.341875814509,-3.3));
#7954 = LINE('',#7955,#7956);
#7955 = CARTESIAN_POINT('',(2.05,50.341875814509,-6.1));
#7956 = VECTOR('',#7957,1.);
#7957 = DIRECTION('',(0.,0.,1.));
#7958 = ORIENTED_EDGE('',*,*,#7959,.F.);
#7959 = EDGE_CURVE('',#7960,#7952,#7962,.T.);
#7960 = VERTEX_POINT('',#7961);
#7961 = CARTESIAN_POINT('',(2.05,54.658124185491,-3.3));
#7962 = CIRCLE('',#7963,2.6);
#7963 = AXIS2_PLACEMENT_3D('',#7964,#7965,#7966);
#7964 = CARTESIAN_POINT('',(3.5,52.5,-3.3));
#7965 = DIRECTION('',(0.,0.,1.));
#7966 = DIRECTION('',(1.,0.,-0.));
#7967 = ORIENTED_EDGE('',*,*,#7968,.F.);
#7968 = EDGE_CURVE('',#7969,#7960,#7971,.T.);
#7969 = VERTEX_POINT('',#7970);
#7970 = CARTESIAN_POINT('',(2.05,54.658124185491,-3.31));
#7971 = LINE('',#7972,#7973);
#7972 = CARTESIAN_POINT('',(2.05,54.658124185491,-6.1));
#7973 = VECTOR('',#7974,1.);
#7974 = DIRECTION('',(0.,0.,1.));
#7975 = ORIENTED_EDGE('',*,*,#7976,.F.);
#7976 = EDGE_CURVE('',#7977,#7969,#7979,.T.);
#7977 = VERTEX_POINT('',#7978);
#7978 = CARTESIAN_POINT('',(3.5,55.1,-3.31));
#7979 = CIRCLE('',#7980,2.6);
#7980 = AXIS2_PLACEMENT_3D('',#7981,#7982,#7983);
#7981 = CARTESIAN_POINT('',(3.5,52.5,-3.31));
#7982 = DIRECTION('',(0.,0.,1.));
#7983 = DIRECTION('',(1.,0.,-0.));
#7984 = ORIENTED_EDGE('',*,*,#7985,.F.);
#7985 = EDGE_CURVE('',#7986,#7977,#7988,.T.);
#7986 = VERTEX_POINT('',#7987);
#7987 = CARTESIAN_POINT('',(4.95,54.658124185491,-3.31));
#7988 = CIRCLE('',#7989,2.6);
#7989 = AXIS2_PLACEMENT_3D('',#7990,#7991,#7992);
#7990 = CARTESIAN_POINT('',(3.5,52.5,-3.31));
#7991 = DIRECTION('',(0.,0.,1.));
#7992 = DIRECTION('',(1.,0.,-0.));
#7993 = ORIENTED_EDGE('',*,*,#7994,.T.);
#7994 = EDGE_CURVE('',#7986,#7995,#7997,.T.);
#7995 = VERTEX_POINT('',#7996);
#7996 = CARTESIAN_POINT('',(4.95,54.658124185491,-3.3));
#7997 = LINE('',#7998,#7999);
#7998 = CARTESIAN_POINT('',(4.95,54.658124185491,-6.1));
#7999 = VECTOR('',#8000,1.);
#8000 = DIRECTION('',(0.,0.,1.));
#8001 = ORIENTED_EDGE('',*,*,#8002,.F.);
#8002 = EDGE_CURVE('',#7909,#7995,#8003,.T.);
#8003 = CIRCLE('',#8004,2.6);
#8004 = AXIS2_PLACEMENT_3D('',#8005,#8006,#8007);
#8005 = CARTESIAN_POINT('',(3.5,52.5,-3.3));
#8006 = DIRECTION('',(0.,0.,1.));
#8007 = DIRECTION('',(1.,0.,-0.));
#8008 = ORIENTED_EDGE('',*,*,#7908,.F.);
#8009 = ORIENTED_EDGE('',*,*,#3817,.T.);
#8010 = CYLINDRICAL_SURFACE('',#8011,2.6);
#8011 = AXIS2_PLACEMENT_3D('',#8012,#8013,#8014);
#8012 = CARTESIAN_POINT('',(3.5,52.5,-6.1));
#8013 = DIRECTION('',(0.,0.,1.));
#8014 = DIRECTION('',(1.,0.,-0.));
#8015 = ADVANCED_FACE('',(#8016),#8041,.T.);
#8016 = FACE_BOUND('',#8017,.T.);
#8017 = EDGE_LOOP('',(#8018,#8026,#8027,#8035));
#8018 = ORIENTED_EDGE('',*,*,#8019,.F.);
#8019 = EDGE_CURVE('',#3829,#8020,#8022,.T.);
#8020 = VERTEX_POINT('',#8021);
#8021 = CARTESIAN_POINT('',(34.,13.,-4.));
#8022 = LINE('',#8023,#8024);
#8023 = CARTESIAN_POINT('',(34.,13.,-6.1));
#8024 = VECTOR('',#8025,1.);
#8025 = DIRECTION('',(0.,0.,1.));
#8026 = ORIENTED_EDGE('',*,*,#3828,.T.);
#8027 = ORIENTED_EDGE('',*,*,#8028,.T.);
#8028 = EDGE_CURVE('',#3831,#8029,#8031,.T.);
#8029 = VERTEX_POINT('',#8030);
#8030 = CARTESIAN_POINT('',(32.,13.,-4.));
#8031 = LINE('',#8032,#8033);
#8032 = CARTESIAN_POINT('',(32.,13.,-6.1));
#8033 = VECTOR('',#8034,1.);
#8034 = DIRECTION('',(0.,0.,1.));
#8035 = ORIENTED_EDGE('',*,*,#8036,.F.);
#8036 = EDGE_CURVE('',#8020,#8029,#8037,.T.);
#8037 = LINE('',#8038,#8039);
#8038 = CARTESIAN_POINT('',(15.5,13.,-4.));
#8039 = VECTOR('',#8040,1.);
#8040 = DIRECTION('',(-1.,-0.,0.));
#8041 = PLANE('',#8042);
#8042 = AXIS2_PLACEMENT_3D('',#8043,#8044,#8045);
#8043 = CARTESIAN_POINT('',(32.,13.,-6.1));
#8044 = DIRECTION('',(-0.,1.,0.));
#8045 = DIRECTION('',(0.,0.,1.));
#8046 = ADVANCED_FACE('',(#8047),#8065,.F.);
#8047 = FACE_BOUND('',#8048,.F.);
#8048 = EDGE_LOOP('',(#8049,#8050,#8051,#8059));
#8049 = ORIENTED_EDGE('',*,*,#8019,.F.);
#8050 = ORIENTED_EDGE('',*,*,#3854,.T.);
#8051 = ORIENTED_EDGE('',*,*,#8052,.T.);
#8052 = EDGE_CURVE('',#3847,#8053,#8055,.T.);
#8053 = VERTEX_POINT('',#8054);
#8054 = CARTESIAN_POINT('',(34.,43.,-4.));
#8055 = LINE('',#8056,#8057);
#8056 = CARTESIAN_POINT('',(34.,43.,-6.1));
#8057 = VECTOR('',#8058,1.);
#8058 = DIRECTION('',(0.,0.,1.));
#8059 = ORIENTED_EDGE('',*,*,#8060,.F.);
#8060 = EDGE_CURVE('',#8020,#8053,#8061,.T.);
#8061 = LINE('',#8062,#8063);
#8062 = CARTESIAN_POINT('',(34.,5.5,-4.));
#8063 = VECTOR('',#8064,1.);
#8064 = DIRECTION('',(-0.,1.,0.));
#8065 = PLANE('',#8066);
#8066 = AXIS2_PLACEMENT_3D('',#8067,#8068,#8069);
#8067 = CARTESIAN_POINT('',(34.,13.,-6.1));
#8068 = DIRECTION('',(1.,0.,-0.));
#8069 = DIRECTION('',(0.,0.,1.));
#8070 = ADVANCED_FACE('',(#8071),#8089,.F.);
#8071 = FACE_BOUND('',#8072,.F.);
#8072 = EDGE_LOOP('',(#8073,#8074,#8075,#8083));
#8073 = ORIENTED_EDGE('',*,*,#8052,.F.);
#8074 = ORIENTED_EDGE('',*,*,#3846,.T.);
#8075 = ORIENTED_EDGE('',*,*,#8076,.T.);
#8076 = EDGE_CURVE('',#3839,#8077,#8079,.T.);
#8077 = VERTEX_POINT('',#8078);
#8078 = CARTESIAN_POINT('',(32.,43.,-4.));
#8079 = LINE('',#8080,#8081);
#8080 = CARTESIAN_POINT('',(32.,43.,-6.1));
#8081 = VECTOR('',#8082,1.);
#8082 = DIRECTION('',(0.,0.,1.));
#8083 = ORIENTED_EDGE('',*,*,#8084,.F.);
#8084 = EDGE_CURVE('',#8053,#8077,#8085,.T.);
#8085 = LINE('',#8086,#8087);
#8086 = CARTESIAN_POINT('',(15.5,43.,-4.));
#8087 = VECTOR('',#8088,1.);
#8088 = DIRECTION('',(-1.,-0.,0.));
#8089 = PLANE('',#8090);
#8090 = AXIS2_PLACEMENT_3D('',#8091,#8092,#8093);
#8091 = CARTESIAN_POINT('',(32.,43.,-6.1));
#8092 = DIRECTION('',(-0.,1.,0.));
#8093 = DIRECTION('',(0.,0.,1.));
#8094 = ADVANCED_FACE('',(#8095),#8106,.T.);
#8095 = FACE_BOUND('',#8096,.T.);
#8096 = EDGE_LOOP('',(#8097,#8098,#8099,#8100));
#8097 = ORIENTED_EDGE('',*,*,#8028,.F.);
#8098 = ORIENTED_EDGE('',*,*,#3838,.T.);
#8099 = ORIENTED_EDGE('',*,*,#8076,.T.);
#8100 = ORIENTED_EDGE('',*,*,#8101,.F.);
#8101 = EDGE_CURVE('',#8029,#8077,#8102,.T.);
#8102 = LINE('',#8103,#8104);
#8103 = CARTESIAN_POINT('',(32.,5.5,-4.));
#8104 = VECTOR('',#8105,1.);
#8105 = DIRECTION('',(-0.,1.,0.));
#8106 = PLANE('',#8107);
#8107 = AXIS2_PLACEMENT_3D('',#8108,#8109,#8110);
#8108 = CARTESIAN_POINT('',(32.,13.,-6.1));
#8109 = DIRECTION('',(1.,0.,-0.));
#8110 = DIRECTION('',(0.,0.,1.));
#8111 = ADVANCED_FACE('',(#8112),#8137,.T.);
#8112 = FACE_BOUND('',#8113,.T.);
#8113 = EDGE_LOOP('',(#8114,#8122,#8123,#8131));
#8114 = ORIENTED_EDGE('',*,*,#8115,.F.);
#8115 = EDGE_CURVE('',#3863,#8116,#8118,.T.);
#8116 = VERTEX_POINT('',#8117);
#8117 = CARTESIAN_POINT('',(38.,13.,-4.));
#8118 = LINE('',#8119,#8120);
#8119 = CARTESIAN_POINT('',(38.,13.,-6.1));
#8120 = VECTOR('',#8121,1.);
#8121 = DIRECTION('',(0.,0.,1.));
#8122 = ORIENTED_EDGE('',*,*,#3862,.T.);
#8123 = ORIENTED_EDGE('',*,*,#8124,.T.);
#8124 = EDGE_CURVE('',#3865,#8125,#8127,.T.);
#8125 = VERTEX_POINT('',#8126);
#8126 = CARTESIAN_POINT('',(36.,13.,-4.));
#8127 = LINE('',#8128,#8129);
#8128 = CARTESIAN_POINT('',(36.,13.,-6.1));
#8129 = VECTOR('',#8130,1.);
#8130 = DIRECTION('',(0.,0.,1.));
#8131 = ORIENTED_EDGE('',*,*,#8132,.F.);
#8132 = EDGE_CURVE('',#8116,#8125,#8133,.T.);
#8133 = LINE('',#8134,#8135);
#8134 = CARTESIAN_POINT('',(17.5,13.,-4.));
#8135 = VECTOR('',#8136,1.);
#8136 = DIRECTION('',(-1.,-0.,0.));
#8137 = PLANE('',#8138);
#8138 = AXIS2_PLACEMENT_3D('',#8139,#8140,#8141);
#8139 = CARTESIAN_POINT('',(36.,13.,-6.1));
#8140 = DIRECTION('',(-0.,1.,0.));
#8141 = DIRECTION('',(0.,0.,1.));
#8142 = ADVANCED_FACE('',(#8143),#8161,.F.);
#8143 = FACE_BOUND('',#8144,.F.);
#8144 = EDGE_LOOP('',(#8145,#8146,#8147,#8155));
#8145 = ORIENTED_EDGE('',*,*,#8115,.F.);
#8146 = ORIENTED_EDGE('',*,*,#3888,.T.);
#8147 = ORIENTED_EDGE('',*,*,#8148,.T.);
#8148 = EDGE_CURVE('',#3881,#8149,#8151,.T.);
#8149 = VERTEX_POINT('',#8150);
#8150 = CARTESIAN_POINT('',(38.,43.,-4.));
#8151 = LINE('',#8152,#8153);
#8152 = CARTESIAN_POINT('',(38.,43.,-6.1));
#8153 = VECTOR('',#8154,1.);
#8154 = DIRECTION('',(0.,0.,1.));
#8155 = ORIENTED_EDGE('',*,*,#8156,.F.);
#8156 = EDGE_CURVE('',#8116,#8149,#8157,.T.);
#8157 = LINE('',#8158,#8159);
#8158 = CARTESIAN_POINT('',(38.,5.5,-4.));
#8159 = VECTOR('',#8160,1.);
#8160 = DIRECTION('',(-0.,1.,0.));
#8161 = PLANE('',#8162);
#8162 = AXIS2_PLACEMENT_3D('',#8163,#8164,#8165);
#8163 = CARTESIAN_POINT('',(38.,13.,-6.1));
#8164 = DIRECTION('',(1.,0.,-0.));
#8165 = DIRECTION('',(0.,0.,1.));
#8166 = ADVANCED_FACE('',(#8167),#8185,.F.);
#8167 = FACE_BOUND('',#8168,.F.);
#8168 = EDGE_LOOP('',(#8169,#8170,#8171,#8179));
#8169 = ORIENTED_EDGE('',*,*,#8148,.F.);
#8170 = ORIENTED_EDGE('',*,*,#3880,.T.);
#8171 = ORIENTED_EDGE('',*,*,#8172,.T.);
#8172 = EDGE_CURVE('',#3873,#8173,#8175,.T.);
#8173 = VERTEX_POINT('',#8174);
#8174 = CARTESIAN_POINT('',(36.,43.,-4.));
#8175 = LINE('',#8176,#8177);
#8176 = CARTESIAN_POINT('',(36.,43.,-6.1));
#8177 = VECTOR('',#8178,1.);
#8178 = DIRECTION('',(0.,0.,1.));
#8179 = ORIENTED_EDGE('',*,*,#8180,.F.);
#8180 = EDGE_CURVE('',#8149,#8173,#8181,.T.);
#8181 = LINE('',#8182,#8183);
#8182 = CARTESIAN_POINT('',(17.5,43.,-4.));
#8183 = VECTOR('',#8184,1.);
#8184 = DIRECTION('',(-1.,-0.,0.));
#8185 = PLANE('',#8186);
#8186 = AXIS2_PLACEMENT_3D('',#8187,#8188,#8189);
#8187 = CARTESIAN_POINT('',(36.,43.,-6.1));
#8188 = DIRECTION('',(-0.,1.,0.));
#8189 = DIRECTION('',(0.,0.,1.));
#8190 = ADVANCED_FACE('',(#8191),#8202,.T.);
#8191 = FACE_BOUND('',#8192,.T.);
#8192 = EDGE_LOOP('',(#8193,#8194,#8195,#8196));
#8193 = ORIENTED_EDGE('',*,*,#8124,.F.);
#8194 = ORIENTED_EDGE('',*,*,#3872,.T.);
#8195 = ORIENTED_EDGE('',*,*,#8172,.T.);
#8196 = ORIENTED_EDGE('',*,*,#8197,.F.);
#8197 = EDGE_CURVE('',#8125,#8173,#8198,.T.);
#8198 = LINE('',#8199,#8200);
#8199 = CARTESIAN_POINT('',(36.,5.5,-4.));
#8200 = VECTOR('',#8201,1.);
#8201 = DIRECTION('',(-0.,1.,0.));
#8202 = PLANE('',#8203);
#8203 = AXIS2_PLACEMENT_3D('',#8204,#8205,#8206);
#8204 = CARTESIAN_POINT('',(36.,13.,-6.1));
#8205 = DIRECTION('',(1.,0.,-0.));
#8206 = DIRECTION('',(0.,0.,1.));
#8207 = ADVANCED_FACE('',(#8208),#8233,.T.);
#8208 = FACE_BOUND('',#8209,.T.);
#8209 = EDGE_LOOP('',(#8210,#8218,#8219,#8227));
#8210 = ORIENTED_EDGE('',*,*,#8211,.F.);
#8211 = EDGE_CURVE('',#3897,#8212,#8214,.T.);
#8212 = VERTEX_POINT('',#8213);
#8213 = CARTESIAN_POINT('',(42.,13.,-4.));
#8214 = LINE('',#8215,#8216);
#8215 = CARTESIAN_POINT('',(42.,13.,-6.1));
#8216 = VECTOR('',#8217,1.);
#8217 = DIRECTION('',(0.,0.,1.));
#8218 = ORIENTED_EDGE('',*,*,#3896,.T.);
#8219 = ORIENTED_EDGE('',*,*,#8220,.T.);
#8220 = EDGE_CURVE('',#3899,#8221,#8223,.T.);
#8221 = VERTEX_POINT('',#8222);
#8222 = CARTESIAN_POINT('',(40.,13.,-4.));
#8223 = LINE('',#8224,#8225);
#8224 = CARTESIAN_POINT('',(40.,13.,-6.1));
#8225 = VECTOR('',#8226,1.);
#8226 = DIRECTION('',(0.,0.,1.));
#8227 = ORIENTED_EDGE('',*,*,#8228,.F.);
#8228 = EDGE_CURVE('',#8212,#8221,#8229,.T.);
#8229 = LINE('',#8230,#8231);
#8230 = CARTESIAN_POINT('',(19.5,13.,-4.));
#8231 = VECTOR('',#8232,1.);
#8232 = DIRECTION('',(-1.,-0.,0.));
#8233 = PLANE('',#8234);
#8234 = AXIS2_PLACEMENT_3D('',#8235,#8236,#8237);
#8235 = CARTESIAN_POINT('',(40.,13.,-6.1));
#8236 = DIRECTION('',(-0.,1.,0.));
#8237 = DIRECTION('',(0.,0.,1.));
#8238 = ADVANCED_FACE('',(#8239),#8257,.F.);
#8239 = FACE_BOUND('',#8240,.F.);
#8240 = EDGE_LOOP('',(#8241,#8242,#8243,#8251));
#8241 = ORIENTED_EDGE('',*,*,#8211,.F.);
#8242 = ORIENTED_EDGE('',*,*,#3922,.T.);
#8243 = ORIENTED_EDGE('',*,*,#8244,.T.);
#8244 = EDGE_CURVE('',#3915,#8245,#8247,.T.);
#8245 = VERTEX_POINT('',#8246);
#8246 = CARTESIAN_POINT('',(42.,43.,-4.));
#8247 = LINE('',#8248,#8249);
#8248 = CARTESIAN_POINT('',(42.,43.,-6.1));
#8249 = VECTOR('',#8250,1.);
#8250 = DIRECTION('',(0.,0.,1.));
#8251 = ORIENTED_EDGE('',*,*,#8252,.F.);
#8252 = EDGE_CURVE('',#8212,#8245,#8253,.T.);
#8253 = LINE('',#8254,#8255);
#8254 = CARTESIAN_POINT('',(42.,5.5,-4.));
#8255 = VECTOR('',#8256,1.);
#8256 = DIRECTION('',(-0.,1.,0.));
#8257 = PLANE('',#8258);
#8258 = AXIS2_PLACEMENT_3D('',#8259,#8260,#8261);
#8259 = CARTESIAN_POINT('',(42.,13.,-6.1));
#8260 = DIRECTION('',(1.,0.,-0.));
#8261 = DIRECTION('',(0.,0.,1.));
#8262 = ADVANCED_FACE('',(#8263),#8281,.F.);
#8263 = FACE_BOUND('',#8264,.F.);
#8264 = EDGE_LOOP('',(#8265,#8266,#8267,#8275));
#8265 = ORIENTED_EDGE('',*,*,#8244,.F.);
#8266 = ORIENTED_EDGE('',*,*,#3914,.T.);
#8267 = ORIENTED_EDGE('',*,*,#8268,.T.);
#8268 = EDGE_CURVE('',#3907,#8269,#8271,.T.);
#8269 = VERTEX_POINT('',#8270);
#8270 = CARTESIAN_POINT('',(40.,43.,-4.));
#8271 = LINE('',#8272,#8273);
#8272 = CARTESIAN_POINT('',(40.,43.,-6.1));
#8273 = VECTOR('',#8274,1.);
#8274 = DIRECTION('',(0.,0.,1.));
#8275 = ORIENTED_EDGE('',*,*,#8276,.F.);
#8276 = EDGE_CURVE('',#8245,#8269,#8277,.T.);
#8277 = LINE('',#8278,#8279);
#8278 = CARTESIAN_POINT('',(19.5,43.,-4.));
#8279 = VECTOR('',#8280,1.);
#8280 = DIRECTION('',(-1.,-0.,0.));
#8281 = PLANE('',#8282);
#8282 = AXIS2_PLACEMENT_3D('',#8283,#8284,#8285);
#8283 = CARTESIAN_POINT('',(40.,43.,-6.1));
#8284 = DIRECTION('',(-0.,1.,0.));
#8285 = DIRECTION('',(0.,0.,1.));
#8286 = ADVANCED_FACE('',(#8287),#8298,.T.);
#8287 = FACE_BOUND('',#8288,.T.);
#8288 = EDGE_LOOP('',(#8289,#8290,#8291,#8292));
#8289 = ORIENTED_EDGE('',*,*,#8220,.F.);
#8290 = ORIENTED_EDGE('',*,*,#3906,.T.);
#8291 = ORIENTED_EDGE('',*,*,#8268,.T.);
#8292 = ORIENTED_EDGE('',*,*,#8293,.F.);
#8293 = EDGE_CURVE('',#8221,#8269,#8294,.T.);
#8294 = LINE('',#8295,#8296);
#8295 = CARTESIAN_POINT('',(40.,5.5,-4.));
#8296 = VECTOR('',#8297,1.);
#8297 = DIRECTION('',(-0.,1.,0.));
#8298 = PLANE('',#8299);
#8299 = AXIS2_PLACEMENT_3D('',#8300,#8301,#8302);
#8300 = CARTESIAN_POINT('',(40.,13.,-6.1));
#8301 = DIRECTION('',(1.,0.,-0.));
#8302 = DIRECTION('',(0.,0.,1.));
#8303 = ADVANCED_FACE('',(#8304),#8329,.T.);
#8304 = FACE_BOUND('',#8305,.T.);
#8305 = EDGE_LOOP('',(#8306,#8314,#8315,#8323));
#8306 = ORIENTED_EDGE('',*,*,#8307,.F.);
#8307 = EDGE_CURVE('',#3931,#8308,#8310,.T.);
#8308 = VERTEX_POINT('',#8309);
#8309 = CARTESIAN_POINT('',(46.,13.,-4.));
#8310 = LINE('',#8311,#8312);
#8311 = CARTESIAN_POINT('',(46.,13.,-6.1));
#8312 = VECTOR('',#8313,1.);
#8313 = DIRECTION('',(0.,0.,1.));
#8314 = ORIENTED_EDGE('',*,*,#3930,.T.);
#8315 = ORIENTED_EDGE('',*,*,#8316,.T.);
#8316 = EDGE_CURVE('',#3933,#8317,#8319,.T.);
#8317 = VERTEX_POINT('',#8318);
#8318 = CARTESIAN_POINT('',(44.,13.,-4.));
#8319 = LINE('',#8320,#8321);
#8320 = CARTESIAN_POINT('',(44.,13.,-6.1));
#8321 = VECTOR('',#8322,1.);
#8322 = DIRECTION('',(0.,0.,1.));
#8323 = ORIENTED_EDGE('',*,*,#8324,.F.);
#8324 = EDGE_CURVE('',#8308,#8317,#8325,.T.);
#8325 = LINE('',#8326,#8327);
#8326 = CARTESIAN_POINT('',(21.5,13.,-4.));
#8327 = VECTOR('',#8328,1.);
#8328 = DIRECTION('',(-1.,-0.,0.));
#8329 = PLANE('',#8330);
#8330 = AXIS2_PLACEMENT_3D('',#8331,#8332,#8333);
#8331 = CARTESIAN_POINT('',(44.,13.,-6.1));
#8332 = DIRECTION('',(-0.,1.,0.));
#8333 = DIRECTION('',(0.,0.,1.));
#8334 = ADVANCED_FACE('',(#8335),#8353,.F.);
#8335 = FACE_BOUND('',#8336,.F.);
#8336 = EDGE_LOOP('',(#8337,#8338,#8339,#8347));
#8337 = ORIENTED_EDGE('',*,*,#8307,.F.);
#8338 = ORIENTED_EDGE('',*,*,#3956,.T.);
#8339 = ORIENTED_EDGE('',*,*,#8340,.T.);
#8340 = EDGE_CURVE('',#3949,#8341,#8343,.T.);
#8341 = VERTEX_POINT('',#8342);
#8342 = CARTESIAN_POINT('',(46.,43.,-4.));
#8343 = LINE('',#8344,#8345);
#8344 = CARTESIAN_POINT('',(46.,43.,-6.1));
#8345 = VECTOR('',#8346,1.);
#8346 = DIRECTION('',(0.,0.,1.));
#8347 = ORIENTED_EDGE('',*,*,#8348,.F.);
#8348 = EDGE_CURVE('',#8308,#8341,#8349,.T.);
#8349 = LINE('',#8350,#8351);
#8350 = CARTESIAN_POINT('',(46.,5.5,-4.));
#8351 = VECTOR('',#8352,1.);
#8352 = DIRECTION('',(-0.,1.,0.));
#8353 = PLANE('',#8354);
#8354 = AXIS2_PLACEMENT_3D('',#8355,#8356,#8357);
#8355 = CARTESIAN_POINT('',(46.,13.,-6.1));
#8356 = DIRECTION('',(1.,0.,-0.));
#8357 = DIRECTION('',(0.,0.,1.));
#8358 = ADVANCED_FACE('',(#8359),#8377,.F.);
#8359 = FACE_BOUND('',#8360,.F.);
#8360 = EDGE_LOOP('',(#8361,#8362,#8363,#8371));
#8361 = ORIENTED_EDGE('',*,*,#8340,.F.);
#8362 = ORIENTED_EDGE('',*,*,#3948,.T.);
#8363 = ORIENTED_EDGE('',*,*,#8364,.T.);
#8364 = EDGE_CURVE('',#3941,#8365,#8367,.T.);
#8365 = VERTEX_POINT('',#8366);
#8366 = CARTESIAN_POINT('',(44.,43.,-4.));
#8367 = LINE('',#8368,#8369);
#8368 = CARTESIAN_POINT('',(44.,43.,-6.1));
#8369 = VECTOR('',#8370,1.);
#8370 = DIRECTION('',(0.,0.,1.));
#8371 = ORIENTED_EDGE('',*,*,#8372,.F.);
#8372 = EDGE_CURVE('',#8341,#8365,#8373,.T.);
#8373 = LINE('',#8374,#8375);
#8374 = CARTESIAN_POINT('',(21.5,43.,-4.));
#8375 = VECTOR('',#8376,1.);
#8376 = DIRECTION('',(-1.,-0.,0.));
#8377 = PLANE('',#8378);
#8378 = AXIS2_PLACEMENT_3D('',#8379,#8380,#8381);
#8379 = CARTESIAN_POINT('',(44.,43.,-6.1));
#8380 = DIRECTION('',(-0.,1.,0.));
#8381 = DIRECTION('',(0.,0.,1.));
#8382 = ADVANCED_FACE('',(#8383),#8394,.T.);
#8383 = FACE_BOUND('',#8384,.T.);
#8384 = EDGE_LOOP('',(#8385,#8386,#8387,#8388));
#8385 = ORIENTED_EDGE('',*,*,#8316,.F.);
#8386 = ORIENTED_EDGE('',*,*,#3940,.T.);
#8387 = ORIENTED_EDGE('',*,*,#8364,.T.);
#8388 = ORIENTED_EDGE('',*,*,#8389,.F.);
#8389 = EDGE_CURVE('',#8317,#8365,#8390,.T.);
#8390 = LINE('',#8391,#8392);
#8391 = CARTESIAN_POINT('',(44.,5.5,-4.));
#8392 = VECTOR('',#8393,1.);
#8393 = DIRECTION('',(-0.,1.,0.));
#8394 = PLANE('',#8395);
#8395 = AXIS2_PLACEMENT_3D('',#8396,#8397,#8398);
#8396 = CARTESIAN_POINT('',(44.,13.,-6.1));
#8397 = DIRECTION('',(1.,0.,-0.));
#8398 = DIRECTION('',(0.,0.,1.));
#8399 = ADVANCED_FACE('',(#8400),#8425,.T.);
#8400 = FACE_BOUND('',#8401,.T.);
#8401 = EDGE_LOOP('',(#8402,#8410,#8411,#8419));
#8402 = ORIENTED_EDGE('',*,*,#8403,.F.);
#8403 = EDGE_CURVE('',#3965,#8404,#8406,.T.);
#8404 = VERTEX_POINT('',#8405);
#8405 = CARTESIAN_POINT('',(50.,13.,-4.));
#8406 = LINE('',#8407,#8408);
#8407 = CARTESIAN_POINT('',(50.,13.,-6.1));
#8408 = VECTOR('',#8409,1.);
#8409 = DIRECTION('',(0.,0.,1.));
#8410 = ORIENTED_EDGE('',*,*,#3964,.T.);
#8411 = ORIENTED_EDGE('',*,*,#8412,.T.);
#8412 = EDGE_CURVE('',#3967,#8413,#8415,.T.);
#8413 = VERTEX_POINT('',#8414);
#8414 = CARTESIAN_POINT('',(48.,13.,-4.));
#8415 = LINE('',#8416,#8417);
#8416 = CARTESIAN_POINT('',(48.,13.,-6.1));
#8417 = VECTOR('',#8418,1.);
#8418 = DIRECTION('',(0.,0.,1.));
#8419 = ORIENTED_EDGE('',*,*,#8420,.F.);
#8420 = EDGE_CURVE('',#8404,#8413,#8421,.T.);
#8421 = LINE('',#8422,#8423);
#8422 = CARTESIAN_POINT('',(23.5,13.,-4.));
#8423 = VECTOR('',#8424,1.);
#8424 = DIRECTION('',(-1.,-0.,0.));
#8425 = PLANE('',#8426);
#8426 = AXIS2_PLACEMENT_3D('',#8427,#8428,#8429);
#8427 = CARTESIAN_POINT('',(48.,13.,-6.1));
#8428 = DIRECTION('',(-0.,1.,0.));
#8429 = DIRECTION('',(0.,0.,1.));
#8430 = ADVANCED_FACE('',(#8431),#8449,.F.);
#8431 = FACE_BOUND('',#8432,.F.);
#8432 = EDGE_LOOP('',(#8433,#8434,#8435,#8443));
#8433 = ORIENTED_EDGE('',*,*,#8403,.F.);
#8434 = ORIENTED_EDGE('',*,*,#3990,.T.);
#8435 = ORIENTED_EDGE('',*,*,#8436,.T.);
#8436 = EDGE_CURVE('',#3983,#8437,#8439,.T.);
#8437 = VERTEX_POINT('',#8438);
#8438 = CARTESIAN_POINT('',(50.,43.,-4.));
#8439 = LINE('',#8440,#8441);
#8440 = CARTESIAN_POINT('',(50.,43.,-6.1));
#8441 = VECTOR('',#8442,1.);
#8442 = DIRECTION('',(0.,0.,1.));
#8443 = ORIENTED_EDGE('',*,*,#8444,.F.);
#8444 = EDGE_CURVE('',#8404,#8437,#8445,.T.);
#8445 = LINE('',#8446,#8447);
#8446 = CARTESIAN_POINT('',(50.,5.5,-4.));
#8447 = VECTOR('',#8448,1.);
#8448 = DIRECTION('',(-0.,1.,0.));
#8449 = PLANE('',#8450);
#8450 = AXIS2_PLACEMENT_3D('',#8451,#8452,#8453);
#8451 = CARTESIAN_POINT('',(50.,13.,-6.1));
#8452 = DIRECTION('',(1.,0.,-0.));
#8453 = DIRECTION('',(0.,0.,1.));
#8454 = ADVANCED_FACE('',(#8455),#8473,.F.);
#8455 = FACE_BOUND('',#8456,.F.);
#8456 = EDGE_LOOP('',(#8457,#8458,#8459,#8467));
#8457 = ORIENTED_EDGE('',*,*,#8436,.F.);
#8458 = ORIENTED_EDGE('',*,*,#3982,.T.);
#8459 = ORIENTED_EDGE('',*,*,#8460,.T.);
#8460 = EDGE_CURVE('',#3975,#8461,#8463,.T.);
#8461 = VERTEX_POINT('',#8462);
#8462 = CARTESIAN_POINT('',(48.,43.,-4.));
#8463 = LINE('',#8464,#8465);
#8464 = CARTESIAN_POINT('',(48.,43.,-6.1));
#8465 = VECTOR('',#8466,1.);
#8466 = DIRECTION('',(0.,0.,1.));
#8467 = ORIENTED_EDGE('',*,*,#8468,.F.);
#8468 = EDGE_CURVE('',#8437,#8461,#8469,.T.);
#8469 = LINE('',#8470,#8471);
#8470 = CARTESIAN_POINT('',(23.5,43.,-4.));
#8471 = VECTOR('',#8472,1.);
#8472 = DIRECTION('',(-1.,-0.,0.));
#8473 = PLANE('',#8474);
#8474 = AXIS2_PLACEMENT_3D('',#8475,#8476,#8477);
#8475 = CARTESIAN_POINT('',(48.,43.,-6.1));
#8476 = DIRECTION('',(-0.,1.,0.));
#8477 = DIRECTION('',(0.,0.,1.));
#8478 = ADVANCED_FACE('',(#8479),#8490,.T.);
#8479 = FACE_BOUND('',#8480,.T.);
#8480 = EDGE_LOOP('',(#8481,#8482,#8483,#8484));
#8481 = ORIENTED_EDGE('',*,*,#8412,.F.);
#8482 = ORIENTED_EDGE('',*,*,#3974,.T.);
#8483 = ORIENTED_EDGE('',*,*,#8460,.T.);
#8484 = ORIENTED_EDGE('',*,*,#8485,.F.);
#8485 = EDGE_CURVE('',#8413,#8461,#8486,.T.);
#8486 = LINE('',#8487,#8488);
#8487 = CARTESIAN_POINT('',(48.,5.5,-4.));
#8488 = VECTOR('',#8489,1.);
#8489 = DIRECTION('',(-0.,1.,0.));
#8490 = PLANE('',#8491);
#8491 = AXIS2_PLACEMENT_3D('',#8492,#8493,#8494);
#8492 = CARTESIAN_POINT('',(48.,13.,-6.1));
#8493 = DIRECTION('',(1.,0.,-0.));
#8494 = DIRECTION('',(0.,0.,1.));
#8495 = ADVANCED_FACE('',(#8496),#8521,.T.);
#8496 = FACE_BOUND('',#8497,.T.);
#8497 = EDGE_LOOP('',(#8498,#8506,#8507,#8515));
#8498 = ORIENTED_EDGE('',*,*,#8499,.F.);
#8499 = EDGE_CURVE('',#3999,#8500,#8502,.T.);
#8500 = VERTEX_POINT('',#8501);
#8501 = CARTESIAN_POINT('',(54.,13.,-4.));
#8502 = LINE('',#8503,#8504);
#8503 = CARTESIAN_POINT('',(54.,13.,-6.1));
#8504 = VECTOR('',#8505,1.);
#8505 = DIRECTION('',(0.,0.,1.));
#8506 = ORIENTED_EDGE('',*,*,#3998,.T.);
#8507 = ORIENTED_EDGE('',*,*,#8508,.T.);
#8508 = EDGE_CURVE('',#4001,#8509,#8511,.T.);
#8509 = VERTEX_POINT('',#8510);
#8510 = CARTESIAN_POINT('',(52.,13.,-4.));
#8511 = LINE('',#8512,#8513);
#8512 = CARTESIAN_POINT('',(52.,13.,-6.1));
#8513 = VECTOR('',#8514,1.);
#8514 = DIRECTION('',(0.,0.,1.));
#8515 = ORIENTED_EDGE('',*,*,#8516,.F.);
#8516 = EDGE_CURVE('',#8500,#8509,#8517,.T.);
#8517 = LINE('',#8518,#8519);
#8518 = CARTESIAN_POINT('',(25.5,13.,-4.));
#8519 = VECTOR('',#8520,1.);
#8520 = DIRECTION('',(-1.,-0.,0.));
#8521 = PLANE('',#8522);
#8522 = AXIS2_PLACEMENT_3D('',#8523,#8524,#8525);
#8523 = CARTESIAN_POINT('',(52.,13.,-6.1));
#8524 = DIRECTION('',(-0.,1.,0.));
#8525 = DIRECTION('',(0.,0.,1.));
#8526 = ADVANCED_FACE('',(#8527),#8545,.F.);
#8527 = FACE_BOUND('',#8528,.F.);
#8528 = EDGE_LOOP('',(#8529,#8530,#8531,#8539));
#8529 = ORIENTED_EDGE('',*,*,#8499,.F.);
#8530 = ORIENTED_EDGE('',*,*,#4024,.T.);
#8531 = ORIENTED_EDGE('',*,*,#8532,.T.);
#8532 = EDGE_CURVE('',#4017,#8533,#8535,.T.);
#8533 = VERTEX_POINT('',#8534);
#8534 = CARTESIAN_POINT('',(54.,43.,-4.));
#8535 = LINE('',#8536,#8537);
#8536 = CARTESIAN_POINT('',(54.,43.,-6.1));
#8537 = VECTOR('',#8538,1.);
#8538 = DIRECTION('',(0.,0.,1.));
#8539 = ORIENTED_EDGE('',*,*,#8540,.F.);
#8540 = EDGE_CURVE('',#8500,#8533,#8541,.T.);
#8541 = LINE('',#8542,#8543);
#8542 = CARTESIAN_POINT('',(54.,5.5,-4.));
#8543 = VECTOR('',#8544,1.);
#8544 = DIRECTION('',(-0.,1.,0.));
#8545 = PLANE('',#8546);
#8546 = AXIS2_PLACEMENT_3D('',#8547,#8548,#8549);
#8547 = CARTESIAN_POINT('',(54.,13.,-6.1));
#8548 = DIRECTION('',(1.,0.,-0.));
#8549 = DIRECTION('',(0.,0.,1.));
#8550 = ADVANCED_FACE('',(#8551),#8569,.F.);
#8551 = FACE_BOUND('',#8552,.F.);
#8552 = EDGE_LOOP('',(#8553,#8554,#8555,#8563));
#8553 = ORIENTED_EDGE('',*,*,#8532,.F.);
#8554 = ORIENTED_EDGE('',*,*,#4016,.T.);
#8555 = ORIENTED_EDGE('',*,*,#8556,.T.);
#8556 = EDGE_CURVE('',#4009,#8557,#8559,.T.);
#8557 = VERTEX_POINT('',#8558);
#8558 = CARTESIAN_POINT('',(52.,43.,-4.));
#8559 = LINE('',#8560,#8561);
#8560 = CARTESIAN_POINT('',(52.,43.,-6.1));
#8561 = VECTOR('',#8562,1.);
#8562 = DIRECTION('',(0.,0.,1.));
#8563 = ORIENTED_EDGE('',*,*,#8564,.F.);
#8564 = EDGE_CURVE('',#8533,#8557,#8565,.T.);
#8565 = LINE('',#8566,#8567);
#8566 = CARTESIAN_POINT('',(25.5,43.,-4.));
#8567 = VECTOR('',#8568,1.);
#8568 = DIRECTION('',(-1.,-0.,0.));
#8569 = PLANE('',#8570);
#8570 = AXIS2_PLACEMENT_3D('',#8571,#8572,#8573);
#8571 = CARTESIAN_POINT('',(52.,43.,-6.1));
#8572 = DIRECTION('',(-0.,1.,0.));
#8573 = DIRECTION('',(0.,0.,1.));
#8574 = ADVANCED_FACE('',(#8575),#8586,.T.);
#8575 = FACE_BOUND('',#8576,.T.);
#8576 = EDGE_LOOP('',(#8577,#8578,#8579,#8580));
#8577 = ORIENTED_EDGE('',*,*,#8508,.F.);
#8578 = ORIENTED_EDGE('',*,*,#4008,.T.);
#8579 = ORIENTED_EDGE('',*,*,#8556,.T.);
#8580 = ORIENTED_EDGE('',*,*,#8581,.F.);
#8581 = EDGE_CURVE('',#8509,#8557,#8582,.T.);
#8582 = LINE('',#8583,#8584);
#8583 = CARTESIAN_POINT('',(52.,5.5,-4.));
#8584 = VECTOR('',#8585,1.);
#8585 = DIRECTION('',(-0.,1.,0.));
#8586 = PLANE('',#8587);
#8587 = AXIS2_PLACEMENT_3D('',#8588,#8589,#8590);
#8588 = CARTESIAN_POINT('',(52.,13.,-6.1));
#8589 = DIRECTION('',(1.,0.,-0.));
#8590 = DIRECTION('',(0.,0.,1.));
#8591 = ADVANCED_FACE('',(#8592),#8617,.T.);
#8592 = FACE_BOUND('',#8593,.T.);
#8593 = EDGE_LOOP('',(#8594,#8602,#8603,#8611));
#8594 = ORIENTED_EDGE('',*,*,#8595,.F.);
#8595 = EDGE_CURVE('',#4033,#8596,#8598,.T.);
#8596 = VERTEX_POINT('',#8597);
#8597 = CARTESIAN_POINT('',(58.,13.,-4.));
#8598 = LINE('',#8599,#8600);
#8599 = CARTESIAN_POINT('',(58.,13.,-6.1));
#8600 = VECTOR('',#8601,1.);
#8601 = DIRECTION('',(0.,0.,1.));
#8602 = ORIENTED_EDGE('',*,*,#4032,.T.);
#8603 = ORIENTED_EDGE('',*,*,#8604,.T.);
#8604 = EDGE_CURVE('',#4035,#8605,#8607,.T.);
#8605 = VERTEX_POINT('',#8606);
#8606 = CARTESIAN_POINT('',(56.,13.,-4.));
#8607 = LINE('',#8608,#8609);
#8608 = CARTESIAN_POINT('',(56.,13.,-6.1));
#8609 = VECTOR('',#8610,1.);
#8610 = DIRECTION('',(0.,0.,1.));
#8611 = ORIENTED_EDGE('',*,*,#8612,.F.);
#8612 = EDGE_CURVE('',#8596,#8605,#8613,.T.);
#8613 = LINE('',#8614,#8615);
#8614 = CARTESIAN_POINT('',(27.5,13.,-4.));
#8615 = VECTOR('',#8616,1.);
#8616 = DIRECTION('',(-1.,-0.,0.));
#8617 = PLANE('',#8618);
#8618 = AXIS2_PLACEMENT_3D('',#8619,#8620,#8621);
#8619 = CARTESIAN_POINT('',(56.,13.,-6.1));
#8620 = DIRECTION('',(-0.,1.,0.));
#8621 = DIRECTION('',(0.,0.,1.));
#8622 = ADVANCED_FACE('',(#8623),#8641,.F.);
#8623 = FACE_BOUND('',#8624,.F.);
#8624 = EDGE_LOOP('',(#8625,#8626,#8627,#8635));
#8625 = ORIENTED_EDGE('',*,*,#8595,.F.);
#8626 = ORIENTED_EDGE('',*,*,#4058,.T.);
#8627 = ORIENTED_EDGE('',*,*,#8628,.T.);
#8628 = EDGE_CURVE('',#4051,#8629,#8631,.T.);
#8629 = VERTEX_POINT('',#8630);
#8630 = CARTESIAN_POINT('',(58.,43.,-4.));
#8631 = LINE('',#8632,#8633);
#8632 = CARTESIAN_POINT('',(58.,43.,-6.1));
#8633 = VECTOR('',#8634,1.);
#8634 = DIRECTION('',(0.,0.,1.));
#8635 = ORIENTED_EDGE('',*,*,#8636,.F.);
#8636 = EDGE_CURVE('',#8596,#8629,#8637,.T.);
#8637 = LINE('',#8638,#8639);
#8638 = CARTESIAN_POINT('',(58.,5.5,-4.));
#8639 = VECTOR('',#8640,1.);
#8640 = DIRECTION('',(-0.,1.,0.));
#8641 = PLANE('',#8642);
#8642 = AXIS2_PLACEMENT_3D('',#8643,#8644,#8645);
#8643 = CARTESIAN_POINT('',(58.,13.,-6.1));
#8644 = DIRECTION('',(1.,0.,-0.));
#8645 = DIRECTION('',(0.,0.,1.));
#8646 = ADVANCED_FACE('',(#8647),#8665,.F.);
#8647 = FACE_BOUND('',#8648,.F.);
#8648 = EDGE_LOOP('',(#8649,#8650,#8651,#8659));
#8649 = ORIENTED_EDGE('',*,*,#8628,.F.);
#8650 = ORIENTED_EDGE('',*,*,#4050,.T.);
#8651 = ORIENTED_EDGE('',*,*,#8652,.T.);
#8652 = EDGE_CURVE('',#4043,#8653,#8655,.T.);
#8653 = VERTEX_POINT('',#8654);
#8654 = CARTESIAN_POINT('',(56.,43.,-4.));
#8655 = LINE('',#8656,#8657);
#8656 = CARTESIAN_POINT('',(56.,43.,-6.1));
#8657 = VECTOR('',#8658,1.);
#8658 = DIRECTION('',(0.,0.,1.));
#8659 = ORIENTED_EDGE('',*,*,#8660,.F.);
#8660 = EDGE_CURVE('',#8629,#8653,#8661,.T.);
#8661 = LINE('',#8662,#8663);
#8662 = CARTESIAN_POINT('',(27.5,43.,-4.));
#8663 = VECTOR('',#8664,1.);
#8664 = DIRECTION('',(-1.,-0.,0.));
#8665 = PLANE('',#8666);
#8666 = AXIS2_PLACEMENT_3D('',#8667,#8668,#8669);
#8667 = CARTESIAN_POINT('',(56.,43.,-6.1));
#8668 = DIRECTION('',(-0.,1.,0.));
#8669 = DIRECTION('',(0.,0.,1.));
#8670 = ADVANCED_FACE('',(#8671),#8682,.T.);
#8671 = FACE_BOUND('',#8672,.T.);
#8672 = EDGE_LOOP('',(#8673,#8674,#8675,#8676));
#8673 = ORIENTED_EDGE('',*,*,#8604,.F.);
#8674 = ORIENTED_EDGE('',*,*,#4042,.T.);
#8675 = ORIENTED_EDGE('',*,*,#8652,.T.);
#8676 = ORIENTED_EDGE('',*,*,#8677,.F.);
#8677 = EDGE_CURVE('',#8605,#8653,#8678,.T.);
#8678 = LINE('',#8679,#8680);
#8679 = CARTESIAN_POINT('',(56.,5.5,-4.));
#8680 = VECTOR('',#8681,1.);
#8681 = DIRECTION('',(-0.,1.,0.));
#8682 = PLANE('',#8683);
#8683 = AXIS2_PLACEMENT_3D('',#8684,#8685,#8686);
#8684 = CARTESIAN_POINT('',(56.,13.,-6.1));
#8685 = DIRECTION('',(1.,0.,-0.));
#8686 = DIRECTION('',(0.,0.,1.));
#8687 = ADVANCED_FACE('',(#8688),#8793,.F.);
#8688 = FACE_BOUND('',#8689,.F.);
#8689 = EDGE_LOOP('',(#8690,#8698,#8707,#8715,#8724,#8733,#8741,#8750,
    #8758,#8767,#8776,#8784,#8791,#8792));
#8690 = ORIENTED_EDGE('',*,*,#8691,.T.);
#8691 = EDGE_CURVE('',#4067,#8692,#8694,.T.);
#8692 = VERTEX_POINT('',#8693);
#8693 = CARTESIAN_POINT('',(64.1,52.5,-3.3));
#8694 = LINE('',#8695,#8696);
#8695 = CARTESIAN_POINT('',(64.1,52.5,-6.1));
#8696 = VECTOR('',#8697,1.);
#8697 = DIRECTION('',(0.,0.,1.));
#8698 = ORIENTED_EDGE('',*,*,#8699,.F.);
#8699 = EDGE_CURVE('',#8700,#8692,#8702,.T.);
#8700 = VERTEX_POINT('',#8701);
#8701 = CARTESIAN_POINT('',(62.95,50.341875814509,-3.3));
#8702 = CIRCLE('',#8703,2.6);
#8703 = AXIS2_PLACEMENT_3D('',#8704,#8705,#8706);
#8704 = CARTESIAN_POINT('',(61.5,52.5,-3.3));
#8705 = DIRECTION('',(0.,0.,1.));
#8706 = DIRECTION('',(1.,0.,-0.));
#8707 = ORIENTED_EDGE('',*,*,#8708,.F.);
#8708 = EDGE_CURVE('',#8709,#8700,#8711,.T.);
#8709 = VERTEX_POINT('',#8710);
#8710 = CARTESIAN_POINT('',(62.95,50.341875814509,-3.31));
#8711 = LINE('',#8712,#8713);
#8712 = CARTESIAN_POINT('',(62.95,50.341875814509,-6.1));
#8713 = VECTOR('',#8714,1.);
#8714 = DIRECTION('',(0.,0.,1.));
#8715 = ORIENTED_EDGE('',*,*,#8716,.F.);
#8716 = EDGE_CURVE('',#8717,#8709,#8719,.T.);
#8717 = VERTEX_POINT('',#8718);
#8718 = CARTESIAN_POINT('',(61.5,49.9,-3.31));
#8719 = CIRCLE('',#8720,2.6);
#8720 = AXIS2_PLACEMENT_3D('',#8721,#8722,#8723);
#8721 = CARTESIAN_POINT('',(61.5,52.5,-3.31));
#8722 = DIRECTION('',(0.,0.,1.));
#8723 = DIRECTION('',(1.,0.,-0.));
#8724 = ORIENTED_EDGE('',*,*,#8725,.F.);
#8725 = EDGE_CURVE('',#8726,#8717,#8728,.T.);
#8726 = VERTEX_POINT('',#8727);
#8727 = CARTESIAN_POINT('',(60.05,50.341875814509,-3.31));
#8728 = CIRCLE('',#8729,2.6);
#8729 = AXIS2_PLACEMENT_3D('',#8730,#8731,#8732);
#8730 = CARTESIAN_POINT('',(61.5,52.5,-3.31));
#8731 = DIRECTION('',(0.,0.,1.));
#8732 = DIRECTION('',(1.,0.,-0.));
#8733 = ORIENTED_EDGE('',*,*,#8734,.T.);
#8734 = EDGE_CURVE('',#8726,#8735,#8737,.T.);
#8735 = VERTEX_POINT('',#8736);
#8736 = CARTESIAN_POINT('',(60.05,50.341875814509,-3.3));
#8737 = LINE('',#8738,#8739);
#8738 = CARTESIAN_POINT('',(60.05,50.341875814509,-6.1));
#8739 = VECTOR('',#8740,1.);
#8740 = DIRECTION('',(0.,0.,1.));
#8741 = ORIENTED_EDGE('',*,*,#8742,.F.);
#8742 = EDGE_CURVE('',#8743,#8735,#8745,.T.);
#8743 = VERTEX_POINT('',#8744);
#8744 = CARTESIAN_POINT('',(60.05,54.658124185491,-3.3));
#8745 = CIRCLE('',#8746,2.6);
#8746 = AXIS2_PLACEMENT_3D('',#8747,#8748,#8749);
#8747 = CARTESIAN_POINT('',(61.5,52.5,-3.3));
#8748 = DIRECTION('',(0.,0.,1.));
#8749 = DIRECTION('',(1.,0.,-0.));
#8750 = ORIENTED_EDGE('',*,*,#8751,.F.);
#8751 = EDGE_CURVE('',#8752,#8743,#8754,.T.);
#8752 = VERTEX_POINT('',#8753);
#8753 = CARTESIAN_POINT('',(60.05,54.658124185491,-3.31));
#8754 = LINE('',#8755,#8756);
#8755 = CARTESIAN_POINT('',(60.05,54.658124185491,-6.1));
#8756 = VECTOR('',#8757,1.);
#8757 = DIRECTION('',(0.,0.,1.));
#8758 = ORIENTED_EDGE('',*,*,#8759,.F.);
#8759 = EDGE_CURVE('',#8760,#8752,#8762,.T.);
#8760 = VERTEX_POINT('',#8761);
#8761 = CARTESIAN_POINT('',(61.5,55.1,-3.31));
#8762 = CIRCLE('',#8763,2.6);
#8763 = AXIS2_PLACEMENT_3D('',#8764,#8765,#8766);
#8764 = CARTESIAN_POINT('',(61.5,52.5,-3.31));
#8765 = DIRECTION('',(0.,0.,1.));
#8766 = DIRECTION('',(1.,0.,-0.));
#8767 = ORIENTED_EDGE('',*,*,#8768,.F.);
#8768 = EDGE_CURVE('',#8769,#8760,#8771,.T.);
#8769 = VERTEX_POINT('',#8770);
#8770 = CARTESIAN_POINT('',(62.95,54.658124185491,-3.31));
#8771 = CIRCLE('',#8772,2.6);
#8772 = AXIS2_PLACEMENT_3D('',#8773,#8774,#8775);
#8773 = CARTESIAN_POINT('',(61.5,52.5,-3.31));
#8774 = DIRECTION('',(0.,0.,1.));
#8775 = DIRECTION('',(1.,0.,-0.));
#8776 = ORIENTED_EDGE('',*,*,#8777,.T.);
#8777 = EDGE_CURVE('',#8769,#8778,#8780,.T.);
#8778 = VERTEX_POINT('',#8779);
#8779 = CARTESIAN_POINT('',(62.95,54.658124185491,-3.3));
#8780 = LINE('',#8781,#8782);
#8781 = CARTESIAN_POINT('',(62.95,54.658124185491,-6.1));
#8782 = VECTOR('',#8783,1.);
#8783 = DIRECTION('',(0.,0.,1.));
#8784 = ORIENTED_EDGE('',*,*,#8785,.F.);
#8785 = EDGE_CURVE('',#8692,#8778,#8786,.T.);
#8786 = CIRCLE('',#8787,2.6);
#8787 = AXIS2_PLACEMENT_3D('',#8788,#8789,#8790);
#8788 = CARTESIAN_POINT('',(61.5,52.5,-3.3));
#8789 = DIRECTION('',(0.,0.,1.));
#8790 = DIRECTION('',(1.,0.,-0.));
#8791 = ORIENTED_EDGE('',*,*,#8691,.F.);
#8792 = ORIENTED_EDGE('',*,*,#4066,.T.);
#8793 = CYLINDRICAL_SURFACE('',#8794,2.6);
#8794 = AXIS2_PLACEMENT_3D('',#8795,#8796,#8797);
#8795 = CARTESIAN_POINT('',(61.5,52.5,-6.1));
#8796 = DIRECTION('',(0.,0.,1.));
#8797 = DIRECTION('',(1.,0.,-0.));
#8798 = ADVANCED_FACE('',(#8799),#8827,.F.);
#8799 = FACE_BOUND('',#8800,.F.);
#8800 = EDGE_LOOP('',(#8801,#8802,#8811,#8820));
#8801 = ORIENTED_EDGE('',*,*,#4125,.F.);
#8802 = ORIENTED_EDGE('',*,*,#8803,.F.);
#8803 = EDGE_CURVE('',#8804,#4126,#8806,.T.);
#8804 = VERTEX_POINT('',#8805);
#8805 = CARTESIAN_POINT('',(44.868807716975,64.7,12.368807716975));
#8806 = HYPERBOLA('',#8807,3.35,3.35);
#8807 = AXIS2_PLACEMENT_3D('',#8808,#8809,#8810);
#8808 = CARTESIAN_POINT('',(44.868807716975,61.35,12.368807716975));
#8809 = DIRECTION('',(0.707106781187,-0.,0.707106781187));
#8810 = DIRECTION('',(0.,1.,0.));
#8811 = ORIENTED_EDGE('',*,*,#8812,.T.);
#8812 = EDGE_CURVE('',#8804,#8813,#8815,.T.);
#8813 = VERTEX_POINT('',#8814);
#8814 = CARTESIAN_POINT('',(40.131192283025,64.7,12.368807716975));
#8815 = CIRCLE('',#8816,3.35);
#8816 = AXIS2_PLACEMENT_3D('',#8817,#8818,#8819);
#8817 = CARTESIAN_POINT('',(42.5,64.7,10.));
#8818 = DIRECTION('',(0.,1.,0.));
#8819 = DIRECTION('',(0.,-0.,1.));
#8820 = ORIENTED_EDGE('',*,*,#8821,.F.);
#8821 = EDGE_CURVE('',#4128,#8813,#8822,.T.);
#8822 = HYPERBOLA('',#8823,3.35,3.35);
#8823 = AXIS2_PLACEMENT_3D('',#8824,#8825,#8826);
#8824 = CARTESIAN_POINT('',(40.131192283025,61.35,12.368807716975));
#8825 = DIRECTION('',(-0.707106781187,0.,0.707106781187));
#8826 = DIRECTION('',(0.,1.,0.));
#8827 = CONICAL_SURFACE('',#8828,3.35,0.785398163397);
#8828 = AXIS2_PLACEMENT_3D('',#8829,#8830,#8831);
#8829 = CARTESIAN_POINT('',(42.5,64.7,10.));
#8830 = DIRECTION('',(0.,1.,0.));
#8831 = DIRECTION('',(0.,-0.,1.));
#8832 = ADVANCED_FACE('',(#8833),#8859,.F.);
#8833 = FACE_BOUND('',#8834,.F.);
#8834 = EDGE_LOOP('',(#8835,#8845,#8851,#8852,#8853));
#8835 = ORIENTED_EDGE('',*,*,#8836,.T.);
#8836 = EDGE_CURVE('',#8837,#8839,#8841,.T.);
#8837 = VERTEX_POINT('',#8838);
#8838 = CARTESIAN_POINT('',(40.131192283025,63.5,12.368807716975));
#8839 = VERTEX_POINT('',#8840);
#8840 = CARTESIAN_POINT('',(42.5,63.5,14.73761543395));
#8841 = LINE('',#8842,#8843);
#8842 = CARTESIAN_POINT('',(39.883096141513,63.5,12.120711575462));
#8843 = VECTOR('',#8844,1.);
#8844 = DIRECTION('',(0.707106781187,0.,0.707106781187));
#8845 = ORIENTED_EDGE('',*,*,#8846,.T.);
#8846 = EDGE_CURVE('',#8839,#4137,#8847,.T.);
#8847 = LINE('',#8848,#8849);
#8848 = CARTESIAN_POINT('',(42.5,56.3,14.73761543395));
#8849 = VECTOR('',#8850,1.);
#8850 = DIRECTION('',(0.,1.,0.));
#8851 = ORIENTED_EDGE('',*,*,#4144,.F.);
#8852 = ORIENTED_EDGE('',*,*,#8821,.T.);
#8853 = ORIENTED_EDGE('',*,*,#8854,.F.);
#8854 = EDGE_CURVE('',#8837,#8813,#8855,.T.);
#8855 = LINE('',#8856,#8857);
#8856 = CARTESIAN_POINT('',(40.131192283025,56.3,12.368807716975));
#8857 = VECTOR('',#8858,1.);
#8858 = DIRECTION('',(0.,1.,0.));
#8859 = PLANE('',#8860);
#8860 = AXIS2_PLACEMENT_3D('',#8861,#8862,#8863);
#8861 = CARTESIAN_POINT('',(42.5,56.3,14.73761543395));
#8862 = DIRECTION('',(-0.707106781187,0.,0.707106781187));
#8863 = DIRECTION('',(-0.707106781187,0.,-0.707106781187));
#8864 = ADVANCED_FACE('',(#8865),#8884,.F.);
#8865 = FACE_BOUND('',#8866,.F.);
#8866 = EDGE_LOOP('',(#8867,#8875,#8881,#8882,#8883));
#8867 = ORIENTED_EDGE('',*,*,#8868,.T.);
#8868 = EDGE_CURVE('',#8839,#8869,#8871,.T.);
#8869 = VERTEX_POINT('',#8870);
#8870 = CARTESIAN_POINT('',(44.868807716975,63.5,12.368807716975));
#8871 = LINE('',#8872,#8873);
#8872 = CARTESIAN_POINT('',(43.436307716975,63.5,13.801307716975));
#8873 = VECTOR('',#8874,1.);
#8874 = DIRECTION('',(0.707106781187,0.,-0.707106781187));
#8875 = ORIENTED_EDGE('',*,*,#8876,.T.);
#8876 = EDGE_CURVE('',#8869,#8804,#8877,.T.);
#8877 = LINE('',#8878,#8879);
#8878 = CARTESIAN_POINT('',(44.868807716975,56.3,12.368807716975));
#8879 = VECTOR('',#8880,1.);
#8880 = DIRECTION('',(0.,1.,0.));
#8881 = ORIENTED_EDGE('',*,*,#8803,.T.);
#8882 = ORIENTED_EDGE('',*,*,#4136,.F.);
#8883 = ORIENTED_EDGE('',*,*,#8846,.F.);
#8884 = PLANE('',#8885);
#8885 = AXIS2_PLACEMENT_3D('',#8886,#8887,#8888);
#8886 = CARTESIAN_POINT('',(44.868807716975,56.3,12.368807716975));
#8887 = DIRECTION('',(0.707106781187,-0.,0.707106781187));
#8888 = DIRECTION('',(-0.707106781187,0.,0.707106781187));
#8889 = ADVANCED_FACE('',(#8890),#8906,.F.);
#8890 = FACE_BOUND('',#8891,.F.);
#8891 = EDGE_LOOP('',(#8892,#8898,#8899,#8905));
#8892 = ORIENTED_EDGE('',*,*,#8893,.F.);
#8893 = EDGE_CURVE('',#5286,#4241,#8894,.T.);
#8894 = LINE('',#8895,#8896);
#8895 = CARTESIAN_POINT('',(85.9,39.3,0.18));
#8896 = VECTOR('',#8897,1.);
#8897 = DIRECTION('',(1.,0.,-0.));
#8898 = ORIENTED_EDGE('',*,*,#5285,.T.);
#8899 = ORIENTED_EDGE('',*,*,#8900,.T.);
#8900 = EDGE_CURVE('',#5288,#4243,#8901,.T.);
#8901 = LINE('',#8902,#8903);
#8902 = CARTESIAN_POINT('',(85.9,40.1,-0.62));
#8903 = VECTOR('',#8904,1.);
#8904 = DIRECTION('',(1.,0.,-0.));
#8905 = ORIENTED_EDGE('',*,*,#4240,.F.);
#8906 = CYLINDRICAL_SURFACE('',#8907,0.8);
#8907 = AXIS2_PLACEMENT_3D('',#8908,#8909,#8910);
#8908 = CARTESIAN_POINT('',(85.9,40.1,0.18));
#8909 = DIRECTION('',(1.,0.,-0.));
#8910 = DIRECTION('',(0.,-1.,0.));
#8911 = ADVANCED_FACE('',(#8912),#8923,.T.);
#8912 = FACE_BOUND('',#8913,.T.);
#8913 = EDGE_LOOP('',(#8914,#8915,#8916,#8917));
#8914 = ORIENTED_EDGE('',*,*,#5347,.T.);
#8915 = ORIENTED_EDGE('',*,*,#8900,.T.);
#8916 = ORIENTED_EDGE('',*,*,#4302,.F.);
#8917 = ORIENTED_EDGE('',*,*,#8918,.F.);
#8918 = EDGE_CURVE('',#5339,#4294,#8919,.T.);
#8919 = LINE('',#8920,#8921);
#8920 = CARTESIAN_POINT('',(85.9,53.9,-0.62));
#8921 = VECTOR('',#8922,1.);
#8922 = DIRECTION('',(1.,0.,-0.));
#8923 = PLANE('',#8924);
#8924 = AXIS2_PLACEMENT_3D('',#8925,#8926,#8927);
#8925 = CARTESIAN_POINT('',(85.9,39.3,-0.62));
#8926 = DIRECTION('',(0.,0.,1.));
#8927 = DIRECTION('',(1.,0.,-0.));
#8928 = ADVANCED_FACE('',(#8929),#8940,.F.);
#8929 = FACE_BOUND('',#8930,.T.);
#8930 = EDGE_LOOP('',(#8931,#8937,#8938,#8939));
#8931 = ORIENTED_EDGE('',*,*,#8932,.F.);
#8932 = EDGE_CURVE('',#5331,#4286,#8933,.T.);
#8933 = LINE('',#8934,#8935);
#8934 = CARTESIAN_POINT('',(85.9,54.7,0.18));
#8935 = VECTOR('',#8936,1.);
#8936 = DIRECTION('',(1.,0.,-0.));
#8937 = ORIENTED_EDGE('',*,*,#5338,.F.);
#8938 = ORIENTED_EDGE('',*,*,#8918,.T.);
#8939 = ORIENTED_EDGE('',*,*,#4293,.T.);
#8940 = CYLINDRICAL_SURFACE('',#8941,0.8);
#8941 = AXIS2_PLACEMENT_3D('',#8942,#8943,#8944);
#8942 = CARTESIAN_POINT('',(85.9,53.9,0.18));
#8943 = DIRECTION('',(1.,0.,-0.));
#8944 = DIRECTION('',(0.,1.,0.));
#8945 = ADVANCED_FACE('',(#8946),#8957,.F.);
#8946 = FACE_BOUND('',#8947,.F.);
#8947 = EDGE_LOOP('',(#8948,#8949,#8950,#8951));
#8948 = ORIENTED_EDGE('',*,*,#4285,.F.);
#8949 = ORIENTED_EDGE('',*,*,#8932,.F.);
#8950 = ORIENTED_EDGE('',*,*,#5330,.T.);
#8951 = ORIENTED_EDGE('',*,*,#8952,.T.);
#8952 = EDGE_CURVE('',#5322,#4277,#8953,.T.);
#8953 = LINE('',#8954,#8955);
#8954 = CARTESIAN_POINT('',(85.9,54.7,17.01));
#8955 = VECTOR('',#8956,1.);
#8956 = DIRECTION('',(1.,0.,-0.));
#8957 = PLANE('',#8958);
#8958 = AXIS2_PLACEMENT_3D('',#8959,#8960,#8961);
#8959 = CARTESIAN_POINT('',(85.9,54.7,-0.62));
#8960 = DIRECTION('',(-0.,1.,0.));
#8961 = DIRECTION('',(0.,0.,1.));
#8962 = ADVANCED_FACE('',(#8963),#8974,.F.);
#8963 = FACE_BOUND('',#8964,.F.);
#8964 = EDGE_LOOP('',(#8965,#8966,#8967,#8973));
#8965 = ORIENTED_EDGE('',*,*,#8952,.F.);
#8966 = ORIENTED_EDGE('',*,*,#5321,.T.);
#8967 = ORIENTED_EDGE('',*,*,#8968,.T.);
#8968 = EDGE_CURVE('',#5314,#4269,#8969,.T.);
#8969 = LINE('',#8970,#8971);
#8970 = CARTESIAN_POINT('',(85.9,53.9,17.81));
#8971 = VECTOR('',#8972,1.);
#8972 = DIRECTION('',(1.,0.,-0.));
#8973 = ORIENTED_EDGE('',*,*,#4276,.F.);
#8974 = CYLINDRICAL_SURFACE('',#8975,0.8);
#8975 = AXIS2_PLACEMENT_3D('',#8976,#8977,#8978);
#8976 = CARTESIAN_POINT('',(85.9,53.9,17.01));
#8977 = DIRECTION('',(1.,0.,-0.));
#8978 = DIRECTION('',(0.,1.,0.));
#8979 = ADVANCED_FACE('',(#8980),#8991,.F.);
#8980 = FACE_BOUND('',#8981,.F.);
#8981 = EDGE_LOOP('',(#8982,#8983,#8989,#8990));
#8982 = ORIENTED_EDGE('',*,*,#5313,.T.);
#8983 = ORIENTED_EDGE('',*,*,#8984,.T.);
#8984 = EDGE_CURVE('',#5305,#4260,#8985,.T.);
#8985 = LINE('',#8986,#8987);
#8986 = CARTESIAN_POINT('',(85.9,40.1,17.81));
#8987 = VECTOR('',#8988,1.);
#8988 = DIRECTION('',(1.,0.,-0.));
#8989 = ORIENTED_EDGE('',*,*,#4268,.F.);
#8990 = ORIENTED_EDGE('',*,*,#8968,.F.);
#8991 = PLANE('',#8992);
#8992 = AXIS2_PLACEMENT_3D('',#8993,#8994,#8995);
#8993 = CARTESIAN_POINT('',(85.9,39.3,17.81));
#8994 = DIRECTION('',(0.,0.,1.));
#8995 = DIRECTION('',(1.,0.,-0.));
#8996 = ADVANCED_FACE('',(#8997),#9008,.F.);
#8997 = FACE_BOUND('',#8998,.T.);
#8998 = EDGE_LOOP('',(#8999,#9005,#9006,#9007));
#8999 = ORIENTED_EDGE('',*,*,#9000,.F.);
#9000 = EDGE_CURVE('',#5297,#4252,#9001,.T.);
#9001 = LINE('',#9002,#9003);
#9002 = CARTESIAN_POINT('',(85.9,39.3,17.01));
#9003 = VECTOR('',#9004,1.);
#9004 = DIRECTION('',(1.,0.,-0.));
#9005 = ORIENTED_EDGE('',*,*,#5304,.F.);
#9006 = ORIENTED_EDGE('',*,*,#8984,.T.);
#9007 = ORIENTED_EDGE('',*,*,#4259,.T.);
#9008 = CYLINDRICAL_SURFACE('',#9009,0.8);
#9009 = AXIS2_PLACEMENT_3D('',#9010,#9011,#9012);
#9010 = CARTESIAN_POINT('',(85.9,40.1,17.01));
#9011 = DIRECTION('',(1.,0.,-0.));
#9012 = DIRECTION('',(0.,-1.,0.));
#9013 = ADVANCED_FACE('',(#9014),#9020,.T.);
#9014 = FACE_BOUND('',#9015,.T.);
#9015 = EDGE_LOOP('',(#9016,#9017,#9018,#9019));
#9016 = ORIENTED_EDGE('',*,*,#4251,.F.);
#9017 = ORIENTED_EDGE('',*,*,#8893,.F.);
#9018 = ORIENTED_EDGE('',*,*,#5296,.T.);
#9019 = ORIENTED_EDGE('',*,*,#9000,.T.);
#9020 = PLANE('',#9021);
#9021 = AXIS2_PLACEMENT_3D('',#9022,#9023,#9024);
#9022 = CARTESIAN_POINT('',(85.9,39.3,-0.62));
#9023 = DIRECTION('',(-0.,1.,0.));
#9024 = DIRECTION('',(0.,0.,1.));
#9025 = ADVANCED_FACE('',(#9026),#9042,.F.);
#9026 = FACE_BOUND('',#9027,.F.);
#9027 = EDGE_LOOP('',(#9028,#9034,#9035,#9041));
#9028 = ORIENTED_EDGE('',*,*,#9029,.F.);
#9029 = EDGE_CURVE('',#5356,#4311,#9030,.T.);
#9030 = LINE('',#9031,#9032);
#9031 = CARTESIAN_POINT('',(85.9,21.3,0.19));
#9032 = VECTOR('',#9033,1.);
#9033 = DIRECTION('',(1.,0.,-0.));
#9034 = ORIENTED_EDGE('',*,*,#5355,.T.);
#9035 = ORIENTED_EDGE('',*,*,#9036,.T.);
#9036 = EDGE_CURVE('',#5358,#4313,#9037,.T.);
#9037 = LINE('',#9038,#9039);
#9038 = CARTESIAN_POINT('',(85.9,22.1,-0.61));
#9039 = VECTOR('',#9040,1.);
#9040 = DIRECTION('',(1.,0.,-0.));
#9041 = ORIENTED_EDGE('',*,*,#4310,.F.);
#9042 = CYLINDRICAL_SURFACE('',#9043,0.8);
#9043 = AXIS2_PLACEMENT_3D('',#9044,#9045,#9046);
#9044 = CARTESIAN_POINT('',(85.9,22.1,0.19));
#9045 = DIRECTION('',(1.,0.,-0.));
#9046 = DIRECTION('',(0.,-1.,0.));
#9047 = ADVANCED_FACE('',(#9048),#9059,.T.);
#9048 = FACE_BOUND('',#9049,.T.);
#9049 = EDGE_LOOP('',(#9050,#9051,#9052,#9053));
#9050 = ORIENTED_EDGE('',*,*,#5417,.T.);
#9051 = ORIENTED_EDGE('',*,*,#9036,.T.);
#9052 = ORIENTED_EDGE('',*,*,#4372,.F.);
#9053 = ORIENTED_EDGE('',*,*,#9054,.F.);
#9054 = EDGE_CURVE('',#5409,#4364,#9055,.T.);
#9055 = LINE('',#9056,#9057);
#9056 = CARTESIAN_POINT('',(85.9,35.9,-0.61));
#9057 = VECTOR('',#9058,1.);
#9058 = DIRECTION('',(1.,0.,-0.));
#9059 = PLANE('',#9060);
#9060 = AXIS2_PLACEMENT_3D('',#9061,#9062,#9063);
#9061 = CARTESIAN_POINT('',(85.9,21.3,-0.61));
#9062 = DIRECTION('',(0.,0.,1.));
#9063 = DIRECTION('',(1.,0.,-0.));
#9064 = ADVANCED_FACE('',(#9065),#9076,.F.);
#9065 = FACE_BOUND('',#9066,.T.);
#9066 = EDGE_LOOP('',(#9067,#9073,#9074,#9075));
#9067 = ORIENTED_EDGE('',*,*,#9068,.F.);
#9068 = EDGE_CURVE('',#5401,#4356,#9069,.T.);
#9069 = LINE('',#9070,#9071);
#9070 = CARTESIAN_POINT('',(85.9,36.7,0.19));
#9071 = VECTOR('',#9072,1.);
#9072 = DIRECTION('',(1.,0.,-0.));
#9073 = ORIENTED_EDGE('',*,*,#5408,.F.);
#9074 = ORIENTED_EDGE('',*,*,#9054,.T.);
#9075 = ORIENTED_EDGE('',*,*,#4363,.T.);
#9076 = CYLINDRICAL_SURFACE('',#9077,0.8);
#9077 = AXIS2_PLACEMENT_3D('',#9078,#9079,#9080);
#9078 = CARTESIAN_POINT('',(85.9,35.9,0.19));
#9079 = DIRECTION('',(1.,0.,-0.));
#9080 = DIRECTION('',(0.,1.,0.));
#9081 = ADVANCED_FACE('',(#9082),#9093,.F.);
#9082 = FACE_BOUND('',#9083,.F.);
#9083 = EDGE_LOOP('',(#9084,#9085,#9086,#9087));
#9084 = ORIENTED_EDGE('',*,*,#4355,.F.);
#9085 = ORIENTED_EDGE('',*,*,#9068,.F.);
#9086 = ORIENTED_EDGE('',*,*,#5400,.T.);
#9087 = ORIENTED_EDGE('',*,*,#9088,.T.);
#9088 = EDGE_CURVE('',#5392,#4347,#9089,.T.);
#9089 = LINE('',#9090,#9091);
#9090 = CARTESIAN_POINT('',(85.9,36.7,17.18));
#9091 = VECTOR('',#9092,1.);
#9092 = DIRECTION('',(1.,0.,-0.));
#9093 = PLANE('',#9094);
#9094 = AXIS2_PLACEMENT_3D('',#9095,#9096,#9097);
#9095 = CARTESIAN_POINT('',(85.9,36.7,-0.61));
#9096 = DIRECTION('',(-0.,1.,0.));
#9097 = DIRECTION('',(0.,0.,1.));
#9098 = ADVANCED_FACE('',(#9099),#9110,.F.);
#9099 = FACE_BOUND('',#9100,.F.);
#9100 = EDGE_LOOP('',(#9101,#9102,#9103,#9109));
#9101 = ORIENTED_EDGE('',*,*,#9088,.F.);
#9102 = ORIENTED_EDGE('',*,*,#5391,.T.);
#9103 = ORIENTED_EDGE('',*,*,#9104,.T.);
#9104 = EDGE_CURVE('',#5384,#4339,#9105,.T.);
#9105 = LINE('',#9106,#9107);
#9106 = CARTESIAN_POINT('',(85.9,35.9,17.98));
#9107 = VECTOR('',#9108,1.);
#9108 = DIRECTION('',(1.,0.,-0.));
#9109 = ORIENTED_EDGE('',*,*,#4346,.F.);
#9110 = CYLINDRICAL_SURFACE('',#9111,0.8);
#9111 = AXIS2_PLACEMENT_3D('',#9112,#9113,#9114);
#9112 = CARTESIAN_POINT('',(85.9,35.9,17.18));
#9113 = DIRECTION('',(1.,0.,-0.));
#9114 = DIRECTION('',(0.,1.,0.));
#9115 = ADVANCED_FACE('',(#9116),#9127,.F.);
#9116 = FACE_BOUND('',#9117,.F.);
#9117 = EDGE_LOOP('',(#9118,#9119,#9125,#9126));
#9118 = ORIENTED_EDGE('',*,*,#5383,.T.);
#9119 = ORIENTED_EDGE('',*,*,#9120,.T.);
#9120 = EDGE_CURVE('',#5375,#4330,#9121,.T.);
#9121 = LINE('',#9122,#9123);
#9122 = CARTESIAN_POINT('',(85.9,22.1,17.98));
#9123 = VECTOR('',#9124,1.);
#9124 = DIRECTION('',(1.,0.,-0.));
#9125 = ORIENTED_EDGE('',*,*,#4338,.F.);
#9126 = ORIENTED_EDGE('',*,*,#9104,.F.);
#9127 = PLANE('',#9128);
#9128 = AXIS2_PLACEMENT_3D('',#9129,#9130,#9131);
#9129 = CARTESIAN_POINT('',(85.9,21.3,17.98));
#9130 = DIRECTION('',(0.,0.,1.));
#9131 = DIRECTION('',(1.,0.,-0.));
#9132 = ADVANCED_FACE('',(#9133),#9144,.F.);
#9133 = FACE_BOUND('',#9134,.T.);
#9134 = EDGE_LOOP('',(#9135,#9141,#9142,#9143));
#9135 = ORIENTED_EDGE('',*,*,#9136,.F.);
#9136 = EDGE_CURVE('',#5367,#4322,#9137,.T.);
#9137 = LINE('',#9138,#9139);
#9138 = CARTESIAN_POINT('',(85.9,21.3,17.18));
#9139 = VECTOR('',#9140,1.);
#9140 = DIRECTION('',(1.,0.,-0.));
#9141 = ORIENTED_EDGE('',*,*,#5374,.F.);
#9142 = ORIENTED_EDGE('',*,*,#9120,.T.);
#9143 = ORIENTED_EDGE('',*,*,#4329,.T.);
#9144 = CYLINDRICAL_SURFACE('',#9145,0.8);
#9145 = AXIS2_PLACEMENT_3D('',#9146,#9147,#9148);
#9146 = CARTESIAN_POINT('',(85.9,22.1,17.18));
#9147 = DIRECTION('',(1.,0.,-0.));
#9148 = DIRECTION('',(0.,-1.,0.));
#9149 = ADVANCED_FACE('',(#9150),#9156,.T.);
#9150 = FACE_BOUND('',#9151,.T.);
#9151 = EDGE_LOOP('',(#9152,#9153,#9154,#9155));
#9152 = ORIENTED_EDGE('',*,*,#4321,.F.);
#9153 = ORIENTED_EDGE('',*,*,#9029,.F.);
#9154 = ORIENTED_EDGE('',*,*,#5366,.T.);
#9155 = ORIENTED_EDGE('',*,*,#9136,.T.);
#9156 = PLANE('',#9157);
#9157 = AXIS2_PLACEMENT_3D('',#9158,#9159,#9160);
#9158 = CARTESIAN_POINT('',(85.9,21.3,-0.61));
#9159 = DIRECTION('',(-0.,1.,0.));
#9160 = DIRECTION('',(0.,0.,1.));
#9161 = ADVANCED_FACE('',(#9162),#9178,.F.);
#9162 = FACE_BOUND('',#9163,.F.);
#9163 = EDGE_LOOP('',(#9164,#9170,#9171,#9177));
#9164 = ORIENTED_EDGE('',*,*,#9165,.F.);
#9165 = EDGE_CURVE('',#5426,#4381,#9166,.T.);
#9166 = LINE('',#9167,#9168);
#9167 = CARTESIAN_POINT('',(85.9,1.83,-0.31));
#9168 = VECTOR('',#9169,1.);
#9169 = DIRECTION('',(1.,0.,-0.));
#9170 = ORIENTED_EDGE('',*,*,#5425,.T.);
#9171 = ORIENTED_EDGE('',*,*,#9172,.T.);
#9172 = EDGE_CURVE('',#5428,#4383,#9173,.T.);
#9173 = LINE('',#9174,#9175);
#9174 = CARTESIAN_POINT('',(85.9,2.63,-1.11));
#9175 = VECTOR('',#9176,1.);
#9176 = DIRECTION('',(1.,0.,-0.));
#9177 = ORIENTED_EDGE('',*,*,#4380,.F.);
#9178 = CYLINDRICAL_SURFACE('',#9179,0.8);
#9179 = AXIS2_PLACEMENT_3D('',#9180,#9181,#9182);
#9180 = CARTESIAN_POINT('',(85.9,2.63,-0.31));
#9181 = DIRECTION('',(1.,0.,-0.));
#9182 = DIRECTION('',(0.,-1.,0.));
#9183 = ADVANCED_FACE('',(#9184),#9195,.T.);
#9184 = FACE_BOUND('',#9185,.T.);
#9185 = EDGE_LOOP('',(#9186,#9187,#9188,#9189));
#9186 = ORIENTED_EDGE('',*,*,#5537,.T.);
#9187 = ORIENTED_EDGE('',*,*,#9172,.T.);
#9188 = ORIENTED_EDGE('',*,*,#4492,.F.);
#9189 = ORIENTED_EDGE('',*,*,#9190,.F.);
#9190 = EDGE_CURVE('',#5529,#4484,#9191,.T.);
#9191 = LINE('',#9192,#9193);
#9192 = CARTESIAN_POINT('',(85.9,17.87,-1.11));
#9193 = VECTOR('',#9194,1.);
#9194 = DIRECTION('',(1.,0.,-0.));
#9195 = PLANE('',#9196);
#9196 = AXIS2_PLACEMENT_3D('',#9197,#9198,#9199);
#9197 = CARTESIAN_POINT('',(85.9,1.83,-1.11));
#9198 = DIRECTION('',(0.,0.,1.));
#9199 = DIRECTION('',(1.,0.,-0.));
#9200 = ADVANCED_FACE('',(#9201),#9212,.F.);
#9201 = FACE_BOUND('',#9202,.T.);
#9202 = EDGE_LOOP('',(#9203,#9209,#9210,#9211));
#9203 = ORIENTED_EDGE('',*,*,#9204,.F.);
#9204 = EDGE_CURVE('',#5521,#4476,#9205,.T.);
#9205 = LINE('',#9206,#9207);
#9206 = CARTESIAN_POINT('',(85.9,18.67,-0.31));
#9207 = VECTOR('',#9208,1.);
#9208 = DIRECTION('',(1.,0.,-0.));
#9209 = ORIENTED_EDGE('',*,*,#5528,.F.);
#9210 = ORIENTED_EDGE('',*,*,#9190,.T.);
#9211 = ORIENTED_EDGE('',*,*,#4483,.T.);
#9212 = CYLINDRICAL_SURFACE('',#9213,0.8);
#9213 = AXIS2_PLACEMENT_3D('',#9214,#9215,#9216);
#9214 = CARTESIAN_POINT('',(85.9,17.87,-0.31));
#9215 = DIRECTION('',(1.,0.,-0.));
#9216 = DIRECTION('',(0.,1.,0.));
#9217 = ADVANCED_FACE('',(#9218),#9229,.F.);
#9218 = FACE_BOUND('',#9219,.F.);
#9219 = EDGE_LOOP('',(#9220,#9221,#9222,#9223));
#9220 = ORIENTED_EDGE('',*,*,#4475,.F.);
#9221 = ORIENTED_EDGE('',*,*,#9204,.F.);
#9222 = ORIENTED_EDGE('',*,*,#5520,.T.);
#9223 = ORIENTED_EDGE('',*,*,#9224,.T.);
#9224 = EDGE_CURVE('',#5513,#4468,#9225,.T.);
#9225 = LINE('',#9226,#9227);
#9226 = CARTESIAN_POINT('',(85.9,18.67,0.93));
#9227 = VECTOR('',#9228,1.);
#9228 = DIRECTION('',(1.,0.,-0.));
#9229 = PLANE('',#9230);
#9230 = AXIS2_PLACEMENT_3D('',#9231,#9232,#9233);
#9231 = CARTESIAN_POINT('',(85.9,18.67,-1.11));
#9232 = DIRECTION('',(-0.,1.,0.));
#9233 = DIRECTION('',(0.,0.,1.));
#9234 = ADVANCED_FACE('',(#9235),#9246,.T.);
#9235 = FACE_BOUND('',#9236,.T.);
#9236 = EDGE_LOOP('',(#9237,#9238,#9239,#9240));
#9237 = ORIENTED_EDGE('',*,*,#5512,.T.);
#9238 = ORIENTED_EDGE('',*,*,#9224,.T.);
#9239 = ORIENTED_EDGE('',*,*,#4467,.F.);
#9240 = ORIENTED_EDGE('',*,*,#9241,.F.);
#9241 = EDGE_CURVE('',#5504,#4459,#9242,.T.);
#9242 = LINE('',#9243,#9244);
#9243 = CARTESIAN_POINT('',(85.9,19.45,0.93));
#9244 = VECTOR('',#9245,1.);
#9245 = DIRECTION('',(1.,0.,-0.));
#9246 = PLANE('',#9247);
#9247 = AXIS2_PLACEMENT_3D('',#9248,#9249,#9250);
#9248 = CARTESIAN_POINT('',(85.9,12.83,0.93));
#9249 = DIRECTION('',(0.,0.,1.));
#9250 = DIRECTION('',(1.,0.,-0.));
#9251 = ADVANCED_FACE('',(#9252),#9263,.F.);
#9252 = FACE_BOUND('',#9253,.T.);
#9253 = EDGE_LOOP('',(#9254,#9260,#9261,#9262));
#9254 = ORIENTED_EDGE('',*,*,#9255,.F.);
#9255 = EDGE_CURVE('',#5496,#4451,#9256,.T.);
#9256 = LINE('',#9257,#9258);
#9257 = CARTESIAN_POINT('',(85.9,20.25,1.73));
#9258 = VECTOR('',#9259,1.);
#9259 = DIRECTION('',(1.,0.,-0.));
#9260 = ORIENTED_EDGE('',*,*,#5503,.F.);
#9261 = ORIENTED_EDGE('',*,*,#9241,.T.);
#9262 = ORIENTED_EDGE('',*,*,#4458,.T.);
#9263 = CYLINDRICAL_SURFACE('',#9264,0.8);
#9264 = AXIS2_PLACEMENT_3D('',#9265,#9266,#9267);
#9265 = CARTESIAN_POINT('',(85.9,19.45,1.73));
#9266 = DIRECTION('',(1.,0.,-0.));
#9267 = DIRECTION('',(0.,1.,0.));
#9268 = ADVANCED_FACE('',(#9269),#9280,.F.);
#9269 = FACE_BOUND('',#9270,.F.);
#9270 = EDGE_LOOP('',(#9271,#9272,#9273,#9274));
#9271 = ORIENTED_EDGE('',*,*,#4450,.F.);
#9272 = ORIENTED_EDGE('',*,*,#9255,.F.);
#9273 = ORIENTED_EDGE('',*,*,#5495,.T.);
#9274 = ORIENTED_EDGE('',*,*,#9275,.T.);
#9275 = EDGE_CURVE('',#5487,#4442,#9276,.T.);
#9276 = LINE('',#9277,#9278);
#9277 = CARTESIAN_POINT('',(85.9,20.25,5.14));
#9278 = VECTOR('',#9279,1.);
#9279 = DIRECTION('',(1.,0.,-0.));
#9280 = PLANE('',#9281);
#9281 = AXIS2_PLACEMENT_3D('',#9282,#9283,#9284);
#9282 = CARTESIAN_POINT('',(85.9,20.25,0.93));
#9283 = DIRECTION('',(-0.,1.,0.));
#9284 = DIRECTION('',(0.,0.,1.));
#9285 = ADVANCED_FACE('',(#9286),#9297,.F.);
#9286 = FACE_BOUND('',#9287,.F.);
#9287 = EDGE_LOOP('',(#9288,#9289,#9290,#9296));
#9288 = ORIENTED_EDGE('',*,*,#9275,.F.);
#9289 = ORIENTED_EDGE('',*,*,#5486,.T.);
#9290 = ORIENTED_EDGE('',*,*,#9291,.T.);
#9291 = EDGE_CURVE('',#5479,#4434,#9292,.T.);
#9292 = LINE('',#9293,#9294);
#9293 = CARTESIAN_POINT('',(85.9,19.45,5.94));
#9294 = VECTOR('',#9295,1.);
#9295 = DIRECTION('',(1.,0.,-0.));
#9296 = ORIENTED_EDGE('',*,*,#4441,.F.);
#9297 = CYLINDRICAL_SURFACE('',#9298,0.8);
#9298 = AXIS2_PLACEMENT_3D('',#9299,#9300,#9301);
#9299 = CARTESIAN_POINT('',(85.9,19.45,5.14));
#9300 = DIRECTION('',(1.,0.,-0.));
#9301 = DIRECTION('',(0.,1.,0.));
#9302 = ADVANCED_FACE('',(#9303),#9314,.F.);
#9303 = FACE_BOUND('',#9304,.F.);
#9304 = EDGE_LOOP('',(#9305,#9306,#9312,#9313));
#9305 = ORIENTED_EDGE('',*,*,#5478,.T.);
#9306 = ORIENTED_EDGE('',*,*,#9307,.T.);
#9307 = EDGE_CURVE('',#5471,#4426,#9308,.T.);
#9308 = LINE('',#9309,#9310);
#9309 = CARTESIAN_POINT('',(85.9,18.67,5.94));
#9310 = VECTOR('',#9311,1.);
#9311 = DIRECTION('',(1.,0.,-0.));
#9312 = ORIENTED_EDGE('',*,*,#4433,.F.);
#9313 = ORIENTED_EDGE('',*,*,#9291,.F.);
#9314 = PLANE('',#9315);
#9315 = AXIS2_PLACEMENT_3D('',#9316,#9317,#9318);
#9316 = CARTESIAN_POINT('',(85.9,12.83,5.94));
#9317 = DIRECTION('',(0.,0.,1.));
#9318 = DIRECTION('',(1.,0.,-0.));
#9319 = ADVANCED_FACE('',(#9320),#9331,.F.);
#9320 = FACE_BOUND('',#9321,.F.);
#9321 = EDGE_LOOP('',(#9322,#9323,#9324,#9325));
#9322 = ORIENTED_EDGE('',*,*,#4425,.F.);
#9323 = ORIENTED_EDGE('',*,*,#9307,.F.);
#9324 = ORIENTED_EDGE('',*,*,#5470,.T.);
#9325 = ORIENTED_EDGE('',*,*,#9326,.T.);
#9326 = EDGE_CURVE('',#5462,#4417,#9327,.T.);
#9327 = LINE('',#9328,#9329);
#9328 = CARTESIAN_POINT('',(85.9,18.67,14.29));
#9329 = VECTOR('',#9330,1.);
#9330 = DIRECTION('',(1.,0.,-0.));
#9331 = PLANE('',#9332);
#9332 = AXIS2_PLACEMENT_3D('',#9333,#9334,#9335);
#9333 = CARTESIAN_POINT('',(85.9,18.67,-1.11));
#9334 = DIRECTION('',(-0.,1.,0.));
#9335 = DIRECTION('',(0.,0.,1.));
#9336 = ADVANCED_FACE('',(#9337),#9348,.F.);
#9337 = FACE_BOUND('',#9338,.F.);
#9338 = EDGE_LOOP('',(#9339,#9340,#9341,#9347));
#9339 = ORIENTED_EDGE('',*,*,#9326,.F.);
#9340 = ORIENTED_EDGE('',*,*,#5461,.T.);
#9341 = ORIENTED_EDGE('',*,*,#9342,.T.);
#9342 = EDGE_CURVE('',#5454,#4409,#9343,.T.);
#9343 = LINE('',#9344,#9345);
#9344 = CARTESIAN_POINT('',(85.9,17.87,15.09));
#9345 = VECTOR('',#9346,1.);
#9346 = DIRECTION('',(1.,0.,-0.));
#9347 = ORIENTED_EDGE('',*,*,#4416,.F.);
#9348 = CYLINDRICAL_SURFACE('',#9349,0.8);
#9349 = AXIS2_PLACEMENT_3D('',#9350,#9351,#9352);
#9350 = CARTESIAN_POINT('',(85.9,17.87,14.29));
#9351 = DIRECTION('',(1.,0.,-0.));
#9352 = DIRECTION('',(0.,1.,0.));
#9353 = ADVANCED_FACE('',(#9354),#9365,.F.);
#9354 = FACE_BOUND('',#9355,.F.);
#9355 = EDGE_LOOP('',(#9356,#9357,#9363,#9364));
#9356 = ORIENTED_EDGE('',*,*,#5453,.T.);
#9357 = ORIENTED_EDGE('',*,*,#9358,.T.);
#9358 = EDGE_CURVE('',#5445,#4400,#9359,.T.);
#9359 = LINE('',#9360,#9361);
#9360 = CARTESIAN_POINT('',(85.9,2.63,15.09));
#9361 = VECTOR('',#9362,1.);
#9362 = DIRECTION('',(1.,0.,-0.));
#9363 = ORIENTED_EDGE('',*,*,#4408,.F.);
#9364 = ORIENTED_EDGE('',*,*,#9342,.F.);
#9365 = PLANE('',#9366);
#9366 = AXIS2_PLACEMENT_3D('',#9367,#9368,#9369);
#9367 = CARTESIAN_POINT('',(85.9,1.83,15.09));
#9368 = DIRECTION('',(0.,0.,1.));
#9369 = DIRECTION('',(1.,0.,-0.));
#9370 = ADVANCED_FACE('',(#9371),#9382,.F.);
#9371 = FACE_BOUND('',#9372,.T.);
#9372 = EDGE_LOOP('',(#9373,#9379,#9380,#9381));
#9373 = ORIENTED_EDGE('',*,*,#9374,.F.);
#9374 = EDGE_CURVE('',#5437,#4392,#9375,.T.);
#9375 = LINE('',#9376,#9377);
#9376 = CARTESIAN_POINT('',(85.9,1.83,14.29));
#9377 = VECTOR('',#9378,1.);
#9378 = DIRECTION('',(1.,0.,-0.));
#9379 = ORIENTED_EDGE('',*,*,#5444,.F.);
#9380 = ORIENTED_EDGE('',*,*,#9358,.T.);
#9381 = ORIENTED_EDGE('',*,*,#4399,.T.);
#9382 = CYLINDRICAL_SURFACE('',#9383,0.8);
#9383 = AXIS2_PLACEMENT_3D('',#9384,#9385,#9386);
#9384 = CARTESIAN_POINT('',(85.9,2.63,14.29));
#9385 = DIRECTION('',(1.,0.,-0.));
#9386 = DIRECTION('',(0.,-1.,0.));
#9387 = ADVANCED_FACE('',(#9388),#9394,.T.);
#9388 = FACE_BOUND('',#9389,.T.);
#9389 = EDGE_LOOP('',(#9390,#9391,#9392,#9393));
#9390 = ORIENTED_EDGE('',*,*,#4391,.F.);
#9391 = ORIENTED_EDGE('',*,*,#9165,.F.);
#9392 = ORIENTED_EDGE('',*,*,#5436,.T.);
#9393 = ORIENTED_EDGE('',*,*,#9374,.T.);
#9394 = PLANE('',#9395);
#9395 = AXIS2_PLACEMENT_3D('',#9396,#9397,#9398);
#9396 = CARTESIAN_POINT('',(85.9,1.83,-1.11));
#9397 = DIRECTION('',(-0.,1.,0.));
#9398 = DIRECTION('',(0.,0.,1.));
#9399 = ADVANCED_FACE('',(#9400,#9433,#9444,#9455,#9461,#9467,#9473,
    #9479,#9485,#9496,#9502,#9508,#9514,#9520,#9526,#9532,#9538),#9549,
  .T.);
#9400 = FACE_BOUND('',#9401,.T.);
#9401 = EDGE_LOOP('',(#9402,#9403,#9404,#9405,#9406,#9407,#9408,#9409,
    #9417,#9425,#9431,#9432));
#9402 = ORIENTED_EDGE('',*,*,#5624,.F.);
#9403 = ORIENTED_EDGE('',*,*,#4516,.T.);
#9404 = ORIENTED_EDGE('',*,*,#4555,.T.);
#9405 = ORIENTED_EDGE('',*,*,#5237,.F.);
#9406 = ORIENTED_EDGE('',*,*,#5269,.T.);
#9407 = ORIENTED_EDGE('',*,*,#5552,.T.);
#9408 = ORIENTED_EDGE('',*,*,#5584,.F.);
#9409 = ORIENTED_EDGE('',*,*,#9410,.F.);
#9410 = EDGE_CURVE('',#9411,#5585,#9413,.T.);
#9411 = VERTEX_POINT('',#9412);
#9412 = CARTESIAN_POINT('',(50.2,56.4,-4.));
#9413 = LINE('',#9414,#9415);
#9414 = CARTESIAN_POINT('',(50.2,27.2,-4.));
#9415 = VECTOR('',#9416,1.);
#9416 = DIRECTION('',(-0.,1.,0.));
#9417 = ORIENTED_EDGE('',*,*,#9418,.T.);
#9418 = EDGE_CURVE('',#9411,#9419,#9421,.T.);
#9419 = VERTEX_POINT('',#9420);
#9420 = CARTESIAN_POINT('',(34.8,56.4,-4.));
#9421 = LINE('',#9422,#9423);
#9422 = CARTESIAN_POINT('',(16.9,56.4,-4.));
#9423 = VECTOR('',#9424,1.);
#9424 = DIRECTION('',(-1.,-0.,0.));
#9425 = ORIENTED_EDGE('',*,*,#9426,.T.);
#9426 = EDGE_CURVE('',#9419,#5795,#9427,.T.);
#9427 = LINE('',#9428,#9429);
#9428 = CARTESIAN_POINT('',(34.8,27.2,-4.));
#9429 = VECTOR('',#9430,1.);
#9430 = DIRECTION('',(-0.,1.,0.));
#9431 = ORIENTED_EDGE('',*,*,#5792,.F.);
#9432 = ORIENTED_EDGE('',*,*,#5833,.F.);
#9433 = FACE_BOUND('',#9434,.T.);
#9434 = EDGE_LOOP('',(#9435));
#9435 = ORIENTED_EDGE('',*,*,#9436,.F.);
#9436 = EDGE_CURVE('',#9437,#9437,#9439,.T.);
#9437 = VERTEX_POINT('',#9438);
#9438 = CARTESIAN_POINT('',(6.5,3.5,-4.));
#9439 = CIRCLE('',#9440,3.);
#9440 = AXIS2_PLACEMENT_3D('',#9441,#9442,#9443);
#9441 = CARTESIAN_POINT('',(3.5,3.5,-4.));
#9442 = DIRECTION('',(0.,0.,1.));
#9443 = DIRECTION('',(1.,0.,-0.));
#9444 = FACE_BOUND('',#9445,.T.);
#9445 = EDGE_LOOP('',(#9446));
#9446 = ORIENTED_EDGE('',*,*,#9447,.F.);
#9447 = EDGE_CURVE('',#9448,#9448,#9450,.T.);
#9448 = VERTEX_POINT('',#9449);
#9449 = CARTESIAN_POINT('',(64.5,3.5,-4.));
#9450 = CIRCLE('',#9451,3.);
#9451 = AXIS2_PLACEMENT_3D('',#9452,#9453,#9454);
#9452 = CARTESIAN_POINT('',(61.5,3.5,-4.));
#9453 = DIRECTION('',(0.,0.,1.));
#9454 = DIRECTION('',(1.,0.,-0.));
#9455 = FACE_BOUND('',#9456,.T.);
#9456 = EDGE_LOOP('',(#9457,#9458,#9459,#9460));
#9457 = ORIENTED_EDGE('',*,*,#7445,.T.);
#9458 = ORIENTED_EDGE('',*,*,#7510,.T.);
#9459 = ORIENTED_EDGE('',*,*,#7493,.F.);
#9460 = ORIENTED_EDGE('',*,*,#7469,.F.);
#9461 = FACE_BOUND('',#9462,.T.);
#9462 = EDGE_LOOP('',(#9463,#9464,#9465,#9466));
#9463 = ORIENTED_EDGE('',*,*,#7541,.T.);
#9464 = ORIENTED_EDGE('',*,*,#7606,.T.);
#9465 = ORIENTED_EDGE('',*,*,#7589,.F.);
#9466 = ORIENTED_EDGE('',*,*,#7565,.F.);
#9467 = FACE_BOUND('',#9468,.T.);
#9468 = EDGE_LOOP('',(#9469,#9470,#9471,#9472));
#9469 = ORIENTED_EDGE('',*,*,#7637,.T.);
#9470 = ORIENTED_EDGE('',*,*,#7702,.T.);
#9471 = ORIENTED_EDGE('',*,*,#7685,.F.);
#9472 = ORIENTED_EDGE('',*,*,#7661,.F.);
#9473 = FACE_BOUND('',#9474,.T.);
#9474 = EDGE_LOOP('',(#9475,#9476,#9477,#9478));
#9475 = ORIENTED_EDGE('',*,*,#7733,.T.);
#9476 = ORIENTED_EDGE('',*,*,#7798,.T.);
#9477 = ORIENTED_EDGE('',*,*,#7781,.F.);
#9478 = ORIENTED_EDGE('',*,*,#7757,.F.);
#9479 = FACE_BOUND('',#9480,.T.);
#9480 = EDGE_LOOP('',(#9481,#9482,#9483,#9484));
#9481 = ORIENTED_EDGE('',*,*,#7829,.T.);
#9482 = ORIENTED_EDGE('',*,*,#7894,.T.);
#9483 = ORIENTED_EDGE('',*,*,#7877,.F.);
#9484 = ORIENTED_EDGE('',*,*,#7853,.F.);
#9485 = FACE_BOUND('',#9486,.T.);
#9486 = EDGE_LOOP('',(#9487));
#9487 = ORIENTED_EDGE('',*,*,#9488,.F.);
#9488 = EDGE_CURVE('',#9489,#9489,#9491,.T.);
#9489 = VERTEX_POINT('',#9490);
#9490 = CARTESIAN_POINT('',(6.5,52.5,-4.));
#9491 = CIRCLE('',#9492,3.);
#9492 = AXIS2_PLACEMENT_3D('',#9493,#9494,#9495);
#9493 = CARTESIAN_POINT('',(3.5,52.5,-4.));
#9494 = DIRECTION('',(0.,0.,1.));
#9495 = DIRECTION('',(1.,0.,-0.));
#9496 = FACE_BOUND('',#9497,.T.);
#9497 = EDGE_LOOP('',(#9498,#9499,#9500,#9501));
#9498 = ORIENTED_EDGE('',*,*,#8036,.T.);
#9499 = ORIENTED_EDGE('',*,*,#8101,.T.);
#9500 = ORIENTED_EDGE('',*,*,#8084,.F.);
#9501 = ORIENTED_EDGE('',*,*,#8060,.F.);
#9502 = FACE_BOUND('',#9503,.T.);
#9503 = EDGE_LOOP('',(#9504,#9505,#9506,#9507));
#9504 = ORIENTED_EDGE('',*,*,#8132,.T.);
#9505 = ORIENTED_EDGE('',*,*,#8197,.T.);
#9506 = ORIENTED_EDGE('',*,*,#8180,.F.);
#9507 = ORIENTED_EDGE('',*,*,#8156,.F.);
#9508 = FACE_BOUND('',#9509,.T.);
#9509 = EDGE_LOOP('',(#9510,#9511,#9512,#9513));
#9510 = ORIENTED_EDGE('',*,*,#8228,.T.);
#9511 = ORIENTED_EDGE('',*,*,#8293,.T.);
#9512 = ORIENTED_EDGE('',*,*,#8276,.F.);
#9513 = ORIENTED_EDGE('',*,*,#8252,.F.);
#9514 = FACE_BOUND('',#9515,.T.);
#9515 = EDGE_LOOP('',(#9516,#9517,#9518,#9519));
#9516 = ORIENTED_EDGE('',*,*,#8324,.T.);
#9517 = ORIENTED_EDGE('',*,*,#8389,.T.);
#9518 = ORIENTED_EDGE('',*,*,#8372,.F.);
#9519 = ORIENTED_EDGE('',*,*,#8348,.F.);
#9520 = FACE_BOUND('',#9521,.T.);
#9521 = EDGE_LOOP('',(#9522,#9523,#9524,#9525));
#9522 = ORIENTED_EDGE('',*,*,#8420,.T.);
#9523 = ORIENTED_EDGE('',*,*,#8485,.T.);
#9524 = ORIENTED_EDGE('',*,*,#8468,.F.);
#9525 = ORIENTED_EDGE('',*,*,#8444,.F.);
#9526 = FACE_BOUND('',#9527,.T.);
#9527 = EDGE_LOOP('',(#9528,#9529,#9530,#9531));
#9528 = ORIENTED_EDGE('',*,*,#8516,.T.);
#9529 = ORIENTED_EDGE('',*,*,#8581,.T.);
#9530 = ORIENTED_EDGE('',*,*,#8564,.F.);
#9531 = ORIENTED_EDGE('',*,*,#8540,.F.);
#9532 = FACE_BOUND('',#9533,.T.);
#9533 = EDGE_LOOP('',(#9534,#9535,#9536,#9537));
#9534 = ORIENTED_EDGE('',*,*,#8612,.T.);
#9535 = ORIENTED_EDGE('',*,*,#8677,.T.);
#9536 = ORIENTED_EDGE('',*,*,#8660,.F.);
#9537 = ORIENTED_EDGE('',*,*,#8636,.F.);
#9538 = FACE_BOUND('',#9539,.T.);
#9539 = EDGE_LOOP('',(#9540));
#9540 = ORIENTED_EDGE('',*,*,#9541,.F.);
#9541 = EDGE_CURVE('',#9542,#9542,#9544,.T.);
#9542 = VERTEX_POINT('',#9543);
#9543 = CARTESIAN_POINT('',(64.5,52.5,-4.));
#9544 = CIRCLE('',#9545,3.);
#9545 = AXIS2_PLACEMENT_3D('',#9546,#9547,#9548);
#9546 = CARTESIAN_POINT('',(61.5,52.5,-4.));
#9547 = DIRECTION('',(0.,0.,1.));
#9548 = DIRECTION('',(1.,0.,-0.));
#9549 = PLANE('',#9550);
#9550 = AXIS2_PLACEMENT_3D('',#9551,#9552,#9553);
#9551 = CARTESIAN_POINT('',(-1.,-2.,-4.));
#9552 = DIRECTION('',(0.,0.,1.));
#9553 = DIRECTION('',(1.,0.,-0.));
#9554 = ADVANCED_FACE('',(#9555),#9573,.T.);
#9555 = FACE_BOUND('',#9556,.T.);
#9556 = EDGE_LOOP('',(#9557,#9565,#9566,#9567));
#9557 = ORIENTED_EDGE('',*,*,#9558,.F.);
#9558 = EDGE_CURVE('',#9411,#9559,#9561,.T.);
#9559 = VERTEX_POINT('',#9560);
#9560 = CARTESIAN_POINT('',(50.2,56.4,21.35));
#9561 = LINE('',#9562,#9563);
#9562 = CARTESIAN_POINT('',(50.2,56.4,-4.01));
#9563 = VECTOR('',#9564,1.);
#9564 = DIRECTION('',(0.,0.,1.));
#9565 = ORIENTED_EDGE('',*,*,#9410,.T.);
#9566 = ORIENTED_EDGE('',*,*,#5592,.F.);
#9567 = ORIENTED_EDGE('',*,*,#9568,.F.);
#9568 = EDGE_CURVE('',#9559,#5593,#9569,.T.);
#9569 = LINE('',#9570,#9571);
#9570 = CARTESIAN_POINT('',(50.2,56.4,21.35));
#9571 = VECTOR('',#9572,1.);
#9572 = DIRECTION('',(-0.,1.,0.));
#9573 = PLANE('',#9574);
#9574 = AXIS2_PLACEMENT_3D('',#9575,#9576,#9577);
#9575 = CARTESIAN_POINT('',(50.2,56.4,-4.01));
#9576 = DIRECTION('',(1.,0.,-0.));
#9577 = DIRECTION('',(0.,0.,1.));
#9578 = ADVANCED_FACE('',(#9579),#9597,.F.);
#9579 = FACE_BOUND('',#9580,.F.);
#9580 = EDGE_LOOP('',(#9581,#9589,#9590,#9591));
#9581 = ORIENTED_EDGE('',*,*,#9582,.F.);
#9582 = EDGE_CURVE('',#9419,#9583,#9585,.T.);
#9583 = VERTEX_POINT('',#9584);
#9584 = CARTESIAN_POINT('',(34.8,56.4,21.35));
#9585 = LINE('',#9586,#9587);
#9586 = CARTESIAN_POINT('',(34.8,56.4,-4.01));
#9587 = VECTOR('',#9588,1.);
#9588 = DIRECTION('',(0.,0.,1.));
#9589 = ORIENTED_EDGE('',*,*,#9426,.T.);
#9590 = ORIENTED_EDGE('',*,*,#5818,.F.);
#9591 = ORIENTED_EDGE('',*,*,#9592,.F.);
#9592 = EDGE_CURVE('',#9583,#5811,#9593,.T.);
#9593 = LINE('',#9594,#9595);
#9594 = CARTESIAN_POINT('',(34.8,56.4,21.35));
#9595 = VECTOR('',#9596,1.);
#9596 = DIRECTION('',(-0.,1.,0.));
#9597 = PLANE('',#9598);
#9598 = AXIS2_PLACEMENT_3D('',#9599,#9600,#9601);
#9599 = CARTESIAN_POINT('',(34.8,56.4,-4.01));
#9600 = DIRECTION('',(1.,0.,-0.));
#9601 = DIRECTION('',(0.,0.,1.));
#9602 = ADVANCED_FACE('',(#9603),#9629,.F.);
#9603 = FACE_BOUND('',#9604,.F.);
#9604 = EDGE_LOOP('',(#9605,#9606,#9614,#9623));
#9605 = ORIENTED_EDGE('',*,*,#5700,.F.);
#9606 = ORIENTED_EDGE('',*,*,#9607,.F.);
#9607 = EDGE_CURVE('',#9608,#5701,#9610,.T.);
#9608 = VERTEX_POINT('',#9609);
#9609 = CARTESIAN_POINT('',(-1.8,16.455456351737,4.984543648263));
#9610 = LINE('',#9611,#9612);
#9611 = CARTESIAN_POINT('',(-1.8,16.455456351737,4.984543648263));
#9612 = VECTOR('',#9613,1.);
#9613 = DIRECTION('',(1.,0.,0.));
#9614 = ORIENTED_EDGE('',*,*,#9615,.T.);
#9615 = EDGE_CURVE('',#9608,#9616,#9618,.T.);
#9616 = VERTEX_POINT('',#9617);
#9617 = CARTESIAN_POINT('',(-1.8,20.344543648263,4.984543648263));
#9618 = CIRCLE('',#9619,2.75);
#9619 = AXIS2_PLACEMENT_3D('',#9620,#9621,#9622);
#9620 = CARTESIAN_POINT('',(-1.8,18.4,3.04));
#9621 = DIRECTION('',(1.,0.,0.));
#9622 = DIRECTION('',(-0.,0.,1.));
#9623 = ORIENTED_EDGE('',*,*,#9624,.T.);
#9624 = EDGE_CURVE('',#9616,#5703,#9625,.T.);
#9625 = LINE('',#9626,#9627);
#9626 = CARTESIAN_POINT('',(-1.8,20.344543648263,4.984543648263));
#9627 = VECTOR('',#9628,1.);
#9628 = DIRECTION('',(1.,0.,0.));
#9629 = CYLINDRICAL_SURFACE('',#9630,2.75);
#9630 = AXIS2_PLACEMENT_3D('',#9631,#9632,#9633);
#9631 = CARTESIAN_POINT('',(-1.8,18.4,3.04));
#9632 = DIRECTION('',(1.,0.,0.));
#9633 = DIRECTION('',(-0.,0.,1.));
#9634 = ADVANCED_FACE('',(#9635),#9653,.T.);
#9635 = FACE_BOUND('',#9636,.T.);
#9636 = EDGE_LOOP('',(#9637,#9645,#9646,#9647));
#9637 = ORIENTED_EDGE('',*,*,#9638,.F.);
#9638 = EDGE_CURVE('',#9616,#9639,#9641,.T.);
#9639 = VERTEX_POINT('',#9640);
#9640 = CARTESIAN_POINT('',(-1.8,18.4,6.929087296526));
#9641 = LINE('',#9642,#9643);
#9642 = CARTESIAN_POINT('',(-1.8,20.344543648263,4.984543648263));
#9643 = VECTOR('',#9644,1.);
#9644 = DIRECTION('',(0.,-0.707106781187,0.707106781187));
#9645 = ORIENTED_EDGE('',*,*,#9624,.T.);
#9646 = ORIENTED_EDGE('',*,*,#5719,.F.);
#9647 = ORIENTED_EDGE('',*,*,#9648,.F.);
#9648 = EDGE_CURVE('',#9639,#5712,#9649,.T.);
#9649 = LINE('',#9650,#9651);
#9650 = CARTESIAN_POINT('',(-1.8,18.4,6.929087296526));
#9651 = VECTOR('',#9652,1.);
#9652 = DIRECTION('',(1.,0.,0.));
#9653 = PLANE('',#9654);
#9654 = AXIS2_PLACEMENT_3D('',#9655,#9656,#9657);
#9655 = CARTESIAN_POINT('',(-1.8,20.344543648263,4.984543648263));
#9656 = DIRECTION('',(0.,-0.707106781187,-0.707106781187));
#9657 = DIRECTION('',(0.,-0.707106781187,0.707106781187));
#9658 = ADVANCED_FACE('',(#9659),#9670,.T.);
#9659 = FACE_BOUND('',#9660,.T.);
#9660 = EDGE_LOOP('',(#9661,#9667,#9668,#9669));
#9661 = ORIENTED_EDGE('',*,*,#9662,.F.);
#9662 = EDGE_CURVE('',#9639,#9608,#9663,.T.);
#9663 = LINE('',#9664,#9665);
#9664 = CARTESIAN_POINT('',(-1.8,18.4,6.929087296526));
#9665 = VECTOR('',#9666,1.);
#9666 = DIRECTION('',(0.,-0.707106781187,-0.707106781187));
#9667 = ORIENTED_EDGE('',*,*,#9648,.T.);
#9668 = ORIENTED_EDGE('',*,*,#5711,.F.);
#9669 = ORIENTED_EDGE('',*,*,#9607,.F.);
#9670 = PLANE('',#9671);
#9671 = AXIS2_PLACEMENT_3D('',#9672,#9673,#9674);
#9672 = CARTESIAN_POINT('',(-1.8,18.4,6.929087296526));
#9673 = DIRECTION('',(0.,0.707106781187,-0.707106781187));
#9674 = DIRECTION('',(0.,-0.707106781187,-0.707106781187));
#9675 = ADVANCED_FACE('',(#9676),#9686,.F.);
#9676 = FACE_BOUND('',#9677,.F.);
#9677 = EDGE_LOOP('',(#9678,#9679,#9680));
#9678 = ORIENTED_EDGE('',*,*,#7214,.T.);
#9679 = ORIENTED_EDGE('',*,*,#7300,.T.);
#9680 = ORIENTED_EDGE('',*,*,#9681,.F.);
#9681 = EDGE_CURVE('',#7215,#7293,#9682,.T.);
#9682 = LINE('',#9683,#9684);
#9683 = CARTESIAN_POINT('',(4.95,2.2,-3.3));
#9684 = VECTOR('',#9685,1.);
#9685 = DIRECTION('',(-0.,1.,0.));
#9686 = PLANE('',#9687);
#9687 = AXIS2_PLACEMENT_3D('',#9688,#9689,#9690);
#9688 = CARTESIAN_POINT('',(3.5,3.5,-3.3));
#9689 = DIRECTION('',(0.,0.,1.));
#9690 = DIRECTION('',(1.,0.,-0.));
#9691 = ADVANCED_FACE('',(#9692),#9709,.T.);
#9692 = FACE_BOUND('',#9693,.T.);
#9693 = EDGE_LOOP('',(#9694,#9702,#9703));
#9694 = ORIENTED_EDGE('',*,*,#9695,.F.);
#9695 = EDGE_CURVE('',#7275,#9696,#9698,.T.);
#9696 = VERTEX_POINT('',#9697);
#9697 = CARTESIAN_POINT('',(4.95,6.1,-3.31));
#9698 = LINE('',#9699,#9700);
#9699 = CARTESIAN_POINT('',(2.05,6.1,-3.31));
#9700 = VECTOR('',#9701,1.);
#9701 = DIRECTION('',(1.,0.,-0.));
#9702 = ORIENTED_EDGE('',*,*,#7283,.F.);
#9703 = ORIENTED_EDGE('',*,*,#9704,.T.);
#9704 = EDGE_CURVE('',#7284,#9696,#9705,.T.);
#9705 = LINE('',#9706,#9707);
#9706 = CARTESIAN_POINT('',(4.95,0.9,-3.31));
#9707 = VECTOR('',#9708,1.);
#9708 = DIRECTION('',(-0.,1.,0.));
#9709 = PLANE('',#9710);
#9710 = AXIS2_PLACEMENT_3D('',#9711,#9712,#9713);
#9711 = CARTESIAN_POINT('',(2.05,0.9,-3.31));
#9712 = DIRECTION('',(0.,0.,1.));
#9713 = DIRECTION('',(1.,0.,-0.));
#9714 = ADVANCED_FACE('',(#9715),#9732,.T.);
#9715 = FACE_BOUND('',#9716,.T.);
#9716 = EDGE_LOOP('',(#9717,#9725,#9726));
#9717 = ORIENTED_EDGE('',*,*,#9718,.F.);
#9718 = EDGE_CURVE('',#7267,#9719,#9721,.T.);
#9719 = VERTEX_POINT('',#9720);
#9720 = CARTESIAN_POINT('',(2.05,6.1,-3.31));
#9721 = LINE('',#9722,#9723);
#9722 = CARTESIAN_POINT('',(2.05,0.9,-3.31));
#9723 = VECTOR('',#9724,1.);
#9724 = DIRECTION('',(-0.,1.,0.));
#9725 = ORIENTED_EDGE('',*,*,#7274,.F.);
#9726 = ORIENTED_EDGE('',*,*,#9727,.F.);
#9727 = EDGE_CURVE('',#9719,#7275,#9728,.T.);
#9728 = LINE('',#9729,#9730);
#9729 = CARTESIAN_POINT('',(2.05,6.1,-3.31));
#9730 = VECTOR('',#9731,1.);
#9731 = DIRECTION('',(1.,0.,-0.));
#9732 = PLANE('',#9733);
#9733 = AXIS2_PLACEMENT_3D('',#9734,#9735,#9736);
#9734 = CARTESIAN_POINT('',(2.05,0.9,-3.31));
#9735 = DIRECTION('',(0.,0.,1.));
#9736 = DIRECTION('',(1.,0.,-0.));
#9737 = ADVANCED_FACE('',(#9738),#9747,.F.);
#9738 = FACE_BOUND('',#9739,.F.);
#9739 = EDGE_LOOP('',(#9740,#9746));
#9740 = ORIENTED_EDGE('',*,*,#9741,.T.);
#9741 = EDGE_CURVE('',#7250,#7258,#9742,.T.);
#9742 = LINE('',#9743,#9744);
#9743 = CARTESIAN_POINT('',(2.05,2.2,-3.3));
#9744 = VECTOR('',#9745,1.);
#9745 = DIRECTION('',(-0.,1.,0.));
#9746 = ORIENTED_EDGE('',*,*,#7257,.T.);
#9747 = PLANE('',#9748);
#9748 = AXIS2_PLACEMENT_3D('',#9749,#9750,#9751);
#9749 = CARTESIAN_POINT('',(3.5,3.5,-3.3));
#9750 = DIRECTION('',(0.,0.,1.));
#9751 = DIRECTION('',(1.,0.,-0.));
#9752 = ADVANCED_FACE('',(#9753),#9770,.T.);
#9753 = FACE_BOUND('',#9754,.T.);
#9754 = EDGE_LOOP('',(#9755,#9763,#9769));
#9755 = ORIENTED_EDGE('',*,*,#9756,.F.);
#9756 = EDGE_CURVE('',#9757,#7241,#9759,.T.);
#9757 = VERTEX_POINT('',#9758);
#9758 = CARTESIAN_POINT('',(2.05,0.9,-3.31));
#9759 = LINE('',#9760,#9761);
#9760 = CARTESIAN_POINT('',(2.05,0.9,-3.31));
#9761 = VECTOR('',#9762,1.);
#9762 = DIRECTION('',(-0.,1.,0.));
#9763 = ORIENTED_EDGE('',*,*,#9764,.T.);
#9764 = EDGE_CURVE('',#9757,#7232,#9765,.T.);
#9765 = LINE('',#9766,#9767);
#9766 = CARTESIAN_POINT('',(2.05,0.9,-3.31));
#9767 = VECTOR('',#9768,1.);
#9768 = DIRECTION('',(1.,0.,-0.));
#9769 = ORIENTED_EDGE('',*,*,#7240,.F.);
#9770 = PLANE('',#9771);
#9771 = AXIS2_PLACEMENT_3D('',#9772,#9773,#9774);
#9772 = CARTESIAN_POINT('',(2.05,0.9,-3.31));
#9773 = DIRECTION('',(0.,0.,1.));
#9774 = DIRECTION('',(1.,0.,-0.));
#9775 = ADVANCED_FACE('',(#9776),#9793,.T.);
#9776 = FACE_BOUND('',#9777,.T.);
#9777 = EDGE_LOOP('',(#9778,#9779,#9787));
#9778 = ORIENTED_EDGE('',*,*,#7231,.F.);
#9779 = ORIENTED_EDGE('',*,*,#9780,.T.);
#9780 = EDGE_CURVE('',#7232,#9781,#9783,.T.);
#9781 = VERTEX_POINT('',#9782);
#9782 = CARTESIAN_POINT('',(4.95,0.9,-3.31));
#9783 = LINE('',#9784,#9785);
#9784 = CARTESIAN_POINT('',(2.05,0.9,-3.31));
#9785 = VECTOR('',#9786,1.);
#9786 = DIRECTION('',(1.,0.,-0.));
#9787 = ORIENTED_EDGE('',*,*,#9788,.T.);
#9788 = EDGE_CURVE('',#9781,#7224,#9789,.T.);
#9789 = LINE('',#9790,#9791);
#9790 = CARTESIAN_POINT('',(4.95,0.9,-3.31));
#9791 = VECTOR('',#9792,1.);
#9792 = DIRECTION('',(-0.,1.,0.));
#9793 = PLANE('',#9794);
#9794 = AXIS2_PLACEMENT_3D('',#9795,#9796,#9797);
#9795 = CARTESIAN_POINT('',(2.05,0.9,-3.31));
#9796 = DIRECTION('',(0.,0.,1.));
#9797 = DIRECTION('',(1.,0.,-0.));
#9798 = ADVANCED_FACE('',(#9799),#9809,.F.);
#9799 = FACE_BOUND('',#9800,.F.);
#9800 = EDGE_LOOP('',(#9801,#9802,#9803));
#9801 = ORIENTED_EDGE('',*,*,#7325,.T.);
#9802 = ORIENTED_EDGE('',*,*,#7411,.T.);
#9803 = ORIENTED_EDGE('',*,*,#9804,.F.);
#9804 = EDGE_CURVE('',#7326,#7404,#9805,.T.);
#9805 = LINE('',#9806,#9807);
#9806 = CARTESIAN_POINT('',(62.95,2.2,-3.3));
#9807 = VECTOR('',#9808,1.);
#9808 = DIRECTION('',(-0.,1.,0.));
#9809 = PLANE('',#9810);
#9810 = AXIS2_PLACEMENT_3D('',#9811,#9812,#9813);
#9811 = CARTESIAN_POINT('',(61.5,3.5,-3.3));
#9812 = DIRECTION('',(0.,0.,1.));
#9813 = DIRECTION('',(1.,0.,-0.));
#9814 = ADVANCED_FACE('',(#9815),#9832,.T.);
#9815 = FACE_BOUND('',#9816,.T.);
#9816 = EDGE_LOOP('',(#9817,#9825,#9826));
#9817 = ORIENTED_EDGE('',*,*,#9818,.F.);
#9818 = EDGE_CURVE('',#7386,#9819,#9821,.T.);
#9819 = VERTEX_POINT('',#9820);
#9820 = CARTESIAN_POINT('',(62.95,6.1,-3.31));
#9821 = LINE('',#9822,#9823);
#9822 = CARTESIAN_POINT('',(60.05,6.1,-3.31));
#9823 = VECTOR('',#9824,1.);
#9824 = DIRECTION('',(1.,0.,-0.));
#9825 = ORIENTED_EDGE('',*,*,#7394,.F.);
#9826 = ORIENTED_EDGE('',*,*,#9827,.T.);
#9827 = EDGE_CURVE('',#7395,#9819,#9828,.T.);
#9828 = LINE('',#9829,#9830);
#9829 = CARTESIAN_POINT('',(62.95,0.9,-3.31));
#9830 = VECTOR('',#9831,1.);
#9831 = DIRECTION('',(-0.,1.,0.));
#9832 = PLANE('',#9833);
#9833 = AXIS2_PLACEMENT_3D('',#9834,#9835,#9836);
#9834 = CARTESIAN_POINT('',(60.05,0.9,-3.31));
#9835 = DIRECTION('',(0.,0.,1.));
#9836 = DIRECTION('',(1.,0.,-0.));
#9837 = ADVANCED_FACE('',(#9838),#9855,.T.);
#9838 = FACE_BOUND('',#9839,.T.);
#9839 = EDGE_LOOP('',(#9840,#9848,#9849));
#9840 = ORIENTED_EDGE('',*,*,#9841,.F.);
#9841 = EDGE_CURVE('',#7378,#9842,#9844,.T.);
#9842 = VERTEX_POINT('',#9843);
#9843 = CARTESIAN_POINT('',(60.05,6.1,-3.31));
#9844 = LINE('',#9845,#9846);
#9845 = CARTESIAN_POINT('',(60.05,0.9,-3.31));
#9846 = VECTOR('',#9847,1.);
#9847 = DIRECTION('',(-0.,1.,0.));
#9848 = ORIENTED_EDGE('',*,*,#7385,.F.);
#9849 = ORIENTED_EDGE('',*,*,#9850,.F.);
#9850 = EDGE_CURVE('',#9842,#7386,#9851,.T.);
#9851 = LINE('',#9852,#9853);
#9852 = CARTESIAN_POINT('',(60.05,6.1,-3.31));
#9853 = VECTOR('',#9854,1.);
#9854 = DIRECTION('',(1.,0.,-0.));
#9855 = PLANE('',#9856);
#9856 = AXIS2_PLACEMENT_3D('',#9857,#9858,#9859);
#9857 = CARTESIAN_POINT('',(60.05,0.9,-3.31));
#9858 = DIRECTION('',(0.,0.,1.));
#9859 = DIRECTION('',(1.,0.,-0.));
#9860 = ADVANCED_FACE('',(#9861),#9870,.F.);
#9861 = FACE_BOUND('',#9862,.F.);
#9862 = EDGE_LOOP('',(#9863,#9869));
#9863 = ORIENTED_EDGE('',*,*,#9864,.T.);
#9864 = EDGE_CURVE('',#7361,#7369,#9865,.T.);
#9865 = LINE('',#9866,#9867);
#9866 = CARTESIAN_POINT('',(60.05,2.2,-3.3));
#9867 = VECTOR('',#9868,1.);
#9868 = DIRECTION('',(-0.,1.,0.));
#9869 = ORIENTED_EDGE('',*,*,#7368,.T.);
#9870 = PLANE('',#9871);
#9871 = AXIS2_PLACEMENT_3D('',#9872,#9873,#9874);
#9872 = CARTESIAN_POINT('',(61.5,3.5,-3.3));
#9873 = DIRECTION('',(0.,0.,1.));
#9874 = DIRECTION('',(1.,0.,-0.));
#9875 = ADVANCED_FACE('',(#9876),#9893,.T.);
#9876 = FACE_BOUND('',#9877,.T.);
#9877 = EDGE_LOOP('',(#9878,#9886,#9892));
#9878 = ORIENTED_EDGE('',*,*,#9879,.F.);
#9879 = EDGE_CURVE('',#9880,#7352,#9882,.T.);
#9880 = VERTEX_POINT('',#9881);
#9881 = CARTESIAN_POINT('',(60.05,0.9,-3.31));
#9882 = LINE('',#9883,#9884);
#9883 = CARTESIAN_POINT('',(60.05,0.9,-3.31));
#9884 = VECTOR('',#9885,1.);
#9885 = DIRECTION('',(-0.,1.,0.));
#9886 = ORIENTED_EDGE('',*,*,#9887,.T.);
#9887 = EDGE_CURVE('',#9880,#7343,#9888,.T.);
#9888 = LINE('',#9889,#9890);
#9889 = CARTESIAN_POINT('',(60.05,0.9,-3.31));
#9890 = VECTOR('',#9891,1.);
#9891 = DIRECTION('',(1.,0.,-0.));
#9892 = ORIENTED_EDGE('',*,*,#7351,.F.);
#9893 = PLANE('',#9894);
#9894 = AXIS2_PLACEMENT_3D('',#9895,#9896,#9897);
#9895 = CARTESIAN_POINT('',(60.05,0.9,-3.31));
#9896 = DIRECTION('',(0.,0.,1.));
#9897 = DIRECTION('',(1.,0.,-0.));
#9898 = ADVANCED_FACE('',(#9899),#9916,.T.);
#9899 = FACE_BOUND('',#9900,.T.);
#9900 = EDGE_LOOP('',(#9901,#9902,#9910));
#9901 = ORIENTED_EDGE('',*,*,#7342,.F.);
#9902 = ORIENTED_EDGE('',*,*,#9903,.T.);
#9903 = EDGE_CURVE('',#7343,#9904,#9906,.T.);
#9904 = VERTEX_POINT('',#9905);
#9905 = CARTESIAN_POINT('',(62.95,0.9,-3.31));
#9906 = LINE('',#9907,#9908);
#9907 = CARTESIAN_POINT('',(60.05,0.9,-3.31));
#9908 = VECTOR('',#9909,1.);
#9909 = DIRECTION('',(1.,0.,-0.));
#9910 = ORIENTED_EDGE('',*,*,#9911,.T.);
#9911 = EDGE_CURVE('',#9904,#7335,#9912,.T.);
#9912 = LINE('',#9913,#9914);
#9913 = CARTESIAN_POINT('',(62.95,0.9,-3.31));
#9914 = VECTOR('',#9915,1.);
#9915 = DIRECTION('',(-0.,1.,0.));
#9916 = PLANE('',#9917);
#9917 = AXIS2_PLACEMENT_3D('',#9918,#9919,#9920);
#9918 = CARTESIAN_POINT('',(60.05,0.9,-3.31));
#9919 = DIRECTION('',(0.,0.,1.));
#9920 = DIRECTION('',(1.,0.,-0.));
#9921 = ADVANCED_FACE('',(#9922),#9932,.F.);
#9922 = FACE_BOUND('',#9923,.F.);
#9923 = EDGE_LOOP('',(#9924,#9925,#9926));
#9924 = ORIENTED_EDGE('',*,*,#7916,.T.);
#9925 = ORIENTED_EDGE('',*,*,#8002,.T.);
#9926 = ORIENTED_EDGE('',*,*,#9927,.F.);
#9927 = EDGE_CURVE('',#7917,#7995,#9928,.T.);
#9928 = LINE('',#9929,#9930);
#9929 = CARTESIAN_POINT('',(4.95,51.2,-3.3));
#9930 = VECTOR('',#9931,1.);
#9931 = DIRECTION('',(-0.,1.,0.));
#9932 = PLANE('',#9933);
#9933 = AXIS2_PLACEMENT_3D('',#9934,#9935,#9936);
#9934 = CARTESIAN_POINT('',(3.5,52.5,-3.3));
#9935 = DIRECTION('',(0.,0.,1.));
#9936 = DIRECTION('',(1.,0.,-0.));
#9937 = ADVANCED_FACE('',(#9938),#9955,.T.);
#9938 = FACE_BOUND('',#9939,.T.);
#9939 = EDGE_LOOP('',(#9940,#9948,#9949));
#9940 = ORIENTED_EDGE('',*,*,#9941,.F.);
#9941 = EDGE_CURVE('',#7977,#9942,#9944,.T.);
#9942 = VERTEX_POINT('',#9943);
#9943 = CARTESIAN_POINT('',(4.95,55.1,-3.31));
#9944 = LINE('',#9945,#9946);
#9945 = CARTESIAN_POINT('',(2.05,55.1,-3.31));
#9946 = VECTOR('',#9947,1.);
#9947 = DIRECTION('',(1.,0.,-0.));
#9948 = ORIENTED_EDGE('',*,*,#7985,.F.);
#9949 = ORIENTED_EDGE('',*,*,#9950,.T.);
#9950 = EDGE_CURVE('',#7986,#9942,#9951,.T.);
#9951 = LINE('',#9952,#9953);
#9952 = CARTESIAN_POINT('',(4.95,49.9,-3.31));
#9953 = VECTOR('',#9954,1.);
#9954 = DIRECTION('',(-0.,1.,0.));
#9955 = PLANE('',#9956);
#9956 = AXIS2_PLACEMENT_3D('',#9957,#9958,#9959);
#9957 = CARTESIAN_POINT('',(2.05,49.9,-3.31));
#9958 = DIRECTION('',(0.,0.,1.));
#9959 = DIRECTION('',(1.,0.,-0.));
#9960 = ADVANCED_FACE('',(#9961),#9978,.T.);
#9961 = FACE_BOUND('',#9962,.T.);
#9962 = EDGE_LOOP('',(#9963,#9971,#9972));
#9963 = ORIENTED_EDGE('',*,*,#9964,.F.);
#9964 = EDGE_CURVE('',#7969,#9965,#9967,.T.);
#9965 = VERTEX_POINT('',#9966);
#9966 = CARTESIAN_POINT('',(2.05,55.1,-3.31));
#9967 = LINE('',#9968,#9969);
#9968 = CARTESIAN_POINT('',(2.05,49.9,-3.31));
#9969 = VECTOR('',#9970,1.);
#9970 = DIRECTION('',(-0.,1.,0.));
#9971 = ORIENTED_EDGE('',*,*,#7976,.F.);
#9972 = ORIENTED_EDGE('',*,*,#9973,.F.);
#9973 = EDGE_CURVE('',#9965,#7977,#9974,.T.);
#9974 = LINE('',#9975,#9976);
#9975 = CARTESIAN_POINT('',(2.05,55.1,-3.31));
#9976 = VECTOR('',#9977,1.);
#9977 = DIRECTION('',(1.,0.,-0.));
#9978 = PLANE('',#9979);
#9979 = AXIS2_PLACEMENT_3D('',#9980,#9981,#9982);
#9980 = CARTESIAN_POINT('',(2.05,49.9,-3.31));
#9981 = DIRECTION('',(0.,0.,1.));
#9982 = DIRECTION('',(1.,0.,-0.));
#9983 = ADVANCED_FACE('',(#9984),#9993,.F.);
#9984 = FACE_BOUND('',#9985,.F.);
#9985 = EDGE_LOOP('',(#9986,#9992));
#9986 = ORIENTED_EDGE('',*,*,#9987,.T.);
#9987 = EDGE_CURVE('',#7952,#7960,#9988,.T.);
#9988 = LINE('',#9989,#9990);
#9989 = CARTESIAN_POINT('',(2.05,51.2,-3.3));
#9990 = VECTOR('',#9991,1.);
#9991 = DIRECTION('',(-0.,1.,0.));
#9992 = ORIENTED_EDGE('',*,*,#7959,.T.);
#9993 = PLANE('',#9994);
#9994 = AXIS2_PLACEMENT_3D('',#9995,#9996,#9997);
#9995 = CARTESIAN_POINT('',(3.5,52.5,-3.3));
#9996 = DIRECTION('',(0.,0.,1.));
#9997 = DIRECTION('',(1.,0.,-0.));
#9998 = ADVANCED_FACE('',(#9999),#10016,.T.);
#9999 = FACE_BOUND('',#10000,.T.);
#10000 = EDGE_LOOP('',(#10001,#10009,#10015));
#10001 = ORIENTED_EDGE('',*,*,#10002,.F.);
#10002 = EDGE_CURVE('',#10003,#7943,#10005,.T.);
#10003 = VERTEX_POINT('',#10004);
#10004 = CARTESIAN_POINT('',(2.05,49.9,-3.31));
#10005 = LINE('',#10006,#10007);
#10006 = CARTESIAN_POINT('',(2.05,49.9,-3.31));
#10007 = VECTOR('',#10008,1.);
#10008 = DIRECTION('',(-0.,1.,0.));
#10009 = ORIENTED_EDGE('',*,*,#10010,.T.);
#10010 = EDGE_CURVE('',#10003,#7934,#10011,.T.);
#10011 = LINE('',#10012,#10013);
#10012 = CARTESIAN_POINT('',(2.05,49.9,-3.31));
#10013 = VECTOR('',#10014,1.);
#10014 = DIRECTION('',(1.,0.,-0.));
#10015 = ORIENTED_EDGE('',*,*,#7942,.F.);
#10016 = PLANE('',#10017);
#10017 = AXIS2_PLACEMENT_3D('',#10018,#10019,#10020);
#10018 = CARTESIAN_POINT('',(2.05,49.9,-3.31));
#10019 = DIRECTION('',(0.,0.,1.));
#10020 = DIRECTION('',(1.,0.,-0.));
#10021 = ADVANCED_FACE('',(#10022),#10039,.T.);
#10022 = FACE_BOUND('',#10023,.T.);
#10023 = EDGE_LOOP('',(#10024,#10025,#10033));
#10024 = ORIENTED_EDGE('',*,*,#7933,.F.);
#10025 = ORIENTED_EDGE('',*,*,#10026,.T.);
#10026 = EDGE_CURVE('',#7934,#10027,#10029,.T.);
#10027 = VERTEX_POINT('',#10028);
#10028 = CARTESIAN_POINT('',(4.95,49.9,-3.31));
#10029 = LINE('',#10030,#10031);
#10030 = CARTESIAN_POINT('',(2.05,49.9,-3.31));
#10031 = VECTOR('',#10032,1.);
#10032 = DIRECTION('',(1.,0.,-0.));
#10033 = ORIENTED_EDGE('',*,*,#10034,.T.);
#10034 = EDGE_CURVE('',#10027,#7926,#10035,.T.);
#10035 = LINE('',#10036,#10037);
#10036 = CARTESIAN_POINT('',(4.95,49.9,-3.31));
#10037 = VECTOR('',#10038,1.);
#10038 = DIRECTION('',(-0.,1.,0.));
#10039 = PLANE('',#10040);
#10040 = AXIS2_PLACEMENT_3D('',#10041,#10042,#10043);
#10041 = CARTESIAN_POINT('',(2.05,49.9,-3.31));
#10042 = DIRECTION('',(0.,0.,1.));
#10043 = DIRECTION('',(1.,0.,-0.));
#10044 = ADVANCED_FACE('',(#10045),#10055,.F.);
#10045 = FACE_BOUND('',#10046,.F.);
#10046 = EDGE_LOOP('',(#10047,#10048,#10049));
#10047 = ORIENTED_EDGE('',*,*,#8699,.T.);
#10048 = ORIENTED_EDGE('',*,*,#8785,.T.);
#10049 = ORIENTED_EDGE('',*,*,#10050,.F.);
#10050 = EDGE_CURVE('',#8700,#8778,#10051,.T.);
#10051 = LINE('',#10052,#10053);
#10052 = CARTESIAN_POINT('',(62.95,51.2,-3.3));
#10053 = VECTOR('',#10054,1.);
#10054 = DIRECTION('',(-0.,1.,0.));
#10055 = PLANE('',#10056);
#10056 = AXIS2_PLACEMENT_3D('',#10057,#10058,#10059);
#10057 = CARTESIAN_POINT('',(61.5,52.5,-3.3));
#10058 = DIRECTION('',(0.,0.,1.));
#10059 = DIRECTION('',(1.,0.,-0.));
#10060 = ADVANCED_FACE('',(#10061),#10078,.T.);
#10061 = FACE_BOUND('',#10062,.T.);
#10062 = EDGE_LOOP('',(#10063,#10071,#10072));
#10063 = ORIENTED_EDGE('',*,*,#10064,.F.);
#10064 = EDGE_CURVE('',#8760,#10065,#10067,.T.);
#10065 = VERTEX_POINT('',#10066);
#10066 = CARTESIAN_POINT('',(62.95,55.1,-3.31));
#10067 = LINE('',#10068,#10069);
#10068 = CARTESIAN_POINT('',(60.05,55.1,-3.31));
#10069 = VECTOR('',#10070,1.);
#10070 = DIRECTION('',(1.,0.,-0.));
#10071 = ORIENTED_EDGE('',*,*,#8768,.F.);
#10072 = ORIENTED_EDGE('',*,*,#10073,.T.);
#10073 = EDGE_CURVE('',#8769,#10065,#10074,.T.);
#10074 = LINE('',#10075,#10076);
#10075 = CARTESIAN_POINT('',(62.95,49.9,-3.31));
#10076 = VECTOR('',#10077,1.);
#10077 = DIRECTION('',(-0.,1.,0.));
#10078 = PLANE('',#10079);
#10079 = AXIS2_PLACEMENT_3D('',#10080,#10081,#10082);
#10080 = CARTESIAN_POINT('',(60.05,49.9,-3.31));
#10081 = DIRECTION('',(0.,0.,1.));
#10082 = DIRECTION('',(1.,0.,-0.));
#10083 = ADVANCED_FACE('',(#10084),#10101,.T.);
#10084 = FACE_BOUND('',#10085,.T.);
#10085 = EDGE_LOOP('',(#10086,#10094,#10095));
#10086 = ORIENTED_EDGE('',*,*,#10087,.F.);
#10087 = EDGE_CURVE('',#8752,#10088,#10090,.T.);
#10088 = VERTEX_POINT('',#10089);
#10089 = CARTESIAN_POINT('',(60.05,55.1,-3.31));
#10090 = LINE('',#10091,#10092);
#10091 = CARTESIAN_POINT('',(60.05,49.9,-3.31));
#10092 = VECTOR('',#10093,1.);
#10093 = DIRECTION('',(-0.,1.,0.));
#10094 = ORIENTED_EDGE('',*,*,#8759,.F.);
#10095 = ORIENTED_EDGE('',*,*,#10096,.F.);
#10096 = EDGE_CURVE('',#10088,#8760,#10097,.T.);
#10097 = LINE('',#10098,#10099);
#10098 = CARTESIAN_POINT('',(60.05,55.1,-3.31));
#10099 = VECTOR('',#10100,1.);
#10100 = DIRECTION('',(1.,0.,-0.));
#10101 = PLANE('',#10102);
#10102 = AXIS2_PLACEMENT_3D('',#10103,#10104,#10105);
#10103 = CARTESIAN_POINT('',(60.05,49.9,-3.31));
#10104 = DIRECTION('',(0.,0.,1.));
#10105 = DIRECTION('',(1.,0.,-0.));
#10106 = ADVANCED_FACE('',(#10107),#10116,.F.);
#10107 = FACE_BOUND('',#10108,.F.);
#10108 = EDGE_LOOP('',(#10109,#10115));
#10109 = ORIENTED_EDGE('',*,*,#10110,.T.);
#10110 = EDGE_CURVE('',#8735,#8743,#10111,.T.);
#10111 = LINE('',#10112,#10113);
#10112 = CARTESIAN_POINT('',(60.05,51.2,-3.3));
#10113 = VECTOR('',#10114,1.);
#10114 = DIRECTION('',(-0.,1.,0.));
#10115 = ORIENTED_EDGE('',*,*,#8742,.T.);
#10116 = PLANE('',#10117);
#10117 = AXIS2_PLACEMENT_3D('',#10118,#10119,#10120);
#10118 = CARTESIAN_POINT('',(61.5,52.5,-3.3));
#10119 = DIRECTION('',(0.,0.,1.));
#10120 = DIRECTION('',(1.,0.,-0.));
#10121 = ADVANCED_FACE('',(#10122),#10139,.T.);
#10122 = FACE_BOUND('',#10123,.T.);
#10123 = EDGE_LOOP('',(#10124,#10132,#10138));
#10124 = ORIENTED_EDGE('',*,*,#10125,.F.);
#10125 = EDGE_CURVE('',#10126,#8726,#10128,.T.);
#10126 = VERTEX_POINT('',#10127);
#10127 = CARTESIAN_POINT('',(60.05,49.9,-3.31));
#10128 = LINE('',#10129,#10130);
#10129 = CARTESIAN_POINT('',(60.05,49.9,-3.31));
#10130 = VECTOR('',#10131,1.);
#10131 = DIRECTION('',(-0.,1.,0.));
#10132 = ORIENTED_EDGE('',*,*,#10133,.T.);
#10133 = EDGE_CURVE('',#10126,#8717,#10134,.T.);
#10134 = LINE('',#10135,#10136);
#10135 = CARTESIAN_POINT('',(60.05,49.9,-3.31));
#10136 = VECTOR('',#10137,1.);
#10137 = DIRECTION('',(1.,0.,-0.));
#10138 = ORIENTED_EDGE('',*,*,#8725,.F.);
#10139 = PLANE('',#10140);
#10140 = AXIS2_PLACEMENT_3D('',#10141,#10142,#10143);
#10141 = CARTESIAN_POINT('',(60.05,49.9,-3.31));
#10142 = DIRECTION('',(0.,0.,1.));
#10143 = DIRECTION('',(1.,0.,-0.));
#10144 = ADVANCED_FACE('',(#10145),#10162,.T.);
#10145 = FACE_BOUND('',#10146,.T.);
#10146 = EDGE_LOOP('',(#10147,#10148,#10156));
#10147 = ORIENTED_EDGE('',*,*,#8716,.F.);
#10148 = ORIENTED_EDGE('',*,*,#10149,.T.);
#10149 = EDGE_CURVE('',#8717,#10150,#10152,.T.);
#10150 = VERTEX_POINT('',#10151);
#10151 = CARTESIAN_POINT('',(62.95,49.9,-3.31));
#10152 = LINE('',#10153,#10154);
#10153 = CARTESIAN_POINT('',(60.05,49.9,-3.31));
#10154 = VECTOR('',#10155,1.);
#10155 = DIRECTION('',(1.,0.,-0.));
#10156 = ORIENTED_EDGE('',*,*,#10157,.T.);
#10157 = EDGE_CURVE('',#10150,#8709,#10158,.T.);
#10158 = LINE('',#10159,#10160);
#10159 = CARTESIAN_POINT('',(62.95,49.9,-3.31));
#10160 = VECTOR('',#10161,1.);
#10161 = DIRECTION('',(-0.,1.,0.));
#10162 = PLANE('',#10163);
#10163 = AXIS2_PLACEMENT_3D('',#10164,#10165,#10166);
#10164 = CARTESIAN_POINT('',(60.05,49.9,-3.31));
#10165 = DIRECTION('',(0.,0.,1.));
#10166 = DIRECTION('',(1.,0.,-0.));
#10167 = ADVANCED_FACE('',(#10168),#10198,.F.);
#10168 = FACE_BOUND('',#10169,.F.);
#10169 = EDGE_LOOP('',(#10170,#10171,#10172,#10181,#10190,#10197));
#10170 = ORIENTED_EDGE('',*,*,#8812,.F.);
#10171 = ORIENTED_EDGE('',*,*,#8876,.F.);
#10172 = ORIENTED_EDGE('',*,*,#10173,.T.);
#10173 = EDGE_CURVE('',#8869,#10174,#10176,.T.);
#10174 = VERTEX_POINT('',#10175);
#10175 = CARTESIAN_POINT('',(45.85,63.5,10.));
#10176 = CIRCLE('',#10177,3.35);
#10177 = AXIS2_PLACEMENT_3D('',#10178,#10179,#10180);
#10178 = CARTESIAN_POINT('',(42.5,63.5,10.));
#10179 = DIRECTION('',(0.,1.,0.));
#10180 = DIRECTION('',(0.,-0.,1.));
#10181 = ORIENTED_EDGE('',*,*,#10182,.T.);
#10182 = EDGE_CURVE('',#10174,#10183,#10185,.T.);
#10183 = VERTEX_POINT('',#10184);
#10184 = CARTESIAN_POINT('',(39.15,63.5,10.));
#10185 = CIRCLE('',#10186,3.35);
#10186 = AXIS2_PLACEMENT_3D('',#10187,#10188,#10189);
#10187 = CARTESIAN_POINT('',(42.5,63.5,10.));
#10188 = DIRECTION('',(0.,1.,0.));
#10189 = DIRECTION('',(0.,-0.,1.));
#10190 = ORIENTED_EDGE('',*,*,#10191,.T.);
#10191 = EDGE_CURVE('',#10183,#8837,#10192,.T.);
#10192 = CIRCLE('',#10193,3.35);
#10193 = AXIS2_PLACEMENT_3D('',#10194,#10195,#10196);
#10194 = CARTESIAN_POINT('',(42.5,63.5,10.));
#10195 = DIRECTION('',(0.,1.,0.));
#10196 = DIRECTION('',(0.,-0.,1.));
#10197 = ORIENTED_EDGE('',*,*,#8854,.T.);
#10198 = CYLINDRICAL_SURFACE('',#10199,3.35);
#10199 = AXIS2_PLACEMENT_3D('',#10200,#10201,#10202);
#10200 = CARTESIAN_POINT('',(42.5,56.3,10.));
#10201 = DIRECTION('',(0.,1.,0.));
#10202 = DIRECTION('',(0.,-0.,1.));
#10203 = ADVANCED_FACE('',(#10204,#10215),#10242,.F.);
#10204 = FACE_BOUND('',#10205,.F.);
#10205 = EDGE_LOOP('',(#10206,#10207,#10208,#10209));
#10206 = ORIENTED_EDGE('',*,*,#9558,.F.);
#10207 = ORIENTED_EDGE('',*,*,#9418,.T.);
#10208 = ORIENTED_EDGE('',*,*,#9582,.T.);
#10209 = ORIENTED_EDGE('',*,*,#10210,.T.);
#10210 = EDGE_CURVE('',#9583,#9559,#10211,.T.);
#10211 = LINE('',#10212,#10213);
#10212 = CARTESIAN_POINT('',(34.8,56.4,21.35));
#10213 = VECTOR('',#10214,1.);
#10214 = DIRECTION('',(1.,0.,-0.));
#10215 = FACE_BOUND('',#10216,.F.);
#10216 = EDGE_LOOP('',(#10217,#10227,#10236));
#10217 = ORIENTED_EDGE('',*,*,#10218,.F.);
#10218 = EDGE_CURVE('',#10219,#10221,#10223,.T.);
#10219 = VERTEX_POINT('',#10220);
#10220 = CARTESIAN_POINT('',(40.131192283025,56.4,12.368807716975));
#10221 = VERTEX_POINT('',#10222);
#10222 = CARTESIAN_POINT('',(42.5,56.4,14.73761543395));
#10223 = LINE('',#10224,#10225);
#10224 = CARTESIAN_POINT('',(35.888096141513,56.4,8.125711575462));
#10225 = VECTOR('',#10226,1.);
#10226 = DIRECTION('',(0.707106781187,0.,0.707106781187));
#10227 = ORIENTED_EDGE('',*,*,#10228,.F.);
#10228 = EDGE_CURVE('',#10229,#10219,#10231,.T.);
#10229 = VERTEX_POINT('',#10230);
#10230 = CARTESIAN_POINT('',(44.868807716975,56.4,12.368807716975));
#10231 = CIRCLE('',#10232,3.35);
#10232 = AXIS2_PLACEMENT_3D('',#10233,#10234,#10235);
#10233 = CARTESIAN_POINT('',(42.5,56.4,10.));
#10234 = DIRECTION('',(0.,1.,0.));
#10235 = DIRECTION('',(0.,-0.,1.));
#10236 = ORIENTED_EDGE('',*,*,#10237,.F.);
#10237 = EDGE_CURVE('',#10221,#10229,#10238,.T.);
#10238 = LINE('',#10239,#10240);
#10239 = CARTESIAN_POINT('',(46.446307716975,56.4,10.791307716975));
#10240 = VECTOR('',#10241,1.);
#10241 = DIRECTION('',(0.707106781187,0.,-0.707106781187));
#10242 = PLANE('',#10243);
#10243 = AXIS2_PLACEMENT_3D('',#10244,#10245,#10246);
#10244 = CARTESIAN_POINT('',(34.8,56.4,-4.01));
#10245 = DIRECTION('',(-0.,1.,0.));
#10246 = DIRECTION('',(0.,0.,1.));
#10247 = ADVANCED_FACE('',(#10248),#10267,.T.);
#10248 = FACE_BOUND('',#10249,.T.);
#10249 = EDGE_LOOP('',(#10250,#10258,#10265,#10266));
#10250 = ORIENTED_EDGE('',*,*,#10251,.T.);
#10251 = EDGE_CURVE('',#9437,#10252,#10254,.T.);
#10252 = VERTEX_POINT('',#10253);
#10253 = CARTESIAN_POINT('',(6.5,3.5,0.));
#10254 = LINE('',#10255,#10256);
#10255 = CARTESIAN_POINT('',(6.5,3.5,-4.01));
#10256 = VECTOR('',#10257,1.);
#10257 = DIRECTION('',(0.,0.,1.));
#10258 = ORIENTED_EDGE('',*,*,#10259,.F.);
#10259 = EDGE_CURVE('',#10252,#10252,#10260,.T.);
#10260 = CIRCLE('',#10261,3.);
#10261 = AXIS2_PLACEMENT_3D('',#10262,#10263,#10264);
#10262 = CARTESIAN_POINT('',(3.5,3.5,0.));
#10263 = DIRECTION('',(0.,0.,1.));
#10264 = DIRECTION('',(1.,0.,-0.));
#10265 = ORIENTED_EDGE('',*,*,#10251,.F.);
#10266 = ORIENTED_EDGE('',*,*,#9436,.T.);
#10267 = CYLINDRICAL_SURFACE('',#10268,3.);
#10268 = AXIS2_PLACEMENT_3D('',#10269,#10270,#10271);
#10269 = CARTESIAN_POINT('',(3.5,3.5,-4.01));
#10270 = DIRECTION('',(0.,0.,1.));
#10271 = DIRECTION('',(1.,0.,-0.));
#10272 = ADVANCED_FACE('',(#10273),#10292,.T.);
#10273 = FACE_BOUND('',#10274,.T.);
#10274 = EDGE_LOOP('',(#10275,#10283,#10290,#10291));
#10275 = ORIENTED_EDGE('',*,*,#10276,.T.);
#10276 = EDGE_CURVE('',#9448,#10277,#10279,.T.);
#10277 = VERTEX_POINT('',#10278);
#10278 = CARTESIAN_POINT('',(64.5,3.5,0.));
#10279 = LINE('',#10280,#10281);
#10280 = CARTESIAN_POINT('',(64.5,3.5,-4.01));
#10281 = VECTOR('',#10282,1.);
#10282 = DIRECTION('',(0.,0.,1.));
#10283 = ORIENTED_EDGE('',*,*,#10284,.F.);
#10284 = EDGE_CURVE('',#10277,#10277,#10285,.T.);
#10285 = CIRCLE('',#10286,3.);
#10286 = AXIS2_PLACEMENT_3D('',#10287,#10288,#10289);
#10287 = CARTESIAN_POINT('',(61.5,3.5,0.));
#10288 = DIRECTION('',(0.,0.,1.));
#10289 = DIRECTION('',(1.,0.,-0.));
#10290 = ORIENTED_EDGE('',*,*,#10276,.F.);
#10291 = ORIENTED_EDGE('',*,*,#9447,.T.);
#10292 = CYLINDRICAL_SURFACE('',#10293,3.);
#10293 = AXIS2_PLACEMENT_3D('',#10294,#10295,#10296);
#10294 = CARTESIAN_POINT('',(61.5,3.5,-4.01));
#10295 = DIRECTION('',(0.,0.,1.));
#10296 = DIRECTION('',(1.,0.,-0.));
#10297 = ADVANCED_FACE('',(#10298),#10317,.T.);
#10298 = FACE_BOUND('',#10299,.T.);
#10299 = EDGE_LOOP('',(#10300,#10308,#10315,#10316));
#10300 = ORIENTED_EDGE('',*,*,#10301,.T.);
#10301 = EDGE_CURVE('',#9489,#10302,#10304,.T.);
#10302 = VERTEX_POINT('',#10303);
#10303 = CARTESIAN_POINT('',(6.5,52.5,0.));
#10304 = LINE('',#10305,#10306);
#10305 = CARTESIAN_POINT('',(6.5,52.5,-4.01));
#10306 = VECTOR('',#10307,1.);
#10307 = DIRECTION('',(0.,0.,1.));
#10308 = ORIENTED_EDGE('',*,*,#10309,.F.);
#10309 = EDGE_CURVE('',#10302,#10302,#10310,.T.);
#10310 = CIRCLE('',#10311,3.);
#10311 = AXIS2_PLACEMENT_3D('',#10312,#10313,#10314);
#10312 = CARTESIAN_POINT('',(3.5,52.5,0.));
#10313 = DIRECTION('',(0.,0.,1.));
#10314 = DIRECTION('',(1.,0.,-0.));
#10315 = ORIENTED_EDGE('',*,*,#10301,.F.);
#10316 = ORIENTED_EDGE('',*,*,#9488,.T.);
#10317 = CYLINDRICAL_SURFACE('',#10318,3.);
#10318 = AXIS2_PLACEMENT_3D('',#10319,#10320,#10321);
#10319 = CARTESIAN_POINT('',(3.5,52.5,-4.01));
#10320 = DIRECTION('',(0.,0.,1.));
#10321 = DIRECTION('',(1.,0.,-0.));
#10322 = ADVANCED_FACE('',(#10323),#10342,.T.);
#10323 = FACE_BOUND('',#10324,.T.);
#10324 = EDGE_LOOP('',(#10325,#10333,#10340,#10341));
#10325 = ORIENTED_EDGE('',*,*,#10326,.T.);
#10326 = EDGE_CURVE('',#9542,#10327,#10329,.T.);
#10327 = VERTEX_POINT('',#10328);
#10328 = CARTESIAN_POINT('',(64.5,52.5,0.));
#10329 = LINE('',#10330,#10331);
#10330 = CARTESIAN_POINT('',(64.5,52.5,-4.01));
#10331 = VECTOR('',#10332,1.);
#10332 = DIRECTION('',(0.,0.,1.));
#10333 = ORIENTED_EDGE('',*,*,#10334,.F.);
#10334 = EDGE_CURVE('',#10327,#10327,#10335,.T.);
#10335 = CIRCLE('',#10336,3.);
#10336 = AXIS2_PLACEMENT_3D('',#10337,#10338,#10339);
#10337 = CARTESIAN_POINT('',(61.5,52.5,0.));
#10338 = DIRECTION('',(0.,0.,1.));
#10339 = DIRECTION('',(1.,0.,-0.));
#10340 = ORIENTED_EDGE('',*,*,#10326,.F.);
#10341 = ORIENTED_EDGE('',*,*,#9541,.T.);
#10342 = CYLINDRICAL_SURFACE('',#10343,3.);
#10343 = AXIS2_PLACEMENT_3D('',#10344,#10345,#10346);
#10344 = CARTESIAN_POINT('',(61.5,52.5,-4.01));
#10345 = DIRECTION('',(0.,0.,1.));
#10346 = DIRECTION('',(1.,0.,-0.));
#10347 = ADVANCED_FACE('',(#10348),#10374,.F.);
#10348 = FACE_BOUND('',#10349,.F.);
#10349 = EDGE_LOOP('',(#10350,#10351,#10359,#10367,#10373));
#10350 = ORIENTED_EDGE('',*,*,#9727,.F.);
#10351 = ORIENTED_EDGE('',*,*,#10352,.T.);
#10352 = EDGE_CURVE('',#9719,#10353,#10355,.T.);
#10353 = VERTEX_POINT('',#10354);
#10354 = CARTESIAN_POINT('',(2.05,6.1,-3.1));
#10355 = LINE('',#10356,#10357);
#10356 = CARTESIAN_POINT('',(2.05,6.1,-3.31));
#10357 = VECTOR('',#10358,1.);
#10358 = DIRECTION('',(0.,0.,1.));
#10359 = ORIENTED_EDGE('',*,*,#10360,.T.);
#10360 = EDGE_CURVE('',#10353,#10361,#10363,.T.);
#10361 = VERTEX_POINT('',#10362);
#10362 = CARTESIAN_POINT('',(4.95,6.1,-3.1));
#10363 = LINE('',#10364,#10365);
#10364 = CARTESIAN_POINT('',(2.05,6.1,-3.1));
#10365 = VECTOR('',#10366,1.);
#10366 = DIRECTION('',(1.,0.,-0.));
#10367 = ORIENTED_EDGE('',*,*,#10368,.F.);
#10368 = EDGE_CURVE('',#9696,#10361,#10369,.T.);
#10369 = LINE('',#10370,#10371);
#10370 = CARTESIAN_POINT('',(4.95,6.1,-3.31));
#10371 = VECTOR('',#10372,1.);
#10372 = DIRECTION('',(0.,0.,1.));
#10373 = ORIENTED_EDGE('',*,*,#9695,.F.);
#10374 = PLANE('',#10375);
#10375 = AXIS2_PLACEMENT_3D('',#10376,#10377,#10378);
#10376 = CARTESIAN_POINT('',(2.05,6.1,-3.31));
#10377 = DIRECTION('',(-0.,1.,0.));
#10378 = DIRECTION('',(0.,0.,1.));
#10379 = ADVANCED_FACE('',(#10380),#10405,.F.);
#10380 = FACE_BOUND('',#10381,.F.);
#10381 = EDGE_LOOP('',(#10382,#10390,#10398,#10404));
#10382 = ORIENTED_EDGE('',*,*,#10383,.F.);
#10383 = EDGE_CURVE('',#10384,#10353,#10386,.T.);
#10384 = VERTEX_POINT('',#10385);
#10385 = CARTESIAN_POINT('',(2.05,4.95,-3.1));
#10386 = LINE('',#10387,#10388);
#10387 = CARTESIAN_POINT('',(2.05,0.9,-3.1));
#10388 = VECTOR('',#10389,1.);
#10389 = DIRECTION('',(-0.,1.,0.));
#10390 = ORIENTED_EDGE('',*,*,#10391,.F.);
#10391 = EDGE_CURVE('',#10392,#10384,#10394,.T.);
#10392 = VERTEX_POINT('',#10393);
#10393 = CARTESIAN_POINT('',(4.95,4.95,-3.1));
#10394 = LINE('',#10395,#10396);
#10395 = CARTESIAN_POINT('',(2.05,4.95,-3.1));
#10396 = VECTOR('',#10397,1.);
#10397 = DIRECTION('',(-1.,-0.,0.));
#10398 = ORIENTED_EDGE('',*,*,#10399,.T.);
#10399 = EDGE_CURVE('',#10392,#10361,#10400,.T.);
#10400 = LINE('',#10401,#10402);
#10401 = CARTESIAN_POINT('',(4.95,0.9,-3.1));
#10402 = VECTOR('',#10403,1.);
#10403 = DIRECTION('',(-0.,1.,0.));
#10404 = ORIENTED_EDGE('',*,*,#10360,.F.);
#10405 = PLANE('',#10406);
#10406 = AXIS2_PLACEMENT_3D('',#10407,#10408,#10409);
#10407 = CARTESIAN_POINT('',(2.05,0.9,-3.1));
#10408 = DIRECTION('',(0.,0.,1.));
#10409 = DIRECTION('',(1.,0.,-0.));
#10410 = ADVANCED_FACE('',(#10411),#10437,.T.);
#10411 = FACE_BOUND('',#10412,.T.);
#10412 = EDGE_LOOP('',(#10413,#10414,#10422,#10430,#10436));
#10413 = ORIENTED_EDGE('',*,*,#9764,.F.);
#10414 = ORIENTED_EDGE('',*,*,#10415,.T.);
#10415 = EDGE_CURVE('',#9757,#10416,#10418,.T.);
#10416 = VERTEX_POINT('',#10417);
#10417 = CARTESIAN_POINT('',(2.05,0.9,-3.1));
#10418 = LINE('',#10419,#10420);
#10419 = CARTESIAN_POINT('',(2.05,0.9,-3.31));
#10420 = VECTOR('',#10421,1.);
#10421 = DIRECTION('',(0.,0.,1.));
#10422 = ORIENTED_EDGE('',*,*,#10423,.T.);
#10423 = EDGE_CURVE('',#10416,#10424,#10426,.T.);
#10424 = VERTEX_POINT('',#10425);
#10425 = CARTESIAN_POINT('',(4.95,0.9,-3.1));
#10426 = LINE('',#10427,#10428);
#10427 = CARTESIAN_POINT('',(2.05,0.9,-3.1));
#10428 = VECTOR('',#10429,1.);
#10429 = DIRECTION('',(1.,0.,-0.));
#10430 = ORIENTED_EDGE('',*,*,#10431,.F.);
#10431 = EDGE_CURVE('',#9781,#10424,#10432,.T.);
#10432 = LINE('',#10433,#10434);
#10433 = CARTESIAN_POINT('',(4.95,0.9,-3.31));
#10434 = VECTOR('',#10435,1.);
#10435 = DIRECTION('',(0.,0.,1.));
#10436 = ORIENTED_EDGE('',*,*,#9780,.F.);
#10437 = PLANE('',#10438);
#10438 = AXIS2_PLACEMENT_3D('',#10439,#10440,#10441);
#10439 = CARTESIAN_POINT('',(2.05,0.9,-3.31));
#10440 = DIRECTION('',(-0.,1.,0.));
#10441 = DIRECTION('',(0.,0.,1.));
#10442 = ADVANCED_FACE('',(#10443),#10468,.F.);
#10443 = FACE_BOUND('',#10444,.F.);
#10444 = EDGE_LOOP('',(#10445,#10453,#10454,#10462));
#10445 = ORIENTED_EDGE('',*,*,#10446,.F.);
#10446 = EDGE_CURVE('',#10416,#10447,#10449,.T.);
#10447 = VERTEX_POINT('',#10448);
#10448 = CARTESIAN_POINT('',(2.05,2.05,-3.1));
#10449 = LINE('',#10450,#10451);
#10450 = CARTESIAN_POINT('',(2.05,0.9,-3.1));
#10451 = VECTOR('',#10452,1.);
#10452 = DIRECTION('',(-0.,1.,0.));
#10453 = ORIENTED_EDGE('',*,*,#10423,.T.);
#10454 = ORIENTED_EDGE('',*,*,#10455,.T.);
#10455 = EDGE_CURVE('',#10424,#10456,#10458,.T.);
#10456 = VERTEX_POINT('',#10457);
#10457 = CARTESIAN_POINT('',(4.95,2.05,-3.1));
#10458 = LINE('',#10459,#10460);
#10459 = CARTESIAN_POINT('',(4.95,0.9,-3.1));
#10460 = VECTOR('',#10461,1.);
#10461 = DIRECTION('',(-0.,1.,0.));
#10462 = ORIENTED_EDGE('',*,*,#10463,.T.);
#10463 = EDGE_CURVE('',#10456,#10447,#10464,.T.);
#10464 = LINE('',#10465,#10466);
#10465 = CARTESIAN_POINT('',(2.05,2.05,-3.1));
#10466 = VECTOR('',#10467,1.);
#10467 = DIRECTION('',(-1.,-0.,0.));
#10468 = PLANE('',#10469);
#10469 = AXIS2_PLACEMENT_3D('',#10470,#10471,#10472);
#10470 = CARTESIAN_POINT('',(2.05,0.9,-3.1));
#10471 = DIRECTION('',(0.,0.,1.));
#10472 = DIRECTION('',(1.,0.,-0.));
#10473 = ADVANCED_FACE('',(#10474),#10500,.F.);
#10474 = FACE_BOUND('',#10475,.F.);
#10475 = EDGE_LOOP('',(#10476,#10477,#10485,#10493,#10499));
#10476 = ORIENTED_EDGE('',*,*,#9850,.F.);
#10477 = ORIENTED_EDGE('',*,*,#10478,.T.);
#10478 = EDGE_CURVE('',#9842,#10479,#10481,.T.);
#10479 = VERTEX_POINT('',#10480);
#10480 = CARTESIAN_POINT('',(60.05,6.1,-3.1));
#10481 = LINE('',#10482,#10483);
#10482 = CARTESIAN_POINT('',(60.05,6.1,-3.31));
#10483 = VECTOR('',#10484,1.);
#10484 = DIRECTION('',(0.,0.,1.));
#10485 = ORIENTED_EDGE('',*,*,#10486,.T.);
#10486 = EDGE_CURVE('',#10479,#10487,#10489,.T.);
#10487 = VERTEX_POINT('',#10488);
#10488 = CARTESIAN_POINT('',(62.95,6.1,-3.1));
#10489 = LINE('',#10490,#10491);
#10490 = CARTESIAN_POINT('',(60.05,6.1,-3.1));
#10491 = VECTOR('',#10492,1.);
#10492 = DIRECTION('',(1.,0.,-0.));
#10493 = ORIENTED_EDGE('',*,*,#10494,.F.);
#10494 = EDGE_CURVE('',#9819,#10487,#10495,.T.);
#10495 = LINE('',#10496,#10497);
#10496 = CARTESIAN_POINT('',(62.95,6.1,-3.31));
#10497 = VECTOR('',#10498,1.);
#10498 = DIRECTION('',(0.,0.,1.));
#10499 = ORIENTED_EDGE('',*,*,#9818,.F.);
#10500 = PLANE('',#10501);
#10501 = AXIS2_PLACEMENT_3D('',#10502,#10503,#10504);
#10502 = CARTESIAN_POINT('',(60.05,6.1,-3.31));
#10503 = DIRECTION('',(-0.,1.,0.));
#10504 = DIRECTION('',(0.,0.,1.));
#10505 = ADVANCED_FACE('',(#10506),#10531,.F.);
#10506 = FACE_BOUND('',#10507,.F.);
#10507 = EDGE_LOOP('',(#10508,#10516,#10524,#10530));
#10508 = ORIENTED_EDGE('',*,*,#10509,.F.);
#10509 = EDGE_CURVE('',#10510,#10479,#10512,.T.);
#10510 = VERTEX_POINT('',#10511);
#10511 = CARTESIAN_POINT('',(60.05,4.95,-3.1));
#10512 = LINE('',#10513,#10514);
#10513 = CARTESIAN_POINT('',(60.05,0.9,-3.1));
#10514 = VECTOR('',#10515,1.);
#10515 = DIRECTION('',(-0.,1.,0.));
#10516 = ORIENTED_EDGE('',*,*,#10517,.F.);
#10517 = EDGE_CURVE('',#10518,#10510,#10520,.T.);
#10518 = VERTEX_POINT('',#10519);
#10519 = CARTESIAN_POINT('',(62.95,4.95,-3.1));
#10520 = LINE('',#10521,#10522);
#10521 = CARTESIAN_POINT('',(60.05,4.95,-3.1));
#10522 = VECTOR('',#10523,1.);
#10523 = DIRECTION('',(-1.,-0.,0.));
#10524 = ORIENTED_EDGE('',*,*,#10525,.T.);
#10525 = EDGE_CURVE('',#10518,#10487,#10526,.T.);
#10526 = LINE('',#10527,#10528);
#10527 = CARTESIAN_POINT('',(62.95,0.9,-3.1));
#10528 = VECTOR('',#10529,1.);
#10529 = DIRECTION('',(-0.,1.,0.));
#10530 = ORIENTED_EDGE('',*,*,#10486,.F.);
#10531 = PLANE('',#10532);
#10532 = AXIS2_PLACEMENT_3D('',#10533,#10534,#10535);
#10533 = CARTESIAN_POINT('',(60.05,0.9,-3.1));
#10534 = DIRECTION('',(0.,0.,1.));
#10535 = DIRECTION('',(1.,0.,-0.));
#10536 = ADVANCED_FACE('',(#10537),#10563,.T.);
#10537 = FACE_BOUND('',#10538,.T.);
#10538 = EDGE_LOOP('',(#10539,#10540,#10548,#10556,#10562));
#10539 = ORIENTED_EDGE('',*,*,#9887,.F.);
#10540 = ORIENTED_EDGE('',*,*,#10541,.T.);
#10541 = EDGE_CURVE('',#9880,#10542,#10544,.T.);
#10542 = VERTEX_POINT('',#10543);
#10543 = CARTESIAN_POINT('',(60.05,0.9,-3.1));
#10544 = LINE('',#10545,#10546);
#10545 = CARTESIAN_POINT('',(60.05,0.9,-3.31));
#10546 = VECTOR('',#10547,1.);
#10547 = DIRECTION('',(0.,0.,1.));
#10548 = ORIENTED_EDGE('',*,*,#10549,.T.);
#10549 = EDGE_CURVE('',#10542,#10550,#10552,.T.);
#10550 = VERTEX_POINT('',#10551);
#10551 = CARTESIAN_POINT('',(62.95,0.9,-3.1));
#10552 = LINE('',#10553,#10554);
#10553 = CARTESIAN_POINT('',(60.05,0.9,-3.1));
#10554 = VECTOR('',#10555,1.);
#10555 = DIRECTION('',(1.,0.,-0.));
#10556 = ORIENTED_EDGE('',*,*,#10557,.F.);
#10557 = EDGE_CURVE('',#9904,#10550,#10558,.T.);
#10558 = LINE('',#10559,#10560);
#10559 = CARTESIAN_POINT('',(62.95,0.9,-3.31));
#10560 = VECTOR('',#10561,1.);
#10561 = DIRECTION('',(0.,0.,1.));
#10562 = ORIENTED_EDGE('',*,*,#9903,.F.);
#10563 = PLANE('',#10564);
#10564 = AXIS2_PLACEMENT_3D('',#10565,#10566,#10567);
#10565 = CARTESIAN_POINT('',(60.05,0.9,-3.31));
#10566 = DIRECTION('',(-0.,1.,0.));
#10567 = DIRECTION('',(0.,0.,1.));
#10568 = ADVANCED_FACE('',(#10569),#10594,.F.);
#10569 = FACE_BOUND('',#10570,.F.);
#10570 = EDGE_LOOP('',(#10571,#10579,#10580,#10588));
#10571 = ORIENTED_EDGE('',*,*,#10572,.F.);
#10572 = EDGE_CURVE('',#10542,#10573,#10575,.T.);
#10573 = VERTEX_POINT('',#10574);
#10574 = CARTESIAN_POINT('',(60.05,2.05,-3.1));
#10575 = LINE('',#10576,#10577);
#10576 = CARTESIAN_POINT('',(60.05,0.9,-3.1));
#10577 = VECTOR('',#10578,1.);
#10578 = DIRECTION('',(-0.,1.,0.));
#10579 = ORIENTED_EDGE('',*,*,#10549,.T.);
#10580 = ORIENTED_EDGE('',*,*,#10581,.T.);
#10581 = EDGE_CURVE('',#10550,#10582,#10584,.T.);
#10582 = VERTEX_POINT('',#10583);
#10583 = CARTESIAN_POINT('',(62.95,2.05,-3.1));
#10584 = LINE('',#10585,#10586);
#10585 = CARTESIAN_POINT('',(62.95,0.9,-3.1));
#10586 = VECTOR('',#10587,1.);
#10587 = DIRECTION('',(-0.,1.,0.));
#10588 = ORIENTED_EDGE('',*,*,#10589,.T.);
#10589 = EDGE_CURVE('',#10582,#10573,#10590,.T.);
#10590 = LINE('',#10591,#10592);
#10591 = CARTESIAN_POINT('',(60.05,2.05,-3.1));
#10592 = VECTOR('',#10593,1.);
#10593 = DIRECTION('',(-1.,-0.,0.));
#10594 = PLANE('',#10595);
#10595 = AXIS2_PLACEMENT_3D('',#10596,#10597,#10598);
#10596 = CARTESIAN_POINT('',(60.05,0.9,-3.1));
#10597 = DIRECTION('',(0.,0.,1.));
#10598 = DIRECTION('',(1.,0.,-0.));
#10599 = ADVANCED_FACE('',(#10600),#10626,.F.);
#10600 = FACE_BOUND('',#10601,.F.);
#10601 = EDGE_LOOP('',(#10602,#10603,#10611,#10619,#10625));
#10602 = ORIENTED_EDGE('',*,*,#9973,.F.);
#10603 = ORIENTED_EDGE('',*,*,#10604,.T.);
#10604 = EDGE_CURVE('',#9965,#10605,#10607,.T.);
#10605 = VERTEX_POINT('',#10606);
#10606 = CARTESIAN_POINT('',(2.05,55.1,-3.1));
#10607 = LINE('',#10608,#10609);
#10608 = CARTESIAN_POINT('',(2.05,55.1,-3.31));
#10609 = VECTOR('',#10610,1.);
#10610 = DIRECTION('',(0.,0.,1.));
#10611 = ORIENTED_EDGE('',*,*,#10612,.T.);
#10612 = EDGE_CURVE('',#10605,#10613,#10615,.T.);
#10613 = VERTEX_POINT('',#10614);
#10614 = CARTESIAN_POINT('',(4.95,55.1,-3.1));
#10615 = LINE('',#10616,#10617);
#10616 = CARTESIAN_POINT('',(2.05,55.1,-3.1));
#10617 = VECTOR('',#10618,1.);
#10618 = DIRECTION('',(1.,0.,-0.));
#10619 = ORIENTED_EDGE('',*,*,#10620,.F.);
#10620 = EDGE_CURVE('',#9942,#10613,#10621,.T.);
#10621 = LINE('',#10622,#10623);
#10622 = CARTESIAN_POINT('',(4.95,55.1,-3.31));
#10623 = VECTOR('',#10624,1.);
#10624 = DIRECTION('',(0.,0.,1.));
#10625 = ORIENTED_EDGE('',*,*,#9941,.F.);
#10626 = PLANE('',#10627);
#10627 = AXIS2_PLACEMENT_3D('',#10628,#10629,#10630);
#10628 = CARTESIAN_POINT('',(2.05,55.1,-3.31));
#10629 = DIRECTION('',(-0.,1.,0.));
#10630 = DIRECTION('',(0.,0.,1.));
#10631 = ADVANCED_FACE('',(#10632),#10657,.F.);
#10632 = FACE_BOUND('',#10633,.F.);
#10633 = EDGE_LOOP('',(#10634,#10642,#10650,#10656));
#10634 = ORIENTED_EDGE('',*,*,#10635,.F.);
#10635 = EDGE_CURVE('',#10636,#10605,#10638,.T.);
#10636 = VERTEX_POINT('',#10637);
#10637 = CARTESIAN_POINT('',(2.05,53.95,-3.1));
#10638 = LINE('',#10639,#10640);
#10639 = CARTESIAN_POINT('',(2.05,49.9,-3.1));
#10640 = VECTOR('',#10641,1.);
#10641 = DIRECTION('',(-0.,1.,0.));
#10642 = ORIENTED_EDGE('',*,*,#10643,.F.);
#10643 = EDGE_CURVE('',#10644,#10636,#10646,.T.);
#10644 = VERTEX_POINT('',#10645);
#10645 = CARTESIAN_POINT('',(4.95,53.95,-3.1));
#10646 = LINE('',#10647,#10648);
#10647 = CARTESIAN_POINT('',(2.05,53.95,-3.1));
#10648 = VECTOR('',#10649,1.);
#10649 = DIRECTION('',(-1.,-0.,0.));
#10650 = ORIENTED_EDGE('',*,*,#10651,.T.);
#10651 = EDGE_CURVE('',#10644,#10613,#10652,.T.);
#10652 = LINE('',#10653,#10654);
#10653 = CARTESIAN_POINT('',(4.95,49.9,-3.1));
#10654 = VECTOR('',#10655,1.);
#10655 = DIRECTION('',(-0.,1.,0.));
#10656 = ORIENTED_EDGE('',*,*,#10612,.F.);
#10657 = PLANE('',#10658);
#10658 = AXIS2_PLACEMENT_3D('',#10659,#10660,#10661);
#10659 = CARTESIAN_POINT('',(2.05,49.9,-3.1));
#10660 = DIRECTION('',(0.,0.,1.));
#10661 = DIRECTION('',(1.,0.,-0.));
#10662 = ADVANCED_FACE('',(#10663),#10689,.T.);
#10663 = FACE_BOUND('',#10664,.T.);
#10664 = EDGE_LOOP('',(#10665,#10666,#10674,#10682,#10688));
#10665 = ORIENTED_EDGE('',*,*,#10010,.F.);
#10666 = ORIENTED_EDGE('',*,*,#10667,.T.);
#10667 = EDGE_CURVE('',#10003,#10668,#10670,.T.);
#10668 = VERTEX_POINT('',#10669);
#10669 = CARTESIAN_POINT('',(2.05,49.9,-3.1));
#10670 = LINE('',#10671,#10672);
#10671 = CARTESIAN_POINT('',(2.05,49.9,-3.31));
#10672 = VECTOR('',#10673,1.);
#10673 = DIRECTION('',(0.,0.,1.));
#10674 = ORIENTED_EDGE('',*,*,#10675,.T.);
#10675 = EDGE_CURVE('',#10668,#10676,#10678,.T.);
#10676 = VERTEX_POINT('',#10677);
#10677 = CARTESIAN_POINT('',(4.95,49.9,-3.1));
#10678 = LINE('',#10679,#10680);
#10679 = CARTESIAN_POINT('',(2.05,49.9,-3.1));
#10680 = VECTOR('',#10681,1.);
#10681 = DIRECTION('',(1.,0.,-0.));
#10682 = ORIENTED_EDGE('',*,*,#10683,.F.);
#10683 = EDGE_CURVE('',#10027,#10676,#10684,.T.);
#10684 = LINE('',#10685,#10686);
#10685 = CARTESIAN_POINT('',(4.95,49.9,-3.31));
#10686 = VECTOR('',#10687,1.);
#10687 = DIRECTION('',(0.,0.,1.));
#10688 = ORIENTED_EDGE('',*,*,#10026,.F.);
#10689 = PLANE('',#10690);
#10690 = AXIS2_PLACEMENT_3D('',#10691,#10692,#10693);
#10691 = CARTESIAN_POINT('',(2.05,49.9,-3.31));
#10692 = DIRECTION('',(-0.,1.,0.));
#10693 = DIRECTION('',(0.,0.,1.));
#10694 = ADVANCED_FACE('',(#10695),#10720,.F.);
#10695 = FACE_BOUND('',#10696,.F.);
#10696 = EDGE_LOOP('',(#10697,#10705,#10706,#10714));
#10697 = ORIENTED_EDGE('',*,*,#10698,.F.);
#10698 = EDGE_CURVE('',#10668,#10699,#10701,.T.);
#10699 = VERTEX_POINT('',#10700);
#10700 = CARTESIAN_POINT('',(2.05,51.05,-3.1));
#10701 = LINE('',#10702,#10703);
#10702 = CARTESIAN_POINT('',(2.05,49.9,-3.1));
#10703 = VECTOR('',#10704,1.);
#10704 = DIRECTION('',(-0.,1.,0.));
#10705 = ORIENTED_EDGE('',*,*,#10675,.T.);
#10706 = ORIENTED_EDGE('',*,*,#10707,.T.);
#10707 = EDGE_CURVE('',#10676,#10708,#10710,.T.);
#10708 = VERTEX_POINT('',#10709);
#10709 = CARTESIAN_POINT('',(4.95,51.05,-3.1));
#10710 = LINE('',#10711,#10712);
#10711 = CARTESIAN_POINT('',(4.95,49.9,-3.1));
#10712 = VECTOR('',#10713,1.);
#10713 = DIRECTION('',(-0.,1.,0.));
#10714 = ORIENTED_EDGE('',*,*,#10715,.T.);
#10715 = EDGE_CURVE('',#10708,#10699,#10716,.T.);
#10716 = LINE('',#10717,#10718);
#10717 = CARTESIAN_POINT('',(2.05,51.05,-3.1));
#10718 = VECTOR('',#10719,1.);
#10719 = DIRECTION('',(-1.,-0.,0.));
#10720 = PLANE('',#10721);
#10721 = AXIS2_PLACEMENT_3D('',#10722,#10723,#10724);
#10722 = CARTESIAN_POINT('',(2.05,49.9,-3.1));
#10723 = DIRECTION('',(0.,0.,1.));
#10724 = DIRECTION('',(1.,0.,-0.));
#10725 = ADVANCED_FACE('',(#10726),#10752,.F.);
#10726 = FACE_BOUND('',#10727,.F.);
#10727 = EDGE_LOOP('',(#10728,#10729,#10737,#10745,#10751));
#10728 = ORIENTED_EDGE('',*,*,#10096,.F.);
#10729 = ORIENTED_EDGE('',*,*,#10730,.T.);
#10730 = EDGE_CURVE('',#10088,#10731,#10733,.T.);
#10731 = VERTEX_POINT('',#10732);
#10732 = CARTESIAN_POINT('',(60.05,55.1,-3.1));
#10733 = LINE('',#10734,#10735);
#10734 = CARTESIAN_POINT('',(60.05,55.1,-3.31));
#10735 = VECTOR('',#10736,1.);
#10736 = DIRECTION('',(0.,0.,1.));
#10737 = ORIENTED_EDGE('',*,*,#10738,.T.);
#10738 = EDGE_CURVE('',#10731,#10739,#10741,.T.);
#10739 = VERTEX_POINT('',#10740);
#10740 = CARTESIAN_POINT('',(62.95,55.1,-3.1));
#10741 = LINE('',#10742,#10743);
#10742 = CARTESIAN_POINT('',(60.05,55.1,-3.1));
#10743 = VECTOR('',#10744,1.);
#10744 = DIRECTION('',(1.,0.,-0.));
#10745 = ORIENTED_EDGE('',*,*,#10746,.F.);
#10746 = EDGE_CURVE('',#10065,#10739,#10747,.T.);
#10747 = LINE('',#10748,#10749);
#10748 = CARTESIAN_POINT('',(62.95,55.1,-3.31));
#10749 = VECTOR('',#10750,1.);
#10750 = DIRECTION('',(0.,0.,1.));
#10751 = ORIENTED_EDGE('',*,*,#10064,.F.);
#10752 = PLANE('',#10753);
#10753 = AXIS2_PLACEMENT_3D('',#10754,#10755,#10756);
#10754 = CARTESIAN_POINT('',(60.05,55.1,-3.31));
#10755 = DIRECTION('',(-0.,1.,0.));
#10756 = DIRECTION('',(0.,0.,1.));
#10757 = ADVANCED_FACE('',(#10758),#10783,.F.);
#10758 = FACE_BOUND('',#10759,.F.);
#10759 = EDGE_LOOP('',(#10760,#10768,#10776,#10782));
#10760 = ORIENTED_EDGE('',*,*,#10761,.F.);
#10761 = EDGE_CURVE('',#10762,#10731,#10764,.T.);
#10762 = VERTEX_POINT('',#10763);
#10763 = CARTESIAN_POINT('',(60.05,53.95,-3.1));
#10764 = LINE('',#10765,#10766);
#10765 = CARTESIAN_POINT('',(60.05,49.9,-3.1));
#10766 = VECTOR('',#10767,1.);
#10767 = DIRECTION('',(-0.,1.,0.));
#10768 = ORIENTED_EDGE('',*,*,#10769,.F.);
#10769 = EDGE_CURVE('',#10770,#10762,#10772,.T.);
#10770 = VERTEX_POINT('',#10771);
#10771 = CARTESIAN_POINT('',(62.95,53.95,-3.1));
#10772 = LINE('',#10773,#10774);
#10773 = CARTESIAN_POINT('',(60.05,53.95,-3.1));
#10774 = VECTOR('',#10775,1.);
#10775 = DIRECTION('',(-1.,-0.,0.));
#10776 = ORIENTED_EDGE('',*,*,#10777,.T.);
#10777 = EDGE_CURVE('',#10770,#10739,#10778,.T.);
#10778 = LINE('',#10779,#10780);
#10779 = CARTESIAN_POINT('',(62.95,49.9,-3.1));
#10780 = VECTOR('',#10781,1.);
#10781 = DIRECTION('',(-0.,1.,0.));
#10782 = ORIENTED_EDGE('',*,*,#10738,.F.);
#10783 = PLANE('',#10784);
#10784 = AXIS2_PLACEMENT_3D('',#10785,#10786,#10787);
#10785 = CARTESIAN_POINT('',(60.05,49.9,-3.1));
#10786 = DIRECTION('',(0.,0.,1.));
#10787 = DIRECTION('',(1.,0.,-0.));
#10788 = ADVANCED_FACE('',(#10789),#10815,.T.);
#10789 = FACE_BOUND('',#10790,.T.);
#10790 = EDGE_LOOP('',(#10791,#10792,#10800,#10808,#10814));
#10791 = ORIENTED_EDGE('',*,*,#10133,.F.);
#10792 = ORIENTED_EDGE('',*,*,#10793,.T.);
#10793 = EDGE_CURVE('',#10126,#10794,#10796,.T.);
#10794 = VERTEX_POINT('',#10795);
#10795 = CARTESIAN_POINT('',(60.05,49.9,-3.1));
#10796 = LINE('',#10797,#10798);
#10797 = CARTESIAN_POINT('',(60.05,49.9,-3.31));
#10798 = VECTOR('',#10799,1.);
#10799 = DIRECTION('',(0.,0.,1.));
#10800 = ORIENTED_EDGE('',*,*,#10801,.T.);
#10801 = EDGE_CURVE('',#10794,#10802,#10804,.T.);
#10802 = VERTEX_POINT('',#10803);
#10803 = CARTESIAN_POINT('',(62.95,49.9,-3.1));
#10804 = LINE('',#10805,#10806);
#10805 = CARTESIAN_POINT('',(60.05,49.9,-3.1));
#10806 = VECTOR('',#10807,1.);
#10807 = DIRECTION('',(1.,0.,-0.));
#10808 = ORIENTED_EDGE('',*,*,#10809,.F.);
#10809 = EDGE_CURVE('',#10150,#10802,#10810,.T.);
#10810 = LINE('',#10811,#10812);
#10811 = CARTESIAN_POINT('',(62.95,49.9,-3.31));
#10812 = VECTOR('',#10813,1.);
#10813 = DIRECTION('',(0.,0.,1.));
#10814 = ORIENTED_EDGE('',*,*,#10149,.F.);
#10815 = PLANE('',#10816);
#10816 = AXIS2_PLACEMENT_3D('',#10817,#10818,#10819);
#10817 = CARTESIAN_POINT('',(60.05,49.9,-3.31));
#10818 = DIRECTION('',(-0.,1.,0.));
#10819 = DIRECTION('',(0.,0.,1.));
#10820 = ADVANCED_FACE('',(#10821),#10846,.F.);
#10821 = FACE_BOUND('',#10822,.F.);
#10822 = EDGE_LOOP('',(#10823,#10831,#10832,#10840));
#10823 = ORIENTED_EDGE('',*,*,#10824,.F.);
#10824 = EDGE_CURVE('',#10794,#10825,#10827,.T.);
#10825 = VERTEX_POINT('',#10826);
#10826 = CARTESIAN_POINT('',(60.05,51.05,-3.1));
#10827 = LINE('',#10828,#10829);
#10828 = CARTESIAN_POINT('',(60.05,49.9,-3.1));
#10829 = VECTOR('',#10830,1.);
#10830 = DIRECTION('',(-0.,1.,0.));
#10831 = ORIENTED_EDGE('',*,*,#10801,.T.);
#10832 = ORIENTED_EDGE('',*,*,#10833,.T.);
#10833 = EDGE_CURVE('',#10802,#10834,#10836,.T.);
#10834 = VERTEX_POINT('',#10835);
#10835 = CARTESIAN_POINT('',(62.95,51.05,-3.1));
#10836 = LINE('',#10837,#10838);
#10837 = CARTESIAN_POINT('',(62.95,49.9,-3.1));
#10838 = VECTOR('',#10839,1.);
#10839 = DIRECTION('',(-0.,1.,0.));
#10840 = ORIENTED_EDGE('',*,*,#10841,.T.);
#10841 = EDGE_CURVE('',#10834,#10825,#10842,.T.);
#10842 = LINE('',#10843,#10844);
#10843 = CARTESIAN_POINT('',(60.05,51.05,-3.1));
#10844 = VECTOR('',#10845,1.);
#10845 = DIRECTION('',(-1.,-0.,0.));
#10846 = PLANE('',#10847);
#10847 = AXIS2_PLACEMENT_3D('',#10848,#10849,#10850);
#10848 = CARTESIAN_POINT('',(60.05,49.9,-3.1));
#10849 = DIRECTION('',(0.,0.,1.));
#10850 = DIRECTION('',(1.,0.,-0.));
#10851 = ADVANCED_FACE('',(#10852),#10877,.F.);
#10852 = FACE_BOUND('',#10853,.F.);
#10853 = EDGE_LOOP('',(#10854,#10855,#10863,#10871));
#10854 = ORIENTED_EDGE('',*,*,#10218,.T.);
#10855 = ORIENTED_EDGE('',*,*,#10856,.T.);
#10856 = EDGE_CURVE('',#10221,#10857,#10859,.T.);
#10857 = VERTEX_POINT('',#10858);
#10858 = CARTESIAN_POINT('',(42.5,57.6,14.73761543395));
#10859 = LINE('',#10860,#10861);
#10860 = CARTESIAN_POINT('',(42.5,56.3,14.73761543395));
#10861 = VECTOR('',#10862,1.);
#10862 = DIRECTION('',(0.,1.,0.));
#10863 = ORIENTED_EDGE('',*,*,#10864,.F.);
#10864 = EDGE_CURVE('',#10865,#10857,#10867,.T.);
#10865 = VERTEX_POINT('',#10866);
#10866 = CARTESIAN_POINT('',(40.131192283025,57.6,12.368807716975));
#10867 = LINE('',#10868,#10869);
#10868 = CARTESIAN_POINT('',(39.883096141513,57.6,12.120711575462));
#10869 = VECTOR('',#10870,1.);
#10870 = DIRECTION('',(0.707106781187,0.,0.707106781187));
#10871 = ORIENTED_EDGE('',*,*,#10872,.F.);
#10872 = EDGE_CURVE('',#10219,#10865,#10873,.T.);
#10873 = LINE('',#10874,#10875);
#10874 = CARTESIAN_POINT('',(40.131192283025,56.3,12.368807716975));
#10875 = VECTOR('',#10876,1.);
#10876 = DIRECTION('',(0.,1.,0.));
#10877 = PLANE('',#10878);
#10878 = AXIS2_PLACEMENT_3D('',#10879,#10880,#10881);
#10879 = CARTESIAN_POINT('',(42.5,56.3,14.73761543395));
#10880 = DIRECTION('',(-0.707106781187,0.,0.707106781187));
#10881 = DIRECTION('',(-0.707106781187,0.,-0.707106781187));
#10882 = ADVANCED_FACE('',(#10883),#10901,.F.);
#10883 = FACE_BOUND('',#10884,.F.);
#10884 = EDGE_LOOP('',(#10885,#10886,#10894,#10900));
#10885 = ORIENTED_EDGE('',*,*,#10237,.T.);
#10886 = ORIENTED_EDGE('',*,*,#10887,.T.);
#10887 = EDGE_CURVE('',#10229,#10888,#10890,.T.);
#10888 = VERTEX_POINT('',#10889);
#10889 = CARTESIAN_POINT('',(44.868807716975,57.6,12.368807716975));
#10890 = LINE('',#10891,#10892);
#10891 = CARTESIAN_POINT('',(44.868807716975,56.3,12.368807716975));
#10892 = VECTOR('',#10893,1.);
#10893 = DIRECTION('',(0.,1.,0.));
#10894 = ORIENTED_EDGE('',*,*,#10895,.F.);
#10895 = EDGE_CURVE('',#10857,#10888,#10896,.T.);
#10896 = LINE('',#10897,#10898);
#10897 = CARTESIAN_POINT('',(43.436307716975,57.6,13.801307716975));
#10898 = VECTOR('',#10899,1.);
#10899 = DIRECTION('',(0.707106781187,0.,-0.707106781187));
#10900 = ORIENTED_EDGE('',*,*,#10856,.F.);
#10901 = PLANE('',#10902);
#10902 = AXIS2_PLACEMENT_3D('',#10903,#10904,#10905);
#10903 = CARTESIAN_POINT('',(44.868807716975,56.3,12.368807716975));
#10904 = DIRECTION('',(0.707106781187,-0.,0.707106781187));
#10905 = DIRECTION('',(-0.707106781187,0.,0.707106781187));
#10906 = ADVANCED_FACE('',(#10907),#10937,.F.);
#10907 = FACE_BOUND('',#10908,.F.);
#10908 = EDGE_LOOP('',(#10909,#10918,#10919,#10920,#10921,#10930));
#10909 = ORIENTED_EDGE('',*,*,#10910,.F.);
#10910 = EDGE_CURVE('',#10888,#10911,#10913,.T.);
#10911 = VERTEX_POINT('',#10912);
#10912 = CARTESIAN_POINT('',(45.85,57.6,10.));
#10913 = CIRCLE('',#10914,3.35);
#10914 = AXIS2_PLACEMENT_3D('',#10915,#10916,#10917);
#10915 = CARTESIAN_POINT('',(42.5,57.6,10.));
#10916 = DIRECTION('',(0.,1.,0.));
#10917 = DIRECTION('',(0.,-0.,1.));
#10918 = ORIENTED_EDGE('',*,*,#10887,.F.);
#10919 = ORIENTED_EDGE('',*,*,#10228,.T.);
#10920 = ORIENTED_EDGE('',*,*,#10872,.T.);
#10921 = ORIENTED_EDGE('',*,*,#10922,.F.);
#10922 = EDGE_CURVE('',#10923,#10865,#10925,.T.);
#10923 = VERTEX_POINT('',#10924);
#10924 = CARTESIAN_POINT('',(39.15,57.6,10.));
#10925 = CIRCLE('',#10926,3.35);
#10926 = AXIS2_PLACEMENT_3D('',#10927,#10928,#10929);
#10927 = CARTESIAN_POINT('',(42.5,57.6,10.));
#10928 = DIRECTION('',(0.,1.,0.));
#10929 = DIRECTION('',(0.,-0.,1.));
#10930 = ORIENTED_EDGE('',*,*,#10931,.F.);
#10931 = EDGE_CURVE('',#10911,#10923,#10932,.T.);
#10932 = CIRCLE('',#10933,3.35);
#10933 = AXIS2_PLACEMENT_3D('',#10934,#10935,#10936);
#10934 = CARTESIAN_POINT('',(42.5,57.6,10.));
#10935 = DIRECTION('',(0.,1.,0.));
#10936 = DIRECTION('',(0.,-0.,1.));
#10937 = CYLINDRICAL_SURFACE('',#10938,3.35);
#10938 = AXIS2_PLACEMENT_3D('',#10939,#10940,#10941);
#10939 = CARTESIAN_POINT('',(42.5,56.3,10.));
#10940 = DIRECTION('',(0.,1.,0.));
#10941 = DIRECTION('',(0.,-0.,1.));
#10942 = ADVANCED_FACE('',(#10943,#10946),#10957,.T.);
#10943 = FACE_BOUND('',#10944,.T.);
#10944 = EDGE_LOOP('',(#10945));
#10945 = ORIENTED_EDGE('',*,*,#10259,.T.);
#10946 = FACE_BOUND('',#10947,.T.);
#10947 = EDGE_LOOP('',(#10948));
#10948 = ORIENTED_EDGE('',*,*,#10949,.F.);
#10949 = EDGE_CURVE('',#10950,#10950,#10952,.T.);
#10950 = VERTEX_POINT('',#10951);
#10951 = CARTESIAN_POINT('',(4.95,3.5,0.));
#10952 = CIRCLE('',#10953,1.45);
#10953 = AXIS2_PLACEMENT_3D('',#10954,#10955,#10956);
#10954 = CARTESIAN_POINT('',(3.5,3.5,0.));
#10955 = DIRECTION('',(0.,0.,1.));
#10956 = DIRECTION('',(1.,0.,-0.));
#10957 = PLANE('',#10958);
#10958 = AXIS2_PLACEMENT_3D('',#10959,#10960,#10961);
#10959 = CARTESIAN_POINT('',(3.5,3.5,0.));
#10960 = DIRECTION('',(0.,0.,1.));
#10961 = DIRECTION('',(1.,0.,-0.));
#10962 = ADVANCED_FACE('',(#10963,#10966),#10977,.T.);
#10963 = FACE_BOUND('',#10964,.T.);
#10964 = EDGE_LOOP('',(#10965));
#10965 = ORIENTED_EDGE('',*,*,#10284,.T.);
#10966 = FACE_BOUND('',#10967,.T.);
#10967 = EDGE_LOOP('',(#10968));
#10968 = ORIENTED_EDGE('',*,*,#10969,.F.);
#10969 = EDGE_CURVE('',#10970,#10970,#10972,.T.);
#10970 = VERTEX_POINT('',#10971);
#10971 = CARTESIAN_POINT('',(62.95,3.5,0.));
#10972 = CIRCLE('',#10973,1.45);
#10973 = AXIS2_PLACEMENT_3D('',#10974,#10975,#10976);
#10974 = CARTESIAN_POINT('',(61.5,3.5,0.));
#10975 = DIRECTION('',(0.,0.,1.));
#10976 = DIRECTION('',(1.,0.,-0.));
#10977 = PLANE('',#10978);
#10978 = AXIS2_PLACEMENT_3D('',#10979,#10980,#10981);
#10979 = CARTESIAN_POINT('',(61.5,3.5,0.));
#10980 = DIRECTION('',(0.,0.,1.));
#10981 = DIRECTION('',(1.,0.,-0.));
#10982 = ADVANCED_FACE('',(#10983,#10986),#10997,.T.);
#10983 = FACE_BOUND('',#10984,.T.);
#10984 = EDGE_LOOP('',(#10985));
#10985 = ORIENTED_EDGE('',*,*,#10309,.T.);
#10986 = FACE_BOUND('',#10987,.T.);
#10987 = EDGE_LOOP('',(#10988));
#10988 = ORIENTED_EDGE('',*,*,#10989,.F.);
#10989 = EDGE_CURVE('',#10990,#10990,#10992,.T.);
#10990 = VERTEX_POINT('',#10991);
#10991 = CARTESIAN_POINT('',(4.95,52.5,0.));
#10992 = CIRCLE('',#10993,1.45);
#10993 = AXIS2_PLACEMENT_3D('',#10994,#10995,#10996);
#10994 = CARTESIAN_POINT('',(3.5,52.5,0.));
#10995 = DIRECTION('',(0.,0.,1.));
#10996 = DIRECTION('',(1.,0.,-0.));
#10997 = PLANE('',#10998);
#10998 = AXIS2_PLACEMENT_3D('',#10999,#11000,#11001);
#10999 = CARTESIAN_POINT('',(3.5,52.5,0.));
#11000 = DIRECTION('',(0.,0.,1.));
#11001 = DIRECTION('',(1.,0.,-0.));
#11002 = ADVANCED_FACE('',(#11003,#11006),#11017,.T.);
#11003 = FACE_BOUND('',#11004,.T.);
#11004 = EDGE_LOOP('',(#11005));
#11005 = ORIENTED_EDGE('',*,*,#10334,.T.);
#11006 = FACE_BOUND('',#11007,.T.);
#11007 = EDGE_LOOP('',(#11008));
#11008 = ORIENTED_EDGE('',*,*,#11009,.F.);
#11009 = EDGE_CURVE('',#11010,#11010,#11012,.T.);
#11010 = VERTEX_POINT('',#11011);
#11011 = CARTESIAN_POINT('',(62.95,52.5,0.));
#11012 = CIRCLE('',#11013,1.45);
#11013 = AXIS2_PLACEMENT_3D('',#11014,#11015,#11016);
#11014 = CARTESIAN_POINT('',(61.5,52.5,0.));
#11015 = DIRECTION('',(0.,0.,1.));
#11016 = DIRECTION('',(1.,0.,-0.));
#11017 = PLANE('',#11018);
#11018 = AXIS2_PLACEMENT_3D('',#11019,#11020,#11021);
#11019 = CARTESIAN_POINT('',(61.5,52.5,0.));
#11020 = DIRECTION('',(0.,0.,1.));
#11021 = DIRECTION('',(1.,0.,-0.));
#11022 = ADVANCED_FACE('',(#11023),#11069,.F.);
#11023 = FACE_BOUND('',#11024,.F.);
#11024 = EDGE_LOOP('',(#11025,#11026,#11034,#11043,#11052,#11061,#11068)
  );
#11025 = ORIENTED_EDGE('',*,*,#10949,.F.);
#11026 = ORIENTED_EDGE('',*,*,#11027,.F.);
#11027 = EDGE_CURVE('',#11028,#10950,#11030,.T.);
#11028 = VERTEX_POINT('',#11029);
#11029 = CARTESIAN_POINT('',(4.95,3.5,-2.9));
#11030 = LINE('',#11031,#11032);
#11031 = CARTESIAN_POINT('',(4.95,3.5,-6.1));
#11032 = VECTOR('',#11033,1.);
#11033 = DIRECTION('',(0.,0.,1.));
#11034 = ORIENTED_EDGE('',*,*,#11035,.T.);
#11035 = EDGE_CURVE('',#11028,#11036,#11038,.T.);
#11036 = VERTEX_POINT('',#11037);
#11037 = CARTESIAN_POINT('',(3.5,4.95,-2.9));
#11038 = CIRCLE('',#11039,1.45);
#11039 = AXIS2_PLACEMENT_3D('',#11040,#11041,#11042);
#11040 = CARTESIAN_POINT('',(3.5,3.5,-2.9));
#11041 = DIRECTION('',(0.,0.,1.));
#11042 = DIRECTION('',(1.,0.,-0.));
#11043 = ORIENTED_EDGE('',*,*,#11044,.T.);
#11044 = EDGE_CURVE('',#11036,#11045,#11047,.T.);
#11045 = VERTEX_POINT('',#11046);
#11046 = CARTESIAN_POINT('',(2.05,3.5,-2.9));
#11047 = CIRCLE('',#11048,1.45);
#11048 = AXIS2_PLACEMENT_3D('',#11049,#11050,#11051);
#11049 = CARTESIAN_POINT('',(3.5,3.5,-2.9));
#11050 = DIRECTION('',(0.,0.,1.));
#11051 = DIRECTION('',(1.,0.,-0.));
#11052 = ORIENTED_EDGE('',*,*,#11053,.T.);
#11053 = EDGE_CURVE('',#11045,#11054,#11056,.T.);
#11054 = VERTEX_POINT('',#11055);
#11055 = CARTESIAN_POINT('',(3.5,2.05,-2.9));
#11056 = CIRCLE('',#11057,1.45);
#11057 = AXIS2_PLACEMENT_3D('',#11058,#11059,#11060);
#11058 = CARTESIAN_POINT('',(3.5,3.5,-2.9));
#11059 = DIRECTION('',(0.,0.,1.));
#11060 = DIRECTION('',(1.,0.,-0.));
#11061 = ORIENTED_EDGE('',*,*,#11062,.T.);
#11062 = EDGE_CURVE('',#11054,#11028,#11063,.T.);
#11063 = CIRCLE('',#11064,1.45);
#11064 = AXIS2_PLACEMENT_3D('',#11065,#11066,#11067);
#11065 = CARTESIAN_POINT('',(3.5,3.5,-2.9));
#11066 = DIRECTION('',(0.,0.,1.));
#11067 = DIRECTION('',(1.,0.,-0.));
#11068 = ORIENTED_EDGE('',*,*,#11027,.T.);
#11069 = CYLINDRICAL_SURFACE('',#11070,1.45);
#11070 = AXIS2_PLACEMENT_3D('',#11071,#11072,#11073);
#11071 = CARTESIAN_POINT('',(3.5,3.5,-6.1));
#11072 = DIRECTION('',(0.,0.,1.));
#11073 = DIRECTION('',(1.,0.,-0.));
#11074 = ADVANCED_FACE('',(#11075),#11121,.F.);
#11075 = FACE_BOUND('',#11076,.F.);
#11076 = EDGE_LOOP('',(#11077,#11078,#11086,#11095,#11104,#11113,#11120)
  );
#11077 = ORIENTED_EDGE('',*,*,#10969,.F.);
#11078 = ORIENTED_EDGE('',*,*,#11079,.F.);
#11079 = EDGE_CURVE('',#11080,#10970,#11082,.T.);
#11080 = VERTEX_POINT('',#11081);
#11081 = CARTESIAN_POINT('',(62.95,3.5,-2.9));
#11082 = LINE('',#11083,#11084);
#11083 = CARTESIAN_POINT('',(62.95,3.5,-6.1));
#11084 = VECTOR('',#11085,1.);
#11085 = DIRECTION('',(0.,0.,1.));
#11086 = ORIENTED_EDGE('',*,*,#11087,.T.);
#11087 = EDGE_CURVE('',#11080,#11088,#11090,.T.);
#11088 = VERTEX_POINT('',#11089);
#11089 = CARTESIAN_POINT('',(61.5,4.95,-2.9));
#11090 = CIRCLE('',#11091,1.45);
#11091 = AXIS2_PLACEMENT_3D('',#11092,#11093,#11094);
#11092 = CARTESIAN_POINT('',(61.5,3.5,-2.9));
#11093 = DIRECTION('',(0.,0.,1.));
#11094 = DIRECTION('',(1.,0.,-0.));
#11095 = ORIENTED_EDGE('',*,*,#11096,.T.);
#11096 = EDGE_CURVE('',#11088,#11097,#11099,.T.);
#11097 = VERTEX_POINT('',#11098);
#11098 = CARTESIAN_POINT('',(60.05,3.5,-2.9));
#11099 = CIRCLE('',#11100,1.45);
#11100 = AXIS2_PLACEMENT_3D('',#11101,#11102,#11103);
#11101 = CARTESIAN_POINT('',(61.5,3.5,-2.9));
#11102 = DIRECTION('',(0.,0.,1.));
#11103 = DIRECTION('',(1.,0.,-0.));
#11104 = ORIENTED_EDGE('',*,*,#11105,.T.);
#11105 = EDGE_CURVE('',#11097,#11106,#11108,.T.);
#11106 = VERTEX_POINT('',#11107);
#11107 = CARTESIAN_POINT('',(61.5,2.05,-2.9));
#11108 = CIRCLE('',#11109,1.45);
#11109 = AXIS2_PLACEMENT_3D('',#11110,#11111,#11112);
#11110 = CARTESIAN_POINT('',(61.5,3.5,-2.9));
#11111 = DIRECTION('',(0.,0.,1.));
#11112 = DIRECTION('',(1.,0.,-0.));
#11113 = ORIENTED_EDGE('',*,*,#11114,.T.);
#11114 = EDGE_CURVE('',#11106,#11080,#11115,.T.);
#11115 = CIRCLE('',#11116,1.45);
#11116 = AXIS2_PLACEMENT_3D('',#11117,#11118,#11119);
#11117 = CARTESIAN_POINT('',(61.5,3.5,-2.9));
#11118 = DIRECTION('',(0.,0.,1.));
#11119 = DIRECTION('',(1.,0.,-0.));
#11120 = ORIENTED_EDGE('',*,*,#11079,.T.);
#11121 = CYLINDRICAL_SURFACE('',#11122,1.45);
#11122 = AXIS2_PLACEMENT_3D('',#11123,#11124,#11125);
#11123 = CARTESIAN_POINT('',(61.5,3.5,-6.1));
#11124 = DIRECTION('',(0.,0.,1.));
#11125 = DIRECTION('',(1.,0.,-0.));
#11126 = ADVANCED_FACE('',(#11127),#11173,.F.);
#11127 = FACE_BOUND('',#11128,.F.);
#11128 = EDGE_LOOP('',(#11129,#11130,#11138,#11147,#11156,#11165,#11172)
  );
#11129 = ORIENTED_EDGE('',*,*,#10989,.F.);
#11130 = ORIENTED_EDGE('',*,*,#11131,.F.);
#11131 = EDGE_CURVE('',#11132,#10990,#11134,.T.);
#11132 = VERTEX_POINT('',#11133);
#11133 = CARTESIAN_POINT('',(4.95,52.5,-2.9));
#11134 = LINE('',#11135,#11136);
#11135 = CARTESIAN_POINT('',(4.95,52.5,-6.1));
#11136 = VECTOR('',#11137,1.);
#11137 = DIRECTION('',(0.,0.,1.));
#11138 = ORIENTED_EDGE('',*,*,#11139,.T.);
#11139 = EDGE_CURVE('',#11132,#11140,#11142,.T.);
#11140 = VERTEX_POINT('',#11141);
#11141 = CARTESIAN_POINT('',(3.5,53.95,-2.9));
#11142 = CIRCLE('',#11143,1.45);
#11143 = AXIS2_PLACEMENT_3D('',#11144,#11145,#11146);
#11144 = CARTESIAN_POINT('',(3.5,52.5,-2.9));
#11145 = DIRECTION('',(0.,0.,1.));
#11146 = DIRECTION('',(1.,0.,-0.));
#11147 = ORIENTED_EDGE('',*,*,#11148,.T.);
#11148 = EDGE_CURVE('',#11140,#11149,#11151,.T.);
#11149 = VERTEX_POINT('',#11150);
#11150 = CARTESIAN_POINT('',(2.05,52.5,-2.9));
#11151 = CIRCLE('',#11152,1.45);
#11152 = AXIS2_PLACEMENT_3D('',#11153,#11154,#11155);
#11153 = CARTESIAN_POINT('',(3.5,52.5,-2.9));
#11154 = DIRECTION('',(0.,0.,1.));
#11155 = DIRECTION('',(1.,0.,-0.));
#11156 = ORIENTED_EDGE('',*,*,#11157,.T.);
#11157 = EDGE_CURVE('',#11149,#11158,#11160,.T.);
#11158 = VERTEX_POINT('',#11159);
#11159 = CARTESIAN_POINT('',(3.5,51.05,-2.9));
#11160 = CIRCLE('',#11161,1.45);
#11161 = AXIS2_PLACEMENT_3D('',#11162,#11163,#11164);
#11162 = CARTESIAN_POINT('',(3.5,52.5,-2.9));
#11163 = DIRECTION('',(0.,0.,1.));
#11164 = DIRECTION('',(1.,0.,-0.));
#11165 = ORIENTED_EDGE('',*,*,#11166,.T.);
#11166 = EDGE_CURVE('',#11158,#11132,#11167,.T.);
#11167 = CIRCLE('',#11168,1.45);
#11168 = AXIS2_PLACEMENT_3D('',#11169,#11170,#11171);
#11169 = CARTESIAN_POINT('',(3.5,52.5,-2.9));
#11170 = DIRECTION('',(0.,0.,1.));
#11171 = DIRECTION('',(1.,0.,-0.));
#11172 = ORIENTED_EDGE('',*,*,#11131,.T.);
#11173 = CYLINDRICAL_SURFACE('',#11174,1.45);
#11174 = AXIS2_PLACEMENT_3D('',#11175,#11176,#11177);
#11175 = CARTESIAN_POINT('',(3.5,52.5,-6.1));
#11176 = DIRECTION('',(0.,0.,1.));
#11177 = DIRECTION('',(1.,0.,-0.));
#11178 = ADVANCED_FACE('',(#11179),#11225,.F.);
#11179 = FACE_BOUND('',#11180,.F.);
#11180 = EDGE_LOOP('',(#11181,#11182,#11190,#11199,#11208,#11217,#11224)
  );
#11181 = ORIENTED_EDGE('',*,*,#11009,.F.);
#11182 = ORIENTED_EDGE('',*,*,#11183,.F.);
#11183 = EDGE_CURVE('',#11184,#11010,#11186,.T.);
#11184 = VERTEX_POINT('',#11185);
#11185 = CARTESIAN_POINT('',(62.95,52.5,-2.9));
#11186 = LINE('',#11187,#11188);
#11187 = CARTESIAN_POINT('',(62.95,52.5,-6.1));
#11188 = VECTOR('',#11189,1.);
#11189 = DIRECTION('',(0.,0.,1.));
#11190 = ORIENTED_EDGE('',*,*,#11191,.T.);
#11191 = EDGE_CURVE('',#11184,#11192,#11194,.T.);
#11192 = VERTEX_POINT('',#11193);
#11193 = CARTESIAN_POINT('',(61.5,53.95,-2.9));
#11194 = CIRCLE('',#11195,1.45);
#11195 = AXIS2_PLACEMENT_3D('',#11196,#11197,#11198);
#11196 = CARTESIAN_POINT('',(61.5,52.5,-2.9));
#11197 = DIRECTION('',(0.,0.,1.));
#11198 = DIRECTION('',(1.,0.,-0.));
#11199 = ORIENTED_EDGE('',*,*,#11200,.T.);
#11200 = EDGE_CURVE('',#11192,#11201,#11203,.T.);
#11201 = VERTEX_POINT('',#11202);
#11202 = CARTESIAN_POINT('',(60.05,52.5,-2.9));
#11203 = CIRCLE('',#11204,1.45);
#11204 = AXIS2_PLACEMENT_3D('',#11205,#11206,#11207);
#11205 = CARTESIAN_POINT('',(61.5,52.5,-2.9));
#11206 = DIRECTION('',(0.,0.,1.));
#11207 = DIRECTION('',(1.,0.,-0.));
#11208 = ORIENTED_EDGE('',*,*,#11209,.T.);
#11209 = EDGE_CURVE('',#11201,#11210,#11212,.T.);
#11210 = VERTEX_POINT('',#11211);
#11211 = CARTESIAN_POINT('',(61.5,51.05,-2.9));
#11212 = CIRCLE('',#11213,1.45);
#11213 = AXIS2_PLACEMENT_3D('',#11214,#11215,#11216);
#11214 = CARTESIAN_POINT('',(61.5,52.5,-2.9));
#11215 = DIRECTION('',(0.,0.,1.));
#11216 = DIRECTION('',(1.,0.,-0.));
#11217 = ORIENTED_EDGE('',*,*,#11218,.T.);
#11218 = EDGE_CURVE('',#11210,#11184,#11219,.T.);
#11219 = CIRCLE('',#11220,1.45);
#11220 = AXIS2_PLACEMENT_3D('',#11221,#11222,#11223);
#11221 = CARTESIAN_POINT('',(61.5,52.5,-2.9));
#11222 = DIRECTION('',(0.,0.,1.));
#11223 = DIRECTION('',(1.,0.,-0.));
#11224 = ORIENTED_EDGE('',*,*,#11183,.T.);
#11225 = CYLINDRICAL_SURFACE('',#11226,1.45);
#11226 = AXIS2_PLACEMENT_3D('',#11227,#11228,#11229);
#11227 = CARTESIAN_POINT('',(61.5,52.5,-6.1));
#11228 = DIRECTION('',(0.,0.,1.));
#11229 = DIRECTION('',(1.,0.,-0.));
#11230 = ADVANCED_FACE('',(#11231),#11248,.F.);
#11231 = FACE_BOUND('',#11232,.F.);
#11232 = EDGE_LOOP('',(#11233,#11241,#11242));
#11233 = ORIENTED_EDGE('',*,*,#11234,.F.);
#11234 = EDGE_CURVE('',#11036,#11235,#11237,.T.);
#11235 = VERTEX_POINT('',#11236);
#11236 = CARTESIAN_POINT('',(4.95,4.95,-2.9));
#11237 = LINE('',#11238,#11239);
#11238 = CARTESIAN_POINT('',(2.05,4.95,-2.9));
#11239 = VECTOR('',#11240,1.);
#11240 = DIRECTION('',(1.,0.,-0.));
#11241 = ORIENTED_EDGE('',*,*,#11035,.F.);
#11242 = ORIENTED_EDGE('',*,*,#11243,.T.);
#11243 = EDGE_CURVE('',#11028,#11235,#11244,.T.);
#11244 = LINE('',#11245,#11246);
#11245 = CARTESIAN_POINT('',(4.95,2.05,-2.9));
#11246 = VECTOR('',#11247,1.);
#11247 = DIRECTION('',(-0.,1.,0.));
#11248 = PLANE('',#11249);
#11249 = AXIS2_PLACEMENT_3D('',#11250,#11251,#11252);
#11250 = CARTESIAN_POINT('',(2.05,2.05,-2.9));
#11251 = DIRECTION('',(0.,0.,1.));
#11252 = DIRECTION('',(1.,0.,-0.));
#11253 = ADVANCED_FACE('',(#11254),#11271,.F.);
#11254 = FACE_BOUND('',#11255,.F.);
#11255 = EDGE_LOOP('',(#11256,#11264,#11265));
#11256 = ORIENTED_EDGE('',*,*,#11257,.F.);
#11257 = EDGE_CURVE('',#11045,#11258,#11260,.T.);
#11258 = VERTEX_POINT('',#11259);
#11259 = CARTESIAN_POINT('',(2.05,4.95,-2.9));
#11260 = LINE('',#11261,#11262);
#11261 = CARTESIAN_POINT('',(2.05,2.05,-2.9));
#11262 = VECTOR('',#11263,1.);
#11263 = DIRECTION('',(-0.,1.,0.));
#11264 = ORIENTED_EDGE('',*,*,#11044,.F.);
#11265 = ORIENTED_EDGE('',*,*,#11266,.F.);
#11266 = EDGE_CURVE('',#11258,#11036,#11267,.T.);
#11267 = LINE('',#11268,#11269);
#11268 = CARTESIAN_POINT('',(2.05,4.95,-2.9));
#11269 = VECTOR('',#11270,1.);
#11270 = DIRECTION('',(1.,0.,-0.));
#11271 = PLANE('',#11272);
#11272 = AXIS2_PLACEMENT_3D('',#11273,#11274,#11275);
#11273 = CARTESIAN_POINT('',(2.05,2.05,-2.9));
#11274 = DIRECTION('',(0.,0.,1.));
#11275 = DIRECTION('',(1.,0.,-0.));
#11276 = ADVANCED_FACE('',(#11277),#11294,.F.);
#11277 = FACE_BOUND('',#11278,.F.);
#11278 = EDGE_LOOP('',(#11279,#11287,#11293));
#11279 = ORIENTED_EDGE('',*,*,#11280,.F.);
#11280 = EDGE_CURVE('',#11281,#11045,#11283,.T.);
#11281 = VERTEX_POINT('',#11282);
#11282 = CARTESIAN_POINT('',(2.05,2.05,-2.9));
#11283 = LINE('',#11284,#11285);
#11284 = CARTESIAN_POINT('',(2.05,2.05,-2.9));
#11285 = VECTOR('',#11286,1.);
#11286 = DIRECTION('',(-0.,1.,0.));
#11287 = ORIENTED_EDGE('',*,*,#11288,.T.);
#11288 = EDGE_CURVE('',#11281,#11054,#11289,.T.);
#11289 = LINE('',#11290,#11291);
#11290 = CARTESIAN_POINT('',(2.05,2.05,-2.9));
#11291 = VECTOR('',#11292,1.);
#11292 = DIRECTION('',(1.,0.,-0.));
#11293 = ORIENTED_EDGE('',*,*,#11053,.F.);
#11294 = PLANE('',#11295);
#11295 = AXIS2_PLACEMENT_3D('',#11296,#11297,#11298);
#11296 = CARTESIAN_POINT('',(2.05,2.05,-2.9));
#11297 = DIRECTION('',(0.,0.,1.));
#11298 = DIRECTION('',(1.,0.,-0.));
#11299 = ADVANCED_FACE('',(#11300),#11317,.F.);
#11300 = FACE_BOUND('',#11301,.F.);
#11301 = EDGE_LOOP('',(#11302,#11303,#11311));
#11302 = ORIENTED_EDGE('',*,*,#11062,.F.);
#11303 = ORIENTED_EDGE('',*,*,#11304,.T.);
#11304 = EDGE_CURVE('',#11054,#11305,#11307,.T.);
#11305 = VERTEX_POINT('',#11306);
#11306 = CARTESIAN_POINT('',(4.95,2.05,-2.9));
#11307 = LINE('',#11308,#11309);
#11308 = CARTESIAN_POINT('',(2.05,2.05,-2.9));
#11309 = VECTOR('',#11310,1.);
#11310 = DIRECTION('',(1.,0.,-0.));
#11311 = ORIENTED_EDGE('',*,*,#11312,.T.);
#11312 = EDGE_CURVE('',#11305,#11028,#11313,.T.);
#11313 = LINE('',#11314,#11315);
#11314 = CARTESIAN_POINT('',(4.95,2.05,-2.9));
#11315 = VECTOR('',#11316,1.);
#11316 = DIRECTION('',(-0.,1.,0.));
#11317 = PLANE('',#11318);
#11318 = AXIS2_PLACEMENT_3D('',#11319,#11320,#11321);
#11319 = CARTESIAN_POINT('',(2.05,2.05,-2.9));
#11320 = DIRECTION('',(0.,0.,1.));
#11321 = DIRECTION('',(1.,0.,-0.));
#11322 = ADVANCED_FACE('',(#11323),#11340,.F.);
#11323 = FACE_BOUND('',#11324,.F.);
#11324 = EDGE_LOOP('',(#11325,#11333,#11334));
#11325 = ORIENTED_EDGE('',*,*,#11326,.F.);
#11326 = EDGE_CURVE('',#11088,#11327,#11329,.T.);
#11327 = VERTEX_POINT('',#11328);
#11328 = CARTESIAN_POINT('',(62.95,4.95,-2.9));
#11329 = LINE('',#11330,#11331);
#11330 = CARTESIAN_POINT('',(60.05,4.95,-2.9));
#11331 = VECTOR('',#11332,1.);
#11332 = DIRECTION('',(1.,0.,-0.));
#11333 = ORIENTED_EDGE('',*,*,#11087,.F.);
#11334 = ORIENTED_EDGE('',*,*,#11335,.T.);
#11335 = EDGE_CURVE('',#11080,#11327,#11336,.T.);
#11336 = LINE('',#11337,#11338);
#11337 = CARTESIAN_POINT('',(62.95,2.05,-2.9));
#11338 = VECTOR('',#11339,1.);
#11339 = DIRECTION('',(-0.,1.,0.));
#11340 = PLANE('',#11341);
#11341 = AXIS2_PLACEMENT_3D('',#11342,#11343,#11344);
#11342 = CARTESIAN_POINT('',(60.05,2.05,-2.9));
#11343 = DIRECTION('',(0.,0.,1.));
#11344 = DIRECTION('',(1.,0.,-0.));
#11345 = ADVANCED_FACE('',(#11346),#11363,.F.);
#11346 = FACE_BOUND('',#11347,.F.);
#11347 = EDGE_LOOP('',(#11348,#11356,#11357));
#11348 = ORIENTED_EDGE('',*,*,#11349,.F.);
#11349 = EDGE_CURVE('',#11097,#11350,#11352,.T.);
#11350 = VERTEX_POINT('',#11351);
#11351 = CARTESIAN_POINT('',(60.05,4.95,-2.9));
#11352 = LINE('',#11353,#11354);
#11353 = CARTESIAN_POINT('',(60.05,2.05,-2.9));
#11354 = VECTOR('',#11355,1.);
#11355 = DIRECTION('',(-0.,1.,0.));
#11356 = ORIENTED_EDGE('',*,*,#11096,.F.);
#11357 = ORIENTED_EDGE('',*,*,#11358,.F.);
#11358 = EDGE_CURVE('',#11350,#11088,#11359,.T.);
#11359 = LINE('',#11360,#11361);
#11360 = CARTESIAN_POINT('',(60.05,4.95,-2.9));
#11361 = VECTOR('',#11362,1.);
#11362 = DIRECTION('',(1.,0.,-0.));
#11363 = PLANE('',#11364);
#11364 = AXIS2_PLACEMENT_3D('',#11365,#11366,#11367);
#11365 = CARTESIAN_POINT('',(60.05,2.05,-2.9));
#11366 = DIRECTION('',(0.,0.,1.));
#11367 = DIRECTION('',(1.,0.,-0.));
#11368 = ADVANCED_FACE('',(#11369),#11386,.F.);
#11369 = FACE_BOUND('',#11370,.F.);
#11370 = EDGE_LOOP('',(#11371,#11379,#11385));
#11371 = ORIENTED_EDGE('',*,*,#11372,.F.);
#11372 = EDGE_CURVE('',#11373,#11097,#11375,.T.);
#11373 = VERTEX_POINT('',#11374);
#11374 = CARTESIAN_POINT('',(60.05,2.05,-2.9));
#11375 = LINE('',#11376,#11377);
#11376 = CARTESIAN_POINT('',(60.05,2.05,-2.9));
#11377 = VECTOR('',#11378,1.);
#11378 = DIRECTION('',(-0.,1.,0.));
#11379 = ORIENTED_EDGE('',*,*,#11380,.T.);
#11380 = EDGE_CURVE('',#11373,#11106,#11381,.T.);
#11381 = LINE('',#11382,#11383);
#11382 = CARTESIAN_POINT('',(60.05,2.05,-2.9));
#11383 = VECTOR('',#11384,1.);
#11384 = DIRECTION('',(1.,0.,-0.));
#11385 = ORIENTED_EDGE('',*,*,#11105,.F.);
#11386 = PLANE('',#11387);
#11387 = AXIS2_PLACEMENT_3D('',#11388,#11389,#11390);
#11388 = CARTESIAN_POINT('',(60.05,2.05,-2.9));
#11389 = DIRECTION('',(0.,0.,1.));
#11390 = DIRECTION('',(1.,0.,-0.));
#11391 = ADVANCED_FACE('',(#11392),#11409,.F.);
#11392 = FACE_BOUND('',#11393,.F.);
#11393 = EDGE_LOOP('',(#11394,#11395,#11403));
#11394 = ORIENTED_EDGE('',*,*,#11114,.F.);
#11395 = ORIENTED_EDGE('',*,*,#11396,.T.);
#11396 = EDGE_CURVE('',#11106,#11397,#11399,.T.);
#11397 = VERTEX_POINT('',#11398);
#11398 = CARTESIAN_POINT('',(62.95,2.05,-2.9));
#11399 = LINE('',#11400,#11401);
#11400 = CARTESIAN_POINT('',(60.05,2.05,-2.9));
#11401 = VECTOR('',#11402,1.);
#11402 = DIRECTION('',(1.,0.,-0.));
#11403 = ORIENTED_EDGE('',*,*,#11404,.T.);
#11404 = EDGE_CURVE('',#11397,#11080,#11405,.T.);
#11405 = LINE('',#11406,#11407);
#11406 = CARTESIAN_POINT('',(62.95,2.05,-2.9));
#11407 = VECTOR('',#11408,1.);
#11408 = DIRECTION('',(-0.,1.,0.));
#11409 = PLANE('',#11410);
#11410 = AXIS2_PLACEMENT_3D('',#11411,#11412,#11413);
#11411 = CARTESIAN_POINT('',(60.05,2.05,-2.9));
#11412 = DIRECTION('',(0.,0.,1.));
#11413 = DIRECTION('',(1.,0.,-0.));
#11414 = ADVANCED_FACE('',(#11415),#11432,.F.);
#11415 = FACE_BOUND('',#11416,.F.);
#11416 = EDGE_LOOP('',(#11417,#11425,#11426));
#11417 = ORIENTED_EDGE('',*,*,#11418,.F.);
#11418 = EDGE_CURVE('',#11140,#11419,#11421,.T.);
#11419 = VERTEX_POINT('',#11420);
#11420 = CARTESIAN_POINT('',(4.95,53.95,-2.9));
#11421 = LINE('',#11422,#11423);
#11422 = CARTESIAN_POINT('',(2.05,53.95,-2.9));
#11423 = VECTOR('',#11424,1.);
#11424 = DIRECTION('',(1.,0.,-0.));
#11425 = ORIENTED_EDGE('',*,*,#11139,.F.);
#11426 = ORIENTED_EDGE('',*,*,#11427,.T.);
#11427 = EDGE_CURVE('',#11132,#11419,#11428,.T.);
#11428 = LINE('',#11429,#11430);
#11429 = CARTESIAN_POINT('',(4.95,51.05,-2.9));
#11430 = VECTOR('',#11431,1.);
#11431 = DIRECTION('',(-0.,1.,0.));
#11432 = PLANE('',#11433);
#11433 = AXIS2_PLACEMENT_3D('',#11434,#11435,#11436);
#11434 = CARTESIAN_POINT('',(2.05,51.05,-2.9));
#11435 = DIRECTION('',(0.,0.,1.));
#11436 = DIRECTION('',(1.,0.,-0.));
#11437 = ADVANCED_FACE('',(#11438),#11455,.F.);
#11438 = FACE_BOUND('',#11439,.F.);
#11439 = EDGE_LOOP('',(#11440,#11448,#11449));
#11440 = ORIENTED_EDGE('',*,*,#11441,.F.);
#11441 = EDGE_CURVE('',#11149,#11442,#11444,.T.);
#11442 = VERTEX_POINT('',#11443);
#11443 = CARTESIAN_POINT('',(2.05,53.95,-2.9));
#11444 = LINE('',#11445,#11446);
#11445 = CARTESIAN_POINT('',(2.05,51.05,-2.9));
#11446 = VECTOR('',#11447,1.);
#11447 = DIRECTION('',(-0.,1.,0.));
#11448 = ORIENTED_EDGE('',*,*,#11148,.F.);
#11449 = ORIENTED_EDGE('',*,*,#11450,.F.);
#11450 = EDGE_CURVE('',#11442,#11140,#11451,.T.);
#11451 = LINE('',#11452,#11453);
#11452 = CARTESIAN_POINT('',(2.05,53.95,-2.9));
#11453 = VECTOR('',#11454,1.);
#11454 = DIRECTION('',(1.,0.,-0.));
#11455 = PLANE('',#11456);
#11456 = AXIS2_PLACEMENT_3D('',#11457,#11458,#11459);
#11457 = CARTESIAN_POINT('',(2.05,51.05,-2.9));
#11458 = DIRECTION('',(0.,0.,1.));
#11459 = DIRECTION('',(1.,0.,-0.));
#11460 = ADVANCED_FACE('',(#11461),#11478,.F.);
#11461 = FACE_BOUND('',#11462,.F.);
#11462 = EDGE_LOOP('',(#11463,#11471,#11477));
#11463 = ORIENTED_EDGE('',*,*,#11464,.F.);
#11464 = EDGE_CURVE('',#11465,#11149,#11467,.T.);
#11465 = VERTEX_POINT('',#11466);
#11466 = CARTESIAN_POINT('',(2.05,51.05,-2.9));
#11467 = LINE('',#11468,#11469);
#11468 = CARTESIAN_POINT('',(2.05,51.05,-2.9));
#11469 = VECTOR('',#11470,1.);
#11470 = DIRECTION('',(-0.,1.,0.));
#11471 = ORIENTED_EDGE('',*,*,#11472,.T.);
#11472 = EDGE_CURVE('',#11465,#11158,#11473,.T.);
#11473 = LINE('',#11474,#11475);
#11474 = CARTESIAN_POINT('',(2.05,51.05,-2.9));
#11475 = VECTOR('',#11476,1.);
#11476 = DIRECTION('',(1.,0.,-0.));
#11477 = ORIENTED_EDGE('',*,*,#11157,.F.);
#11478 = PLANE('',#11479);
#11479 = AXIS2_PLACEMENT_3D('',#11480,#11481,#11482);
#11480 = CARTESIAN_POINT('',(2.05,51.05,-2.9));
#11481 = DIRECTION('',(0.,0.,1.));
#11482 = DIRECTION('',(1.,0.,-0.));
#11483 = ADVANCED_FACE('',(#11484),#11501,.F.);
#11484 = FACE_BOUND('',#11485,.F.);
#11485 = EDGE_LOOP('',(#11486,#11487,#11495));
#11486 = ORIENTED_EDGE('',*,*,#11166,.F.);
#11487 = ORIENTED_EDGE('',*,*,#11488,.T.);
#11488 = EDGE_CURVE('',#11158,#11489,#11491,.T.);
#11489 = VERTEX_POINT('',#11490);
#11490 = CARTESIAN_POINT('',(4.95,51.05,-2.9));
#11491 = LINE('',#11492,#11493);
#11492 = CARTESIAN_POINT('',(2.05,51.05,-2.9));
#11493 = VECTOR('',#11494,1.);
#11494 = DIRECTION('',(1.,0.,-0.));
#11495 = ORIENTED_EDGE('',*,*,#11496,.T.);
#11496 = EDGE_CURVE('',#11489,#11132,#11497,.T.);
#11497 = LINE('',#11498,#11499);
#11498 = CARTESIAN_POINT('',(4.95,51.05,-2.9));
#11499 = VECTOR('',#11500,1.);
#11500 = DIRECTION('',(-0.,1.,0.));
#11501 = PLANE('',#11502);
#11502 = AXIS2_PLACEMENT_3D('',#11503,#11504,#11505);
#11503 = CARTESIAN_POINT('',(2.05,51.05,-2.9));
#11504 = DIRECTION('',(0.,0.,1.));
#11505 = DIRECTION('',(1.,0.,-0.));
#11506 = ADVANCED_FACE('',(#11507),#11524,.F.);
#11507 = FACE_BOUND('',#11508,.F.);
#11508 = EDGE_LOOP('',(#11509,#11517,#11518));
#11509 = ORIENTED_EDGE('',*,*,#11510,.F.);
#11510 = EDGE_CURVE('',#11192,#11511,#11513,.T.);
#11511 = VERTEX_POINT('',#11512);
#11512 = CARTESIAN_POINT('',(62.95,53.95,-2.9));
#11513 = LINE('',#11514,#11515);
#11514 = CARTESIAN_POINT('',(60.05,53.95,-2.9));
#11515 = VECTOR('',#11516,1.);
#11516 = DIRECTION('',(1.,0.,-0.));
#11517 = ORIENTED_EDGE('',*,*,#11191,.F.);
#11518 = ORIENTED_EDGE('',*,*,#11519,.T.);
#11519 = EDGE_CURVE('',#11184,#11511,#11520,.T.);
#11520 = LINE('',#11521,#11522);
#11521 = CARTESIAN_POINT('',(62.95,51.05,-2.9));
#11522 = VECTOR('',#11523,1.);
#11523 = DIRECTION('',(-0.,1.,0.));
#11524 = PLANE('',#11525);
#11525 = AXIS2_PLACEMENT_3D('',#11526,#11527,#11528);
#11526 = CARTESIAN_POINT('',(60.05,51.05,-2.9));
#11527 = DIRECTION('',(0.,0.,1.));
#11528 = DIRECTION('',(1.,0.,-0.));
#11529 = ADVANCED_FACE('',(#11530),#11547,.F.);
#11530 = FACE_BOUND('',#11531,.F.);
#11531 = EDGE_LOOP('',(#11532,#11540,#11541));
#11532 = ORIENTED_EDGE('',*,*,#11533,.F.);
#11533 = EDGE_CURVE('',#11201,#11534,#11536,.T.);
#11534 = VERTEX_POINT('',#11535);
#11535 = CARTESIAN_POINT('',(60.05,53.95,-2.9));
#11536 = LINE('',#11537,#11538);
#11537 = CARTESIAN_POINT('',(60.05,51.05,-2.9));
#11538 = VECTOR('',#11539,1.);
#11539 = DIRECTION('',(-0.,1.,0.));
#11540 = ORIENTED_EDGE('',*,*,#11200,.F.);
#11541 = ORIENTED_EDGE('',*,*,#11542,.F.);
#11542 = EDGE_CURVE('',#11534,#11192,#11543,.T.);
#11543 = LINE('',#11544,#11545);
#11544 = CARTESIAN_POINT('',(60.05,53.95,-2.9));
#11545 = VECTOR('',#11546,1.);
#11546 = DIRECTION('',(1.,0.,-0.));
#11547 = PLANE('',#11548);
#11548 = AXIS2_PLACEMENT_3D('',#11549,#11550,#11551);
#11549 = CARTESIAN_POINT('',(60.05,51.05,-2.9));
#11550 = DIRECTION('',(0.,0.,1.));
#11551 = DIRECTION('',(1.,0.,-0.));
#11552 = ADVANCED_FACE('',(#11553),#11570,.F.);
#11553 = FACE_BOUND('',#11554,.F.);
#11554 = EDGE_LOOP('',(#11555,#11563,#11569));
#11555 = ORIENTED_EDGE('',*,*,#11556,.F.);
#11556 = EDGE_CURVE('',#11557,#11201,#11559,.T.);
#11557 = VERTEX_POINT('',#11558);
#11558 = CARTESIAN_POINT('',(60.05,51.05,-2.9));
#11559 = LINE('',#11560,#11561);
#11560 = CARTESIAN_POINT('',(60.05,51.05,-2.9));
#11561 = VECTOR('',#11562,1.);
#11562 = DIRECTION('',(-0.,1.,0.));
#11563 = ORIENTED_EDGE('',*,*,#11564,.T.);
#11564 = EDGE_CURVE('',#11557,#11210,#11565,.T.);
#11565 = LINE('',#11566,#11567);
#11566 = CARTESIAN_POINT('',(60.05,51.05,-2.9));
#11567 = VECTOR('',#11568,1.);
#11568 = DIRECTION('',(1.,0.,-0.));
#11569 = ORIENTED_EDGE('',*,*,#11209,.F.);
#11570 = PLANE('',#11571);
#11571 = AXIS2_PLACEMENT_3D('',#11572,#11573,#11574);
#11572 = CARTESIAN_POINT('',(60.05,51.05,-2.9));
#11573 = DIRECTION('',(0.,0.,1.));
#11574 = DIRECTION('',(1.,0.,-0.));
#11575 = ADVANCED_FACE('',(#11576),#11593,.F.);
#11576 = FACE_BOUND('',#11577,.F.);
#11577 = EDGE_LOOP('',(#11578,#11579,#11587));
#11578 = ORIENTED_EDGE('',*,*,#11218,.F.);
#11579 = ORIENTED_EDGE('',*,*,#11580,.T.);
#11580 = EDGE_CURVE('',#11210,#11581,#11583,.T.);
#11581 = VERTEX_POINT('',#11582);
#11582 = CARTESIAN_POINT('',(62.95,51.05,-2.9));
#11583 = LINE('',#11584,#11585);
#11584 = CARTESIAN_POINT('',(60.05,51.05,-2.9));
#11585 = VECTOR('',#11586,1.);
#11586 = DIRECTION('',(1.,0.,-0.));
#11587 = ORIENTED_EDGE('',*,*,#11588,.T.);
#11588 = EDGE_CURVE('',#11581,#11184,#11589,.T.);
#11589 = LINE('',#11590,#11591);
#11590 = CARTESIAN_POINT('',(62.95,51.05,-2.9));
#11591 = VECTOR('',#11592,1.);
#11592 = DIRECTION('',(-0.,1.,0.));
#11593 = PLANE('',#11594);
#11594 = AXIS2_PLACEMENT_3D('',#11595,#11596,#11597);
#11595 = CARTESIAN_POINT('',(60.05,51.05,-2.9));
#11596 = DIRECTION('',(0.,0.,1.));
#11597 = DIRECTION('',(1.,0.,-0.));
#11598 = ADVANCED_FACE('',(#11599,#11609,#11623),#11657,.T.);
#11599 = FACE_BOUND('',#11600,.T.);
#11600 = EDGE_LOOP('',(#11601,#11602,#11603,#11604,#11605,#11606,#11607,
    #11608));
#11601 = ORIENTED_EDGE('',*,*,#47,.F.);
#11602 = ORIENTED_EDGE('',*,*,#795,.T.);
#11603 = ORIENTED_EDGE('',*,*,#2901,.T.);
#11604 = ORIENTED_EDGE('',*,*,#4176,.F.);
#11605 = ORIENTED_EDGE('',*,*,#4232,.T.);
#11606 = ORIENTED_EDGE('',*,*,#4209,.T.);
#11607 = ORIENTED_EDGE('',*,*,#4101,.F.);
#11608 = ORIENTED_EDGE('',*,*,#859,.F.);
#11609 = FACE_BOUND('',#11610,.T.);
#11610 = EDGE_LOOP('',(#11611,#11612,#11613,#11614,#11615,#11616,#11617,
    #11618,#11619,#11620,#11621,#11622));
#11611 = ORIENTED_EDGE('',*,*,#4540,.F.);
#11612 = ORIENTED_EDGE('',*,*,#5615,.T.);
#11613 = ORIENTED_EDGE('',*,*,#5841,.F.);
#11614 = ORIENTED_EDGE('',*,*,#5810,.F.);
#11615 = ORIENTED_EDGE('',*,*,#9592,.F.);
#11616 = ORIENTED_EDGE('',*,*,#10210,.T.);
#11617 = ORIENTED_EDGE('',*,*,#9568,.T.);
#11618 = ORIENTED_EDGE('',*,*,#5600,.F.);
#11619 = ORIENTED_EDGE('',*,*,#5569,.F.);
#11620 = ORIENTED_EDGE('',*,*,#5260,.F.);
#11621 = ORIENTED_EDGE('',*,*,#5245,.F.);
#11622 = ORIENTED_EDGE('',*,*,#4587,.T.);
#11623 = FACE_BOUND('',#11624,.T.);
#11624 = EDGE_LOOP('',(#11625,#11635,#11643,#11651));
#11625 = ORIENTED_EDGE('',*,*,#11626,.F.);
#11626 = EDGE_CURVE('',#11627,#11629,#11631,.T.);
#11627 = VERTEX_POINT('',#11628);
#11628 = CARTESIAN_POINT('',(48.23,63.5,21.35));
#11629 = VERTEX_POINT('',#11630);
#11630 = CARTESIAN_POINT('',(36.77,63.5,21.35));
#11631 = LINE('',#11632,#11633);
#11632 = CARTESIAN_POINT('',(-2.,63.5,21.35));
#11633 = VECTOR('',#11634,1.);
#11634 = DIRECTION('',(-1.,-0.,0.));
#11635 = ORIENTED_EDGE('',*,*,#11636,.F.);
#11636 = EDGE_CURVE('',#11637,#11627,#11639,.T.);
#11637 = VERTEX_POINT('',#11638);
#11638 = CARTESIAN_POINT('',(48.23,57.6,21.35));
#11639 = LINE('',#11640,#11641);
#11640 = CARTESIAN_POINT('',(48.23,57.,21.35));
#11641 = VECTOR('',#11642,1.);
#11642 = DIRECTION('',(-0.,1.,0.));
#11643 = ORIENTED_EDGE('',*,*,#11644,.T.);
#11644 = EDGE_CURVE('',#11637,#11645,#11647,.T.);
#11645 = VERTEX_POINT('',#11646);
#11646 = CARTESIAN_POINT('',(36.77,57.6,21.35));
#11647 = LINE('',#11648,#11649);
#11648 = CARTESIAN_POINT('',(35.785,57.6,21.35));
#11649 = VECTOR('',#11650,1.);
#11650 = DIRECTION('',(-1.,-0.,0.));
#11651 = ORIENTED_EDGE('',*,*,#11652,.T.);
#11652 = EDGE_CURVE('',#11645,#11629,#11653,.T.);
#11653 = LINE('',#11654,#11655);
#11654 = CARTESIAN_POINT('',(36.77,57.,21.35));
#11655 = VECTOR('',#11656,1.);
#11656 = DIRECTION('',(-0.,1.,0.));
#11657 = PLANE('',#11658);
#11658 = AXIS2_PLACEMENT_3D('',#11659,#11660,#11661);
#11659 = CARTESIAN_POINT('',(-3.,-4.,21.35));
#11660 = DIRECTION('',(0.,0.,1.));
#11661 = DIRECTION('',(1.,0.,-0.));
#11662 = ADVANCED_FACE('',(#11663,#11696),#11703,.T.);
#11663 = FACE_BOUND('',#11664,.T.);
#11664 = EDGE_LOOP('',(#11665,#11666,#11674,#11682,#11690));
#11665 = ORIENTED_EDGE('',*,*,#11626,.T.);
#11666 = ORIENTED_EDGE('',*,*,#11667,.F.);
#11667 = EDGE_CURVE('',#11668,#11629,#11670,.T.);
#11668 = VERTEX_POINT('',#11669);
#11669 = CARTESIAN_POINT('',(36.77,63.5,6.691782957543));
#11670 = LINE('',#11671,#11672);
#11671 = CARTESIAN_POINT('',(36.77,63.5,10.));
#11672 = VECTOR('',#11673,1.);
#11673 = DIRECTION('',(0.,0.,1.));
#11674 = ORIENTED_EDGE('',*,*,#11675,.T.);
#11675 = EDGE_CURVE('',#11668,#11676,#11678,.T.);
#11676 = VERTEX_POINT('',#11677);
#11677 = CARTESIAN_POINT('',(42.5,63.5,3.383565915087));
#11678 = LINE('',#11679,#11680);
#11679 = CARTESIAN_POINT('',(36.77,63.5,6.691782957543));
#11680 = VECTOR('',#11681,1.);
#11681 = DIRECTION('',(0.866025403784,0.,-0.5));
#11682 = ORIENTED_EDGE('',*,*,#11683,.T.);
#11683 = EDGE_CURVE('',#11676,#11684,#11686,.T.);
#11684 = VERTEX_POINT('',#11685);
#11685 = CARTESIAN_POINT('',(48.23,63.5,6.691782957543));
#11686 = LINE('',#11687,#11688);
#11687 = CARTESIAN_POINT('',(42.5,63.5,3.383565915087));
#11688 = VECTOR('',#11689,1.);
#11689 = DIRECTION('',(0.866025403784,0.,0.5));
#11690 = ORIENTED_EDGE('',*,*,#11691,.T.);
#11691 = EDGE_CURVE('',#11684,#11627,#11692,.T.);
#11692 = LINE('',#11693,#11694);
#11693 = CARTESIAN_POINT('',(48.23,63.5,6.691782957543));
#11694 = VECTOR('',#11695,1.);
#11695 = DIRECTION('',(0.,0.,1.));
#11696 = FACE_BOUND('',#11697,.T.);
#11697 = EDGE_LOOP('',(#11698,#11699,#11700,#11701,#11702));
#11698 = ORIENTED_EDGE('',*,*,#10173,.T.);
#11699 = ORIENTED_EDGE('',*,*,#10182,.T.);
#11700 = ORIENTED_EDGE('',*,*,#10191,.T.);
#11701 = ORIENTED_EDGE('',*,*,#8836,.T.);
#11702 = ORIENTED_EDGE('',*,*,#8868,.T.);
#11703 = PLANE('',#11704);
#11704 = AXIS2_PLACEMENT_3D('',#11705,#11706,#11707);
#11705 = CARTESIAN_POINT('',(42.5,63.5,13.375037121203));
#11706 = DIRECTION('',(-0.,-1.,-0.));
#11707 = DIRECTION('',(0.,0.,-1.));
#11708 = ADVANCED_FACE('',(#11709),#11734,.F.);
#11709 = FACE_BOUND('',#11710,.F.);
#11710 = EDGE_LOOP('',(#11711,#11719,#11720,#11728));
#11711 = ORIENTED_EDGE('',*,*,#11712,.T.);
#11712 = EDGE_CURVE('',#11713,#11676,#11715,.T.);
#11713 = VERTEX_POINT('',#11714);
#11714 = CARTESIAN_POINT('',(42.5,57.6,3.383565915087));
#11715 = LINE('',#11716,#11717);
#11716 = CARTESIAN_POINT('',(42.5,57.6,3.383565915087));
#11717 = VECTOR('',#11718,1.);
#11718 = DIRECTION('',(0.,1.,0.));
#11719 = ORIENTED_EDGE('',*,*,#11683,.T.);
#11720 = ORIENTED_EDGE('',*,*,#11721,.F.);
#11721 = EDGE_CURVE('',#11722,#11684,#11724,.T.);
#11722 = VERTEX_POINT('',#11723);
#11723 = CARTESIAN_POINT('',(48.23,57.6,6.691782957543));
#11724 = LINE('',#11725,#11726);
#11725 = CARTESIAN_POINT('',(48.23,57.6,6.691782957543));
#11726 = VECTOR('',#11727,1.);
#11727 = DIRECTION('',(0.,1.,0.));
#11728 = ORIENTED_EDGE('',*,*,#11729,.F.);
#11729 = EDGE_CURVE('',#11713,#11722,#11730,.T.);
#11730 = LINE('',#11731,#11732);
#11731 = CARTESIAN_POINT('',(42.5,57.6,3.383565915087));
#11732 = VECTOR('',#11733,1.);
#11733 = DIRECTION('',(0.866025403784,0.,0.5));
#11734 = PLANE('',#11735);
#11735 = AXIS2_PLACEMENT_3D('',#11736,#11737,#11738);
#11736 = CARTESIAN_POINT('',(42.5,57.6,3.383565915087));
#11737 = DIRECTION('',(0.5,0.,-0.866025403784));
#11738 = DIRECTION('',(0.866025403784,0.,0.5));
#11739 = ADVANCED_FACE('',(#11740),#11758,.F.);
#11740 = FACE_BOUND('',#11741,.F.);
#11741 = EDGE_LOOP('',(#11742,#11750,#11751,#11752));
#11742 = ORIENTED_EDGE('',*,*,#11743,.T.);
#11743 = EDGE_CURVE('',#11744,#11668,#11746,.T.);
#11744 = VERTEX_POINT('',#11745);
#11745 = CARTESIAN_POINT('',(36.77,57.6,6.691782957543));
#11746 = LINE('',#11747,#11748);
#11747 = CARTESIAN_POINT('',(36.77,57.6,6.691782957543));
#11748 = VECTOR('',#11749,1.);
#11749 = DIRECTION('',(0.,1.,0.));
#11750 = ORIENTED_EDGE('',*,*,#11675,.T.);
#11751 = ORIENTED_EDGE('',*,*,#11712,.F.);
#11752 = ORIENTED_EDGE('',*,*,#11753,.F.);
#11753 = EDGE_CURVE('',#11744,#11713,#11754,.T.);
#11754 = LINE('',#11755,#11756);
#11755 = CARTESIAN_POINT('',(36.77,57.6,6.691782957543));
#11756 = VECTOR('',#11757,1.);
#11757 = DIRECTION('',(0.866025403784,0.,-0.5));
#11758 = PLANE('',#11759);
#11759 = AXIS2_PLACEMENT_3D('',#11760,#11761,#11762);
#11760 = CARTESIAN_POINT('',(36.77,57.6,6.691782957543));
#11761 = DIRECTION('',(-0.5,0.,-0.866025403784));
#11762 = DIRECTION('',(0.866025403784,0.,-0.5));
#11763 = ADVANCED_FACE('',(#11764,#11769),#11774,.T.);
#11764 = FACE_BOUND('',#11765,.T.);
#11765 = EDGE_LOOP('',(#11766,#11767,#11768));
#11766 = ORIENTED_EDGE('',*,*,#9615,.T.);
#11767 = ORIENTED_EDGE('',*,*,#9638,.T.);
#11768 = ORIENTED_EDGE('',*,*,#9662,.T.);
#11769 = FACE_BOUND('',#11770,.T.);
#11770 = EDGE_LOOP('',(#11771,#11772,#11773));
#11771 = ORIENTED_EDGE('',*,*,#1892,.F.);
#11772 = ORIENTED_EDGE('',*,*,#1868,.F.);
#11773 = ORIENTED_EDGE('',*,*,#1834,.F.);
#11774 = PLANE('',#11775);
#11775 = AXIS2_PLACEMENT_3D('',#11776,#11777,#11778);
#11776 = CARTESIAN_POINT('',(-1.8,18.4,3.533962587203));
#11777 = DIRECTION('',(1.,0.,0.));
#11778 = DIRECTION('',(-0.,0.,1.));
#11779 = ADVANCED_FACE('',(#11780),#11805,.T.);
#11780 = FACE_BOUND('',#11781,.T.);
#11781 = EDGE_LOOP('',(#11782,#11783,#11784,#11785,#11786,#11787,#11788,
    #11789,#11790,#11791,#11797,#11798,#11799));
#11782 = ORIENTED_EDGE('',*,*,#10399,.T.);
#11783 = ORIENTED_EDGE('',*,*,#10368,.F.);
#11784 = ORIENTED_EDGE('',*,*,#9704,.F.);
#11785 = ORIENTED_EDGE('',*,*,#7292,.T.);
#11786 = ORIENTED_EDGE('',*,*,#9681,.F.);
#11787 = ORIENTED_EDGE('',*,*,#7223,.F.);
#11788 = ORIENTED_EDGE('',*,*,#9788,.F.);
#11789 = ORIENTED_EDGE('',*,*,#10431,.T.);
#11790 = ORIENTED_EDGE('',*,*,#10455,.T.);
#11791 = ORIENTED_EDGE('',*,*,#11792,.T.);
#11792 = EDGE_CURVE('',#10456,#11305,#11793,.T.);
#11793 = LINE('',#11794,#11795);
#11794 = CARTESIAN_POINT('',(4.95,2.05,-3.11));
#11795 = VECTOR('',#11796,1.);
#11796 = DIRECTION('',(0.,0.,1.));
#11797 = ORIENTED_EDGE('',*,*,#11312,.T.);
#11798 = ORIENTED_EDGE('',*,*,#11243,.T.);
#11799 = ORIENTED_EDGE('',*,*,#11800,.F.);
#11800 = EDGE_CURVE('',#10392,#11235,#11801,.T.);
#11801 = LINE('',#11802,#11803);
#11802 = CARTESIAN_POINT('',(4.95,4.95,-3.11));
#11803 = VECTOR('',#11804,1.);
#11804 = DIRECTION('',(0.,0.,1.));
#11805 = PLANE('',#11806);
#11806 = AXIS2_PLACEMENT_3D('',#11807,#11808,#11809);
#11807 = CARTESIAN_POINT('',(4.95,3.5,-3.142441060168));
#11808 = DIRECTION('',(-1.,-0.,-0.));
#11809 = DIRECTION('',(0.,0.,-1.));
#11810 = ADVANCED_FACE('',(#11811),#11836,.T.);
#11811 = FACE_BOUND('',#11812,.T.);
#11812 = EDGE_LOOP('',(#11813,#11814,#11815,#11816,#11817,#11818,#11819,
    #11820,#11821,#11822,#11828,#11829,#11830));
#11813 = ORIENTED_EDGE('',*,*,#10651,.T.);
#11814 = ORIENTED_EDGE('',*,*,#10620,.F.);
#11815 = ORIENTED_EDGE('',*,*,#9950,.F.);
#11816 = ORIENTED_EDGE('',*,*,#7994,.T.);
#11817 = ORIENTED_EDGE('',*,*,#9927,.F.);
#11818 = ORIENTED_EDGE('',*,*,#7925,.F.);
#11819 = ORIENTED_EDGE('',*,*,#10034,.F.);
#11820 = ORIENTED_EDGE('',*,*,#10683,.T.);
#11821 = ORIENTED_EDGE('',*,*,#10707,.T.);
#11822 = ORIENTED_EDGE('',*,*,#11823,.T.);
#11823 = EDGE_CURVE('',#10708,#11489,#11824,.T.);
#11824 = LINE('',#11825,#11826);
#11825 = CARTESIAN_POINT('',(4.95,51.05,-3.11));
#11826 = VECTOR('',#11827,1.);
#11827 = DIRECTION('',(0.,0.,1.));
#11828 = ORIENTED_EDGE('',*,*,#11496,.T.);
#11829 = ORIENTED_EDGE('',*,*,#11427,.T.);
#11830 = ORIENTED_EDGE('',*,*,#11831,.F.);
#11831 = EDGE_CURVE('',#10644,#11419,#11832,.T.);
#11832 = LINE('',#11833,#11834);
#11833 = CARTESIAN_POINT('',(4.95,53.95,-3.11));
#11834 = VECTOR('',#11835,1.);
#11835 = DIRECTION('',(0.,0.,1.));
#11836 = PLANE('',#11837);
#11837 = AXIS2_PLACEMENT_3D('',#11838,#11839,#11840);
#11838 = CARTESIAN_POINT('',(4.95,52.5,-3.142441060168));
#11839 = DIRECTION('',(-1.,-0.,-0.));
#11840 = DIRECTION('',(0.,0.,-1.));
#11841 = ADVANCED_FACE('',(#11842),#11867,.T.);
#11842 = FACE_BOUND('',#11843,.T.);
#11843 = EDGE_LOOP('',(#11844,#11845,#11851,#11852,#11853,#11859,#11860,
    #11861,#11862,#11863,#11864,#11865,#11866));
#11844 = ORIENTED_EDGE('',*,*,#10383,.F.);
#11845 = ORIENTED_EDGE('',*,*,#11846,.T.);
#11846 = EDGE_CURVE('',#10384,#11258,#11847,.T.);
#11847 = LINE('',#11848,#11849);
#11848 = CARTESIAN_POINT('',(2.05,4.95,-3.11));
#11849 = VECTOR('',#11850,1.);
#11850 = DIRECTION('',(0.,0.,1.));
#11851 = ORIENTED_EDGE('',*,*,#11257,.F.);
#11852 = ORIENTED_EDGE('',*,*,#11280,.F.);
#11853 = ORIENTED_EDGE('',*,*,#11854,.F.);
#11854 = EDGE_CURVE('',#10447,#11281,#11855,.T.);
#11855 = LINE('',#11856,#11857);
#11856 = CARTESIAN_POINT('',(2.05,2.05,-3.11));
#11857 = VECTOR('',#11858,1.);
#11858 = DIRECTION('',(0.,0.,1.));
#11859 = ORIENTED_EDGE('',*,*,#10446,.F.);
#11860 = ORIENTED_EDGE('',*,*,#10415,.F.);
#11861 = ORIENTED_EDGE('',*,*,#9756,.T.);
#11862 = ORIENTED_EDGE('',*,*,#7249,.T.);
#11863 = ORIENTED_EDGE('',*,*,#9741,.T.);
#11864 = ORIENTED_EDGE('',*,*,#7266,.F.);
#11865 = ORIENTED_EDGE('',*,*,#9718,.T.);
#11866 = ORIENTED_EDGE('',*,*,#10352,.T.);
#11867 = PLANE('',#11868);
#11868 = AXIS2_PLACEMENT_3D('',#11869,#11870,#11871);
#11869 = CARTESIAN_POINT('',(2.05,3.5,-3.142441060168));
#11870 = DIRECTION('',(1.,0.,0.));
#11871 = DIRECTION('',(-0.,0.,1.));
#11872 = ADVANCED_FACE('',(#11873),#11898,.T.);
#11873 = FACE_BOUND('',#11874,.T.);
#11874 = EDGE_LOOP('',(#11875,#11876,#11882,#11883,#11884,#11890,#11891,
    #11892,#11893,#11894,#11895,#11896,#11897));
#11875 = ORIENTED_EDGE('',*,*,#10635,.F.);
#11876 = ORIENTED_EDGE('',*,*,#11877,.T.);
#11877 = EDGE_CURVE('',#10636,#11442,#11878,.T.);
#11878 = LINE('',#11879,#11880);
#11879 = CARTESIAN_POINT('',(2.05,53.95,-3.11));
#11880 = VECTOR('',#11881,1.);
#11881 = DIRECTION('',(0.,0.,1.));
#11882 = ORIENTED_EDGE('',*,*,#11441,.F.);
#11883 = ORIENTED_EDGE('',*,*,#11464,.F.);
#11884 = ORIENTED_EDGE('',*,*,#11885,.F.);
#11885 = EDGE_CURVE('',#10699,#11465,#11886,.T.);
#11886 = LINE('',#11887,#11888);
#11887 = CARTESIAN_POINT('',(2.05,51.05,-3.11));
#11888 = VECTOR('',#11889,1.);
#11889 = DIRECTION('',(0.,0.,1.));
#11890 = ORIENTED_EDGE('',*,*,#10698,.F.);
#11891 = ORIENTED_EDGE('',*,*,#10667,.F.);
#11892 = ORIENTED_EDGE('',*,*,#10002,.T.);
#11893 = ORIENTED_EDGE('',*,*,#7951,.T.);
#11894 = ORIENTED_EDGE('',*,*,#9987,.T.);
#11895 = ORIENTED_EDGE('',*,*,#7968,.F.);
#11896 = ORIENTED_EDGE('',*,*,#9964,.T.);
#11897 = ORIENTED_EDGE('',*,*,#10604,.T.);
#11898 = PLANE('',#11899);
#11899 = AXIS2_PLACEMENT_3D('',#11900,#11901,#11902);
#11900 = CARTESIAN_POINT('',(2.05,52.5,-3.142441060168));
#11901 = DIRECTION('',(1.,0.,0.));
#11902 = DIRECTION('',(-0.,0.,1.));
#11903 = ADVANCED_FACE('',(#11904),#11929,.T.);
#11904 = FACE_BOUND('',#11905,.T.);
#11905 = EDGE_LOOP('',(#11906,#11907,#11908,#11909,#11910,#11911,#11912,
    #11913,#11914,#11915,#11921,#11922,#11923));
#11906 = ORIENTED_EDGE('',*,*,#10525,.T.);
#11907 = ORIENTED_EDGE('',*,*,#10494,.F.);
#11908 = ORIENTED_EDGE('',*,*,#9827,.F.);
#11909 = ORIENTED_EDGE('',*,*,#7403,.T.);
#11910 = ORIENTED_EDGE('',*,*,#9804,.F.);
#11911 = ORIENTED_EDGE('',*,*,#7334,.F.);
#11912 = ORIENTED_EDGE('',*,*,#9911,.F.);
#11913 = ORIENTED_EDGE('',*,*,#10557,.T.);
#11914 = ORIENTED_EDGE('',*,*,#10581,.T.);
#11915 = ORIENTED_EDGE('',*,*,#11916,.T.);
#11916 = EDGE_CURVE('',#10582,#11397,#11917,.T.);
#11917 = LINE('',#11918,#11919);
#11918 = CARTESIAN_POINT('',(62.95,2.05,-3.11));
#11919 = VECTOR('',#11920,1.);
#11920 = DIRECTION('',(0.,0.,1.));
#11921 = ORIENTED_EDGE('',*,*,#11404,.T.);
#11922 = ORIENTED_EDGE('',*,*,#11335,.T.);
#11923 = ORIENTED_EDGE('',*,*,#11924,.F.);
#11924 = EDGE_CURVE('',#10518,#11327,#11925,.T.);
#11925 = LINE('',#11926,#11927);
#11926 = CARTESIAN_POINT('',(62.95,4.95,-3.11));
#11927 = VECTOR('',#11928,1.);
#11928 = DIRECTION('',(0.,0.,1.));
#11929 = PLANE('',#11930);
#11930 = AXIS2_PLACEMENT_3D('',#11931,#11932,#11933);
#11931 = CARTESIAN_POINT('',(62.95,3.5,-3.142441060168));
#11932 = DIRECTION('',(-1.,-0.,-0.));
#11933 = DIRECTION('',(0.,0.,-1.));
#11934 = ADVANCED_FACE('',(#11935),#11960,.T.);
#11935 = FACE_BOUND('',#11936,.T.);
#11936 = EDGE_LOOP('',(#11937,#11938,#11939,#11940,#11941,#11942,#11943,
    #11944,#11945,#11946,#11952,#11953,#11954));
#11937 = ORIENTED_EDGE('',*,*,#10777,.T.);
#11938 = ORIENTED_EDGE('',*,*,#10746,.F.);
#11939 = ORIENTED_EDGE('',*,*,#10073,.F.);
#11940 = ORIENTED_EDGE('',*,*,#8777,.T.);
#11941 = ORIENTED_EDGE('',*,*,#10050,.F.);
#11942 = ORIENTED_EDGE('',*,*,#8708,.F.);
#11943 = ORIENTED_EDGE('',*,*,#10157,.F.);
#11944 = ORIENTED_EDGE('',*,*,#10809,.T.);
#11945 = ORIENTED_EDGE('',*,*,#10833,.T.);
#11946 = ORIENTED_EDGE('',*,*,#11947,.T.);
#11947 = EDGE_CURVE('',#10834,#11581,#11948,.T.);
#11948 = LINE('',#11949,#11950);
#11949 = CARTESIAN_POINT('',(62.95,51.05,-3.11));
#11950 = VECTOR('',#11951,1.);
#11951 = DIRECTION('',(0.,0.,1.));
#11952 = ORIENTED_EDGE('',*,*,#11588,.T.);
#11953 = ORIENTED_EDGE('',*,*,#11519,.T.);
#11954 = ORIENTED_EDGE('',*,*,#11955,.F.);
#11955 = EDGE_CURVE('',#10770,#11511,#11956,.T.);
#11956 = LINE('',#11957,#11958);
#11957 = CARTESIAN_POINT('',(62.95,53.95,-3.11));
#11958 = VECTOR('',#11959,1.);
#11959 = DIRECTION('',(0.,0.,1.));
#11960 = PLANE('',#11961);
#11961 = AXIS2_PLACEMENT_3D('',#11962,#11963,#11964);
#11962 = CARTESIAN_POINT('',(62.95,52.5,-3.142441060168));
#11963 = DIRECTION('',(-1.,-0.,-0.));
#11964 = DIRECTION('',(0.,0.,-1.));
#11965 = ADVANCED_FACE('',(#11966),#11991,.T.);
#11966 = FACE_BOUND('',#11967,.T.);
#11967 = EDGE_LOOP('',(#11968,#11969,#11975,#11976,#11977,#11983,#11984,
    #11985,#11986,#11987,#11988,#11989,#11990));
#11968 = ORIENTED_EDGE('',*,*,#10509,.F.);
#11969 = ORIENTED_EDGE('',*,*,#11970,.T.);
#11970 = EDGE_CURVE('',#10510,#11350,#11971,.T.);
#11971 = LINE('',#11972,#11973);
#11972 = CARTESIAN_POINT('',(60.05,4.95,-3.11));
#11973 = VECTOR('',#11974,1.);
#11974 = DIRECTION('',(0.,0.,1.));
#11975 = ORIENTED_EDGE('',*,*,#11349,.F.);
#11976 = ORIENTED_EDGE('',*,*,#11372,.F.);
#11977 = ORIENTED_EDGE('',*,*,#11978,.F.);
#11978 = EDGE_CURVE('',#10573,#11373,#11979,.T.);
#11979 = LINE('',#11980,#11981);
#11980 = CARTESIAN_POINT('',(60.05,2.05,-3.11));
#11981 = VECTOR('',#11982,1.);
#11982 = DIRECTION('',(0.,0.,1.));
#11983 = ORIENTED_EDGE('',*,*,#10572,.F.);
#11984 = ORIENTED_EDGE('',*,*,#10541,.F.);
#11985 = ORIENTED_EDGE('',*,*,#9879,.T.);
#11986 = ORIENTED_EDGE('',*,*,#7360,.T.);
#11987 = ORIENTED_EDGE('',*,*,#9864,.T.);
#11988 = ORIENTED_EDGE('',*,*,#7377,.F.);
#11989 = ORIENTED_EDGE('',*,*,#9841,.T.);
#11990 = ORIENTED_EDGE('',*,*,#10478,.T.);
#11991 = PLANE('',#11992);
#11992 = AXIS2_PLACEMENT_3D('',#11993,#11994,#11995);
#11993 = CARTESIAN_POINT('',(60.05,3.5,-3.142441060168));
#11994 = DIRECTION('',(1.,0.,0.));
#11995 = DIRECTION('',(-0.,0.,1.));
#11996 = ADVANCED_FACE('',(#11997),#12022,.T.);
#11997 = FACE_BOUND('',#11998,.T.);
#11998 = EDGE_LOOP('',(#11999,#12000,#12006,#12007,#12008,#12014,#12015,
    #12016,#12017,#12018,#12019,#12020,#12021));
#11999 = ORIENTED_EDGE('',*,*,#10761,.F.);
#12000 = ORIENTED_EDGE('',*,*,#12001,.T.);
#12001 = EDGE_CURVE('',#10762,#11534,#12002,.T.);
#12002 = LINE('',#12003,#12004);
#12003 = CARTESIAN_POINT('',(60.05,53.95,-3.11));
#12004 = VECTOR('',#12005,1.);
#12005 = DIRECTION('',(0.,0.,1.));
#12006 = ORIENTED_EDGE('',*,*,#11533,.F.);
#12007 = ORIENTED_EDGE('',*,*,#11556,.F.);
#12008 = ORIENTED_EDGE('',*,*,#12009,.F.);
#12009 = EDGE_CURVE('',#10825,#11557,#12010,.T.);
#12010 = LINE('',#12011,#12012);
#12011 = CARTESIAN_POINT('',(60.05,51.05,-3.11));
#12012 = VECTOR('',#12013,1.);
#12013 = DIRECTION('',(0.,0.,1.));
#12014 = ORIENTED_EDGE('',*,*,#10824,.F.);
#12015 = ORIENTED_EDGE('',*,*,#10793,.F.);
#12016 = ORIENTED_EDGE('',*,*,#10125,.T.);
#12017 = ORIENTED_EDGE('',*,*,#8734,.T.);
#12018 = ORIENTED_EDGE('',*,*,#10110,.T.);
#12019 = ORIENTED_EDGE('',*,*,#8751,.F.);
#12020 = ORIENTED_EDGE('',*,*,#10087,.T.);
#12021 = ORIENTED_EDGE('',*,*,#10730,.T.);
#12022 = PLANE('',#12023);
#12023 = AXIS2_PLACEMENT_3D('',#12024,#12025,#12026);
#12024 = CARTESIAN_POINT('',(60.05,52.5,-3.142441060168));
#12025 = DIRECTION('',(1.,0.,0.));
#12026 = DIRECTION('',(-0.,0.,1.));
#12027 = ADVANCED_FACE('',(#12028),#12039,.T.);
#12028 = FACE_BOUND('',#12029,.T.);
#12029 = EDGE_LOOP('',(#12030,#12036,#12037,#12038));
#12030 = ORIENTED_EDGE('',*,*,#12031,.F.);
#12031 = EDGE_CURVE('',#11744,#11645,#12032,.T.);
#12032 = LINE('',#12033,#12034);
#12033 = CARTESIAN_POINT('',(36.77,57.6,10.));
#12034 = VECTOR('',#12035,1.);
#12035 = DIRECTION('',(0.,0.,1.));
#12036 = ORIENTED_EDGE('',*,*,#11743,.T.);
#12037 = ORIENTED_EDGE('',*,*,#11667,.T.);
#12038 = ORIENTED_EDGE('',*,*,#11652,.F.);
#12039 = PLANE('',#12040);
#12040 = AXIS2_PLACEMENT_3D('',#12041,#12042,#12043);
#12041 = CARTESIAN_POINT('',(36.77,60.55,14.020891478772));
#12042 = DIRECTION('',(1.,0.,0.));
#12043 = DIRECTION('',(-0.,0.,1.));
#12044 = ADVANCED_FACE('',(#12045,#12057),#12064,.T.);
#12045 = FACE_BOUND('',#12046,.T.);
#12046 = EDGE_LOOP('',(#12047,#12053,#12054,#12055,#12056));
#12047 = ORIENTED_EDGE('',*,*,#12048,.F.);
#12048 = EDGE_CURVE('',#11722,#11637,#12049,.T.);
#12049 = LINE('',#12050,#12051);
#12050 = CARTESIAN_POINT('',(48.23,57.6,10.));
#12051 = VECTOR('',#12052,1.);
#12052 = DIRECTION('',(0.,0.,1.));
#12053 = ORIENTED_EDGE('',*,*,#11729,.F.);
#12054 = ORIENTED_EDGE('',*,*,#11753,.F.);
#12055 = ORIENTED_EDGE('',*,*,#12031,.T.);
#12056 = ORIENTED_EDGE('',*,*,#11644,.F.);
#12057 = FACE_BOUND('',#12058,.T.);
#12058 = EDGE_LOOP('',(#12059,#12060,#12061,#12062,#12063));
#12059 = ORIENTED_EDGE('',*,*,#10910,.F.);
#12060 = ORIENTED_EDGE('',*,*,#10895,.F.);
#12061 = ORIENTED_EDGE('',*,*,#10864,.F.);
#12062 = ORIENTED_EDGE('',*,*,#10922,.F.);
#12063 = ORIENTED_EDGE('',*,*,#10931,.F.);
#12064 = PLANE('',#12065);
#12065 = AXIS2_PLACEMENT_3D('',#12066,#12067,#12068);
#12066 = CARTESIAN_POINT('',(42.5,57.6,13.375037121203));
#12067 = DIRECTION('',(0.,1.,0.));
#12068 = DIRECTION('',(0.,-0.,1.));
#12069 = ADVANCED_FACE('',(#12070),#12076,.T.);
#12070 = FACE_BOUND('',#12071,.T.);
#12071 = EDGE_LOOP('',(#12072,#12073,#12074,#12075));
#12072 = ORIENTED_EDGE('',*,*,#12048,.T.);
#12073 = ORIENTED_EDGE('',*,*,#11636,.T.);
#12074 = ORIENTED_EDGE('',*,*,#11691,.F.);
#12075 = ORIENTED_EDGE('',*,*,#11721,.F.);
#12076 = PLANE('',#12077);
#12077 = AXIS2_PLACEMENT_3D('',#12078,#12079,#12080);
#12078 = CARTESIAN_POINT('',(48.23,60.55,14.020891478772));
#12079 = DIRECTION('',(-1.,-0.,-0.));
#12080 = DIRECTION('',(0.,0.,-1.));
#12081 = ADVANCED_FACE('',(#12082),#12089,.F.);
#12082 = FACE_BOUND('',#12083,.T.);
#12083 = EDGE_LOOP('',(#12084,#12085,#12086,#12087,#12088));
#12084 = ORIENTED_EDGE('',*,*,#10391,.F.);
#12085 = ORIENTED_EDGE('',*,*,#11800,.T.);
#12086 = ORIENTED_EDGE('',*,*,#11234,.F.);
#12087 = ORIENTED_EDGE('',*,*,#11266,.F.);
#12088 = ORIENTED_EDGE('',*,*,#11846,.F.);
#12089 = PLANE('',#12090);
#12090 = AXIS2_PLACEMENT_3D('',#12091,#12092,#12093);
#12091 = CARTESIAN_POINT('',(2.05,4.95,-3.11));
#12092 = DIRECTION('',(-0.,1.,0.));
#12093 = DIRECTION('',(0.,0.,1.));
#12094 = ADVANCED_FACE('',(#12095),#12102,.F.);
#12095 = FACE_BOUND('',#12096,.T.);
#12096 = EDGE_LOOP('',(#12097,#12098,#12099,#12100,#12101));
#12097 = ORIENTED_EDGE('',*,*,#10517,.F.);
#12098 = ORIENTED_EDGE('',*,*,#11924,.T.);
#12099 = ORIENTED_EDGE('',*,*,#11326,.F.);
#12100 = ORIENTED_EDGE('',*,*,#11358,.F.);
#12101 = ORIENTED_EDGE('',*,*,#11970,.F.);
#12102 = PLANE('',#12103);
#12103 = AXIS2_PLACEMENT_3D('',#12104,#12105,#12106);
#12104 = CARTESIAN_POINT('',(60.05,4.95,-3.11));
#12105 = DIRECTION('',(-0.,1.,0.));
#12106 = DIRECTION('',(0.,0.,1.));
#12107 = ADVANCED_FACE('',(#12108),#12115,.T.);
#12108 = FACE_BOUND('',#12109,.T.);
#12109 = EDGE_LOOP('',(#12110,#12111,#12112,#12113,#12114));
#12110 = ORIENTED_EDGE('',*,*,#10463,.T.);
#12111 = ORIENTED_EDGE('',*,*,#11854,.T.);
#12112 = ORIENTED_EDGE('',*,*,#11288,.T.);
#12113 = ORIENTED_EDGE('',*,*,#11304,.T.);
#12114 = ORIENTED_EDGE('',*,*,#11792,.F.);
#12115 = PLANE('',#12116);
#12116 = AXIS2_PLACEMENT_3D('',#12117,#12118,#12119);
#12117 = CARTESIAN_POINT('',(2.05,2.05,-3.11));
#12118 = DIRECTION('',(-0.,1.,0.));
#12119 = DIRECTION('',(0.,0.,1.));
#12120 = ADVANCED_FACE('',(#12121),#12128,.T.);
#12121 = FACE_BOUND('',#12122,.T.);
#12122 = EDGE_LOOP('',(#12123,#12124,#12125,#12126,#12127));
#12123 = ORIENTED_EDGE('',*,*,#10589,.T.);
#12124 = ORIENTED_EDGE('',*,*,#11978,.T.);
#12125 = ORIENTED_EDGE('',*,*,#11380,.T.);
#12126 = ORIENTED_EDGE('',*,*,#11396,.T.);
#12127 = ORIENTED_EDGE('',*,*,#11916,.F.);
#12128 = PLANE('',#12129);
#12129 = AXIS2_PLACEMENT_3D('',#12130,#12131,#12132);
#12130 = CARTESIAN_POINT('',(60.05,2.05,-3.11));
#12131 = DIRECTION('',(-0.,1.,0.));
#12132 = DIRECTION('',(0.,0.,1.));
#12133 = ADVANCED_FACE('',(#12134),#12141,.F.);
#12134 = FACE_BOUND('',#12135,.T.);
#12135 = EDGE_LOOP('',(#12136,#12137,#12138,#12139,#12140));
#12136 = ORIENTED_EDGE('',*,*,#10643,.F.);
#12137 = ORIENTED_EDGE('',*,*,#11831,.T.);
#12138 = ORIENTED_EDGE('',*,*,#11418,.F.);
#12139 = ORIENTED_EDGE('',*,*,#11450,.F.);
#12140 = ORIENTED_EDGE('',*,*,#11877,.F.);
#12141 = PLANE('',#12142);
#12142 = AXIS2_PLACEMENT_3D('',#12143,#12144,#12145);
#12143 = CARTESIAN_POINT('',(2.05,53.95,-3.11));
#12144 = DIRECTION('',(-0.,1.,0.));
#12145 = DIRECTION('',(0.,0.,1.));
#12146 = ADVANCED_FACE('',(#12147),#12154,.F.);
#12147 = FACE_BOUND('',#12148,.T.);
#12148 = EDGE_LOOP('',(#12149,#12150,#12151,#12152,#12153));
#12149 = ORIENTED_EDGE('',*,*,#10769,.F.);
#12150 = ORIENTED_EDGE('',*,*,#11955,.T.);
#12151 = ORIENTED_EDGE('',*,*,#11510,.F.);
#12152 = ORIENTED_EDGE('',*,*,#11542,.F.);
#12153 = ORIENTED_EDGE('',*,*,#12001,.F.);
#12154 = PLANE('',#12155);
#12155 = AXIS2_PLACEMENT_3D('',#12156,#12157,#12158);
#12156 = CARTESIAN_POINT('',(60.05,53.95,-3.11));
#12157 = DIRECTION('',(-0.,1.,0.));
#12158 = DIRECTION('',(0.,0.,1.));
#12159 = ADVANCED_FACE('',(#12160),#12167,.T.);
#12160 = FACE_BOUND('',#12161,.T.);
#12161 = EDGE_LOOP('',(#12162,#12163,#12164,#12165,#12166));
#12162 = ORIENTED_EDGE('',*,*,#10715,.T.);
#12163 = ORIENTED_EDGE('',*,*,#11885,.T.);
#12164 = ORIENTED_EDGE('',*,*,#11472,.T.);
#12165 = ORIENTED_EDGE('',*,*,#11488,.T.);
#12166 = ORIENTED_EDGE('',*,*,#11823,.F.);
#12167 = PLANE('',#12168);
#12168 = AXIS2_PLACEMENT_3D('',#12169,#12170,#12171);
#12169 = CARTESIAN_POINT('',(2.05,51.05,-3.11));
#12170 = DIRECTION('',(-0.,1.,0.));
#12171 = DIRECTION('',(0.,0.,1.));
#12172 = ADVANCED_FACE('',(#12173),#12180,.T.);
#12173 = FACE_BOUND('',#12174,.T.);
#12174 = EDGE_LOOP('',(#12175,#12176,#12177,#12178,#12179));
#12175 = ORIENTED_EDGE('',*,*,#10841,.T.);
#12176 = ORIENTED_EDGE('',*,*,#12009,.T.);
#12177 = ORIENTED_EDGE('',*,*,#11564,.T.);
#12178 = ORIENTED_EDGE('',*,*,#11580,.T.);
#12179 = ORIENTED_EDGE('',*,*,#11947,.F.);
#12180 = PLANE('',#12181);
#12181 = AXIS2_PLACEMENT_3D('',#12182,#12183,#12184);
#12182 = CARTESIAN_POINT('',(60.05,51.05,-3.11));
#12183 = DIRECTION('',(-0.,1.,0.));
#12184 = DIRECTION('',(0.,0.,1.));
#12185 = ( GEOMETRIC_REPRESENTATION_CONTEXT(3) 
GLOBAL_UNCERTAINTY_ASSIGNED_CONTEXT((#12189)) 
GLOBAL_UNIT_ASSIGNED_CONTEXT((#12186,#12187,#12188)) 
REPRESENTATION_CONTEXT('Context #1',
  '3D Context with UNIT and UNCERTAINTY') );
#12186 = ( LENGTH_UNIT() NAMED_UNIT(*) SI_UNIT(.MILLI.,.METRE.) );
#12187 = ( NAMED_UNIT(*) PLANE_ANGLE_UNIT() SI_UNIT($,.RADIAN.) );
#12188 = ( NAMED_UNIT(*) SI_UNIT($,.STERADIAN.) SOLID_ANGLE_UNIT() );
#12189 = UNCERTAINTY_MEASURE_WITH_UNIT(LENGTH_MEASURE(2.E-07),#12186,
  'distance_accuracy_value','confusion accuracy');
#12190 = PRODUCT_RELATED_PRODUCT_CATEGORY('part',$,(#7));
ENDSEC;
END-ISO-10303-21;
