ISO-10303-21;
HEADER;
FILE_DESCRIPTION(('FreeCAD Model'),'2;1');
FILE_NAME('Open CASCADE Shape Model','2026-09-24T09:29:55',('FreeCAD'),(
    'FreeCAD'),'Open CASCADE STEP processor 7.8','FreeCAD','Unknown');
FILE_SCHEMA(('AUTOMOTIVE_DESIGN { 1 0 10303 214 1 1 1 1 }'));
ENDSEC;
DATA;
#1 = APPLICATION_PROTOCOL_DEFINITION('international standard',
  'automotive_design',2000,#2);
#2 = APPLICATION_CONTEXT(
  'core data for automotive mechanical design processes');
#3 = SHAPE_DEFINITION_REPRESENTATION(#4,#10);
#4 = PRODUCT_DEFINITION_SHAPE('','',#5);
#5 = PRODUCT_DEFINITION('design','',#6,#9);
#6 = PRODUCT_DEFINITION_FORMATION('','',#7);
#7 = PRODUCT('Open CASCADE STEP translator 7.8 2',
  'Open CASCADE STEP translator 7.8 2','',(#8));
#8 = PRODUCT_CONTEXT('',#2,'mechanical');
#9 = PRODUCT_DEFINITION_CONTEXT('part definition',#2,'design');
#10 = ADVANCED_BREP_SHAPE_REPRESENTATION('',(#11,#15),#7164);
#11 = AXIS2_PLACEMENT_3D('',#12,#13,#14);
#12 = CARTESIAN_POINT('',(0.,0.,0.));
#13 = DIRECTION('',(0.,0.,1.));
#14 = DIRECTION('',(1.,0.,-0.));
#15 = MANIFOLD_SOLID_BREP('',#16);
#16 = CLOSED_SHELL('',(#17,#57,#90,#121,#783,#808,#833,#857,#2250,#2267,
    #2291,#2316,#2341,#2358,#2383,#2408,#2433,#2458,#2480,#2497,#2514,
    #2526,#2548,#2565,#2582,#2594,#2619,#2641,#2658,#2675,#2687,#2709,
    #2731,#2753,#2770,#2787,#2799,#2821,#2838,#2855,#2867,#2889,#2906,
    #2923,#2935,#2960,#2992,#3016,#3040,#3065,#3090,#3114,#3138,#3162,
    #3187,#3211,#3235,#3260,#3284,#3308,#3332,#3357,#3382,#3406,#3430,
    #3472,#3497,#3521,#3545,#3580,#3605,#3636,#3660,#3684,#3701,#3718,
    #3735,#3752,#3769,#3781,#3798,#3829,#3853,#3877,#3901,#3925,#3949,
    #3973,#3997,#4021,#4045,#4069,#4086,#4117,#4141,#4165,#4189,#4213,
    #4237,#4261,#4278,#4311,#4337,#4363,#4387,#4411,#4435,#4459,#4483,
    #4507,#4531,#4555,#4579,#4603,#4627,#4653,#4679,#4705,#4731,#4757,
    #4781,#4800,#4833,#4859,#4885,#4911,#4937,#4963,#4989,#5008,#5041,
    #5065,#5089,#5113,#5137,#5161,#5187,#5213,#5239,#5263,#5287,#5311,
    #5337,#5363,#5389,#5415,#5439,#5458,#5489,#5513,#5537,#5554,#5585,
    #5609,#5633,#5657,#5681,#5707,#5731,#5757,#5783,#5807,#5824,#5855,
    #5879,#5903,#5927,#5951,#5977,#6003,#6027,#6051,#6075,#6099,#6123,
    #6147,#6164,#6184,#6204,#6224,#6244,#6264,#6296,#6316,#6336,#6356,
    #6368,#6388,#6478,#6507,#6523,#6549,#6561,#6580,#6602,#6627,#6652,
    #6677,#6702,#6727,#6752,#6777,#6802,#6838,#6866,#6895,#6924,#6952,
    #6982,#7006,#7030,#7047,#7056,#7065,#7074,#7083,#7092,#7101,#7110,
    #7119,#7136,#7150));
#17 = ADVANCED_FACE('',(#18),#52,.F.);
#18 = FACE_BOUND('',#19,.F.);
#19 = EDGE_LOOP('',(#20,#30,#38,#46));
#20 = ORIENTED_EDGE('',*,*,#21,.F.);
#21 = EDGE_CURVE('',#22,#24,#26,.T.);
#22 = VERTEX_POINT('',#23);
#23 = CARTESIAN_POINT('',(-3.,-8.881784197001E-16,21.65));
#24 = VERTEX_POINT('',#25);
#25 = CARTESIAN_POINT('',(-3.,-8.881784197001E-16,22.85));
#26 = LINE('',#27,#28);
#27 = CARTESIAN_POINT('',(-3.,-8.881784197001E-16,21.65));
#28 = VECTOR('',#29,1.);
#29 = DIRECTION('',(0.,0.,1.));
#30 = ORIENTED_EDGE('',*,*,#31,.T.);
#31 = EDGE_CURVE('',#22,#32,#34,.T.);
#32 = VERTEX_POINT('',#33);
#33 = CARTESIAN_POINT('',(-3.,61.5,21.65));
#34 = LINE('',#35,#36);
#35 = CARTESIAN_POINT('',(-3.,-4.,21.65));
#36 = VECTOR('',#37,1.);
#37 = DIRECTION('',(-0.,1.,0.));
#38 = ORIENTED_EDGE('',*,*,#39,.T.);
#39 = EDGE_CURVE('',#32,#40,#42,.T.);
#40 = VERTEX_POINT('',#41);
#41 = CARTESIAN_POINT('',(-3.,61.5,22.85));
#42 = LINE('',#43,#44);
#43 = CARTESIAN_POINT('',(-3.,61.5,21.65));
#44 = VECTOR('',#45,1.);
#45 = DIRECTION('',(0.,0.,1.));
#46 = ORIENTED_EDGE('',*,*,#47,.F.);
#47 = EDGE_CURVE('',#24,#40,#48,.T.);
#48 = LINE('',#49,#50);
#49 = CARTESIAN_POINT('',(-3.,-8.881784197001E-16,22.85));
#50 = VECTOR('',#51,1.);
#51 = DIRECTION('',(-0.,1.,0.));
#52 = PLANE('',#53);
#53 = AXIS2_PLACEMENT_3D('',#54,#55,#56);
#54 = CARTESIAN_POINT('',(-3.,-4.,21.65));
#55 = DIRECTION('',(1.,0.,-0.));
#56 = DIRECTION('',(0.,0.,1.));
#57 = ADVANCED_FACE('',(#58),#85,.T.);
#58 = FACE_BOUND('',#59,.T.);
#59 = EDGE_LOOP('',(#60,#61,#70,#78));
#60 = ORIENTED_EDGE('',*,*,#21,.F.);
#61 = ORIENTED_EDGE('',*,*,#62,.T.);
#62 = EDGE_CURVE('',#22,#63,#65,.T.);
#63 = VERTEX_POINT('',#64);
#64 = CARTESIAN_POINT('',(1.,-4.,21.65));
#65 = CIRCLE('',#66,4.);
#66 = AXIS2_PLACEMENT_3D('',#67,#68,#69);
#67 = CARTESIAN_POINT('',(1.,-8.881784197001E-16,21.65));
#68 = DIRECTION('',(0.,0.,1.));
#69 = DIRECTION('',(0.,-1.,0.));
#70 = ORIENTED_EDGE('',*,*,#71,.T.);
#71 = EDGE_CURVE('',#63,#72,#74,.T.);
#72 = VERTEX_POINT('',#73);
#73 = CARTESIAN_POINT('',(1.,-4.,22.85));
#74 = LINE('',#75,#76);
#75 = CARTESIAN_POINT('',(1.,-4.,21.65));
#76 = VECTOR('',#77,1.);
#77 = DIRECTION('',(0.,0.,1.));
#78 = ORIENTED_EDGE('',*,*,#79,.T.);
#79 = EDGE_CURVE('',#72,#24,#80,.T.);
#80 = CIRCLE('',#81,4.);
#81 = AXIS2_PLACEMENT_3D('',#82,#83,#84);
#82 = CARTESIAN_POINT('',(1.,-8.881784197001E-16,22.85));
#83 = DIRECTION('',(-0.,0.,-1.));
#84 = DIRECTION('',(-2.498001805407E-16,-1.,0.));
#85 = CYLINDRICAL_SURFACE('',#86,4.);
#86 = AXIS2_PLACEMENT_3D('',#87,#88,#89);
#87 = CARTESIAN_POINT('',(1.,-8.881784197001E-16,21.65));
#88 = DIRECTION('',(0.,0.,1.));
#89 = DIRECTION('',(-1.,-0.,0.));
#90 = ADVANCED_FACE('',(#91),#116,.F.);
#91 = FACE_BOUND('',#92,.F.);
#92 = EDGE_LOOP('',(#93,#101,#102,#110));
#93 = ORIENTED_EDGE('',*,*,#94,.F.);
#94 = EDGE_CURVE('',#24,#95,#97,.T.);
#95 = VERTEX_POINT('',#96);
#96 = CARTESIAN_POINT('',(-2.2,-8.881784197001E-16,23.65));
#97 = LINE('',#98,#99);
#98 = CARTESIAN_POINT('',(-2.6,-8.881784197001E-16,23.25));
#99 = VECTOR('',#100,1.);
#100 = DIRECTION('',(0.707106781187,0.,0.707106781187));
#101 = ORIENTED_EDGE('',*,*,#47,.T.);
#102 = ORIENTED_EDGE('',*,*,#103,.T.);
#103 = EDGE_CURVE('',#40,#104,#106,.T.);
#104 = VERTEX_POINT('',#105);
#105 = CARTESIAN_POINT('',(-2.2,61.5,23.65));
#106 = LINE('',#107,#108);
#107 = CARTESIAN_POINT('',(-2.6,61.5,23.25));
#108 = VECTOR('',#109,1.);
#109 = DIRECTION('',(0.707106781187,0.,0.707106781187));
#110 = ORIENTED_EDGE('',*,*,#111,.F.);
#111 = EDGE_CURVE('',#95,#104,#112,.T.);
#112 = LINE('',#113,#114);
#113 = CARTESIAN_POINT('',(-2.2,-8.881784197001E-16,23.65));
#114 = VECTOR('',#115,1.);
#115 = DIRECTION('',(-0.,1.,0.));
#116 = PLANE('',#117);
#117 = AXIS2_PLACEMENT_3D('',#118,#119,#120);
#118 = CARTESIAN_POINT('',(-2.6,-8.881784197001E-16,23.25));
#119 = DIRECTION('',(0.707106781187,-6.983161618628E-18,-0.707106781187)
  );
#120 = DIRECTION('',(4.937840934654E-18,1.,-4.937840934654E-18));
#121 = ADVANCED_FACE('',(#122,#175,#186,#197,#208,#219,#255,#291,#302,
    #338,#392,#428,#464,#500,#511,#733,#744),#778,.F.);
#122 = FACE_BOUND('',#123,.F.);
#123 = EDGE_LOOP('',(#124,#125,#126,#134,#143,#151,#160,#168));
#124 = ORIENTED_EDGE('',*,*,#31,.F.);
#125 = ORIENTED_EDGE('',*,*,#62,.T.);
#126 = ORIENTED_EDGE('',*,*,#127,.T.);
#127 = EDGE_CURVE('',#63,#128,#130,.T.);
#128 = VERTEX_POINT('',#129);
#129 = CARTESIAN_POINT('',(84.,-4.,21.65));
#130 = LINE('',#131,#132);
#131 = CARTESIAN_POINT('',(-3.,-4.,21.65));
#132 = VECTOR('',#133,1.);
#133 = DIRECTION('',(1.,0.,-0.));
#134 = ORIENTED_EDGE('',*,*,#135,.F.);
#135 = EDGE_CURVE('',#136,#128,#138,.T.);
#136 = VERTEX_POINT('',#137);
#137 = CARTESIAN_POINT('',(88.,-8.881784197001E-16,21.65));
#138 = CIRCLE('',#139,4.);
#139 = AXIS2_PLACEMENT_3D('',#140,#141,#142);
#140 = CARTESIAN_POINT('',(84.,-8.881784197001E-16,21.65));
#141 = DIRECTION('',(-0.,-0.,-1.));
#142 = DIRECTION('',(0.,-1.,0.));
#143 = ORIENTED_EDGE('',*,*,#144,.T.);
#144 = EDGE_CURVE('',#136,#145,#147,.T.);
#145 = VERTEX_POINT('',#146);
#146 = CARTESIAN_POINT('',(88.,61.5,21.65));
#147 = LINE('',#148,#149);
#148 = CARTESIAN_POINT('',(88.,-4.,21.65));
#149 = VECTOR('',#150,1.);
#150 = DIRECTION('',(-0.,1.,0.));
#151 = ORIENTED_EDGE('',*,*,#152,.T.);
#152 = EDGE_CURVE('',#145,#153,#155,.T.);
#153 = VERTEX_POINT('',#154);
#154 = CARTESIAN_POINT('',(84.,65.5,21.65));
#155 = CIRCLE('',#156,4.);
#156 = AXIS2_PLACEMENT_3D('',#157,#158,#159);
#157 = CARTESIAN_POINT('',(84.,61.5,21.65));
#158 = DIRECTION('',(0.,0.,1.));
#159 = DIRECTION('',(0.,-1.,0.));
#160 = ORIENTED_EDGE('',*,*,#161,.F.);
#161 = EDGE_CURVE('',#162,#153,#164,.T.);
#162 = VERTEX_POINT('',#163);
#163 = CARTESIAN_POINT('',(1.,65.5,21.65));
#164 = LINE('',#165,#166);
#165 = CARTESIAN_POINT('',(-3.,65.5,21.65));
#166 = VECTOR('',#167,1.);
#167 = DIRECTION('',(1.,0.,-0.));
#168 = ORIENTED_EDGE('',*,*,#169,.F.);
#169 = EDGE_CURVE('',#32,#162,#170,.T.);
#170 = CIRCLE('',#171,4.);
#171 = AXIS2_PLACEMENT_3D('',#172,#173,#174);
#172 = CARTESIAN_POINT('',(1.,61.5,21.65));
#173 = DIRECTION('',(-0.,-0.,-1.));
#174 = DIRECTION('',(0.,-1.,0.));
#175 = FACE_BOUND('',#176,.F.);
#176 = EDGE_LOOP('',(#177));
#177 = ORIENTED_EDGE('',*,*,#178,.F.);
#178 = EDGE_CURVE('',#179,#179,#181,.T.);
#179 = VERTEX_POINT('',#180);
#180 = CARTESIAN_POINT('',(5.9,3.5,21.65));
#181 = CIRCLE('',#182,2.4);
#182 = AXIS2_PLACEMENT_3D('',#183,#184,#185);
#183 = CARTESIAN_POINT('',(3.5,3.5,21.65));
#184 = DIRECTION('',(0.,0.,1.));
#185 = DIRECTION('',(1.,0.,-0.));
#186 = FACE_BOUND('',#187,.F.);
#187 = EDGE_LOOP('',(#188));
#188 = ORIENTED_EDGE('',*,*,#189,.F.);
#189 = EDGE_CURVE('',#190,#190,#192,.T.);
#190 = VERTEX_POINT('',#191);
#191 = CARTESIAN_POINT('',(44.245,11.3,21.65));
#192 = CIRCLE('',#193,3.245);
#193 = AXIS2_PLACEMENT_3D('',#194,#195,#196);
#194 = CARTESIAN_POINT('',(41.,11.3,21.65));
#195 = DIRECTION('',(0.,0.,1.));
#196 = DIRECTION('',(1.,0.,-0.));
#197 = FACE_BOUND('',#198,.F.);
#198 = EDGE_LOOP('',(#199));
#199 = ORIENTED_EDGE('',*,*,#200,.F.);
#200 = EDGE_CURVE('',#201,#201,#203,.T.);
#201 = VERTEX_POINT('',#202);
#202 = CARTESIAN_POINT('',(30.7,21.8,21.65));
#203 = CIRCLE('',#204,2.1);
#204 = AXIS2_PLACEMENT_3D('',#205,#206,#207);
#205 = CARTESIAN_POINT('',(28.6,21.8,21.65));
#206 = DIRECTION('',(0.,0.,1.));
#207 = DIRECTION('',(1.,0.,-0.));
#208 = FACE_BOUND('',#209,.F.);
#209 = EDGE_LOOP('',(#210));
#210 = ORIENTED_EDGE('',*,*,#211,.F.);
#211 = EDGE_CURVE('',#212,#212,#214,.T.);
#212 = VERTEX_POINT('',#213);
#213 = CARTESIAN_POINT('',(43.2,21.8,21.65));
#214 = CIRCLE('',#215,2.1);
#215 = AXIS2_PLACEMENT_3D('',#216,#217,#218);
#216 = CARTESIAN_POINT('',(41.1,21.8,21.65));
#217 = DIRECTION('',(0.,0.,1.));
#218 = DIRECTION('',(1.,0.,-0.));
#219 = FACE_BOUND('',#220,.F.);
#220 = EDGE_LOOP('',(#221,#231,#240,#248));
#221 = ORIENTED_EDGE('',*,*,#222,.F.);
#222 = EDGE_CURVE('',#223,#225,#227,.T.);
#223 = VERTEX_POINT('',#224);
#224 = CARTESIAN_POINT('',(48.764518543558,26.1,21.65));
#225 = VERTEX_POINT('',#226);
#226 = CARTESIAN_POINT('',(35.835481456442,26.1,21.65));
#227 = LINE('',#228,#229);
#228 = CARTESIAN_POINT('',(14.15,26.1,21.65));
#229 = VECTOR('',#230,1.);
#230 = DIRECTION('',(-1.,-0.,0.));
#231 = ORIENTED_EDGE('',*,*,#232,.F.);
#232 = EDGE_CURVE('',#233,#223,#235,.T.);
#233 = VERTEX_POINT('',#234);
#234 = CARTESIAN_POINT('',(46.6577517139,24.9,21.65));
#235 = CIRCLE('',#236,11.);
#236 = AXIS2_PLACEMENT_3D('',#237,#238,#239);
#237 = CARTESIAN_POINT('',(42.3,35.,21.65));
#238 = DIRECTION('',(0.,0.,1.));
#239 = DIRECTION('',(1.,0.,-0.));
#240 = ORIENTED_EDGE('',*,*,#241,.T.);
#241 = EDGE_CURVE('',#233,#242,#244,.T.);
#242 = VERTEX_POINT('',#243);
#243 = CARTESIAN_POINT('',(37.9422482861,24.9,21.65));
#244 = LINE('',#245,#246);
#245 = CARTESIAN_POINT('',(14.15,24.9,21.65));
#246 = VECTOR('',#247,1.);
#247 = DIRECTION('',(-1.,-0.,0.));
#248 = ORIENTED_EDGE('',*,*,#249,.F.);
#249 = EDGE_CURVE('',#225,#242,#250,.T.);
#250 = CIRCLE('',#251,11.);
#251 = AXIS2_PLACEMENT_3D('',#252,#253,#254);
#252 = CARTESIAN_POINT('',(42.3,35.,21.65));
#253 = DIRECTION('',(0.,0.,1.));
#254 = DIRECTION('',(1.,0.,-0.));
#255 = FACE_BOUND('',#256,.F.);
#256 = EDGE_LOOP('',(#257,#268,#276,#285));
#257 = ORIENTED_EDGE('',*,*,#258,.F.);
#258 = EDGE_CURVE('',#259,#261,#263,.T.);
#259 = VERTEX_POINT('',#260);
#260 = CARTESIAN_POINT('',(50.43879597975,27.6,21.65));
#261 = VERTEX_POINT('',#262);
#262 = CARTESIAN_POINT('',(51.767840302836,29.4,21.65));
#263 = CIRCLE('',#264,11.);
#264 = AXIS2_PLACEMENT_3D('',#265,#266,#267);
#265 = CARTESIAN_POINT('',(42.3,35.,21.65));
#266 = DIRECTION('',(0.,0.,1.));
#267 = DIRECTION('',(1.,0.,-0.));
#268 = ORIENTED_EDGE('',*,*,#269,.T.);
#269 = EDGE_CURVE('',#259,#270,#272,.T.);
#270 = VERTEX_POINT('',#271);
#271 = CARTESIAN_POINT('',(34.16120402025,27.6,21.65));
#272 = LINE('',#273,#274);
#273 = CARTESIAN_POINT('',(14.15,27.6,21.65));
#274 = VECTOR('',#275,1.);
#275 = DIRECTION('',(-1.,-0.,0.));
#276 = ORIENTED_EDGE('',*,*,#277,.F.);
#277 = EDGE_CURVE('',#278,#270,#280,.T.);
#278 = VERTEX_POINT('',#279);
#279 = CARTESIAN_POINT('',(32.832159697164,29.4,21.65));
#280 = CIRCLE('',#281,11.);
#281 = AXIS2_PLACEMENT_3D('',#282,#283,#284);
#282 = CARTESIAN_POINT('',(42.3,35.,21.65));
#283 = DIRECTION('',(0.,0.,1.));
#284 = DIRECTION('',(1.,0.,-0.));
#285 = ORIENTED_EDGE('',*,*,#286,.F.);
#286 = EDGE_CURVE('',#261,#278,#287,.T.);
#287 = LINE('',#288,#289);
#288 = CARTESIAN_POINT('',(14.15,29.4,21.65));
#289 = VECTOR('',#290,1.);
#290 = DIRECTION('',(-1.,-0.,0.));
#291 = FACE_BOUND('',#292,.F.);
#292 = EDGE_LOOP('',(#293));
#293 = ORIENTED_EDGE('',*,*,#294,.F.);
#294 = EDGE_CURVE('',#295,#295,#297,.T.);
#295 = VERTEX_POINT('',#296);
#296 = CARTESIAN_POINT('',(63.9,3.5,21.65));
#297 = CIRCLE('',#298,2.4);
#298 = AXIS2_PLACEMENT_3D('',#299,#300,#301);
#299 = CARTESIAN_POINT('',(61.5,3.5,21.65));
#300 = DIRECTION('',(0.,0.,1.));
#301 = DIRECTION('',(1.,0.,-0.));
#302 = FACE_BOUND('',#303,.F.);
#303 = EDGE_LOOP('',(#304,#315,#323,#332));
#304 = ORIENTED_EDGE('',*,*,#305,.F.);
#305 = EDGE_CURVE('',#306,#308,#310,.T.);
#306 = VERTEX_POINT('',#307);
#307 = CARTESIAN_POINT('',(52.507350292804,30.9,21.65));
#308 = VERTEX_POINT('',#309);
#309 = CARTESIAN_POINT('',(53.056858277397,32.7,21.65));
#310 = CIRCLE('',#311,11.);
#311 = AXIS2_PLACEMENT_3D('',#312,#313,#314);
#312 = CARTESIAN_POINT('',(42.3,35.,21.65));
#313 = DIRECTION('',(0.,0.,1.));
#314 = DIRECTION('',(1.,0.,-0.));
#315 = ORIENTED_EDGE('',*,*,#316,.T.);
#316 = EDGE_CURVE('',#306,#317,#319,.T.);
#317 = VERTEX_POINT('',#318);
#318 = CARTESIAN_POINT('',(32.092649707196,30.9,21.65));
#319 = LINE('',#320,#321);
#320 = CARTESIAN_POINT('',(14.15,30.9,21.65));
#321 = VECTOR('',#322,1.);
#322 = DIRECTION('',(-1.,-0.,0.));
#323 = ORIENTED_EDGE('',*,*,#324,.F.);
#324 = EDGE_CURVE('',#325,#317,#327,.T.);
#325 = VERTEX_POINT('',#326);
#326 = CARTESIAN_POINT('',(31.543141722603,32.7,21.65));
#327 = CIRCLE('',#328,11.);
#328 = AXIS2_PLACEMENT_3D('',#329,#330,#331);
#329 = CARTESIAN_POINT('',(42.3,35.,21.65));
#330 = DIRECTION('',(0.,0.,1.));
#331 = DIRECTION('',(1.,0.,-0.));
#332 = ORIENTED_EDGE('',*,*,#333,.F.);
#333 = EDGE_CURVE('',#308,#325,#334,.T.);
#334 = LINE('',#335,#336);
#335 = CARTESIAN_POINT('',(14.15,32.7,21.65));
#336 = VECTOR('',#337,1.);
#337 = DIRECTION('',(-1.,-0.,0.));
#338 = FACE_BOUND('',#339,.F.);
#339 = EDGE_LOOP('',(#340,#351,#359,#368,#377,#385));
#340 = ORIENTED_EDGE('',*,*,#341,.F.);
#341 = EDGE_CURVE('',#342,#344,#346,.T.);
#342 = VERTEX_POINT('',#343);
#343 = CARTESIAN_POINT('',(31.345548849897,36.,21.65));
#344 = VERTEX_POINT('',#345);
#345 = CARTESIAN_POINT('',(31.3,35.,21.65));
#346 = CIRCLE('',#347,11.);
#347 = AXIS2_PLACEMENT_3D('',#348,#349,#350);
#348 = CARTESIAN_POINT('',(42.3,35.,21.65));
#349 = DIRECTION('',(0.,0.,1.));
#350 = DIRECTION('',(1.,0.,-0.));
#351 = ORIENTED_EDGE('',*,*,#352,.F.);
#352 = EDGE_CURVE('',#353,#342,#355,.T.);
#353 = VERTEX_POINT('',#354);
#354 = CARTESIAN_POINT('',(53.254451150103,36.,21.65));
#355 = LINE('',#356,#357);
#356 = CARTESIAN_POINT('',(14.15,36.,21.65));
#357 = VECTOR('',#358,1.);
#358 = DIRECTION('',(-1.,-0.,0.));
#359 = ORIENTED_EDGE('',*,*,#360,.F.);
#360 = EDGE_CURVE('',#361,#353,#363,.T.);
#361 = VERTEX_POINT('',#362);
#362 = CARTESIAN_POINT('',(53.3,35.,21.65));
#363 = CIRCLE('',#364,11.);
#364 = AXIS2_PLACEMENT_3D('',#365,#366,#367);
#365 = CARTESIAN_POINT('',(42.3,35.,21.65));
#366 = DIRECTION('',(0.,0.,1.));
#367 = DIRECTION('',(1.,0.,-0.));
#368 = ORIENTED_EDGE('',*,*,#369,.F.);
#369 = EDGE_CURVE('',#370,#361,#372,.T.);
#370 = VERTEX_POINT('',#371);
#371 = CARTESIAN_POINT('',(53.270870521522,34.2,21.65));
#372 = CIRCLE('',#373,11.);
#373 = AXIS2_PLACEMENT_3D('',#374,#375,#376);
#374 = CARTESIAN_POINT('',(42.3,35.,21.65));
#375 = DIRECTION('',(0.,0.,1.));
#376 = DIRECTION('',(1.,0.,-0.));
#377 = ORIENTED_EDGE('',*,*,#378,.T.);
#378 = EDGE_CURVE('',#370,#379,#381,.T.);
#379 = VERTEX_POINT('',#380);
#380 = CARTESIAN_POINT('',(31.329129478478,34.2,21.65));
#381 = LINE('',#382,#383);
#382 = CARTESIAN_POINT('',(14.15,34.2,21.65));
#383 = VECTOR('',#384,1.);
#384 = DIRECTION('',(-1.,-0.,0.));
#385 = ORIENTED_EDGE('',*,*,#386,.F.);
#386 = EDGE_CURVE('',#344,#379,#387,.T.);
#387 = CIRCLE('',#388,11.);
#388 = AXIS2_PLACEMENT_3D('',#389,#390,#391);
#389 = CARTESIAN_POINT('',(42.3,35.,21.65));
#390 = DIRECTION('',(0.,0.,1.));
#391 = DIRECTION('',(1.,0.,-0.));
#392 = FACE_BOUND('',#393,.F.);
#393 = EDGE_LOOP('',(#394,#405,#413,#422));
#394 = ORIENTED_EDGE('',*,*,#395,.F.);
#395 = EDGE_CURVE('',#396,#398,#400,.T.);
#396 = VERTEX_POINT('',#397);
#397 = CARTESIAN_POINT('',(53.012142642814,37.5,21.65));
#398 = VERTEX_POINT('',#399);
#399 = CARTESIAN_POINT('',(52.424722218412,39.3,21.65));
#400 = CIRCLE('',#401,11.);
#401 = AXIS2_PLACEMENT_3D('',#402,#403,#404);
#402 = CARTESIAN_POINT('',(42.3,35.,21.65));
#403 = DIRECTION('',(0.,0.,1.));
#404 = DIRECTION('',(1.,0.,-0.));
#405 = ORIENTED_EDGE('',*,*,#406,.T.);
#406 = EDGE_CURVE('',#396,#407,#409,.T.);
#407 = VERTEX_POINT('',#408);
#408 = CARTESIAN_POINT('',(31.587857357186,37.5,21.65));
#409 = LINE('',#410,#411);
#410 = CARTESIAN_POINT('',(14.15,37.5,21.65));
#411 = VECTOR('',#412,1.);
#412 = DIRECTION('',(-1.,-0.,0.));
#413 = ORIENTED_EDGE('',*,*,#414,.F.);
#414 = EDGE_CURVE('',#415,#407,#417,.T.);
#415 = VERTEX_POINT('',#416);
#416 = CARTESIAN_POINT('',(32.175277781588,39.3,21.65));
#417 = CIRCLE('',#418,11.);
#418 = AXIS2_PLACEMENT_3D('',#419,#420,#421);
#419 = CARTESIAN_POINT('',(42.3,35.,21.65));
#420 = DIRECTION('',(0.,0.,1.));
#421 = DIRECTION('',(1.,0.,-0.));
#422 = ORIENTED_EDGE('',*,*,#423,.F.);
#423 = EDGE_CURVE('',#398,#415,#424,.T.);
#424 = LINE('',#425,#426);
#425 = CARTESIAN_POINT('',(14.15,39.3,21.65));
#426 = VECTOR('',#427,1.);
#427 = DIRECTION('',(-1.,-0.,0.));
#428 = FACE_BOUND('',#429,.F.);
#429 = EDGE_LOOP('',(#430,#441,#449,#458));
#430 = ORIENTED_EDGE('',*,*,#431,.F.);
#431 = EDGE_CURVE('',#432,#434,#436,.T.);
#432 = VERTEX_POINT('',#433);
#433 = CARTESIAN_POINT('',(51.646657156438,40.8,21.65));
#434 = VERTEX_POINT('',#435);
#435 = CARTESIAN_POINT('',(50.252358140828,42.6,21.65));
#436 = CIRCLE('',#437,11.);
#437 = AXIS2_PLACEMENT_3D('',#438,#439,#440);
#438 = CARTESIAN_POINT('',(42.3,35.,21.65));
#439 = DIRECTION('',(0.,0.,1.));
#440 = DIRECTION('',(1.,0.,-0.));
#441 = ORIENTED_EDGE('',*,*,#442,.T.);
#442 = EDGE_CURVE('',#432,#443,#445,.T.);
#443 = VERTEX_POINT('',#444);
#444 = CARTESIAN_POINT('',(32.953342843562,40.8,21.65));
#445 = LINE('',#446,#447);
#446 = CARTESIAN_POINT('',(14.15,40.8,21.65));
#447 = VECTOR('',#448,1.);
#448 = DIRECTION('',(-1.,-0.,0.));
#449 = ORIENTED_EDGE('',*,*,#450,.F.);
#450 = EDGE_CURVE('',#451,#443,#453,.T.);
#451 = VERTEX_POINT('',#452);
#452 = CARTESIAN_POINT('',(34.347641859172,42.6,21.65));
#453 = CIRCLE('',#454,11.);
#454 = AXIS2_PLACEMENT_3D('',#455,#456,#457);
#455 = CARTESIAN_POINT('',(42.3,35.,21.65));
#456 = DIRECTION('',(0.,0.,1.));
#457 = DIRECTION('',(1.,0.,-0.));
#458 = ORIENTED_EDGE('',*,*,#459,.F.);
#459 = EDGE_CURVE('',#434,#451,#460,.T.);
#460 = LINE('',#461,#462);
#461 = CARTESIAN_POINT('',(14.15,42.6,21.65));
#462 = VECTOR('',#463,1.);
#463 = DIRECTION('',(-1.,-0.,0.));
#464 = FACE_BOUND('',#465,.F.);
#465 = EDGE_LOOP('',(#466,#477,#485,#494));
#466 = ORIENTED_EDGE('',*,*,#467,.F.);
#467 = EDGE_CURVE('',#468,#470,#472,.T.);
#468 = VERTEX_POINT('',#469);
#469 = CARTESIAN_POINT('',(48.479805822192,44.1,21.65));
#470 = VERTEX_POINT('',#471);
#471 = CARTESIAN_POINT('',(43.779864858695,45.9,21.65));
#472 = CIRCLE('',#473,11.);
#473 = AXIS2_PLACEMENT_3D('',#474,#475,#476);
#474 = CARTESIAN_POINT('',(42.3,35.,21.65));
#475 = DIRECTION('',(0.,0.,1.));
#476 = DIRECTION('',(1.,0.,-0.));
#477 = ORIENTED_EDGE('',*,*,#478,.T.);
#478 = EDGE_CURVE('',#468,#479,#481,.T.);
#479 = VERTEX_POINT('',#480);
#480 = CARTESIAN_POINT('',(36.120194177808,44.1,21.65));
#481 = LINE('',#482,#483);
#482 = CARTESIAN_POINT('',(14.15,44.1,21.65));
#483 = VECTOR('',#484,1.);
#484 = DIRECTION('',(-1.,-0.,0.));
#485 = ORIENTED_EDGE('',*,*,#486,.F.);
#486 = EDGE_CURVE('',#487,#479,#489,.T.);
#487 = VERTEX_POINT('',#488);
#488 = CARTESIAN_POINT('',(40.820135141305,45.9,21.65));
#489 = CIRCLE('',#490,11.);
#490 = AXIS2_PLACEMENT_3D('',#491,#492,#493);
#491 = CARTESIAN_POINT('',(42.3,35.,21.65));
#492 = DIRECTION('',(0.,0.,1.));
#493 = DIRECTION('',(1.,0.,-0.));
#494 = ORIENTED_EDGE('',*,*,#495,.F.);
#495 = EDGE_CURVE('',#470,#487,#496,.T.);
#496 = LINE('',#497,#498);
#497 = CARTESIAN_POINT('',(14.15,45.9,21.65));
#498 = VECTOR('',#499,1.);
#499 = DIRECTION('',(-1.,-0.,0.));
#500 = FACE_BOUND('',#501,.F.);
#501 = EDGE_LOOP('',(#502));
#502 = ORIENTED_EDGE('',*,*,#503,.F.);
#503 = EDGE_CURVE('',#504,#504,#506,.T.);
#504 = VERTEX_POINT('',#505);
#505 = CARTESIAN_POINT('',(5.9,52.5,21.65));
#506 = CIRCLE('',#507,2.4);
#507 = AXIS2_PLACEMENT_3D('',#508,#509,#510);
#508 = CARTESIAN_POINT('',(3.5,52.5,21.65));
#509 = DIRECTION('',(0.,0.,1.));
#510 = DIRECTION('',(1.,0.,-0.));
#511 = FACE_BOUND('',#512,.F.);
#512 = EDGE_LOOP('',(#513,#524,#532,#541,#549,#557,#565,#574,#582,#591,
    #599,#608,#617,#625,#634,#643,#651,#660,#668,#677,#685,#693,#701,
    #710,#718,#727));
#513 = ORIENTED_EDGE('',*,*,#514,.F.);
#514 = EDGE_CURVE('',#515,#517,#519,.T.);
#515 = VERTEX_POINT('',#516);
#516 = CARTESIAN_POINT('',(-0.75,-2.22044604925E-16,21.65));
#517 = VERTEX_POINT('',#518);
#518 = CARTESIAN_POINT('',(1.,-1.75,21.65));
#519 = CIRCLE('',#520,1.75);
#520 = AXIS2_PLACEMENT_3D('',#521,#522,#523);
#521 = CARTESIAN_POINT('',(1.,-2.22044604925E-16,21.65));
#522 = DIRECTION('',(0.,0.,1.));
#523 = DIRECTION('',(-1.,-0.,0.));
#524 = ORIENTED_EDGE('',*,*,#525,.T.);
#525 = EDGE_CURVE('',#515,#526,#528,.T.);
#526 = VERTEX_POINT('',#527);
#527 = CARTESIAN_POINT('',(-0.75,61.5,21.65));
#528 = LINE('',#529,#530);
#529 = CARTESIAN_POINT('',(-0.75,-2.875,21.65));
#530 = VECTOR('',#531,1.);
#531 = DIRECTION('',(-0.,1.,0.));
#532 = ORIENTED_EDGE('',*,*,#533,.F.);
#533 = EDGE_CURVE('',#534,#526,#536,.T.);
#534 = VERTEX_POINT('',#535);
#535 = CARTESIAN_POINT('',(1.,63.25,21.65));
#536 = CIRCLE('',#537,1.75);
#537 = AXIS2_PLACEMENT_3D('',#538,#539,#540);
#538 = CARTESIAN_POINT('',(1.,61.5,21.65));
#539 = DIRECTION('',(0.,0.,1.));
#540 = DIRECTION('',(-1.,-0.,0.));
#541 = ORIENTED_EDGE('',*,*,#542,.F.);
#542 = EDGE_CURVE('',#543,#534,#545,.T.);
#543 = VERTEX_POINT('',#544);
#544 = CARTESIAN_POINT('',(34.5,63.25,21.65));
#545 = LINE('',#546,#547);
#546 = CARTESIAN_POINT('',(-1.875,63.25,21.65));
#547 = VECTOR('',#548,1.);
#548 = DIRECTION('',(-1.,-0.,0.));
#549 = ORIENTED_EDGE('',*,*,#550,.F.);
#550 = EDGE_CURVE('',#551,#543,#553,.T.);
#551 = VERTEX_POINT('',#552);
#552 = CARTESIAN_POINT('',(34.5,62.05,21.65));
#553 = LINE('',#554,#555);
#554 = CARTESIAN_POINT('',(34.5,23.,21.65));
#555 = VECTOR('',#556,1.);
#556 = DIRECTION('',(-0.,1.,0.));
#557 = ORIENTED_EDGE('',*,*,#558,.T.);
#558 = EDGE_CURVE('',#551,#559,#561,.T.);
#559 = VERTEX_POINT('',#560);
#560 = CARTESIAN_POINT('',(1.,62.05,21.65));
#561 = LINE('',#562,#563);
#562 = CARTESIAN_POINT('',(-1.275,62.05,21.65));
#563 = VECTOR('',#564,1.);
#564 = DIRECTION('',(-1.,-0.,0.));
#565 = ORIENTED_EDGE('',*,*,#566,.T.);
#566 = EDGE_CURVE('',#559,#567,#569,.T.);
#567 = VERTEX_POINT('',#568);
#568 = CARTESIAN_POINT('',(0.45,61.5,21.65));
#569 = CIRCLE('',#570,0.55);
#570 = AXIS2_PLACEMENT_3D('',#571,#572,#573);
#571 = CARTESIAN_POINT('',(1.,61.5,21.65));
#572 = DIRECTION('',(0.,0.,1.));
#573 = DIRECTION('',(-1.,-0.,0.));
#574 = ORIENTED_EDGE('',*,*,#575,.F.);
#575 = EDGE_CURVE('',#576,#567,#578,.T.);
#576 = VERTEX_POINT('',#577);
#577 = CARTESIAN_POINT('',(0.45,-1.110223024625E-16,21.65));
#578 = LINE('',#579,#580);
#579 = CARTESIAN_POINT('',(0.45,-2.275,21.65));
#580 = VECTOR('',#581,1.);
#581 = DIRECTION('',(-0.,1.,0.));
#582 = ORIENTED_EDGE('',*,*,#583,.T.);
#583 = EDGE_CURVE('',#576,#584,#586,.T.);
#584 = VERTEX_POINT('',#585);
#585 = CARTESIAN_POINT('',(1.,-0.55,21.65));
#586 = CIRCLE('',#587,0.55);
#587 = AXIS2_PLACEMENT_3D('',#588,#589,#590);
#588 = CARTESIAN_POINT('',(1.,-1.110223024625E-16,21.65));
#589 = DIRECTION('',(0.,0.,1.));
#590 = DIRECTION('',(-1.,-0.,0.));
#591 = ORIENTED_EDGE('',*,*,#592,.F.);
#592 = EDGE_CURVE('',#593,#584,#595,.T.);
#593 = VERTEX_POINT('',#594);
#594 = CARTESIAN_POINT('',(26.991429205785,-0.55,21.65));
#595 = LINE('',#596,#597);
#596 = CARTESIAN_POINT('',(-1.275,-0.55,21.65));
#597 = VECTOR('',#598,1.);
#598 = DIRECTION('',(-1.,-0.,0.));
#599 = ORIENTED_EDGE('',*,*,#600,.F.);
#600 = EDGE_CURVE('',#601,#593,#603,.T.);
#601 = VERTEX_POINT('',#602);
#602 = CARTESIAN_POINT('',(30.7,0.8,21.65));
#603 = CIRCLE('',#604,2.1);
#604 = AXIS2_PLACEMENT_3D('',#605,#606,#607);
#605 = CARTESIAN_POINT('',(28.6,0.8,21.65));
#606 = DIRECTION('',(0.,0.,1.));
#607 = DIRECTION('',(1.,0.,-0.));
#608 = ORIENTED_EDGE('',*,*,#609,.F.);
#609 = EDGE_CURVE('',#610,#601,#612,.T.);
#610 = VERTEX_POINT('',#611);
#611 = CARTESIAN_POINT('',(30.208570794215,-0.55,21.65));
#612 = CIRCLE('',#613,2.1);
#613 = AXIS2_PLACEMENT_3D('',#614,#615,#616);
#614 = CARTESIAN_POINT('',(28.6,0.8,21.65));
#615 = DIRECTION('',(0.,0.,1.));
#616 = DIRECTION('',(1.,0.,-0.));
#617 = ORIENTED_EDGE('',*,*,#618,.F.);
#618 = EDGE_CURVE('',#619,#610,#621,.T.);
#619 = VERTEX_POINT('',#620);
#620 = CARTESIAN_POINT('',(39.491429205785,-0.55,21.65));
#621 = LINE('',#622,#623);
#622 = CARTESIAN_POINT('',(-1.275,-0.55,21.65));
#623 = VECTOR('',#624,1.);
#624 = DIRECTION('',(-1.,-0.,0.));
#625 = ORIENTED_EDGE('',*,*,#626,.F.);
#626 = EDGE_CURVE('',#627,#619,#629,.T.);
#627 = VERTEX_POINT('',#628);
#628 = CARTESIAN_POINT('',(43.2,0.8,21.65));
#629 = CIRCLE('',#630,2.1);
#630 = AXIS2_PLACEMENT_3D('',#631,#632,#633);
#631 = CARTESIAN_POINT('',(41.1,0.8,21.65));
#632 = DIRECTION('',(0.,0.,1.));
#633 = DIRECTION('',(1.,0.,-0.));
#634 = ORIENTED_EDGE('',*,*,#635,.F.);
#635 = EDGE_CURVE('',#636,#627,#638,.T.);
#636 = VERTEX_POINT('',#637);
#637 = CARTESIAN_POINT('',(42.708570794215,-0.55,21.65));
#638 = CIRCLE('',#639,2.1);
#639 = AXIS2_PLACEMENT_3D('',#640,#641,#642);
#640 = CARTESIAN_POINT('',(41.1,0.8,21.65));
#641 = DIRECTION('',(0.,0.,1.));
#642 = DIRECTION('',(1.,0.,-0.));
#643 = ORIENTED_EDGE('',*,*,#644,.F.);
#644 = EDGE_CURVE('',#645,#636,#647,.T.);
#645 = VERTEX_POINT('',#646);
#646 = CARTESIAN_POINT('',(84.,-0.55,21.65));
#647 = LINE('',#648,#649);
#648 = CARTESIAN_POINT('',(-1.275,-0.55,21.65));
#649 = VECTOR('',#650,1.);
#650 = DIRECTION('',(-1.,-0.,0.));
#651 = ORIENTED_EDGE('',*,*,#652,.T.);
#652 = EDGE_CURVE('',#645,#653,#655,.T.);
#653 = VERTEX_POINT('',#654);
#654 = CARTESIAN_POINT('',(84.55,-1.110223024625E-16,21.65));
#655 = CIRCLE('',#656,0.55);
#656 = AXIS2_PLACEMENT_3D('',#657,#658,#659);
#657 = CARTESIAN_POINT('',(84.,-1.110223024625E-16,21.65));
#658 = DIRECTION('',(0.,0.,1.));
#659 = DIRECTION('',(1.,0.,-0.));
#660 = ORIENTED_EDGE('',*,*,#661,.T.);
#661 = EDGE_CURVE('',#653,#662,#664,.T.);
#662 = VERTEX_POINT('',#663);
#663 = CARTESIAN_POINT('',(84.55,61.5,21.65));
#664 = LINE('',#665,#666);
#665 = CARTESIAN_POINT('',(84.55,-2.275,21.65));
#666 = VECTOR('',#667,1.);
#667 = DIRECTION('',(-0.,1.,0.));
#668 = ORIENTED_EDGE('',*,*,#669,.T.);
#669 = EDGE_CURVE('',#662,#670,#672,.T.);
#670 = VERTEX_POINT('',#671);
#671 = CARTESIAN_POINT('',(84.,62.05,21.65));
#672 = CIRCLE('',#673,0.55);
#673 = AXIS2_PLACEMENT_3D('',#674,#675,#676);
#674 = CARTESIAN_POINT('',(84.,61.5,21.65));
#675 = DIRECTION('',(0.,0.,1.));
#676 = DIRECTION('',(1.,0.,-0.));
#677 = ORIENTED_EDGE('',*,*,#678,.T.);
#678 = EDGE_CURVE('',#670,#679,#681,.T.);
#679 = VERTEX_POINT('',#680);
#680 = CARTESIAN_POINT('',(50.5,62.05,21.65));
#681 = LINE('',#682,#683);
#682 = CARTESIAN_POINT('',(-1.275,62.05,21.65));
#683 = VECTOR('',#684,1.);
#684 = DIRECTION('',(-1.,-0.,0.));
#685 = ORIENTED_EDGE('',*,*,#686,.T.);
#686 = EDGE_CURVE('',#679,#687,#689,.T.);
#687 = VERTEX_POINT('',#688);
#688 = CARTESIAN_POINT('',(50.5,63.25,21.65));
#689 = LINE('',#690,#691);
#690 = CARTESIAN_POINT('',(50.5,23.,21.65));
#691 = VECTOR('',#692,1.);
#692 = DIRECTION('',(-0.,1.,0.));
#693 = ORIENTED_EDGE('',*,*,#694,.F.);
#694 = EDGE_CURVE('',#695,#687,#697,.T.);
#695 = VERTEX_POINT('',#696);
#696 = CARTESIAN_POINT('',(84.,63.25,21.65));
#697 = LINE('',#698,#699);
#698 = CARTESIAN_POINT('',(-1.875,63.25,21.65));
#699 = VECTOR('',#700,1.);
#700 = DIRECTION('',(-1.,-0.,0.));
#701 = ORIENTED_EDGE('',*,*,#702,.F.);
#702 = EDGE_CURVE('',#703,#695,#705,.T.);
#703 = VERTEX_POINT('',#704);
#704 = CARTESIAN_POINT('',(85.75,61.5,21.65));
#705 = CIRCLE('',#706,1.75);
#706 = AXIS2_PLACEMENT_3D('',#707,#708,#709);
#707 = CARTESIAN_POINT('',(84.,61.5,21.65));
#708 = DIRECTION('',(0.,0.,1.));
#709 = DIRECTION('',(1.,0.,-0.));
#710 = ORIENTED_EDGE('',*,*,#711,.F.);
#711 = EDGE_CURVE('',#712,#703,#714,.T.);
#712 = VERTEX_POINT('',#713);
#713 = CARTESIAN_POINT('',(85.75,-2.22044604925E-16,21.65));
#714 = LINE('',#715,#716);
#715 = CARTESIAN_POINT('',(85.75,-2.875,21.65));
#716 = VECTOR('',#717,1.);
#717 = DIRECTION('',(-0.,1.,0.));
#718 = ORIENTED_EDGE('',*,*,#719,.F.);
#719 = EDGE_CURVE('',#720,#712,#722,.T.);
#720 = VERTEX_POINT('',#721);
#721 = CARTESIAN_POINT('',(84.,-1.75,21.65));
#722 = CIRCLE('',#723,1.75);
#723 = AXIS2_PLACEMENT_3D('',#724,#725,#726);
#724 = CARTESIAN_POINT('',(84.,-2.22044604925E-16,21.65));
#725 = DIRECTION('',(0.,0.,1.));
#726 = DIRECTION('',(1.,0.,-0.));
#727 = ORIENTED_EDGE('',*,*,#728,.T.);
#728 = EDGE_CURVE('',#720,#517,#729,.T.);
#729 = LINE('',#730,#731);
#730 = CARTESIAN_POINT('',(-1.875,-1.75,21.65));
#731 = VECTOR('',#732,1.);
#732 = DIRECTION('',(-1.,-0.,0.));
#733 = FACE_BOUND('',#734,.F.);
#734 = EDGE_LOOP('',(#735));
#735 = ORIENTED_EDGE('',*,*,#736,.F.);
#736 = EDGE_CURVE('',#737,#737,#739,.T.);
#737 = VERTEX_POINT('',#738);
#738 = CARTESIAN_POINT('',(63.9,52.5,21.65));
#739 = CIRCLE('',#740,2.4);
#740 = AXIS2_PLACEMENT_3D('',#741,#742,#743);
#741 = CARTESIAN_POINT('',(61.5,52.5,21.65));
#742 = DIRECTION('',(0.,0.,1.));
#743 = DIRECTION('',(1.,0.,-0.));
#744 = FACE_BOUND('',#745,.F.);
#745 = EDGE_LOOP('',(#746,#756,#764,#772));
#746 = ORIENTED_EDGE('',*,*,#747,.T.);
#747 = EDGE_CURVE('',#748,#750,#752,.T.);
#748 = VERTEX_POINT('',#749);
#749 = CARTESIAN_POINT('',(47.93,57.85,21.65));
#750 = VERTEX_POINT('',#751);
#751 = CARTESIAN_POINT('',(37.07,57.85,21.65));
#752 = LINE('',#753,#754);
#753 = CARTESIAN_POINT('',(17.035,57.85,21.65));
#754 = VECTOR('',#755,1.);
#755 = DIRECTION('',(-1.,-0.,0.));
#756 = ORIENTED_EDGE('',*,*,#757,.T.);
#757 = EDGE_CURVE('',#750,#758,#760,.T.);
#758 = VERTEX_POINT('',#759);
#759 = CARTESIAN_POINT('',(37.07,63.25,21.65));
#760 = LINE('',#761,#762);
#761 = CARTESIAN_POINT('',(37.07,26.925,21.65));
#762 = VECTOR('',#763,1.);
#763 = DIRECTION('',(-0.,1.,0.));
#764 = ORIENTED_EDGE('',*,*,#765,.F.);
#765 = EDGE_CURVE('',#766,#758,#768,.T.);
#766 = VERTEX_POINT('',#767);
#767 = CARTESIAN_POINT('',(47.93,63.25,21.65));
#768 = LINE('',#769,#770);
#769 = CARTESIAN_POINT('',(17.035,63.25,21.65));
#770 = VECTOR('',#771,1.);
#771 = DIRECTION('',(-1.,-0.,0.));
#772 = ORIENTED_EDGE('',*,*,#773,.F.);
#773 = EDGE_CURVE('',#748,#766,#774,.T.);
#774 = LINE('',#775,#776);
#775 = CARTESIAN_POINT('',(47.93,26.925,21.65));
#776 = VECTOR('',#777,1.);
#777 = DIRECTION('',(-0.,1.,0.));
#778 = PLANE('',#779);
#779 = AXIS2_PLACEMENT_3D('',#780,#781,#782);
#780 = CARTESIAN_POINT('',(-3.,-4.,21.65));
#781 = DIRECTION('',(0.,0.,1.));
#782 = DIRECTION('',(1.,0.,-0.));
#783 = ADVANCED_FACE('',(#784),#803,.T.);
#784 = FACE_BOUND('',#785,.F.);
#785 = EDGE_LOOP('',(#786,#787,#788,#796));
#786 = ORIENTED_EDGE('',*,*,#39,.F.);
#787 = ORIENTED_EDGE('',*,*,#169,.T.);
#788 = ORIENTED_EDGE('',*,*,#789,.T.);
#789 = EDGE_CURVE('',#162,#790,#792,.T.);
#790 = VERTEX_POINT('',#791);
#791 = CARTESIAN_POINT('',(1.,65.5,22.85));
#792 = LINE('',#793,#794);
#793 = CARTESIAN_POINT('',(1.,65.5,21.65));
#794 = VECTOR('',#795,1.);
#795 = DIRECTION('',(0.,0.,1.));
#796 = ORIENTED_EDGE('',*,*,#797,.F.);
#797 = EDGE_CURVE('',#40,#790,#798,.T.);
#798 = CIRCLE('',#799,4.);
#799 = AXIS2_PLACEMENT_3D('',#800,#801,#802);
#800 = CARTESIAN_POINT('',(1.,61.5,22.85));
#801 = DIRECTION('',(-0.,0.,-1.));
#802 = DIRECTION('',(-1.,0.,0.));
#803 = CYLINDRICAL_SURFACE('',#804,4.);
#804 = AXIS2_PLACEMENT_3D('',#805,#806,#807);
#805 = CARTESIAN_POINT('',(1.,61.5,21.65));
#806 = DIRECTION('',(0.,0.,1.));
#807 = DIRECTION('',(-1.,-0.,0.));
#808 = ADVANCED_FACE('',(#809),#828,.T.);
#809 = FACE_BOUND('',#810,.F.);
#810 = EDGE_LOOP('',(#811,#819,#820,#821));
#811 = ORIENTED_EDGE('',*,*,#812,.F.);
#812 = EDGE_CURVE('',#72,#813,#815,.T.);
#813 = VERTEX_POINT('',#814);
#814 = CARTESIAN_POINT('',(1.,-3.2,23.65));
#815 = LINE('',#816,#817);
#816 = CARTESIAN_POINT('',(1.,-3.6,23.25));
#817 = VECTOR('',#818,1.);
#818 = DIRECTION('',(0.,0.707106781187,0.707106781187));
#819 = ORIENTED_EDGE('',*,*,#79,.T.);
#820 = ORIENTED_EDGE('',*,*,#94,.T.);
#821 = ORIENTED_EDGE('',*,*,#822,.F.);
#822 = EDGE_CURVE('',#813,#95,#823,.T.);
#823 = CIRCLE('',#824,3.2);
#824 = AXIS2_PLACEMENT_3D('',#825,#826,#827);
#825 = CARTESIAN_POINT('',(1.,-8.881784197001E-16,23.65));
#826 = DIRECTION('',(-0.,0.,-1.));
#827 = DIRECTION('',(-2.498001805407E-16,-1.,0.));
#828 = CONICAL_SURFACE('',#829,4.,0.785398163397);
#829 = AXIS2_PLACEMENT_3D('',#830,#831,#832);
#830 = CARTESIAN_POINT('',(1.,-8.881784197001E-16,22.85));
#831 = DIRECTION('',(-0.,-0.,-1.));
#832 = DIRECTION('',(-2.498001805407E-16,-1.,0.));
#833 = ADVANCED_FACE('',(#834),#852,.F.);
#834 = FACE_BOUND('',#835,.F.);
#835 = EDGE_LOOP('',(#836,#837,#845,#851));
#836 = ORIENTED_EDGE('',*,*,#71,.T.);
#837 = ORIENTED_EDGE('',*,*,#838,.F.);
#838 = EDGE_CURVE('',#839,#72,#841,.T.);
#839 = VERTEX_POINT('',#840);
#840 = CARTESIAN_POINT('',(84.,-4.,22.85));
#841 = LINE('',#842,#843);
#842 = CARTESIAN_POINT('',(84.,-4.,22.85));
#843 = VECTOR('',#844,1.);
#844 = DIRECTION('',(-1.,-0.,0.));
#845 = ORIENTED_EDGE('',*,*,#846,.F.);
#846 = EDGE_CURVE('',#128,#839,#847,.T.);
#847 = LINE('',#848,#849);
#848 = CARTESIAN_POINT('',(84.,-4.,21.65));
#849 = VECTOR('',#850,1.);
#850 = DIRECTION('',(0.,0.,1.));
#851 = ORIENTED_EDGE('',*,*,#127,.F.);
#852 = PLANE('',#853);
#853 = AXIS2_PLACEMENT_3D('',#854,#855,#856);
#854 = CARTESIAN_POINT('',(-3.,-4.,21.65));
#855 = DIRECTION('',(-0.,1.,0.));
#856 = DIRECTION('',(0.,0.,1.));
#857 = ADVANCED_FACE('',(#858,#911,#922,#958,#994,#1030,#1084,#1120,
    #1156,#1192,#1290,#1356,#1581,#1735,#1991,#2025,#2127),#2245,.T.);
#858 = FACE_BOUND('',#859,.T.);
#859 = EDGE_LOOP('',(#860,#861,#862,#870,#879,#887,#896,#904));
#860 = ORIENTED_EDGE('',*,*,#111,.F.);
#861 = ORIENTED_EDGE('',*,*,#822,.F.);
#862 = ORIENTED_EDGE('',*,*,#863,.F.);
#863 = EDGE_CURVE('',#864,#813,#866,.T.);
#864 = VERTEX_POINT('',#865);
#865 = CARTESIAN_POINT('',(84.,-3.2,23.65));
#866 = LINE('',#867,#868);
#867 = CARTESIAN_POINT('',(84.,-3.2,23.65));
#868 = VECTOR('',#869,1.);
#869 = DIRECTION('',(-1.,-0.,0.));
#870 = ORIENTED_EDGE('',*,*,#871,.F.);
#871 = EDGE_CURVE('',#872,#864,#874,.T.);
#872 = VERTEX_POINT('',#873);
#873 = CARTESIAN_POINT('',(87.2,0.,23.65));
#874 = CIRCLE('',#875,3.2);
#875 = AXIS2_PLACEMENT_3D('',#876,#877,#878);
#876 = CARTESIAN_POINT('',(84.,-8.881784197001E-16,23.65));
#877 = DIRECTION('',(0.,-0.,-1.));
#878 = DIRECTION('',(1.,1.836970198721E-16,-0.));
#879 = ORIENTED_EDGE('',*,*,#880,.F.);
#880 = EDGE_CURVE('',#881,#872,#883,.T.);
#881 = VERTEX_POINT('',#882);
#882 = CARTESIAN_POINT('',(87.2,61.5,23.65));
#883 = LINE('',#884,#885);
#884 = CARTESIAN_POINT('',(87.2,61.5,23.65));
#885 = VECTOR('',#886,1.);
#886 = DIRECTION('',(0.,-1.,-0.));
#887 = ORIENTED_EDGE('',*,*,#888,.F.);
#888 = EDGE_CURVE('',#889,#881,#891,.T.);
#889 = VERTEX_POINT('',#890);
#890 = CARTESIAN_POINT('',(84.,64.7,23.65));
#891 = CIRCLE('',#892,3.2);
#892 = AXIS2_PLACEMENT_3D('',#893,#894,#895);
#893 = CARTESIAN_POINT('',(84.,61.5,23.65));
#894 = DIRECTION('',(0.,-0.,-1.));
#895 = DIRECTION('',(0.,1.,-0.));
#896 = ORIENTED_EDGE('',*,*,#897,.F.);
#897 = EDGE_CURVE('',#898,#889,#900,.T.);
#898 = VERTEX_POINT('',#899);
#899 = CARTESIAN_POINT('',(1.,64.7,23.65));
#900 = LINE('',#901,#902);
#901 = CARTESIAN_POINT('',(1.,64.7,23.65));
#902 = VECTOR('',#903,1.);
#903 = DIRECTION('',(1.,0.,-0.));
#904 = ORIENTED_EDGE('',*,*,#905,.F.);
#905 = EDGE_CURVE('',#104,#898,#906,.T.);
#906 = CIRCLE('',#907,3.2);
#907 = AXIS2_PLACEMENT_3D('',#908,#909,#910);
#908 = CARTESIAN_POINT('',(1.,61.5,23.65));
#909 = DIRECTION('',(-0.,0.,-1.));
#910 = DIRECTION('',(-1.,0.,0.));
#911 = FACE_BOUND('',#912,.T.);
#912 = EDGE_LOOP('',(#913));
#913 = ORIENTED_EDGE('',*,*,#914,.F.);
#914 = EDGE_CURVE('',#915,#915,#917,.T.);
#915 = VERTEX_POINT('',#916);
#916 = CARTESIAN_POINT('',(44.845,11.3,23.65));
#917 = CIRCLE('',#918,3.845);
#918 = AXIS2_PLACEMENT_3D('',#919,#920,#921);
#919 = CARTESIAN_POINT('',(41.,11.3,23.65));
#920 = DIRECTION('',(0.,0.,1.));
#921 = DIRECTION('',(1.,0.,-0.));
#922 = FACE_BOUND('',#923,.T.);
#923 = EDGE_LOOP('',(#924,#934,#943,#951));
#924 = ORIENTED_EDGE('',*,*,#925,.F.);
#925 = EDGE_CURVE('',#926,#928,#930,.T.);
#926 = VERTEX_POINT('',#927);
#927 = CARTESIAN_POINT('',(48.764518543558,26.1,23.65));
#928 = VERTEX_POINT('',#929);
#929 = CARTESIAN_POINT('',(35.835481456442,26.1,23.65));
#930 = LINE('',#931,#932);
#931 = CARTESIAN_POINT('',(14.15,26.1,23.65));
#932 = VECTOR('',#933,1.);
#933 = DIRECTION('',(-1.,-0.,0.));
#934 = ORIENTED_EDGE('',*,*,#935,.F.);
#935 = EDGE_CURVE('',#936,#926,#938,.T.);
#936 = VERTEX_POINT('',#937);
#937 = CARTESIAN_POINT('',(46.6577517139,24.9,23.65));
#938 = CIRCLE('',#939,11.);
#939 = AXIS2_PLACEMENT_3D('',#940,#941,#942);
#940 = CARTESIAN_POINT('',(42.3,35.,23.65));
#941 = DIRECTION('',(0.,0.,1.));
#942 = DIRECTION('',(1.,0.,-0.));
#943 = ORIENTED_EDGE('',*,*,#944,.T.);
#944 = EDGE_CURVE('',#936,#945,#947,.T.);
#945 = VERTEX_POINT('',#946);
#946 = CARTESIAN_POINT('',(37.9422482861,24.9,23.65));
#947 = LINE('',#948,#949);
#948 = CARTESIAN_POINT('',(14.15,24.9,23.65));
#949 = VECTOR('',#950,1.);
#950 = DIRECTION('',(-1.,-0.,0.));
#951 = ORIENTED_EDGE('',*,*,#952,.F.);
#952 = EDGE_CURVE('',#928,#945,#953,.T.);
#953 = CIRCLE('',#954,11.);
#954 = AXIS2_PLACEMENT_3D('',#955,#956,#957);
#955 = CARTESIAN_POINT('',(42.3,35.,23.65));
#956 = DIRECTION('',(0.,0.,1.));
#957 = DIRECTION('',(1.,0.,-0.));
#958 = FACE_BOUND('',#959,.T.);
#959 = EDGE_LOOP('',(#960,#971,#979,#988));
#960 = ORIENTED_EDGE('',*,*,#961,.F.);
#961 = EDGE_CURVE('',#962,#964,#966,.T.);
#962 = VERTEX_POINT('',#963);
#963 = CARTESIAN_POINT('',(50.43879597975,27.6,23.65));
#964 = VERTEX_POINT('',#965);
#965 = CARTESIAN_POINT('',(51.767840302836,29.4,23.65));
#966 = CIRCLE('',#967,11.);
#967 = AXIS2_PLACEMENT_3D('',#968,#969,#970);
#968 = CARTESIAN_POINT('',(42.3,35.,23.65));
#969 = DIRECTION('',(0.,0.,1.));
#970 = DIRECTION('',(1.,0.,-0.));
#971 = ORIENTED_EDGE('',*,*,#972,.T.);
#972 = EDGE_CURVE('',#962,#973,#975,.T.);
#973 = VERTEX_POINT('',#974);
#974 = CARTESIAN_POINT('',(34.16120402025,27.6,23.65));
#975 = LINE('',#976,#977);
#976 = CARTESIAN_POINT('',(14.15,27.6,23.65));
#977 = VECTOR('',#978,1.);
#978 = DIRECTION('',(-1.,-0.,0.));
#979 = ORIENTED_EDGE('',*,*,#980,.F.);
#980 = EDGE_CURVE('',#981,#973,#983,.T.);
#981 = VERTEX_POINT('',#982);
#982 = CARTESIAN_POINT('',(32.832159697164,29.4,23.65));
#983 = CIRCLE('',#984,11.);
#984 = AXIS2_PLACEMENT_3D('',#985,#986,#987);
#985 = CARTESIAN_POINT('',(42.3,35.,23.65));
#986 = DIRECTION('',(0.,0.,1.));
#987 = DIRECTION('',(1.,0.,-0.));
#988 = ORIENTED_EDGE('',*,*,#989,.F.);
#989 = EDGE_CURVE('',#964,#981,#990,.T.);
#990 = LINE('',#991,#992);
#991 = CARTESIAN_POINT('',(14.15,29.4,23.65));
#992 = VECTOR('',#993,1.);
#993 = DIRECTION('',(-1.,-0.,0.));
#994 = FACE_BOUND('',#995,.T.);
#995 = EDGE_LOOP('',(#996,#1007,#1015,#1024));
#996 = ORIENTED_EDGE('',*,*,#997,.F.);
#997 = EDGE_CURVE('',#998,#1000,#1002,.T.);
#998 = VERTEX_POINT('',#999);
#999 = CARTESIAN_POINT('',(52.507350292804,30.9,23.65));
#1000 = VERTEX_POINT('',#1001);
#1001 = CARTESIAN_POINT('',(53.056858277397,32.7,23.65));
#1002 = CIRCLE('',#1003,11.);
#1003 = AXIS2_PLACEMENT_3D('',#1004,#1005,#1006);
#1004 = CARTESIAN_POINT('',(42.3,35.,23.65));
#1005 = DIRECTION('',(0.,0.,1.));
#1006 = DIRECTION('',(1.,0.,-0.));
#1007 = ORIENTED_EDGE('',*,*,#1008,.T.);
#1008 = EDGE_CURVE('',#998,#1009,#1011,.T.);
#1009 = VERTEX_POINT('',#1010);
#1010 = CARTESIAN_POINT('',(32.092649707196,30.9,23.65));
#1011 = LINE('',#1012,#1013);
#1012 = CARTESIAN_POINT('',(14.15,30.9,23.65));
#1013 = VECTOR('',#1014,1.);
#1014 = DIRECTION('',(-1.,-0.,0.));
#1015 = ORIENTED_EDGE('',*,*,#1016,.F.);
#1016 = EDGE_CURVE('',#1017,#1009,#1019,.T.);
#1017 = VERTEX_POINT('',#1018);
#1018 = CARTESIAN_POINT('',(31.543141722603,32.7,23.65));
#1019 = CIRCLE('',#1020,11.);
#1020 = AXIS2_PLACEMENT_3D('',#1021,#1022,#1023);
#1021 = CARTESIAN_POINT('',(42.3,35.,23.65));
#1022 = DIRECTION('',(0.,0.,1.));
#1023 = DIRECTION('',(1.,0.,-0.));
#1024 = ORIENTED_EDGE('',*,*,#1025,.F.);
#1025 = EDGE_CURVE('',#1000,#1017,#1026,.T.);
#1026 = LINE('',#1027,#1028);
#1027 = CARTESIAN_POINT('',(14.15,32.7,23.65));
#1028 = VECTOR('',#1029,1.);
#1029 = DIRECTION('',(-1.,-0.,0.));
#1030 = FACE_BOUND('',#1031,.T.);
#1031 = EDGE_LOOP('',(#1032,#1043,#1051,#1060,#1069,#1077));
#1032 = ORIENTED_EDGE('',*,*,#1033,.F.);
#1033 = EDGE_CURVE('',#1034,#1036,#1038,.T.);
#1034 = VERTEX_POINT('',#1035);
#1035 = CARTESIAN_POINT('',(31.345548849897,36.,23.65));
#1036 = VERTEX_POINT('',#1037);
#1037 = CARTESIAN_POINT('',(31.3,35.,23.65));
#1038 = CIRCLE('',#1039,11.);
#1039 = AXIS2_PLACEMENT_3D('',#1040,#1041,#1042);
#1040 = CARTESIAN_POINT('',(42.3,35.,23.65));
#1041 = DIRECTION('',(0.,0.,1.));
#1042 = DIRECTION('',(1.,0.,-0.));
#1043 = ORIENTED_EDGE('',*,*,#1044,.F.);
#1044 = EDGE_CURVE('',#1045,#1034,#1047,.T.);
#1045 = VERTEX_POINT('',#1046);
#1046 = CARTESIAN_POINT('',(53.254451150103,36.,23.65));
#1047 = LINE('',#1048,#1049);
#1048 = CARTESIAN_POINT('',(14.15,36.,23.65));
#1049 = VECTOR('',#1050,1.);
#1050 = DIRECTION('',(-1.,-0.,0.));
#1051 = ORIENTED_EDGE('',*,*,#1052,.F.);
#1052 = EDGE_CURVE('',#1053,#1045,#1055,.T.);
#1053 = VERTEX_POINT('',#1054);
#1054 = CARTESIAN_POINT('',(53.3,35.,23.65));
#1055 = CIRCLE('',#1056,11.);
#1056 = AXIS2_PLACEMENT_3D('',#1057,#1058,#1059);
#1057 = CARTESIAN_POINT('',(42.3,35.,23.65));
#1058 = DIRECTION('',(0.,0.,1.));
#1059 = DIRECTION('',(1.,0.,-0.));
#1060 = ORIENTED_EDGE('',*,*,#1061,.F.);
#1061 = EDGE_CURVE('',#1062,#1053,#1064,.T.);
#1062 = VERTEX_POINT('',#1063);
#1063 = CARTESIAN_POINT('',(53.270870521522,34.2,23.65));
#1064 = CIRCLE('',#1065,11.);
#1065 = AXIS2_PLACEMENT_3D('',#1066,#1067,#1068);
#1066 = CARTESIAN_POINT('',(42.3,35.,23.65));
#1067 = DIRECTION('',(0.,0.,1.));
#1068 = DIRECTION('',(1.,0.,-0.));
#1069 = ORIENTED_EDGE('',*,*,#1070,.T.);
#1070 = EDGE_CURVE('',#1062,#1071,#1073,.T.);
#1071 = VERTEX_POINT('',#1072);
#1072 = CARTESIAN_POINT('',(31.329129478478,34.2,23.65));
#1073 = LINE('',#1074,#1075);
#1074 = CARTESIAN_POINT('',(14.15,34.2,23.65));
#1075 = VECTOR('',#1076,1.);
#1076 = DIRECTION('',(-1.,-0.,0.));
#1077 = ORIENTED_EDGE('',*,*,#1078,.F.);
#1078 = EDGE_CURVE('',#1036,#1071,#1079,.T.);
#1079 = CIRCLE('',#1080,11.);
#1080 = AXIS2_PLACEMENT_3D('',#1081,#1082,#1083);
#1081 = CARTESIAN_POINT('',(42.3,35.,23.65));
#1082 = DIRECTION('',(0.,0.,1.));
#1083 = DIRECTION('',(1.,0.,-0.));
#1084 = FACE_BOUND('',#1085,.T.);
#1085 = EDGE_LOOP('',(#1086,#1097,#1105,#1114));
#1086 = ORIENTED_EDGE('',*,*,#1087,.F.);
#1087 = EDGE_CURVE('',#1088,#1090,#1092,.T.);
#1088 = VERTEX_POINT('',#1089);
#1089 = CARTESIAN_POINT('',(53.012142642814,37.5,23.65));
#1090 = VERTEX_POINT('',#1091);
#1091 = CARTESIAN_POINT('',(52.424722218412,39.3,23.65));
#1092 = CIRCLE('',#1093,11.);
#1093 = AXIS2_PLACEMENT_3D('',#1094,#1095,#1096);
#1094 = CARTESIAN_POINT('',(42.3,35.,23.65));
#1095 = DIRECTION('',(0.,0.,1.));
#1096 = DIRECTION('',(1.,0.,-0.));
#1097 = ORIENTED_EDGE('',*,*,#1098,.T.);
#1098 = EDGE_CURVE('',#1088,#1099,#1101,.T.);
#1099 = VERTEX_POINT('',#1100);
#1100 = CARTESIAN_POINT('',(31.587857357186,37.5,23.65));
#1101 = LINE('',#1102,#1103);
#1102 = CARTESIAN_POINT('',(14.15,37.5,23.65));
#1103 = VECTOR('',#1104,1.);
#1104 = DIRECTION('',(-1.,-0.,0.));
#1105 = ORIENTED_EDGE('',*,*,#1106,.F.);
#1106 = EDGE_CURVE('',#1107,#1099,#1109,.T.);
#1107 = VERTEX_POINT('',#1108);
#1108 = CARTESIAN_POINT('',(32.175277781588,39.3,23.65));
#1109 = CIRCLE('',#1110,11.);
#1110 = AXIS2_PLACEMENT_3D('',#1111,#1112,#1113);
#1111 = CARTESIAN_POINT('',(42.3,35.,23.65));
#1112 = DIRECTION('',(0.,0.,1.));
#1113 = DIRECTION('',(1.,0.,-0.));
#1114 = ORIENTED_EDGE('',*,*,#1115,.F.);
#1115 = EDGE_CURVE('',#1090,#1107,#1116,.T.);
#1116 = LINE('',#1117,#1118);
#1117 = CARTESIAN_POINT('',(14.15,39.3,23.65));
#1118 = VECTOR('',#1119,1.);
#1119 = DIRECTION('',(-1.,-0.,0.));
#1120 = FACE_BOUND('',#1121,.T.);
#1121 = EDGE_LOOP('',(#1122,#1133,#1141,#1150));
#1122 = ORIENTED_EDGE('',*,*,#1123,.F.);
#1123 = EDGE_CURVE('',#1124,#1126,#1128,.T.);
#1124 = VERTEX_POINT('',#1125);
#1125 = CARTESIAN_POINT('',(51.646657156438,40.8,23.65));
#1126 = VERTEX_POINT('',#1127);
#1127 = CARTESIAN_POINT('',(50.252358140828,42.6,23.65));
#1128 = CIRCLE('',#1129,11.);
#1129 = AXIS2_PLACEMENT_3D('',#1130,#1131,#1132);
#1130 = CARTESIAN_POINT('',(42.3,35.,23.65));
#1131 = DIRECTION('',(0.,0.,1.));
#1132 = DIRECTION('',(1.,0.,-0.));
#1133 = ORIENTED_EDGE('',*,*,#1134,.T.);
#1134 = EDGE_CURVE('',#1124,#1135,#1137,.T.);
#1135 = VERTEX_POINT('',#1136);
#1136 = CARTESIAN_POINT('',(32.953342843562,40.8,23.65));
#1137 = LINE('',#1138,#1139);
#1138 = CARTESIAN_POINT('',(14.15,40.8,23.65));
#1139 = VECTOR('',#1140,1.);
#1140 = DIRECTION('',(-1.,-0.,0.));
#1141 = ORIENTED_EDGE('',*,*,#1142,.F.);
#1142 = EDGE_CURVE('',#1143,#1135,#1145,.T.);
#1143 = VERTEX_POINT('',#1144);
#1144 = CARTESIAN_POINT('',(34.347641859172,42.6,23.65));
#1145 = CIRCLE('',#1146,11.);
#1146 = AXIS2_PLACEMENT_3D('',#1147,#1148,#1149);
#1147 = CARTESIAN_POINT('',(42.3,35.,23.65));
#1148 = DIRECTION('',(0.,0.,1.));
#1149 = DIRECTION('',(1.,0.,-0.));
#1150 = ORIENTED_EDGE('',*,*,#1151,.F.);
#1151 = EDGE_CURVE('',#1126,#1143,#1152,.T.);
#1152 = LINE('',#1153,#1154);
#1153 = CARTESIAN_POINT('',(14.15,42.6,23.65));
#1154 = VECTOR('',#1155,1.);
#1155 = DIRECTION('',(-1.,-0.,0.));
#1156 = FACE_BOUND('',#1157,.T.);
#1157 = EDGE_LOOP('',(#1158,#1169,#1177,#1186));
#1158 = ORIENTED_EDGE('',*,*,#1159,.F.);
#1159 = EDGE_CURVE('',#1160,#1162,#1164,.T.);
#1160 = VERTEX_POINT('',#1161);
#1161 = CARTESIAN_POINT('',(48.479805822192,44.1,23.65));
#1162 = VERTEX_POINT('',#1163);
#1163 = CARTESIAN_POINT('',(43.779864858695,45.9,23.65));
#1164 = CIRCLE('',#1165,11.);
#1165 = AXIS2_PLACEMENT_3D('',#1166,#1167,#1168);
#1166 = CARTESIAN_POINT('',(42.3,35.,23.65));
#1167 = DIRECTION('',(0.,0.,1.));
#1168 = DIRECTION('',(1.,0.,-0.));
#1169 = ORIENTED_EDGE('',*,*,#1170,.T.);
#1170 = EDGE_CURVE('',#1160,#1171,#1173,.T.);
#1171 = VERTEX_POINT('',#1172);
#1172 = CARTESIAN_POINT('',(36.120194177808,44.1,23.65));
#1173 = LINE('',#1174,#1175);
#1174 = CARTESIAN_POINT('',(14.15,44.1,23.65));
#1175 = VECTOR('',#1176,1.);
#1176 = DIRECTION('',(-1.,-0.,0.));
#1177 = ORIENTED_EDGE('',*,*,#1178,.F.);
#1178 = EDGE_CURVE('',#1179,#1171,#1181,.T.);
#1179 = VERTEX_POINT('',#1180);
#1180 = CARTESIAN_POINT('',(40.820135141305,45.9,23.65));
#1181 = CIRCLE('',#1182,11.);
#1182 = AXIS2_PLACEMENT_3D('',#1183,#1184,#1185);
#1183 = CARTESIAN_POINT('',(42.3,35.,23.65));
#1184 = DIRECTION('',(0.,0.,1.));
#1185 = DIRECTION('',(1.,0.,-0.));
#1186 = ORIENTED_EDGE('',*,*,#1187,.F.);
#1187 = EDGE_CURVE('',#1162,#1179,#1188,.T.);
#1188 = LINE('',#1189,#1190);
#1189 = CARTESIAN_POINT('',(14.15,45.9,23.65));
#1190 = VECTOR('',#1191,1.);
#1191 = DIRECTION('',(-1.,-0.,0.));
#1192 = FACE_BOUND('',#1193,.T.);
#1193 = EDGE_LOOP('',(#1194,#1204,#1212,#1220,#1228,#1236,#1244,#1252,
    #1260,#1268,#1276,#1284));
#1194 = ORIENTED_EDGE('',*,*,#1195,.F.);
#1195 = EDGE_CURVE('',#1196,#1198,#1200,.T.);
#1196 = VERTEX_POINT('',#1197);
#1197 = CARTESIAN_POINT('',(24.303560939794,60.651982378855,23.65));
#1198 = VERTEX_POINT('',#1199);
#1199 = CARTESIAN_POINT('',(20.27184287812,60.651982378855,23.65));
#1200 = LINE('',#1201,#1202);
#1201 = CARTESIAN_POINT('',(8.63592143906,60.651982378855,23.65));
#1202 = VECTOR('',#1203,1.);
#1203 = DIRECTION('',(-1.,1.224646799147E-16,0.));
#1204 = ORIENTED_EDGE('',*,*,#1205,.F.);
#1205 = EDGE_CURVE('',#1206,#1196,#1208,.T.);
#1206 = VERTEX_POINT('',#1207);
#1207 = CARTESIAN_POINT('',(24.303560939794,59.585095447871,23.65));
#1208 = LINE('',#1209,#1210);
#1209 = CARTESIAN_POINT('',(24.303560939794,28.325991189427,23.65));
#1210 = VECTOR('',#1211,1.);
#1211 = DIRECTION('',(1.224646799147E-16,1.,-0.));
#1212 = ORIENTED_EDGE('',*,*,#1213,.F.);
#1213 = EDGE_CURVE('',#1214,#1206,#1216,.T.);
#1214 = VERTEX_POINT('',#1215);
#1215 = CARTESIAN_POINT('',(23.224155653451,59.088803230543,23.65));
#1216 = LINE('',#1217,#1218);
#1217 = CARTESIAN_POINT('',(0.967384533446,48.855517893287,23.65));
#1218 = VECTOR('',#1219,1.);
#1219 = DIRECTION('',(0.908565286718,0.417742887159,-0.));
#1220 = ORIENTED_EDGE('',*,*,#1221,.F.);
#1221 = EDGE_CURVE('',#1222,#1214,#1224,.T.);
#1222 = VERTEX_POINT('',#1223);
#1223 = CARTESIAN_POINT('',(23.224155653451,53.35781938326,23.65));
#1224 = LINE('',#1225,#1226);
#1225 = CARTESIAN_POINT('',(23.224155653451,27.544401615272,23.65));
#1226 = VECTOR('',#1227,1.);
#1227 = DIRECTION('',(1.224646799147E-16,1.,-0.));
#1228 = ORIENTED_EDGE('',*,*,#1229,.F.);
#1229 = EDGE_CURVE('',#1230,#1222,#1232,.T.);
#1230 = VERTEX_POINT('',#1231);
#1231 = CARTESIAN_POINT('',(24.303560939794,52.861527165932,23.65));
#1232 = LINE('',#1233,#1234);
#1233 = CARTESIAN_POINT('',(23.285240119512,53.329733783264,23.65));
#1234 = VECTOR('',#1235,1.);
#1235 = DIRECTION('',(-0.908565286718,0.417742887159,0.));
#1236 = ORIENTED_EDGE('',*,*,#1237,.F.);
#1237 = EDGE_CURVE('',#1238,#1230,#1240,.T.);
#1238 = VERTEX_POINT('',#1239);
#1239 = CARTESIAN_POINT('',(24.303560939794,51.794640234949,23.65));
#1240 = LINE('',#1241,#1242);
#1241 = CARTESIAN_POINT('',(24.303560939794,24.430763582966,23.65));
#1242 = VECTOR('',#1243,1.);
#1243 = DIRECTION('',(1.224646799147E-16,1.,-0.));
#1244 = ORIENTED_EDGE('',*,*,#1245,.F.);
#1245 = EDGE_CURVE('',#1246,#1238,#1248,.T.);
#1246 = VERTEX_POINT('',#1247);
#1247 = CARTESIAN_POINT('',(20.27184287812,51.794640234949,23.65));
#1248 = LINE('',#1249,#1250);
#1249 = CARTESIAN_POINT('',(10.651780469897,51.794640234949,23.65));
#1250 = VECTOR('',#1251,1.);
#1251 = DIRECTION('',(1.,-1.224646799147E-16,0.));
#1252 = ORIENTED_EDGE('',*,*,#1253,.F.);
#1253 = EDGE_CURVE('',#1254,#1246,#1256,.T.);
#1254 = VERTEX_POINT('',#1255);
#1255 = CARTESIAN_POINT('',(20.27184287812,52.861527165932,23.65));
#1256 = LINE('',#1257,#1258);
#1257 = CARTESIAN_POINT('',(20.27184287812,23.897320117474,23.65));
#1258 = VECTOR('',#1259,1.);
#1259 = DIRECTION('',(-1.224646799147E-16,-1.,0.));
#1260 = ORIENTED_EDGE('',*,*,#1261,.F.);
#1261 = EDGE_CURVE('',#1262,#1254,#1264,.T.);
#1262 = VERTEX_POINT('',#1263);
#1263 = CARTESIAN_POINT('',(21.351248164464,53.35781938326,23.65));
#1264 = LINE('',#1265,#1266);
#1265 = CARTESIAN_POINT('',(-0.12430625254,43.483724217342,23.65));
#1266 = VECTOR('',#1267,1.);
#1267 = DIRECTION('',(-0.908565286718,-0.417742887159,0.));
#1268 = ORIENTED_EDGE('',*,*,#1269,.F.);
#1269 = EDGE_CURVE('',#1270,#1262,#1272,.T.);
#1270 = VERTEX_POINT('',#1271);
#1271 = CARTESIAN_POINT('',(21.351248164464,59.088803230543,23.65));
#1272 = LINE('',#1273,#1274);
#1273 = CARTESIAN_POINT('',(21.351248164464,24.67890969163,23.65));
#1274 = VECTOR('',#1275,1.);
#1275 = DIRECTION('',(-1.224646799147E-16,-1.,0.));
#1276 = ORIENTED_EDGE('',*,*,#1277,.F.);
#1277 = EDGE_CURVE('',#1278,#1270,#1280,.T.);
#1278 = VERTEX_POINT('',#1279);
#1279 = CARTESIAN_POINT('',(20.27184287812,59.585095447871,23.65));
#1280 = LINE('',#1281,#1282);
#1281 = CARTESIAN_POINT('',(23.272954619869,58.205235241882,23.65));
#1282 = VECTOR('',#1283,1.);
#1283 = DIRECTION('',(0.908565286718,-0.417742887159,0.));
#1284 = ORIENTED_EDGE('',*,*,#1285,.F.);
#1285 = EDGE_CURVE('',#1198,#1278,#1286,.T.);
#1286 = LINE('',#1287,#1288);
#1287 = CARTESIAN_POINT('',(20.27184287812,27.792547723935,23.65));
#1288 = VECTOR('',#1289,1.);
#1289 = DIRECTION('',(-1.224646799147E-16,-1.,0.));
#1290 = FACE_BOUND('',#1291,.T.);
#1291 = EDGE_LOOP('',(#1292,#1302,#1310,#1318,#1326,#1334,#1342,#1350));
#1292 = ORIENTED_EDGE('',*,*,#1293,.F.);
#1293 = EDGE_CURVE('',#1294,#1296,#1298,.T.);
#1294 = VERTEX_POINT('',#1295);
#1295 = CARTESIAN_POINT('',(27.36248164464,58.543245227606,23.65));
#1296 = VERTEX_POINT('',#1297);
#1297 = CARTESIAN_POINT('',(26.717584434655,60.651982378855,23.65));
#1298 = LINE('',#1299,#1300);
#1299 = CARTESIAN_POINT('',(34.487205175141,35.246246933132,23.65));
#1300 = VECTOR('',#1301,1.);
#1301 = DIRECTION('',(-0.292451149107,0.956280463769,0.));
#1302 = ORIENTED_EDGE('',*,*,#1303,.F.);
#1303 = EDGE_CURVE('',#1304,#1294,#1306,.T.);
#1304 = VERTEX_POINT('',#1305);
#1305 = CARTESIAN_POINT('',(30.587775330396,58.543245227606,23.65));
#1306 = LINE('',#1307,#1308);
#1307 = CARTESIAN_POINT('',(12.18124082232,58.543245227606,23.65));
#1308 = VECTOR('',#1309,1.);
#1309 = DIRECTION('',(-1.,1.224646799147E-16,0.));
#1310 = ORIENTED_EDGE('',*,*,#1311,.F.);
#1311 = EDGE_CURVE('',#1312,#1304,#1314,.T.);
#1312 = VERTEX_POINT('',#1313);
#1313 = CARTESIAN_POINT('',(31.233076358297,60.651982378855,23.65));
#1314 = LINE('',#1315,#1316);
#1315 = CARTESIAN_POINT('',(20.399660780469,25.250170021271,23.65));
#1316 = VECTOR('',#1317,1.);
#1317 = DIRECTION('',(-0.292618598698,-0.956229238047,0.));
#1318 = ORIENTED_EDGE('',*,*,#1319,.F.);
#1319 = EDGE_CURVE('',#1320,#1312,#1322,.T.);
#1320 = VERTEX_POINT('',#1321);
#1321 = CARTESIAN_POINT('',(33.254992657856,60.651982378855,23.65));
#1322 = LINE('',#1323,#1324);
#1323 = CARTESIAN_POINT('',(14.116538179148,60.651982378855,23.65));
#1324 = VECTOR('',#1325,1.);
#1325 = DIRECTION('',(-1.,1.224646799147E-16,0.));
#1326 = ORIENTED_EDGE('',*,*,#1327,.F.);
#1327 = EDGE_CURVE('',#1328,#1320,#1330,.T.);
#1328 = VERTEX_POINT('',#1329);
#1329 = CARTESIAN_POINT('',(30.129038179148,51.757488986784,23.65));
#1330 = LINE('',#1331,#1332);
#1331 = CARTESIAN_POINT('',(21.15018106224,26.209328948414,23.65));
#1332 = VECTOR('',#1333,1.);
#1333 = DIRECTION('',(0.331567398058,0.943431534636,-0.));
#1334 = ORIENTED_EDGE('',*,*,#1335,.F.);
#1335 = EDGE_CURVE('',#1336,#1328,#1338,.T.);
#1336 = VERTEX_POINT('',#1337);
#1337 = CARTESIAN_POINT('',(27.833737151248,51.757488986784,23.65));
#1338 = LINE('',#1339,#1340);
#1339 = CARTESIAN_POINT('',(13.564519089574,51.757488986784,23.65));
#1340 = VECTOR('',#1341,1.);
#1341 = DIRECTION('',(1.,-1.224646799147E-16,0.));
#1342 = ORIENTED_EDGE('',*,*,#1343,.F.);
#1343 = EDGE_CURVE('',#1344,#1336,#1346,.T.);
#1344 = VERTEX_POINT('',#1345);
#1345 = CARTESIAN_POINT('',(24.695264317181,60.651982378855,23.65));
#1346 = LINE('',#1347,#1348);
#1347 = CARTESIAN_POINT('',(34.874745151054,31.803134611627,23.65));
#1348 = VECTOR('',#1349,1.);
#1349 = DIRECTION('',(0.332748453146,-0.943015623905,0.));
#1350 = ORIENTED_EDGE('',*,*,#1351,.F.);
#1351 = EDGE_CURVE('',#1296,#1344,#1352,.T.);
#1352 = LINE('',#1353,#1354);
#1353 = CARTESIAN_POINT('',(10.84763215859,60.651982378855,23.65));
#1354 = VECTOR('',#1355,1.);
#1355 = DIRECTION('',(-1.,1.224646799147E-16,0.));
#1356 = FACE_BOUND('',#1357,.T.);
#1357 = EDGE_LOOP('',(#1358,#1371,#1381,#1389,#1401,#1412,#1427,#1444,
    #1461,#1469,#1477,#1485,#1493,#1501,#1509,#1517,#1525,#1533,#1541,
    #1549,#1566));
#1358 = ORIENTED_EDGE('',*,*,#1359,.F.);
#1359 = EDGE_CURVE('',#1360,#1362,#1364,.T.);
#1360 = VERTEX_POINT('',#1361);
#1361 = CARTESIAN_POINT('',(34.214464023495,59.237812041116,23.65));
#1362 = VERTEX_POINT('',#1363);
#1363 = CARTESIAN_POINT('',(34.809691629956,59.3,23.65));
#1364 = B_SPLINE_CURVE_WITH_KNOTS('',5,(#1365,#1366,#1367,#1368,#1369,
    #1370),.UNSPECIFIED.,.F.,.F.,(6,6),(0.,1.),
  .PIECEWISE_BEZIER_KNOTS.);
#1365 = CARTESIAN_POINT('',(34.214464023495,59.237812041116,23.65));
#1366 = CARTESIAN_POINT('',(34.32930921953,59.262863259515,23.65));
#1367 = CARTESIAN_POINT('',(34.446412123618,59.281545941793,23.65));
#1368 = CARTESIAN_POINT('',(34.56561939047,59.293893928369,23.65));
#1369 = CARTESIAN_POINT('',(34.686768250668,59.3,23.65));
#1370 = CARTESIAN_POINT('',(34.809691629956,59.3,23.65));
#1371 = ORIENTED_EDGE('',*,*,#1372,.F.);
#1372 = EDGE_CURVE('',#1373,#1360,#1375,.T.);
#1373 = VERTEX_POINT('',#1374);
#1374 = CARTESIAN_POINT('',(33.643869309838,59.088803230543,23.65));
#1375 = B_SPLINE_CURVE_WITH_KNOTS('',4,(#1376,#1377,#1378,#1379,#1380),
  .UNSPECIFIED.,.F.,.F.,(5,5),(0.,1.),.PIECEWISE_BEZIER_KNOTS.);
#1376 = CARTESIAN_POINT('',(33.643869309838,59.088803230543,23.65));
#1377 = CARTESIAN_POINT('',(33.786033248235,59.132096781188,23.65));
#1378 = CARTESIAN_POINT('',(33.928546403075,59.17139291158,23.65));
#1379 = CARTESIAN_POINT('',(34.071370432008,59.20664314,23.65));
#1380 = CARTESIAN_POINT('',(34.214464023495,59.237812041116,23.65));
#1381 = ORIENTED_EDGE('',*,*,#1382,.F.);
#1382 = EDGE_CURVE('',#1383,#1373,#1385,.T.);
#1383 = VERTEX_POINT('',#1384);
#1384 = CARTESIAN_POINT('',(33.643869309838,60.465822320117,23.65));
#1385 = LINE('',#1386,#1387);
#1386 = CARTESIAN_POINT('',(33.643869309838,27.544401615272,23.65));
#1387 = VECTOR('',#1388,1.);
#1388 = DIRECTION('',(-1.224646799147E-16,-1.,0.));
#1389 = ORIENTED_EDGE('',*,*,#1390,.F.);
#1390 = EDGE_CURVE('',#1391,#1383,#1393,.T.);
#1391 = VERTEX_POINT('',#1392);
#1392 = CARTESIAN_POINT('',(34.38204845815,60.682672540382,23.65));
#1393 = B_SPLINE_CURVE_WITH_KNOTS('',6,(#1394,#1395,#1396,#1397,#1398,
    #1399,#1400),.UNSPECIFIED.,.F.,.F.,(7,7),(0.,1.),
  .PIECEWISE_BEZIER_KNOTS.);
#1394 = CARTESIAN_POINT('',(34.38204845815,60.682672540382,23.65));
#1395 = CARTESIAN_POINT('',(34.244135221595,60.653598255865,23.65));
#1396 = CARTESIAN_POINT('',(34.111197643757,60.621972890955,23.65));
#1397 = CARTESIAN_POINT('',(33.983858242486,60.587591787175,23.65));
#1398 = CARTESIAN_POINT('',(33.862897584868,60.550242529392,23.65));
#1399 = CARTESIAN_POINT('',(33.749236210261,60.509713281352,23.65));
#1400 = CARTESIAN_POINT('',(33.643869309838,60.465822320117,23.65));
#1401 = ORIENTED_EDGE('',*,*,#1402,.F.);
#1402 = EDGE_CURVE('',#1403,#1391,#1405,.T.);
#1403 = VERTEX_POINT('',#1404);
#1404 = CARTESIAN_POINT('',(35.343135095448,60.775954478708,23.65));
#1405 = B_SPLINE_CURVE_WITH_KNOTS('',5,(#1406,#1407,#1408,#1409,#1410,
    #1411),.UNSPECIFIED.,.F.,.F.,(6,6),(0.,1.),
  .PIECEWISE_BEZIER_KNOTS.);
#1406 = CARTESIAN_POINT('',(35.343135095448,60.775954478708,23.65));
#1407 = CARTESIAN_POINT('',(35.142336805143,60.775954478708,23.65));
#1408 = CARTESIAN_POINT('',(34.945135611992,60.767291542449,23.65));
#1409 = CARTESIAN_POINT('',(34.752158219161,60.749294405883,23.65));
#1410 = CARTESIAN_POINT('',(34.564180703467,60.721271208885,23.65));
#1411 = CARTESIAN_POINT('',(34.38204845815,60.682672540382,23.65));
#1412 = ORIENTED_EDGE('',*,*,#1413,.F.);
#1413 = EDGE_CURVE('',#1414,#1403,#1416,.T.);
#1414 = VERTEX_POINT('',#1415);
#1415 = CARTESIAN_POINT('',(36.428597650514,60.577679882526,23.65));
#1416 = B_SPLINE_CURVE_WITH_KNOTS('',5,(#1417,#1418,#1419,#1420,#1421,
    #1422,#1423,#1424,#1425,#1426),.UNSPECIFIED.,.F.,.F.,(6,4,6),(0.,
    0.490620835178,1.),.UNSPECIFIED.);
#1417 = CARTESIAN_POINT('',(36.428597650514,60.577679882526,23.65));
#1418 = CARTESIAN_POINT('',(36.331190236578,60.618108487972,23.65));
#1419 = CARTESIAN_POINT('',(36.23094952318,60.653158453238,23.65));
#1420 = CARTESIAN_POINT('',(36.128169238386,60.682855029444,23.65));
#1421 = CARTESIAN_POINT('',(36.023155441743,60.707332589834,23.65));
#1422 = CARTESIAN_POINT('',(35.805159865166,60.746974191918,23.65));
#1423 = CARTESIAN_POINT('',(35.692024876016,60.761746682939,23.65));
#1424 = CARTESIAN_POINT('',(35.577120773632,60.771313842724,23.65));
#1425 = CARTESIAN_POINT('',(35.460741983689,60.775954478708,23.65));
#1426 = CARTESIAN_POINT('',(35.343135095448,60.775954478708,23.65));
#1427 = ORIENTED_EDGE('',*,*,#1428,.F.);
#1428 = EDGE_CURVE('',#1429,#1414,#1431,.T.);
#1429 = VERTEX_POINT('',#1430);
#1430 = CARTESIAN_POINT('',(37.185352422907,59.889170337739,23.65));
#1431 = B_SPLINE_CURVE_WITH_KNOTS('',6,(#1432,#1433,#1434,#1435,#1436,
    #1437,#1438,#1439,#1440,#1441,#1442,#1443),.UNSPECIFIED.,.F.,.F.,(7,
    5,7),(0.,0.705316233415,1.),.UNSPECIFIED.);
#1432 = CARTESIAN_POINT('',(37.185352422907,59.889170337739,23.65));
#1433 = CARTESIAN_POINT('',(37.122464363342,59.999565730289,23.65));
#1434 = CARTESIAN_POINT('',(37.052190600697,60.10342379528,23.65));
#1435 = CARTESIAN_POINT('',(36.974270943691,60.199654685432,23.65));
#1436 = CARTESIAN_POINT('',(36.888637976905,60.287226537439,23.65));
#1437 = CARTESIAN_POINT('',(36.795535481003,60.365301765467,23.65));
#1438 = CARTESIAN_POINT('',(36.653950509512,60.461868742357,23.65));
#1439 = CARTESIAN_POINT('',(36.611042567009,60.488589496677,23.65));
#1440 = CARTESIAN_POINT('',(36.566996502338,60.513542100865,23.65));
#1441 = CARTESIAN_POINT('',(36.521866169316,60.536708924939,23.65));
#1442 = CARTESIAN_POINT('',(36.475711482294,60.558085626198,23.65));
#1443 = CARTESIAN_POINT('',(36.428597650514,60.577679882526,23.65));
#1444 = ORIENTED_EDGE('',*,*,#1445,.F.);
#1445 = EDGE_CURVE('',#1446,#1429,#1448,.T.);
#1446 = VERTEX_POINT('',#1447);
#1447 = CARTESIAN_POINT('',(37.464390602056,58.530726872247,23.65));
#1448 = B_SPLINE_CURVE_WITH_KNOTS('',6,(#1449,#1450,#1451,#1452,#1453,
    #1454,#1455,#1456,#1457,#1458,#1459,#1460),.UNSPECIFIED.,.F.,.F.,(7,
    5,7),(0.,0.536450643269,1.),.UNSPECIFIED.);
#1449 = CARTESIAN_POINT('',(37.464390602056,58.530726872247,23.65));
#1450 = CARTESIAN_POINT('',(37.464390602056,58.66438068261,23.65));
#1451 = CARTESIAN_POINT('',(37.460422778207,58.796675460065,23.65));
#1452 = CARTESIAN_POINT('',(37.452041082824,58.927342517461,23.65));
#1453 = CARTESIAN_POINT('',(37.438707902107,59.055948270389,23.65));
#1454 = CARTESIAN_POINT('',(37.419802765869,59.181898396873,23.65));
#1455 = CARTESIAN_POINT('',(37.372880073323,59.410332460151,23.65));
#1456 = CARTESIAN_POINT('',(37.346454346674,59.513659691612,23.65));
#1457 = CARTESIAN_POINT('',(37.314912333552,59.613925296794,23.65));
#1458 = CARTESIAN_POINT('',(37.27779898784,59.710466732737,23.65));
#1459 = CARTESIAN_POINT('',(37.234691169325,59.802488372253,23.65));
#1460 = CARTESIAN_POINT('',(37.185352422907,59.889170337739,23.65));
#1461 = ORIENTED_EDGE('',*,*,#1462,.F.);
#1462 = EDGE_CURVE('',#1463,#1446,#1465,.T.);
#1463 = VERTEX_POINT('',#1464);
#1464 = CARTESIAN_POINT('',(37.464390602056,55.268281938326,23.65));
#1465 = LINE('',#1466,#1467);
#1466 = CARTESIAN_POINT('',(37.464390602056,27.265363436123,23.65));
#1467 = VECTOR('',#1468,1.);
#1468 = DIRECTION('',(1.224646799147E-16,1.,-0.));
#1469 = ORIENTED_EDGE('',*,*,#1470,.F.);
#1470 = EDGE_CURVE('',#1471,#1463,#1473,.T.);
#1471 = VERTEX_POINT('',#1472);
#1472 = CARTESIAN_POINT('',(38.345117474302,55.268281938326,23.65));
#1473 = LINE('',#1474,#1475);
#1474 = CARTESIAN_POINT('',(17.232195301028,55.268281938326,23.65));
#1475 = VECTOR('',#1476,1.);
#1476 = DIRECTION('',(-1.,1.224646799147E-16,0.));
#1477 = ORIENTED_EDGE('',*,*,#1478,.F.);
#1478 = EDGE_CURVE('',#1479,#1471,#1481,.T.);
#1479 = VERTEX_POINT('',#1480);
#1480 = CARTESIAN_POINT('',(38.345117474302,54.486490455213,23.65));
#1481 = LINE('',#1482,#1483);
#1482 = CARTESIAN_POINT('',(38.345117474302,25.634140969163,23.65));
#1483 = VECTOR('',#1484,1.);
#1484 = DIRECTION('',(1.224646799147E-16,1.,-0.));
#1485 = ORIENTED_EDGE('',*,*,#1486,.F.);
#1486 = EDGE_CURVE('',#1487,#1479,#1489,.T.);
#1487 = VERTEX_POINT('',#1488);
#1488 = CARTESIAN_POINT('',(37.327900146843,53.866226138032,23.65));
#1489 = LINE('',#1490,#1491);
#1490 = CARTESIAN_POINT('',(10.27711381561,37.371582309222,23.65));
#1491 = VECTOR('',#1492,1.);
#1492 = DIRECTION('',(0.853792501217,0.520613450524,-0.));
#1493 = ORIENTED_EDGE('',*,*,#1494,.F.);
#1494 = EDGE_CURVE('',#1495,#1487,#1497,.T.);
#1495 = VERTEX_POINT('',#1496);
#1496 = CARTESIAN_POINT('',(36.794456681351,52.439537444934,23.65));
#1497 = LINE('',#1498,#1499);
#1498 = CARTESIAN_POINT('',(25.363403507486,21.867311204765,23.65));
#1499 = VECTOR('',#1500,1.);
#1500 = DIRECTION('',(0.350222599863,0.936666499105,-0.));
#1501 = ORIENTED_EDGE('',*,*,#1502,.F.);
#1502 = EDGE_CURVE('',#1503,#1495,#1505,.T.);
#1503 = VERTEX_POINT('',#1504);
#1504 = CARTESIAN_POINT('',(35.616116005874,52.439537444934,23.65));
#1505 = LINE('',#1506,#1507);
#1506 = CARTESIAN_POINT('',(16.897228340675,52.439537444934,23.65));
#1507 = VECTOR('',#1508,1.);
#1508 = DIRECTION('',(1.,-1.224646799147E-16,0.));
#1509 = ORIENTED_EDGE('',*,*,#1510,.F.);
#1510 = EDGE_CURVE('',#1511,#1503,#1513,.T.);
#1511 = VERTEX_POINT('',#1512);
#1512 = CARTESIAN_POINT('',(35.616116005874,53.878744493392,23.65));
#1513 = LINE('',#1514,#1515);
#1514 = CARTESIAN_POINT('',(35.616116005874,24.219768722467,23.65));
#1515 = VECTOR('',#1516,1.);
#1516 = DIRECTION('',(-1.224646799147E-16,-1.,0.));
#1517 = ORIENTED_EDGE('',*,*,#1518,.F.);
#1518 = EDGE_CURVE('',#1519,#1511,#1521,.T.);
#1519 = VERTEX_POINT('',#1520);
#1520 = CARTESIAN_POINT('',(33.718171806167,53.878744493392,23.65));
#1521 = LINE('',#1522,#1523);
#1522 = CARTESIAN_POINT('',(16.308058002937,53.878744493392,23.65));
#1523 = VECTOR('',#1524,1.);
#1524 = DIRECTION('',(1.,-1.224646799147E-16,0.));
#1525 = ORIENTED_EDGE('',*,*,#1526,.F.);
#1526 = EDGE_CURVE('',#1527,#1519,#1529,.T.);
#1527 = VERTEX_POINT('',#1528);
#1528 = CARTESIAN_POINT('',(33.718171806167,55.268281938326,23.65));
#1529 = LINE('',#1530,#1531);
#1530 = CARTESIAN_POINT('',(33.718171806167,24.939372246696,23.65));
#1531 = VECTOR('',#1532,1.);
#1532 = DIRECTION('',(-1.224646799147E-16,-1.,0.));
#1533 = ORIENTED_EDGE('',*,*,#1534,.F.);
#1534 = EDGE_CURVE('',#1535,#1527,#1537,.T.);
#1535 = VERTEX_POINT('',#1536);
#1536 = CARTESIAN_POINT('',(35.616116005874,55.268281938326,23.65));
#1537 = LINE('',#1538,#1539);
#1538 = CARTESIAN_POINT('',(15.359085903084,55.268281938326,23.65));
#1539 = VECTOR('',#1540,1.);
#1540 = DIRECTION('',(-1.,1.224646799147E-16,0.));
#1541 = ORIENTED_EDGE('',*,*,#1542,.F.);
#1542 = EDGE_CURVE('',#1543,#1535,#1545,.T.);
#1543 = VERTEX_POINT('',#1544);
#1544 = CARTESIAN_POINT('',(35.616116005874,58.530726872247,23.65));
#1545 = LINE('',#1546,#1547);
#1546 = CARTESIAN_POINT('',(35.616116005874,25.634140969163,23.65));
#1547 = VECTOR('',#1548,1.);
#1548 = DIRECTION('',(-1.224646799147E-16,-1.,0.));
#1549 = ORIENTED_EDGE('',*,*,#1550,.F.);
#1550 = EDGE_CURVE('',#1551,#1543,#1553,.T.);
#1551 = VERTEX_POINT('',#1552);
#1552 = CARTESIAN_POINT('',(35.392804698972,59.10778267254,23.65));
#1553 = B_SPLINE_CURVE_WITH_KNOTS('',6,(#1554,#1555,#1556,#1557,#1558,
    #1559,#1560,#1561,#1562,#1563,#1564,#1565),.UNSPECIFIED.,.F.,.F.,(7,
    5,7),(0.,0.146342353319,1.),.UNSPECIFIED.);
#1554 = CARTESIAN_POINT('',(35.392804698972,59.10778267254,23.65));
#1555 = CARTESIAN_POINT('',(35.403948894972,59.098170047781,23.65));
#1556 = CARTESIAN_POINT('',(35.41477221547,59.088259759126,23.65));
#1557 = CARTESIAN_POINT('',(35.425270047175,59.078053291882,23.65));
#1558 = CARTESIAN_POINT('',(35.435438384129,59.067552721573,23.65));
#1559 = CARTESIAN_POINT('',(35.445273827712,59.056760713945,23.65));
#1560 = CARTESIAN_POINT('',(35.510188452286,58.981046549658,23.65));
#1561 = CARTESIAN_POINT('',(35.554205152899,58.906578795346,23.65));
#1562 = CARTESIAN_POINT('',(35.586172491408,58.823000848984,23.65));
#1563 = CARTESIAN_POINT('',(35.60650281176,58.731570702255,23.65));
#1564 = CARTESIAN_POINT('',(35.616116005874,58.633699773638,23.65));
#1565 = CARTESIAN_POINT('',(35.616116005874,58.530726872247,23.65));
#1566 = ORIENTED_EDGE('',*,*,#1567,.F.);
#1567 = EDGE_CURVE('',#1362,#1551,#1568,.T.);
#1568 = B_SPLINE_CURVE_WITH_KNOTS('',6,(#1569,#1570,#1571,#1572,#1573,
    #1574,#1575,#1576,#1577,#1578,#1579,#1580),.UNSPECIFIED.,.F.,.F.,(7,
    5,7),(0.,0.886082638804,1.),.UNSPECIFIED.);
#1569 = CARTESIAN_POINT('',(34.809691629956,59.3,23.65));
#1570 = CARTESIAN_POINT('',(34.911557740587,59.3,23.65));
#1571 = CARTESIAN_POINT('',(35.009144773263,59.290755571722,23.65));
#1572 = CARTESIAN_POINT('',(35.101535355815,59.271489496746,23.65));
#1573 = CARTESIAN_POINT('',(35.187820775592,59.241614568734,23.65));
#1574 = CARTESIAN_POINT('',(35.267207769435,59.200915032849,23.65));
#1575 = CARTESIAN_POINT('',(35.348410230266,59.143217912448,23.65));
#1576 = CARTESIAN_POINT('',(35.357538055671,59.136472655977,23.65));
#1577 = CARTESIAN_POINT('',(35.366542304351,59.129555582464,23.65));
#1578 = CARTESIAN_POINT('',(35.375422039546,59.122467551342,23.65));
#1579 = CARTESIAN_POINT('',(35.384176419801,59.115209545751,23.65));
#1580 = CARTESIAN_POINT('',(35.392804698972,59.10778267254,23.65));
#1581 = FACE_BOUND('',#1582,.T.);
#1582 = EDGE_LOOP('',(#1583,#1604,#1626,#1648,#1663,#1678,#1700,#1722));
#1583 = ORIENTED_EDGE('',*,*,#1584,.F.);
#1584 = EDGE_CURVE('',#1585,#1587,#1589,.T.);
#1585 = VERTEX_POINT('',#1586);
#1586 = CARTESIAN_POINT('',(47.93983113069,51.416262848752,23.65));
#1587 = VERTEX_POINT('',#1588);
#1588 = CARTESIAN_POINT('',(48.646916299559,51.224045521292,23.65));
#1589 = B_SPLINE_CURVE_WITH_KNOTS('',5,(#1590,#1591,#1592,#1593,#1594,
    #1595,#1596,#1597,#1598,#1599,#1600,#1601,#1602,#1603),
  .UNSPECIFIED.,.F.,.F.,(6,4,4,6),(0.,7.275978391928E-02,0.531074972867,
    1.),.UNSPECIFIED.);
#1590 = CARTESIAN_POINT('',(47.93983113069,51.416262848752,23.65));
#1591 = CARTESIAN_POINT('',(47.948638383518,51.410574582339,23.65));
#1592 = CARTESIAN_POINT('',(47.957508446715,51.404990498842,23.65));
#1593 = CARTESIAN_POINT('',(47.966440836336,51.399511015224,23.65));
#1594 = CARTESIAN_POINT('',(47.975435037737,51.394136498627,23.65));
#1595 = CARTESIAN_POINT('',(48.041531060568,51.355676277532,23.65));
#1596 = CARTESIAN_POINT('',(48.101004162366,51.326661752031,23.65));
#1597 = CARTESIAN_POINT('',(48.162768957761,51.301906369191,23.65));
#1598 = CARTESIAN_POINT('',(48.22664848577,51.281402656783,23.65));
#1599 = CARTESIAN_POINT('',(48.359754733487,51.248365634,23.65));
#1600 = CARTESIAN_POINT('',(48.429073960118,51.236027154839,23.65));
#1601 = CARTESIAN_POINT('',(48.5001841375,51.227974481814,23.65));
#1602 = CARTESIAN_POINT('',(48.572866584283,51.224045521292,23.65));
#1603 = CARTESIAN_POINT('',(48.646916299559,51.224045521292,23.65));
#1604 = ORIENTED_EDGE('',*,*,#1605,.F.);
#1605 = EDGE_CURVE('',#1606,#1585,#1608,.T.);
#1606 = VERTEX_POINT('',#1607);
#1607 = CARTESIAN_POINT('',(47.64221732746,52.129405286344,23.65));
#1608 = B_SPLINE_CURVE_WITH_KNOTS('',6,(#1609,#1610,#1611,#1612,#1613,
    #1614,#1615,#1616,#1617,#1618,#1619,#1620,#1621,#1622,#1623,#1624,
    #1625),.UNSPECIFIED.,.F.,.F.,(7,5,5,7),(0.,0.345935359826,
    0.876633369637,1.),.UNSPECIFIED.);
#1609 = CARTESIAN_POINT('',(47.64221732746,52.129405286344,23.65));
#1610 = CARTESIAN_POINT('',(47.64221732746,52.075851849841,23.65));
#1611 = CARTESIAN_POINT('',(47.644104739666,52.023299133897,23.65));
#1612 = CARTESIAN_POINT('',(47.648022009897,51.971887879887,23.65));
#1613 = CARTESIAN_POINT('',(47.654122622094,51.921791776796,23.65));
#1614 = CARTESIAN_POINT('',(47.662557204207,51.873208748854,23.65));
#1615 = CARTESIAN_POINT('',(47.690185006785,51.754469870913,23.65));
#1616 = CARTESIAN_POINT('',(47.712727549112,51.686609386156,23.65));
#1617 = CARTESIAN_POINT('',(47.741559795269,51.623632522636,23.65));
#1618 = CARTESIAN_POINT('',(47.777016132805,51.566403265381,23.65));
#1619 = CARTESIAN_POINT('',(47.819144645203,51.515655435133,23.65));
#1620 = CARTESIAN_POINT('',(47.878717586176,51.46159855883,23.65));
#1621 = CARTESIAN_POINT('',(47.890290414163,51.451773888077,23.65));
#1622 = CARTESIAN_POINT('',(47.902194604115,51.442325115648,23.65));
#1623 = CARTESIAN_POINT('',(47.914424176706,51.433255689736,23.65));
#1624 = CARTESIAN_POINT('',(47.926972268247,51.424567894237,23.65));
#1625 = CARTESIAN_POINT('',(47.93983113069,51.416262848752,23.65));
#1626 = ORIENTED_EDGE('',*,*,#1627,.F.);
#1627 = EDGE_CURVE('',#1628,#1606,#1630,.T.);
#1628 = VERTEX_POINT('',#1629);
#1629 = CARTESIAN_POINT('',(47.93983113069,52.836894273128,23.65));
#1630 = B_SPLINE_CURVE_WITH_KNOTS('',6,(#1631,#1632,#1633,#1634,#1635,
    #1636,#1637,#1638,#1639,#1640,#1641,#1642,#1643,#1644,#1645,#1646,
    #1647),.UNSPECIFIED.,.F.,.F.,(7,5,5,7),(0.,0.13941075151,
    0.668259152748,1.),.UNSPECIFIED.);
#1631 = CARTESIAN_POINT('',(47.93983113069,52.836894273128,23.65));
#1632 = CARTESIAN_POINT('',(47.925397626627,52.827258880999,23.65));
#1633 = CARTESIAN_POINT('',(47.911354099712,52.817165817536,23.65));
#1634 = CARTESIAN_POINT('',(47.897711131631,52.806616474801,23.65));
#1635 = CARTESIAN_POINT('',(47.884477999987,52.795613892025,23.65));
#1636 = CARTESIAN_POINT('',(47.871662678294,52.784162755608,23.65));
#1637 = CARTESIAN_POINT('',(47.812267734224,52.727152487429,23.65));
#1638 = CARTESIAN_POINT('',(47.771355581496,52.675656645636,23.65));
#1639 = CARTESIAN_POINT('',(47.736948351451,52.618162388783,23.65));
#1640 = CARTESIAN_POINT('',(47.709008170496,52.555324177547,23.65));
#1641 = CARTESIAN_POINT('',(47.68723339349,52.487914446306,23.65));
#1642 = CARTESIAN_POINT('',(47.661123298801,52.372050049499,23.65));
#1643 = CARTESIAN_POINT('',(47.653309813752,52.32588044357,23.65));
#1644 = CARTESIAN_POINT('',(47.647638183896,52.278378203287,23.65));
#1645 = CARTESIAN_POINT('',(47.643983643747,52.229705773712,23.65));
#1646 = CARTESIAN_POINT('',(47.64221732746,52.180007960284,23.65));
#1647 = CARTESIAN_POINT('',(47.64221732746,52.129405286344,23.65));
#1648 = ORIENTED_EDGE('',*,*,#1649,.F.);
#1649 = EDGE_CURVE('',#1650,#1628,#1652,.T.);
#1650 = VERTEX_POINT('',#1651);
#1651 = CARTESIAN_POINT('',(48.646916299559,53.03516886931,23.65));
#1652 = B_SPLINE_CURVE_WITH_KNOTS('',5,(#1653,#1654,#1655,#1656,#1657,
    #1658,#1659,#1660,#1661,#1662),.UNSPECIFIED.,.F.,.F.,(6,4,6),(0.,
    0.885741953895,1.),.UNSPECIFIED.);
#1653 = CARTESIAN_POINT('',(48.646916299559,53.03516886931,23.65));
#1654 = CARTESIAN_POINT('',(48.506915061245,53.03516886931,23.65));
#1655 = CARTESIAN_POINT('',(48.371750039664,53.020681585116,23.65));
#1656 = CARTESIAN_POINT('',(48.242971537043,52.990331105251,23.65));
#1657 = CARTESIAN_POINT('',(48.122135726075,52.943291550223,23.65));
#1658 = CARTESIAN_POINT('',(47.995966882899,52.87209072986,23.65));
#1659 = CARTESIAN_POINT('',(47.9817016963,52.863688505027,23.65));
#1660 = CARTESIAN_POINT('',(47.967589355697,52.855020581217,23.65));
#1661 = CARTESIAN_POINT('',(47.953631890151,52.846088537571,23.65));
#1662 = CARTESIAN_POINT('',(47.93983113069,52.836894273128,23.65));
#1663 = ORIENTED_EDGE('',*,*,#1664,.F.);
#1664 = EDGE_CURVE('',#1665,#1650,#1667,.T.);
#1665 = VERTEX_POINT('',#1666);
#1666 = CARTESIAN_POINT('',(49.360058737151,52.836894273128,23.65));
#1667 = B_SPLINE_CURVE_WITH_KNOTS('',5,(#1668,#1669,#1670,#1671,#1672,
    #1673,#1674,#1675,#1676,#1677),.UNSPECIFIED.,.F.,.F.,(6,4,6),(0.,
    0.503428805971,1.),.UNSPECIFIED.);
#1668 = CARTESIAN_POINT('',(49.360058737151,52.836894273128,23.65));
#1669 = CARTESIAN_POINT('',(49.30001580732,52.877726791891,23.65));
#1670 = CARTESIAN_POINT('',(49.236494036543,52.913325586975,23.65));
#1671 = CARTESIAN_POINT('',(49.169695097037,52.943536986955,23.65));
#1672 = CARTESIAN_POINT('',(49.099894941033,52.968369661028,23.65));
#1673 = CARTESIAN_POINT('',(48.955929174366,53.007265533923,23.65));
#1674 = CARTESIAN_POINT('',(48.881830800769,53.021472078095,23.65));
#1675 = CARTESIAN_POINT('',(48.805427013636,53.030693990263,23.65));
#1676 = CARTESIAN_POINT('',(48.727028348073,53.03516886931,23.65));
#1677 = CARTESIAN_POINT('',(48.646916299559,53.03516886931,23.65));
#1678 = ORIENTED_EDGE('',*,*,#1679,.F.);
#1679 = EDGE_CURVE('',#1680,#1665,#1682,.T.);
#1680 = VERTEX_POINT('',#1681);
#1681 = CARTESIAN_POINT('',(49.651615271659,52.129405286344,23.65));
#1682 = B_SPLINE_CURVE_WITH_KNOTS('',6,(#1683,#1684,#1685,#1686,#1687,
    #1688,#1689,#1690,#1691,#1692,#1693,#1694,#1695,#1696,#1697,#1698,
    #1699),.UNSPECIFIED.,.F.,.F.,(7,5,5,7),(0.,0.340361215665,
    0.876172950415,1.),.UNSPECIFIED.);
#1683 = CARTESIAN_POINT('',(49.651615271659,52.129405286344,23.65));
#1684 = CARTESIAN_POINT('',(49.651615271659,52.181244790578,23.65));
#1685 = CARTESIAN_POINT('',(49.649799274615,52.232134572988,23.65));
#1686 = CARTESIAN_POINT('',(49.646038920813,52.281946928573,23.65));
#1687 = CARTESIAN_POINT('',(49.640197873667,52.330527506906,23.65));
#1688 = CARTESIAN_POINT('',(49.632143722034,52.377702614944,23.65));
#1689 = CARTESIAN_POINT('',(49.60541318142,52.49504672641,23.65));
#1690 = CARTESIAN_POINT('',(49.583284752335,52.562900986501,23.65));
#1691 = CARTESIAN_POINT('',(49.554928701032,52.626043889763,23.65));
#1692 = CARTESIAN_POINT('',(49.520034683036,52.683676592175,23.65));
#1693 = CARTESIAN_POINT('',(49.478562071204,52.735122998603,23.65));
#1694 = CARTESIAN_POINT('',(49.419929690713,52.790367033483,23.65));
#1695 = CARTESIAN_POINT('',(49.408593724023,52.800387195134,23.65));
#1696 = CARTESIAN_POINT('',(49.396932832122,52.810052806692,23.65));
#1697 = CARTESIAN_POINT('',(49.384952424311,52.819360553564,23.65));
#1698 = CARTESIAN_POINT('',(49.372658717688,52.828308136807,23.65));
#1699 = CARTESIAN_POINT('',(49.360058737151,52.836894273128,23.65));
#1700 = ORIENTED_EDGE('',*,*,#1701,.F.);
#1701 = EDGE_CURVE('',#1702,#1680,#1704,.T.);
#1702 = VERTEX_POINT('',#1703);
#1703 = CARTESIAN_POINT('',(49.360058737151,51.416262848752,23.65));
#1704 = B_SPLINE_CURVE_WITH_KNOTS('',6,(#1705,#1706,#1707,#1708,#1709,
    #1710,#1711,#1712,#1713,#1714,#1715,#1716,#1717,#1718,#1719,#1720,
    #1721),.UNSPECIFIED.,.F.,.F.,(7,5,5,7),(0.,0.107904602475,
    0.645431608564,1.),.UNSPECIFIED.);
#1705 = CARTESIAN_POINT('',(49.360058737151,51.416262848752,23.65));
#1706 = CARTESIAN_POINT('',(49.371113253399,51.423550867774,23.65));
#1707 = CARTESIAN_POINT('',(49.381931061421,51.431132148326,23.65));
#1708 = CARTESIAN_POINT('',(49.392507241805,51.439005717987,23.65));
#1709 = CARTESIAN_POINT('',(49.402837390823,51.447169927561,23.65));
#1710 = CARTESIAN_POINT('',(49.412917620437,51.455622451069,23.65));
#1711 = CARTESIAN_POINT('',(49.471697470086,51.507887827783,23.65));
#1712 = CARTESIAN_POINT('',(49.514383432156,51.558511665804,23.65));
#1713 = CARTESIAN_POINT('',(49.550322921844,51.615821336408,23.65));
#1714 = CARTESIAN_POINT('',(49.579566316422,51.679058511403,23.65));
#1715 = CARTESIAN_POINT('',(49.602457143244,51.747328974765,23.65));
#1716 = CARTESIAN_POINT('',(49.630706685498,51.867508559638,23.65));
#1717 = CARTESIAN_POINT('',(49.639385041796,51.917095919385,23.65));
#1718 = CARTESIAN_POINT('',(49.645655883726,51.96827634415,23.65));
#1719 = CARTESIAN_POINT('',(49.649678651645,52.020838560392,23.65));
#1720 = CARTESIAN_POINT('',(49.651615271659,52.074597790339,23.65));
#1721 = CARTESIAN_POINT('',(49.651615271659,52.129405286344,23.65));
#1722 = ORIENTED_EDGE('',*,*,#1723,.F.);
#1723 = EDGE_CURVE('',#1587,#1702,#1724,.T.);
#1724 = B_SPLINE_CURVE_WITH_KNOTS('',5,(#1725,#1726,#1727,#1728,#1729,
    #1730,#1731,#1732,#1733,#1734),.UNSPECIFIED.,.F.,.F.,(6,4,6),(0.,
    0.508901996137,1.),.UNSPECIFIED.);
#1725 = CARTESIAN_POINT('',(48.646916299559,51.224045521292,23.65));
#1726 = CARTESIAN_POINT('',(48.728933704934,51.224045521292,23.65));
#1727 = CARTESIAN_POINT('',(48.809155123739,51.228592510693,23.65));
#1728 = CARTESIAN_POINT('',(48.887287934931,51.237969541255,23.65));
#1729 = CARTESIAN_POINT('',(48.963007324071,51.252427108344,23.65));
#1730 = CARTESIAN_POINT('',(49.106428919943,51.29108434483,23.65));
#1731 = CARTESIAN_POINT('',(49.17432323316,51.314926512178,23.65));
#1732 = CARTESIAN_POINT('',(49.239385095916,51.343746202857,23.65));
#1733 = CARTESIAN_POINT('',(49.3013606445,51.377564383236,23.65));
#1734 = CARTESIAN_POINT('',(49.360058737151,51.416262848752,23.65));
#1735 = FACE_BOUND('',#1736,.T.);
#1736 = EDGE_LOOP('',(#1737,#1749,#1762,#1770,#1787,#1802,#1825,#1847,
    #1855,#1863,#1871,#1913,#1936,#1953,#1961,#1969,#1977,#1985));
#1737 = ORIENTED_EDGE('',*,*,#1738,.F.);
#1738 = EDGE_CURVE('',#1739,#1741,#1743,.T.);
#1739 = VERTEX_POINT('',#1740);
#1740 = CARTESIAN_POINT('',(43.986857562408,54.102055800294,23.65));
#1741 = VERTEX_POINT('',#1742);
#1742 = CARTESIAN_POINT('',(43.955763582966,53.146622613803,23.65));
#1743 = B_SPLINE_CURVE_WITH_KNOTS('',4,(#1744,#1745,#1746,#1747,#1748),
  .UNSPECIFIED.,.F.,.F.,(5,5),(0.,1.),.PIECEWISE_BEZIER_KNOTS.);
#1744 = CARTESIAN_POINT('',(43.986857562408,54.102055800294,23.65));
#1745 = CARTESIAN_POINT('',(43.97102993516,53.868341356376,23.65));
#1746 = CARTESIAN_POINT('',(43.960760810544,53.630973238747,23.65));
#1747 = CARTESIAN_POINT('',(43.955763582966,53.390301815801,23.65));
#1748 = CARTESIAN_POINT('',(43.955763582966,53.146622613803,23.65));
#1749 = ORIENTED_EDGE('',*,*,#1750,.F.);
#1750 = EDGE_CURVE('',#1751,#1739,#1753,.T.);
#1751 = VERTEX_POINT('',#1752);
#1752 = CARTESIAN_POINT('',(44.042584434655,54.746953010279,23.65));
#1753 = B_SPLINE_CURVE_WITH_KNOTS('',7,(#1754,#1755,#1756,#1757,#1758,
    #1759,#1760,#1761),.UNSPECIFIED.,.F.,.F.,(8,8),(0.,1.),
  .PIECEWISE_BEZIER_KNOTS.);
#1754 = CARTESIAN_POINT('',(44.042584434655,54.746953010279,23.65));
#1755 = CARTESIAN_POINT('',(44.034554446392,54.687246162064,23.65));
#1756 = CARTESIAN_POINT('',(44.026463194463,54.613249793874,23.65));
#1757 = CARTESIAN_POINT('',(44.018381648009,54.527217450564,23.65));
#1758 = CARTESIAN_POINT('',(44.010359445107,54.431441819676,23.65));
#1759 = CARTESIAN_POINT('',(44.002426926703,54.327802473339,23.65));
#1760 = CARTESIAN_POINT('',(43.994595446712,54.217716807787,23.65));
#1761 = CARTESIAN_POINT('',(43.986857562408,54.102055800294,23.65));
#1762 = ORIENTED_EDGE('',*,*,#1763,.F.);
#1763 = EDGE_CURVE('',#1764,#1751,#1766,.T.);
#1764 = VERTEX_POINT('',#1765);
#1765 = CARTESIAN_POINT('',(43.943245227606,54.746953010279,23.65));
#1766 = LINE('',#1767,#1768);
#1767 = CARTESIAN_POINT('',(20.521292217327,54.746953010279,23.65));
#1768 = VECTOR('',#1769,1.);
#1769 = DIRECTION('',(1.,-1.224646799147E-16,0.));
#1770 = ORIENTED_EDGE('',*,*,#1771,.F.);
#1771 = EDGE_CURVE('',#1772,#1764,#1774,.T.);
#1772 = VERTEX_POINT('',#1773);
#1773 = CARTESIAN_POINT('',(43.112187958884,53.9906020558,23.65));
#1774 = B_SPLINE_CURVE_WITH_KNOTS('',6,(#1775,#1776,#1777,#1778,#1779,
    #1780,#1781,#1782,#1783,#1784,#1785,#1786),.UNSPECIFIED.,.F.,.F.,(7,
    5,7),(0.,0.230826900662,1.),.UNSPECIFIED.);
#1775 = CARTESIAN_POINT('',(43.112187958884,53.9906020558,23.65));
#1776 = CARTESIAN_POINT('',(43.151693740805,54.008895837262,23.65));
#1777 = CARTESIAN_POINT('',(43.190615680465,54.028265154413,23.65));
#1778 = CARTESIAN_POINT('',(43.228926571769,54.048708957987,23.65));
#1779 = CARTESIAN_POINT('',(43.266601219075,54.070222022326,23.65));
#1780 = CARTESIAN_POINT('',(43.303616437195,54.09279494539,23.65));
#1781 = CARTESIAN_POINT('',(43.461027094688,54.195119255487,23.65));
#1782 = CARTESIAN_POINT('',(43.57458002356,54.285463644327,23.65));
#1783 = CARTESIAN_POINT('',(43.679739762393,54.386900529792,23.65));
#1784 = CARTESIAN_POINT('',(43.776177201119,54.498446564426,23.65));
#1785 = CARTESIAN_POINT('',(43.863925676263,54.618890155169,23.65));
#1786 = CARTESIAN_POINT('',(43.943245227606,54.746953010279,23.65));
#1787 = ORIENTED_EDGE('',*,*,#1788,.F.);
#1788 = EDGE_CURVE('',#1789,#1772,#1791,.T.);
#1789 = VERTEX_POINT('',#1790);
#1790 = CARTESIAN_POINT('',(41.983113069016,53.754772393539,23.65));
#1791 = B_SPLINE_CURVE_WITH_KNOTS('',5,(#1792,#1793,#1794,#1795,#1796,
    #1797,#1798,#1799,#1800,#1801),.UNSPECIFIED.,.F.,.F.,(6,4,6),(0.,
    0.507447584376,1.),.UNSPECIFIED.);
#1792 = CARTESIAN_POINT('',(41.983113069016,53.754772393539,23.65));
#1793 = CARTESIAN_POINT('',(42.104299325992,53.754772393539,23.65));
#1794 = CARTESIAN_POINT('',(42.224440455449,53.760398894807,23.65));
#1795 = CARTESIAN_POINT('',(42.343246119838,53.771951061972,23.65));
#1796 = CARTESIAN_POINT('',(42.460386988061,53.78968326196,23.65));
#1797 = CARTESIAN_POINT('',(42.687261576801,53.837070515116,23.65));
#1798 = CARTESIAN_POINT('',(42.797116942213,53.866361292808,23.65));
#1799 = CARTESIAN_POINT('',(42.904754518622,53.901724365597,23.65));
#1800 = CARTESIAN_POINT('',(43.009868867106,53.943177968818,23.65));
#1801 = CARTESIAN_POINT('',(43.112187958884,53.9906020558,23.65));
#1802 = ORIENTED_EDGE('',*,*,#1803,.F.);
#1803 = EDGE_CURVE('',#1804,#1789,#1806,.T.);
#1804 = VERTEX_POINT('',#1805);
#1805 = CARTESIAN_POINT('',(40.2156020558,54.343942731278,23.65));
#1806 = B_SPLINE_CURVE_WITH_KNOTS('',5,(#1807,#1808,#1809,#1810,#1811,
    #1812,#1813,#1814,#1815,#1816,#1817,#1818,#1819,#1820,#1821,#1822,
    #1823,#1824),.UNSPECIFIED.,.F.,.F.,(6,4,4,4,6),(0.,
    9.536538519542E-02,0.362260820733,0.639808339878,1.),.UNSPECIFIED.);
#1807 = CARTESIAN_POINT('',(40.2156020558,54.343942731278,23.65));
#1808 = CARTESIAN_POINT('',(40.24235854313,54.320182709967,23.65));
#1809 = CARTESIAN_POINT('',(40.269598515878,54.296989877571,23.65));
#1810 = CARTESIAN_POINT('',(40.297312718323,54.274377804036,23.65));
#1811 = CARTESIAN_POINT('',(40.325490091933,54.252358106575,23.65));
#1812 = CARTESIAN_POINT('',(40.434236971896,54.17099967707,23.65));
#1813 = CARTESIAN_POINT('',(40.517888042895,54.115770695744,23.65));
#1814 = CARTESIAN_POINT('',(40.604777221275,54.06547546765,23.65));
#1815 = CARTESIAN_POINT('',(40.694542662218,54.020169541177,23.65));
#1816 = CARTESIAN_POINT('',(40.882707519877,53.937800266529,23.65));
#1817 = CARTESIAN_POINT('',(40.981316158033,53.90113494365,23.65));
#1818 = CARTESIAN_POINT('',(41.082173732681,53.869719735268,23.65));
#1819 = CARTESIAN_POINT('',(41.184862240667,53.843327283774,23.65));
#1820 = CARTESIAN_POINT('',(41.424205932364,53.793595811338,23.65));
#1821 = CARTESIAN_POINT('',(41.561866806008,53.77350719566,23.65));
#1822 = CARTESIAN_POINT('',(41.701259593226,53.760805773268,23.65));
#1823 = CARTESIAN_POINT('',(41.841800025454,53.754772393539,23.65));
#1824 = CARTESIAN_POINT('',(41.983113069016,53.754772393539,23.65));
#1825 = ORIENTED_EDGE('',*,*,#1826,.F.);
#1826 = EDGE_CURVE('',#1827,#1804,#1829,.T.);
#1827 = VERTEX_POINT('',#1828);
#1828 = CARTESIAN_POINT('',(39.551725403818,56.235829662261,23.65));
#1829 = B_SPLINE_CURVE_WITH_KNOTS('',6,(#1830,#1831,#1832,#1833,#1834,
    #1835,#1836,#1837,#1838,#1839,#1840,#1841,#1842,#1843,#1844,#1845,
    #1846),.UNSPECIFIED.,.F.,.F.,(7,5,5,7),(0.,0.474422031682,
    0.735858815978,1.),.UNSPECIFIED.);
#1830 = CARTESIAN_POINT('',(39.551725403818,56.235829662261,23.65));
#1831 = CARTESIAN_POINT('',(39.551725403818,56.066145518987,23.65));
#1832 = CARTESIAN_POINT('',(39.558483148254,55.897454915683,23.65));
#1833 = CARTESIAN_POINT('',(39.572937098457,55.730091046566,23.65));
#1834 = CARTESIAN_POINT('',(39.596253709979,55.564800568935,23.65));
#1835 = CARTESIAN_POINT('',(39.629819485014,55.402743473268,23.65));
#1836 = CARTESIAN_POINT('',(39.699971476477,55.158751143347,23.65));
#1837 = CARTESIAN_POINT('',(39.728430742359,55.073530149161,23.65));
#1838 = CARTESIAN_POINT('',(39.760648364636,54.990052449952,23.65));
#1839 = CARTESIAN_POINT('',(39.796838063406,54.90865835269,23.65));
#1840 = CARTESIAN_POINT('',(39.837162071036,54.829726381153,23.65));
#1841 = CARTESIAN_POINT('',(39.926675922547,54.676785839003,23.65));
#1842 = CARTESIAN_POINT('',(39.975960195552,54.602823544871,23.65));
#1843 = CARTESIAN_POINT('',(40.02959562056,54.532196871146,23.65));
#1844 = CARTESIAN_POINT('',(40.087545770482,54.465302339737,23.65));
#1845 = CARTESIAN_POINT('',(40.149652049433,54.40247135615,23.65));
#1846 = CARTESIAN_POINT('',(40.2156020558,54.343942731278,23.65));
#1847 = ORIENTED_EDGE('',*,*,#1848,.F.);
#1848 = EDGE_CURVE('',#1849,#1827,#1851,.T.);
#1849 = VERTEX_POINT('',#1850);
#1850 = CARTESIAN_POINT('',(39.551725403818,60.651982378855,23.65));
#1851 = LINE('',#1852,#1853);
#1852 = CARTESIAN_POINT('',(39.551725403818,26.117914831131,23.65));
#1853 = VECTOR('',#1854,1.);
#1854 = DIRECTION('',(-1.224646799147E-16,-1.,0.));
#1855 = ORIENTED_EDGE('',*,*,#1856,.F.);
#1856 = EDGE_CURVE('',#1857,#1849,#1859,.T.);
#1857 = VERTEX_POINT('',#1858);
#1858 = CARTESIAN_POINT('',(41.4,60.651982378855,23.65));
#1859 = LINE('',#1860,#1861);
#1860 = CARTESIAN_POINT('',(18.275862701909,60.651982378855,23.65));
#1861 = VECTOR('',#1862,1.);
#1862 = DIRECTION('',(-1.,1.224646799147E-16,0.));
#1863 = ORIENTED_EDGE('',*,*,#1864,.F.);
#1864 = EDGE_CURVE('',#1865,#1857,#1867,.T.);
#1865 = VERTEX_POINT('',#1866);
#1866 = CARTESIAN_POINT('',(41.4,56.69456681351,23.65));
#1867 = LINE('',#1868,#1869);
#1868 = CARTESIAN_POINT('',(41.4,28.325991189427,23.65));
#1869 = VECTOR('',#1870,1.);
#1870 = DIRECTION('',(1.224646799147E-16,1.,-0.));
#1871 = ORIENTED_EDGE('',*,*,#1872,.F.);
#1872 = EDGE_CURVE('',#1873,#1865,#1875,.T.);
#1873 = VERTEX_POINT('',#1874);
#1874 = CARTESIAN_POINT('',(42.491923641703,55.230726872247,23.65));
#1875 = B_SPLINE_CURVE_WITH_KNOTS('',6,(#1876,#1877,#1878,#1879,#1880,
    #1881,#1882,#1883,#1884,#1885,#1886,#1887,#1888,#1889,#1890,#1891,
    #1892,#1893,#1894,#1895,#1896,#1897,#1898,#1899,#1900,#1901,#1902,
    #1903,#1904,#1905,#1906,#1907,#1908,#1909,#1910,#1911,#1912),
  .UNSPECIFIED.,.F.,.F.,(7,5,5,5,5,5,5,7),(0.,0.132075839169,
    0.199239431827,0.331472074875,0.455570230584,0.516781085062,
    0.631040761287,1.),.UNSPECIFIED.);
#1876 = CARTESIAN_POINT('',(42.491923641703,55.230726872247,23.65));
#1877 = CARTESIAN_POINT('',(42.445594119364,55.230726872247,23.65));
#1878 = CARTESIAN_POINT('',(42.399470253425,55.232308188156,23.65));
#1879 = CARTESIAN_POINT('',(42.35362581535,55.23559472368,23.65));
#1880 = CARTESIAN_POINT('',(42.308161601102,55.240721144266,23.65));
#1881 = CARTESIAN_POINT('',(42.263202520509,55.247820455621,23.65));
#1882 = CARTESIAN_POINT('',(42.196363137154,55.261685480862,23.65));
#1883 = CARTESIAN_POINT('',(42.174000384004,55.266900013408,23.65));
#1884 = CARTESIAN_POINT('',(42.151826377159,55.272671020681,23.65));
#1885 = CARTESIAN_POINT('',(42.12986231699,55.279012320221,23.65));
#1886 = CARTESIAN_POINT('',(42.108130654268,55.285935706294,23.65));
#1887 = CARTESIAN_POINT('',(42.044373692005,55.308247069105,23.65));
#1888 = CARTESIAN_POINT('',(42.003078076921,55.325339069841,23.65));
#1889 = CARTESIAN_POINT('',(41.962960532544,55.344794511208,23.65));
#1890 = CARTESIAN_POINT('',(41.924207757516,55.366639605137,23.65));
#1891 = CARTESIAN_POINT('',(41.886990756925,55.390841707447,23.65));
#1892 = CARTESIAN_POINT('',(41.818104769526,55.442114793137,23.65));
#1893 = CARTESIAN_POINT('',(41.786228026964,55.468923126081,23.65));
#1894 = CARTESIAN_POINT('',(41.755944920798,55.497628916676,23.65));
#1895 = CARTESIAN_POINT('',(41.727325874072,55.528107701057,23.65));
#1896 = CARTESIAN_POINT('',(41.70040089093,55.560208692782,23.65));
#1897 = CARTESIAN_POINT('',(41.662723671086,55.610316546224,23.65));
#1898 = CARTESIAN_POINT('',(41.650689473504,55.627223240434,23.65));
#1899 = CARTESIAN_POINT('',(41.639065541382,55.644465882606,23.65));
#1900 = CARTESIAN_POINT('',(41.627849138515,55.662025507093,23.65));
#1901 = CARTESIAN_POINT('',(41.617035783774,55.679883415662,23.65));
#1902 = CARTESIAN_POINT('',(41.587175156411,55.731878159437,23.65));
#1903 = CARTESIAN_POINT('',(41.569114473777,55.766709967122,23.65));
#1904 = CARTESIAN_POINT('',(41.55239693198,55.802399594984,23.65));
#1905 = CARTESIAN_POINT('',(41.536968003004,55.838838210829,23.65));
#1906 = CARTESIAN_POINT('',(41.522765523264,55.875929182178,23.65));
#1907 = CARTESIAN_POINT('',(41.46762102821,56.03521053273,23.65));
#1908 = CARTESIAN_POINT('',(41.437714493681,56.16259073534,23.65));
#1909 = CARTESIAN_POINT('',(41.417644333449,56.293413186984,23.65));
#1910 = CARTESIAN_POINT('',(41.405547770102,56.426113450655,23.65));
#1911 = CARTESIAN_POINT('',(41.4,56.559863250641,23.65));
#1912 = CARTESIAN_POINT('',(41.4,56.69456681351,23.65));
#1913 = ORIENTED_EDGE('',*,*,#1914,.F.);
#1914 = EDGE_CURVE('',#1915,#1873,#1917,.T.);
#1915 = VERTEX_POINT('',#1916);
#1916 = CARTESIAN_POINT('',(43.639574155653,55.80778267254,23.65));
#1917 = B_SPLINE_CURVE_WITH_KNOTS('',5,(#1918,#1919,#1920,#1921,#1922,
    #1923,#1924,#1925,#1926,#1927,#1928,#1929,#1930,#1931,#1932,#1933,
    #1934,#1935),.UNSPECIFIED.,.F.,.F.,(6,4,4,4,6),(0.,0.272889930289,
    0.554645999686,0.701323057784,1.),.UNSPECIFIED.);
#1918 = CARTESIAN_POINT('',(43.639574155653,55.80778267254,23.65));
#1919 = CARTESIAN_POINT('',(43.604350108678,55.743579658346,23.65));
#1920 = CARTESIAN_POINT('',(43.564528364423,55.682715854905,23.65));
#1921 = CARTESIAN_POINT('',(43.519990703164,55.625796497104,23.65));
#1922 = CARTESIAN_POINT('',(43.470796651482,55.573357181332,23.65));
#1923 = CARTESIAN_POINT('',(43.362123515509,55.476559940851,23.65));
#1924 = CARTESIAN_POINT('',(43.302342726135,55.432502618226,23.65));
#1925 = CARTESIAN_POINT('',(43.238402641467,55.393936440041,23.65));
#1926 = CARTESIAN_POINT('',(43.17090280459,55.360843837739,23.65));
#1927 = CARTESIAN_POINT('',(43.063833992059,55.31851233538,23.65));
#1928 = CARTESIAN_POINT('',(43.026384173566,55.305441782635,23.65));
#1929 = CARTESIAN_POINT('',(42.988225523223,55.293760421056,23.65));
#1930 = CARTESIAN_POINT('',(42.949439474717,55.283420037521,23.65));
#1931 = CARTESIAN_POINT('',(42.829989793211,55.255931536604,23.65));
#1932 = CARTESIAN_POINT('',(42.747588079525,55.24283531875,23.65));
#1933 = CARTESIAN_POINT('',(42.663490410729,55.234611716561,23.65));
#1934 = CARTESIAN_POINT('',(42.578169758147,55.230726872247,23.65));
#1935 = CARTESIAN_POINT('',(42.491923641703,55.230726872247,23.65));
#1936 = ORIENTED_EDGE('',*,*,#1937,.F.);
#1937 = EDGE_CURVE('',#1938,#1915,#1940,.T.);
#1938 = VERTEX_POINT('',#1939);
#1939 = CARTESIAN_POINT('',(43.955763582966,57.463839941263,23.65));
#1940 = B_SPLINE_CURVE_WITH_KNOTS('',6,(#1941,#1942,#1943,#1944,#1945,
    #1946,#1947,#1948,#1949,#1950,#1951,#1952),.UNSPECIFIED.,.F.,.F.,(7,
    5,7),(0.,0.585914136945,1.),.UNSPECIFIED.);
#1941 = CARTESIAN_POINT('',(43.955763582966,57.463839941263,23.65));
#1942 = CARTESIAN_POINT('',(43.955763582966,57.288507885853,23.65));
#1943 = CARTESIAN_POINT('',(43.950757825184,57.114644138657,23.65));
#1944 = CARTESIAN_POINT('',(43.94005275497,56.942534868214,23.65));
#1945 = CARTESIAN_POINT('',(43.922750565699,56.772801116839,23.65));
#1946 = CARTESIAN_POINT('',(43.897739229519,56.606401406533,23.65));
#1947 = CARTESIAN_POINT('',(43.839409038451,56.330394563742,23.65));
#1948 = CARTESIAN_POINT('',(43.810688410127,56.218494234744,23.65));
#1949 = CARTESIAN_POINT('',(43.776893745309,56.109462131537,23.65));
#1950 = CARTESIAN_POINT('',(43.73746987927,56.004018221496,23.65));
#1951 = CARTESIAN_POINT('',(43.691841865605,55.903106158888,23.65));
#1952 = CARTESIAN_POINT('',(43.639574155653,55.80778267254,23.65));
#1953 = ORIENTED_EDGE('',*,*,#1954,.F.);
#1954 = EDGE_CURVE('',#1955,#1938,#1957,.T.);
#1955 = VERTEX_POINT('',#1956);
#1956 = CARTESIAN_POINT('',(43.955763582966,60.651982378855,23.65));
#1957 = LINE('',#1958,#1959);
#1958 = CARTESIAN_POINT('',(43.955763582966,26.731919970631,23.65));
#1959 = VECTOR('',#1960,1.);
#1960 = DIRECTION('',(-1.224646799147E-16,-1.,0.));
#1961 = ORIENTED_EDGE('',*,*,#1962,.F.);
#1962 = EDGE_CURVE('',#1963,#1955,#1965,.T.);
#1963 = VERTEX_POINT('',#1964);
#1964 = CARTESIAN_POINT('',(45.804038179148,60.651982378855,23.65));
#1965 = LINE('',#1966,#1967);
#1966 = CARTESIAN_POINT('',(20.477881791483,60.651982378855,23.65));
#1967 = VECTOR('',#1968,1.);
#1968 = DIRECTION('',(-1.,1.224646799147E-16,0.));
#1969 = ORIENTED_EDGE('',*,*,#1970,.F.);
#1970 = EDGE_CURVE('',#1971,#1963,#1973,.T.);
#1971 = VERTEX_POINT('',#1972);
#1972 = CARTESIAN_POINT('',(45.804038179148,51.224045521292,23.65));
#1973 = LINE('',#1974,#1975);
#1974 = CARTESIAN_POINT('',(45.804038179148,28.325991189427,23.65));
#1975 = VECTOR('',#1976,1.);
#1976 = DIRECTION('',(1.224646799147E-16,1.,-0.));
#1977 = ORIENTED_EDGE('',*,*,#1978,.F.);
#1978 = EDGE_CURVE('',#1979,#1971,#1981,.T.);
#1979 = VERTEX_POINT('',#1980);
#1980 = CARTESIAN_POINT('',(43.955763582966,51.224045521292,23.65));
#1981 = LINE('',#1982,#1983);
#1982 = CARTESIAN_POINT('',(21.402019089574,51.224045521292,23.65));
#1983 = VECTOR('',#1984,1.);
#1984 = DIRECTION('',(1.,-1.224646799147E-16,0.));
#1985 = ORIENTED_EDGE('',*,*,#1986,.F.);
#1986 = EDGE_CURVE('',#1741,#1979,#1987,.T.);
#1987 = LINE('',#1988,#1989);
#1988 = CARTESIAN_POINT('',(43.955763582966,23.612022760646,23.65));
#1989 = VECTOR('',#1990,1.);
#1990 = DIRECTION('',(-1.224646799147E-16,-1.,0.));
#1991 = FACE_BOUND('',#1992,.T.);
#1992 = EDGE_LOOP('',(#1993,#2003,#2011,#2019));
#1993 = ORIENTED_EDGE('',*,*,#1994,.F.);
#1994 = EDGE_CURVE('',#1995,#1997,#1999,.T.);
#1995 = VERTEX_POINT('',#1996);
#1996 = CARTESIAN_POINT('',(47.729038179148,60.651982378855,23.65));
#1997 = VERTEX_POINT('',#1998);
#1998 = CARTESIAN_POINT('',(47.729038179148,53.878744493392,23.65));
#1999 = LINE('',#2000,#2001);
#2000 = CARTESIAN_POINT('',(47.729038179148,24.939372246696,23.65));
#2001 = VECTOR('',#2002,1.);
#2002 = DIRECTION('',(-1.224646799147E-16,-1.,0.));
#2003 = ORIENTED_EDGE('',*,*,#2004,.F.);
#2004 = EDGE_CURVE('',#2005,#1995,#2007,.T.);
#2005 = VERTEX_POINT('',#2006);
#2006 = CARTESIAN_POINT('',(49.57731277533,60.651982378855,23.65));
#2007 = LINE('',#2008,#2009);
#2008 = CARTESIAN_POINT('',(22.364519089574,60.651982378855,23.65));
#2009 = VECTOR('',#2010,1.);
#2010 = DIRECTION('',(-1.,1.224646799147E-16,0.));
#2011 = ORIENTED_EDGE('',*,*,#2012,.F.);
#2012 = EDGE_CURVE('',#2013,#2005,#2015,.T.);
#2013 = VERTEX_POINT('',#2014);
#2014 = CARTESIAN_POINT('',(49.57731277533,53.878744493392,23.65));
#2015 = LINE('',#2016,#2017);
#2016 = CARTESIAN_POINT('',(49.57731277533,28.325991189427,23.65));
#2017 = VECTOR('',#2018,1.);
#2018 = DIRECTION('',(1.224646799147E-16,1.,-0.));
#2019 = ORIENTED_EDGE('',*,*,#2020,.F.);
#2020 = EDGE_CURVE('',#1997,#2013,#2021,.T.);
#2021 = LINE('',#2022,#2023);
#2022 = CARTESIAN_POINT('',(23.288656387665,53.878744493392,23.65));
#2023 = VECTOR('',#2024,1.);
#2024 = DIRECTION('',(1.,-1.224646799147E-16,0.));
#2025 = FACE_BOUND('',#2026,.T.);
#2026 = EDGE_LOOP('',(#2027,#2037,#2045,#2053,#2063,#2074,#2082,#2097,
    #2105,#2113,#2121));
#2027 = ORIENTED_EDGE('',*,*,#2028,.F.);
#2028 = EDGE_CURVE('',#2029,#2031,#2033,.T.);
#2029 = VERTEX_POINT('',#2030);
#2030 = CARTESIAN_POINT('',(57.600367107195,53.878744493392,23.65));
#2031 = VERTEX_POINT('',#2032);
#2032 = CARTESIAN_POINT('',(55.019970631424,60.651982378855,23.65));
#2033 = LINE('',#2034,#2035);
#2034 = CARTESIAN_POINT('',(62.09752259926,42.074239161875,23.65));
#2035 = VECTOR('',#2036,1.);
#2036 = DIRECTION('',(-0.356009228345,0.934482439286,0.));
#2037 = ORIENTED_EDGE('',*,*,#2038,.F.);
#2038 = EDGE_CURVE('',#2039,#2029,#2041,.T.);
#2039 = VERTEX_POINT('',#2040);
#2040 = CARTESIAN_POINT('',(55.665271659325,53.878744493392,23.65));
#2041 = LINE('',#2042,#2043);
#2042 = CARTESIAN_POINT('',(27.300183553598,53.878744493392,23.65));
#2043 = VECTOR('',#2044,1.);
#2044 = DIRECTION('',(1.,-1.224646799147E-16,0.));
#2045 = ORIENTED_EDGE('',*,*,#2046,.F.);
#2046 = EDGE_CURVE('',#2047,#2039,#2049,.T.);
#2047 = VERTEX_POINT('',#2048);
#2048 = CARTESIAN_POINT('',(54.362555066079,57.736820851689,23.65));
#2049 = LINE('',#2050,#2051);
#2050 = CARTESIAN_POINT('',(61.434791273076,36.79195268007,23.65));
#2051 = VECTOR('',#2052,1.);
#2052 = DIRECTION('',(0.319914406755,-0.947446448276,0.));
#2053 = ORIENTED_EDGE('',*,*,#2054,.F.);
#2054 = EDGE_CURVE('',#2055,#2047,#2057,.T.);
#2055 = VERTEX_POINT('',#2056);
#2056 = CARTESIAN_POINT('',(54.182856093979,58.456424375918,23.65));
#2057 = B_SPLINE_CURVE_WITH_KNOTS('',4,(#2058,#2059,#2060,#2061,#2062),
  .UNSPECIFIED.,.F.,.F.,(5,5),(0.,1.),.PIECEWISE_BEZIER_KNOTS.);
#2058 = CARTESIAN_POINT('',(54.182856093979,58.456424375918,23.65));
#2059 = CARTESIAN_POINT('',(54.216737187224,58.271581961886,23.65));
#2060 = CARTESIAN_POINT('',(54.257899535315,58.08986157726,23.65));
#2061 = CARTESIAN_POINT('',(54.306487006063,57.911525676377,23.65));
#2062 = CARTESIAN_POINT('',(54.362555066079,57.736820851689,23.65));
#2063 = ORIENTED_EDGE('',*,*,#2064,.F.);
#2064 = EDGE_CURVE('',#2065,#2055,#2067,.T.);
#2065 = VERTEX_POINT('',#2066);
#2066 = CARTESIAN_POINT('',(54.102092511013,59.125954478708,23.65));
#2067 = B_SPLINE_CURVE_WITH_KNOTS('',5,(#2068,#2069,#2070,#2071,#2072,
    #2073),.UNSPECIFIED.,.F.,.F.,(6,6),(0.,1.),
  .PIECEWISE_BEZIER_KNOTS.);
#2068 = CARTESIAN_POINT('',(54.102092511013,59.125954478708,23.65));
#2069 = CARTESIAN_POINT('',(54.107285062771,59.002505748207,23.65));
#2070 = CARTESIAN_POINT('',(54.118379557504,58.873224027903,23.65));
#2071 = CARTESIAN_POINT('',(54.134953099985,58.738744355179,23.65));
#2072 = CARTESIAN_POINT('',(54.156574746939,58.59964994174,23.65));
#2073 = CARTESIAN_POINT('',(54.182856093979,58.456424375918,23.65));
#2074 = ORIENTED_EDGE('',*,*,#2075,.F.);
#2075 = EDGE_CURVE('',#2076,#2065,#2078,.T.);
#2076 = VERTEX_POINT('',#2077);
#2077 = CARTESIAN_POINT('',(54.052422907489,59.125954478708,23.65));
#2078 = LINE('',#2079,#2080);
#2079 = CARTESIAN_POINT('',(25.551046255507,59.125954478708,23.65));
#2080 = VECTOR('',#2081,1.);
#2081 = DIRECTION('',(1.,-1.224646799147E-16,0.));
#2082 = ORIENTED_EDGE('',*,*,#2083,.F.);
#2083 = EDGE_CURVE('',#2084,#2076,#2086,.T.);
#2084 = VERTEX_POINT('',#2085);
#2085 = CARTESIAN_POINT('',(53.779441997063,57.736820851689,23.65));
#2086 = B_SPLINE_CURVE_WITH_KNOTS('',5,(#2087,#2088,#2089,#2090,#2091,
    #2092,#2093,#2094,#2095,#2096),.UNSPECIFIED.,.F.,.F.,(6,4,6),(0.,
    0.51024969369,1.),.UNSPECIFIED.);
#2087 = CARTESIAN_POINT('',(53.779441997063,57.736820851689,23.65));
#2088 = CARTESIAN_POINT('',(53.825504305989,57.877373992965,23.65));
#2089 = CARTESIAN_POINT('',(53.867395325242,58.018460213569,23.65));
#2090 = CARTESIAN_POINT('',(53.904873027698,58.159992149582,23.65));
#2091 = CARTESIAN_POINT('',(53.937687425635,58.301855239834,23.65));
#2092 = CARTESIAN_POINT('',(53.992395209903,58.580249881674,23.65));
#2093 = CARTESIAN_POINT('',(54.014674427355,58.716766838507,23.65));
#2094 = CARTESIAN_POINT('',(54.032230642246,58.85332851803,23.65));
#2095 = CARTESIAN_POINT('',(54.044866944123,58.98978287804,23.65));
#2096 = CARTESIAN_POINT('',(54.052422907489,59.125954478708,23.65));
#2097 = ORIENTED_EDGE('',*,*,#2098,.F.);
#2098 = EDGE_CURVE('',#2099,#2084,#2101,.T.);
#2099 = VERTEX_POINT('',#2100);
#2100 = CARTESIAN_POINT('',(52.477129221733,53.878744493392,23.65));
#2101 = LINE('',#2102,#2103);
#2102 = CARTESIAN_POINT('',(41.521543428679,21.423033899026,23.65));
#2103 = VECTOR('',#2104,1.);
#2104 = DIRECTION('',(0.319825384325,0.947476502897,-0.));
#2105 = ORIENTED_EDGE('',*,*,#2106,.F.);
#2106 = EDGE_CURVE('',#2107,#2099,#2109,.T.);
#2107 = VERTEX_POINT('',#2108);
#2108 = CARTESIAN_POINT('',(50.541629955947,53.878744493392,23.65));
#2109 = LINE('',#2110,#2111);
#2110 = CARTESIAN_POINT('',(24.738564610866,53.878744493392,23.65));
#2111 = VECTOR('',#2112,1.);
#2112 = DIRECTION('',(1.,-1.224646799147E-16,0.));
#2113 = ORIENTED_EDGE('',*,*,#2114,.F.);
#2114 = EDGE_CURVE('',#2115,#2107,#2117,.T.);
#2115 = VERTEX_POINT('',#2116);
#2116 = CARTESIAN_POINT('',(53.122026431718,60.651982378855,23.65));
#2117 = LINE('',#2118,#2119);
#2118 = CARTESIAN_POINT('',(37.520951161575,19.700990906851,23.65));
#2119 = VECTOR('',#2120,1.);
#2120 = DIRECTION('',(-0.356009228345,-0.934482439286,0.));
#2121 = ORIENTED_EDGE('',*,*,#2122,.F.);
#2122 = EDGE_CURVE('',#2031,#2115,#2123,.T.);
#2123 = LINE('',#2124,#2125);
#2124 = CARTESIAN_POINT('',(25.061013215859,60.651982378855,23.65));
#2125 = VECTOR('',#2126,1.);
#2126 = DIRECTION('',(-1.,1.224646799147E-16,0.));
#2127 = FACE_BOUND('',#2128,.T.);
#2128 = EDGE_LOOP('',(#2129,#2139,#2147,#2155,#2163,#2171,#2179,#2187,
    #2195,#2205,#2215,#2223,#2231,#2239));
#2129 = ORIENTED_EDGE('',*,*,#2130,.F.);
#2130 = EDGE_CURVE('',#2131,#2133,#2135,.T.);
#2131 = VERTEX_POINT('',#2132);
#2132 = CARTESIAN_POINT('',(59.74140969163,60.651982378855,23.65));
#2133 = VERTEX_POINT('',#2134);
#2134 = CARTESIAN_POINT('',(57.607635829662,60.651982378855,23.65));
#2135 = LINE('',#2136,#2137);
#2136 = CARTESIAN_POINT('',(27.303817914831,60.651982378855,23.65));
#2137 = VECTOR('',#2138,1.);
#2138 = DIRECTION('',(-1.,1.224646799147E-16,0.));
#2139 = ORIENTED_EDGE('',*,*,#2140,.F.);
#2140 = EDGE_CURVE('',#2141,#2131,#2143,.T.);
#2141 = VERTEX_POINT('',#2142);
#2142 = CARTESIAN_POINT('',(62.06093979442,56.917878120411,23.65));
#2143 = LINE('',#2144,#2145);
#2144 = CARTESIAN_POINT('',(65.496294976931,51.387458661379,23.65));
#2145 = VECTOR('',#2146,1.);
#2146 = DIRECTION('',(-0.527660102352,0.849455600009,0.));
#2147 = ORIENTED_EDGE('',*,*,#2148,.F.);
#2148 = EDGE_CURVE('',#2149,#2141,#2151,.T.);
#2149 = VERTEX_POINT('',#2150);
#2150 = CARTESIAN_POINT('',(62.854845814978,57.488472834068,23.65));
#2151 = LINE('',#2152,#2153);
#2152 = CARTESIAN_POINT('',(26.175770439012,31.126553451443,23.65));
#2153 = VECTOR('',#2154,1.);
#2154 = DIRECTION('',(-0.81202760531,-0.583619026604,0.));
#2155 = ORIENTED_EDGE('',*,*,#2156,.F.);
#2156 = EDGE_CURVE('',#2157,#2149,#2159,.T.);
#2157 = VERTEX_POINT('',#2158);
#2158 = CARTESIAN_POINT('',(62.854845814978,60.651982378855,23.65));
#2159 = LINE('',#2160,#2161);
#2160 = CARTESIAN_POINT('',(62.854845814978,26.744236417034,23.65));
#2161 = VECTOR('',#2162,1.);
#2162 = DIRECTION('',(-1.224646799147E-16,-1.,0.));
#2163 = ORIENTED_EDGE('',*,*,#2164,.F.);
#2164 = EDGE_CURVE('',#2165,#2157,#2167,.T.);
#2165 = VERTEX_POINT('',#2166);
#2166 = CARTESIAN_POINT('',(64.72815712188,60.651982378855,23.65));
#2167 = LINE('',#2168,#2169);
#2168 = CARTESIAN_POINT('',(29.927422907489,60.651982378855,23.65));
#2169 = VECTOR('',#2170,1.);
#2170 = DIRECTION('',(-1.,1.224646799147E-16,0.));
#2171 = ORIENTED_EDGE('',*,*,#2172,.F.);
#2172 = EDGE_CURVE('',#2173,#2165,#2175,.T.);
#2173 = VERTEX_POINT('',#2174);
#2174 = CARTESIAN_POINT('',(64.72815712188,51.794640234949,23.65));
#2175 = LINE('',#2176,#2177);
#2176 = CARTESIAN_POINT('',(64.72815712188,28.325991189427,23.65));
#2177 = VECTOR('',#2178,1.);
#2178 = DIRECTION('',(1.224646799147E-16,1.,-0.));
#2179 = ORIENTED_EDGE('',*,*,#2180,.F.);
#2180 = EDGE_CURVE('',#2181,#2173,#2183,.T.);
#2181 = VERTEX_POINT('',#2182);
#2182 = CARTESIAN_POINT('',(62.854845814978,51.794640234949,23.65));
#2183 = LINE('',#2184,#2185);
#2184 = CARTESIAN_POINT('',(30.86407856094,51.794640234949,23.65));
#2185 = VECTOR('',#2186,1.);
#2186 = DIRECTION('',(1.,-1.224646799147E-16,0.));
#2187 = ORIENTED_EDGE('',*,*,#2188,.F.);
#2188 = EDGE_CURVE('',#2189,#2181,#2191,.T.);
#2189 = VERTEX_POINT('',#2190);
#2190 = CARTESIAN_POINT('',(62.854845814978,55.850991189427,23.65));
#2191 = LINE('',#2192,#2193);
#2192 = CARTESIAN_POINT('',(62.854845814978,23.897320117474,23.65));
#2193 = VECTOR('',#2194,1.);
#2194 = DIRECTION('',(-1.224646799147E-16,-1.,0.));
#2195 = ORIENTED_EDGE('',*,*,#2196,.F.);
#2196 = EDGE_CURVE('',#2197,#2189,#2199,.T.);
#2197 = VERTEX_POINT('',#2198);
#2198 = CARTESIAN_POINT('',(62.482929515419,55.330066079295,23.65));
#2199 = B_SPLINE_CURVE_WITH_KNOTS('',4,(#2200,#2201,#2202,#2203,#2204),
  .UNSPECIFIED.,.F.,.F.,(5,5),(0.,1.),.PIECEWISE_BEZIER_KNOTS.);
#2200 = CARTESIAN_POINT('',(62.482929515419,55.330066079295,23.65));
#2201 = CARTESIAN_POINT('',(62.57599962595,55.460283479063,23.65));
#2202 = CARTESIAN_POINT('',(62.669009063302,55.590510134738,23.65));
#2203 = CARTESIAN_POINT('',(62.761957801597,55.720746040231,23.65));
#2204 = CARTESIAN_POINT('',(62.854845814978,55.850991189427,23.65));
#2205 = ORIENTED_EDGE('',*,*,#2206,.F.);
#2206 = EDGE_CURVE('',#2207,#2197,#2209,.T.);
#2207 = VERTEX_POINT('',#2208);
#2208 = CARTESIAN_POINT('',(62.110609397944,54.809140969163,23.65));
#2209 = B_SPLINE_CURVE_WITH_KNOTS('',4,(#2210,#2211,#2212,#2213,#2214),
  .UNSPECIFIED.,.F.,.F.,(5,5),(0.,1.),.PIECEWISE_BEZIER_KNOTS.);
#2210 = CARTESIAN_POINT('',(62.110609397944,54.809140969163,23.65));
#2211 = CARTESIAN_POINT('',(62.203689427313,54.939372246696,23.65));
#2212 = CARTESIAN_POINT('',(62.296769456681,55.069603524229,23.65));
#2213 = CARTESIAN_POINT('',(62.38984948605,55.199834801762,23.65));
#2214 = CARTESIAN_POINT('',(62.482929515419,55.330066079295,23.65));
#2215 = ORIENTED_EDGE('',*,*,#2216,.F.);
#2216 = EDGE_CURVE('',#2217,#2207,#2219,.T.);
#2217 = VERTEX_POINT('',#2218);
#2218 = CARTESIAN_POINT('',(59.71637298091,51.794640234949,23.65));
#2219 = LINE('',#2220,#2221);
#2220 = CARTESIAN_POINT('',(35.197277929912,20.923490874904,23.65));
#2221 = VECTOR('',#2222,1.);
#2222 = DIRECTION('',(0.621940795751,0.783064267209,-0.));
#2223 = ORIENTED_EDGE('',*,*,#2224,.F.);
#2224 = EDGE_CURVE('',#2225,#2217,#2227,.T.);
#2225 = VERTEX_POINT('',#2226);
#2226 = CARTESIAN_POINT('',(57.632268722467,51.794640234949,23.65));
#2227 = LINE('',#2228,#2229);
#2228 = CARTESIAN_POINT('',(28.358186490455,51.794640234949,23.65));
#2229 = VECTOR('',#2230,1.);
#2230 = DIRECTION('',(1.,-1.224646799147E-16,0.));
#2231 = ORIENTED_EDGE('',*,*,#2232,.F.);
#2232 = EDGE_CURVE('',#2233,#2225,#2235,.T.);
#2233 = VERTEX_POINT('',#2234);
#2234 = CARTESIAN_POINT('',(60.721475770925,55.714500734214,23.65));
#2235 = LINE('',#2236,#2237);
#2236 = CARTESIAN_POINT('',(32.454971952046,19.847448110704,23.65));
#2237 = VECTOR('',#2238,1.);
#2238 = DIRECTION('',(-0.618975091566,-0.785410616188,0.));
#2239 = ORIENTED_EDGE('',*,*,#2240,.F.);
#2240 = EDGE_CURVE('',#2133,#2233,#2241,.T.);
#2241 = LINE('',#2242,#2243);
#2242 = CARTESIAN_POINT('',(65.12707064257,48.728739030725,23.65));
#2243 = VECTOR('',#2244,1.);
#2244 = DIRECTION('',(0.533433284243,-0.845842143229,0.));
#2245 = PLANE('',#2246);
#2246 = AXIS2_PLACEMENT_3D('',#2247,#2248,#2249);
#2247 = CARTESIAN_POINT('',(-3.,-4.,23.65));
#2248 = DIRECTION('',(0.,0.,1.));
#2249 = DIRECTION('',(1.,0.,-0.));
#2250 = ADVANCED_FACE('',(#2251),#2262,.T.);
#2251 = FACE_BOUND('',#2252,.F.);
#2252 = EDGE_LOOP('',(#2253,#2254,#2255,#2261));
#2253 = ORIENTED_EDGE('',*,*,#103,.F.);
#2254 = ORIENTED_EDGE('',*,*,#797,.T.);
#2255 = ORIENTED_EDGE('',*,*,#2256,.T.);
#2256 = EDGE_CURVE('',#790,#898,#2257,.T.);
#2257 = LINE('',#2258,#2259);
#2258 = CARTESIAN_POINT('',(1.,65.5,22.85));
#2259 = VECTOR('',#2260,1.);
#2260 = DIRECTION('',(4.329780281177E-17,-0.707106781187,0.707106781187)
  );
#2261 = ORIENTED_EDGE('',*,*,#905,.F.);
#2262 = CONICAL_SURFACE('',#2263,4.,0.785398163397);
#2263 = AXIS2_PLACEMENT_3D('',#2264,#2265,#2266);
#2264 = CARTESIAN_POINT('',(1.,61.5,22.85));
#2265 = DIRECTION('',(-0.,-0.,-1.));
#2266 = DIRECTION('',(-1.,0.,0.));
#2267 = ADVANCED_FACE('',(#2268),#2286,.T.);
#2268 = FACE_BOUND('',#2269,.T.);
#2269 = EDGE_LOOP('',(#2270,#2271,#2279,#2285));
#2270 = ORIENTED_EDGE('',*,*,#789,.T.);
#2271 = ORIENTED_EDGE('',*,*,#2272,.T.);
#2272 = EDGE_CURVE('',#790,#2273,#2275,.T.);
#2273 = VERTEX_POINT('',#2274);
#2274 = CARTESIAN_POINT('',(84.,65.5,22.85));
#2275 = LINE('',#2276,#2277);
#2276 = CARTESIAN_POINT('',(1.,65.5,22.85));
#2277 = VECTOR('',#2278,1.);
#2278 = DIRECTION('',(1.,0.,-0.));
#2279 = ORIENTED_EDGE('',*,*,#2280,.F.);
#2280 = EDGE_CURVE('',#153,#2273,#2281,.T.);
#2281 = LINE('',#2282,#2283);
#2282 = CARTESIAN_POINT('',(84.,65.5,21.65));
#2283 = VECTOR('',#2284,1.);
#2284 = DIRECTION('',(0.,0.,1.));
#2285 = ORIENTED_EDGE('',*,*,#161,.F.);
#2286 = PLANE('',#2287);
#2287 = AXIS2_PLACEMENT_3D('',#2288,#2289,#2290);
#2288 = CARTESIAN_POINT('',(-3.,65.5,21.65));
#2289 = DIRECTION('',(-0.,1.,0.));
#2290 = DIRECTION('',(0.,0.,1.));
#2291 = ADVANCED_FACE('',(#2292),#2311,.T.);
#2292 = FACE_BOUND('',#2293,.F.);
#2293 = EDGE_LOOP('',(#2294,#2302,#2303,#2304));
#2294 = ORIENTED_EDGE('',*,*,#2295,.F.);
#2295 = EDGE_CURVE('',#136,#2296,#2298,.T.);
#2296 = VERTEX_POINT('',#2297);
#2297 = CARTESIAN_POINT('',(88.,0.,22.85));
#2298 = LINE('',#2299,#2300);
#2299 = CARTESIAN_POINT('',(88.,-8.881784197001E-16,21.65));
#2300 = VECTOR('',#2301,1.);
#2301 = DIRECTION('',(0.,0.,1.));
#2302 = ORIENTED_EDGE('',*,*,#135,.T.);
#2303 = ORIENTED_EDGE('',*,*,#846,.T.);
#2304 = ORIENTED_EDGE('',*,*,#2305,.F.);
#2305 = EDGE_CURVE('',#2296,#839,#2306,.T.);
#2306 = CIRCLE('',#2307,4.);
#2307 = AXIS2_PLACEMENT_3D('',#2308,#2309,#2310);
#2308 = CARTESIAN_POINT('',(84.,-8.881784197001E-16,22.85));
#2309 = DIRECTION('',(0.,-0.,-1.));
#2310 = DIRECTION('',(1.,1.836970198721E-16,-0.));
#2311 = CYLINDRICAL_SURFACE('',#2312,4.);
#2312 = AXIS2_PLACEMENT_3D('',#2313,#2314,#2315);
#2313 = CARTESIAN_POINT('',(84.,-8.881784197001E-16,21.65));
#2314 = DIRECTION('',(0.,0.,1.));
#2315 = DIRECTION('',(1.,0.,-0.));
#2316 = ADVANCED_FACE('',(#2317),#2336,.T.);
#2317 = FACE_BOUND('',#2318,.T.);
#2318 = EDGE_LOOP('',(#2319,#2327,#2328,#2329));
#2319 = ORIENTED_EDGE('',*,*,#2320,.F.);
#2320 = EDGE_CURVE('',#145,#2321,#2323,.T.);
#2321 = VERTEX_POINT('',#2322);
#2322 = CARTESIAN_POINT('',(88.,61.5,22.85));
#2323 = LINE('',#2324,#2325);
#2324 = CARTESIAN_POINT('',(88.,61.5,21.65));
#2325 = VECTOR('',#2326,1.);
#2326 = DIRECTION('',(0.,0.,1.));
#2327 = ORIENTED_EDGE('',*,*,#152,.T.);
#2328 = ORIENTED_EDGE('',*,*,#2280,.T.);
#2329 = ORIENTED_EDGE('',*,*,#2330,.T.);
#2330 = EDGE_CURVE('',#2273,#2321,#2331,.T.);
#2331 = CIRCLE('',#2332,4.);
#2332 = AXIS2_PLACEMENT_3D('',#2333,#2334,#2335);
#2333 = CARTESIAN_POINT('',(84.,61.5,22.85));
#2334 = DIRECTION('',(0.,-0.,-1.));
#2335 = DIRECTION('',(0.,1.,-0.));
#2336 = CYLINDRICAL_SURFACE('',#2337,4.);
#2337 = AXIS2_PLACEMENT_3D('',#2338,#2339,#2340);
#2338 = CARTESIAN_POINT('',(84.,61.5,21.65));
#2339 = DIRECTION('',(0.,0.,1.));
#2340 = DIRECTION('',(1.,0.,-0.));
#2341 = ADVANCED_FACE('',(#2342),#2353,.T.);
#2342 = FACE_BOUND('',#2343,.T.);
#2343 = EDGE_LOOP('',(#2344,#2345,#2346,#2347));
#2344 = ORIENTED_EDGE('',*,*,#2295,.F.);
#2345 = ORIENTED_EDGE('',*,*,#144,.T.);
#2346 = ORIENTED_EDGE('',*,*,#2320,.T.);
#2347 = ORIENTED_EDGE('',*,*,#2348,.T.);
#2348 = EDGE_CURVE('',#2321,#2296,#2349,.T.);
#2349 = LINE('',#2350,#2351);
#2350 = CARTESIAN_POINT('',(88.,61.5,22.85));
#2351 = VECTOR('',#2352,1.);
#2352 = DIRECTION('',(0.,-1.,-0.));
#2353 = PLANE('',#2354);
#2354 = AXIS2_PLACEMENT_3D('',#2355,#2356,#2357);
#2355 = CARTESIAN_POINT('',(88.,-4.,21.65));
#2356 = DIRECTION('',(1.,0.,-0.));
#2357 = DIRECTION('',(0.,0.,1.));
#2358 = ADVANCED_FACE('',(#2359),#2378,.T.);
#2359 = FACE_BOUND('',#2360,.T.);
#2360 = EDGE_LOOP('',(#2361,#2362,#2370,#2377));
#2361 = ORIENTED_EDGE('',*,*,#178,.F.);
#2362 = ORIENTED_EDGE('',*,*,#2363,.F.);
#2363 = EDGE_CURVE('',#2364,#179,#2366,.T.);
#2364 = VERTEX_POINT('',#2365);
#2365 = CARTESIAN_POINT('',(5.9,3.5,1.31));
#2366 = LINE('',#2367,#2368);
#2367 = CARTESIAN_POINT('',(5.9,3.5,1.31));
#2368 = VECTOR('',#2369,1.);
#2369 = DIRECTION('',(0.,0.,1.));
#2370 = ORIENTED_EDGE('',*,*,#2371,.T.);
#2371 = EDGE_CURVE('',#2364,#2364,#2372,.T.);
#2372 = CIRCLE('',#2373,2.4);
#2373 = AXIS2_PLACEMENT_3D('',#2374,#2375,#2376);
#2374 = CARTESIAN_POINT('',(3.5,3.5,1.31));
#2375 = DIRECTION('',(0.,0.,1.));
#2376 = DIRECTION('',(1.,0.,-0.));
#2377 = ORIENTED_EDGE('',*,*,#2363,.T.);
#2378 = CYLINDRICAL_SURFACE('',#2379,2.4);
#2379 = AXIS2_PLACEMENT_3D('',#2380,#2381,#2382);
#2380 = CARTESIAN_POINT('',(3.5,3.5,1.31));
#2381 = DIRECTION('',(0.,0.,1.));
#2382 = DIRECTION('',(1.,0.,-0.));
#2383 = ADVANCED_FACE('',(#2384),#2403,.F.);
#2384 = FACE_BOUND('',#2385,.F.);
#2385 = EDGE_LOOP('',(#2386,#2395,#2401,#2402));
#2386 = ORIENTED_EDGE('',*,*,#2387,.F.);
#2387 = EDGE_CURVE('',#2388,#2388,#2390,.T.);
#2388 = VERTEX_POINT('',#2389);
#2389 = CARTESIAN_POINT('',(44.245,11.3,23.05));
#2390 = CIRCLE('',#2391,3.245);
#2391 = AXIS2_PLACEMENT_3D('',#2392,#2393,#2394);
#2392 = CARTESIAN_POINT('',(41.,11.3,23.05));
#2393 = DIRECTION('',(0.,0.,1.));
#2394 = DIRECTION('',(1.,0.,-0.));
#2395 = ORIENTED_EDGE('',*,*,#2396,.F.);
#2396 = EDGE_CURVE('',#190,#2388,#2397,.T.);
#2397 = LINE('',#2398,#2399);
#2398 = CARTESIAN_POINT('',(44.245,11.3,21.45));
#2399 = VECTOR('',#2400,1.);
#2400 = DIRECTION('',(0.,0.,1.));
#2401 = ORIENTED_EDGE('',*,*,#189,.T.);
#2402 = ORIENTED_EDGE('',*,*,#2396,.T.);
#2403 = CYLINDRICAL_SURFACE('',#2404,3.245);
#2404 = AXIS2_PLACEMENT_3D('',#2405,#2406,#2407);
#2405 = CARTESIAN_POINT('',(41.,11.3,21.45));
#2406 = DIRECTION('',(0.,0.,1.));
#2407 = DIRECTION('',(1.,0.,-0.));
#2408 = ADVANCED_FACE('',(#2409),#2428,.T.);
#2409 = FACE_BOUND('',#2410,.T.);
#2410 = EDGE_LOOP('',(#2411,#2412,#2420,#2427));
#2411 = ORIENTED_EDGE('',*,*,#200,.F.);
#2412 = ORIENTED_EDGE('',*,*,#2413,.F.);
#2413 = EDGE_CURVE('',#2414,#201,#2416,.T.);
#2414 = VERTEX_POINT('',#2415);
#2415 = CARTESIAN_POINT('',(30.7,21.8,16.24));
#2416 = LINE('',#2417,#2418);
#2417 = CARTESIAN_POINT('',(30.7,21.8,16.24));
#2418 = VECTOR('',#2419,1.);
#2419 = DIRECTION('',(0.,0.,1.));
#2420 = ORIENTED_EDGE('',*,*,#2421,.T.);
#2421 = EDGE_CURVE('',#2414,#2414,#2422,.T.);
#2422 = CIRCLE('',#2423,2.1);
#2423 = AXIS2_PLACEMENT_3D('',#2424,#2425,#2426);
#2424 = CARTESIAN_POINT('',(28.6,21.8,16.24));
#2425 = DIRECTION('',(0.,0.,1.));
#2426 = DIRECTION('',(1.,0.,-0.));
#2427 = ORIENTED_EDGE('',*,*,#2413,.T.);
#2428 = CYLINDRICAL_SURFACE('',#2429,2.1);
#2429 = AXIS2_PLACEMENT_3D('',#2430,#2431,#2432);
#2430 = CARTESIAN_POINT('',(28.6,21.8,16.24));
#2431 = DIRECTION('',(0.,0.,1.));
#2432 = DIRECTION('',(1.,0.,-0.));
#2433 = ADVANCED_FACE('',(#2434),#2453,.T.);
#2434 = FACE_BOUND('',#2435,.T.);
#2435 = EDGE_LOOP('',(#2436,#2437,#2445,#2452));
#2436 = ORIENTED_EDGE('',*,*,#211,.F.);
#2437 = ORIENTED_EDGE('',*,*,#2438,.F.);
#2438 = EDGE_CURVE('',#2439,#212,#2441,.T.);
#2439 = VERTEX_POINT('',#2440);
#2440 = CARTESIAN_POINT('',(43.2,21.8,16.24));
#2441 = LINE('',#2442,#2443);
#2442 = CARTESIAN_POINT('',(43.2,21.8,16.24));
#2443 = VECTOR('',#2444,1.);
#2444 = DIRECTION('',(0.,0.,1.));
#2445 = ORIENTED_EDGE('',*,*,#2446,.T.);
#2446 = EDGE_CURVE('',#2439,#2439,#2447,.T.);
#2447 = CIRCLE('',#2448,2.1);
#2448 = AXIS2_PLACEMENT_3D('',#2449,#2450,#2451);
#2449 = CARTESIAN_POINT('',(41.1,21.8,16.24));
#2450 = DIRECTION('',(0.,0.,1.));
#2451 = DIRECTION('',(1.,0.,-0.));
#2452 = ORIENTED_EDGE('',*,*,#2438,.T.);
#2453 = CYLINDRICAL_SURFACE('',#2454,2.1);
#2454 = AXIS2_PLACEMENT_3D('',#2455,#2456,#2457);
#2455 = CARTESIAN_POINT('',(41.1,21.8,16.24));
#2456 = DIRECTION('',(0.,0.,1.));
#2457 = DIRECTION('',(1.,0.,-0.));
#2458 = ADVANCED_FACE('',(#2459),#2475,.F.);
#2459 = FACE_BOUND('',#2460,.F.);
#2460 = EDGE_LOOP('',(#2461,#2462,#2468,#2469));
#2461 = ORIENTED_EDGE('',*,*,#222,.T.);
#2462 = ORIENTED_EDGE('',*,*,#2463,.T.);
#2463 = EDGE_CURVE('',#225,#928,#2464,.T.);
#2464 = LINE('',#2465,#2466);
#2465 = CARTESIAN_POINT('',(35.835481456442,26.1,21.55));
#2466 = VECTOR('',#2467,1.);
#2467 = DIRECTION('',(0.,0.,1.));
#2468 = ORIENTED_EDGE('',*,*,#925,.F.);
#2469 = ORIENTED_EDGE('',*,*,#2470,.F.);
#2470 = EDGE_CURVE('',#223,#926,#2471,.T.);
#2471 = LINE('',#2472,#2473);
#2472 = CARTESIAN_POINT('',(48.764518543558,26.1,21.55));
#2473 = VECTOR('',#2474,1.);
#2474 = DIRECTION('',(0.,0.,1.));
#2475 = PLANE('',#2476);
#2476 = AXIS2_PLACEMENT_3D('',#2477,#2478,#2479);
#2477 = CARTESIAN_POINT('',(31.3,26.1,21.55));
#2478 = DIRECTION('',(-0.,1.,0.));
#2479 = DIRECTION('',(0.,0.,1.));
#2480 = ADVANCED_FACE('',(#2481),#2492,.F.);
#2481 = FACE_BOUND('',#2482,.F.);
#2482 = EDGE_LOOP('',(#2483,#2484,#2485,#2491));
#2483 = ORIENTED_EDGE('',*,*,#2463,.F.);
#2484 = ORIENTED_EDGE('',*,*,#249,.T.);
#2485 = ORIENTED_EDGE('',*,*,#2486,.T.);
#2486 = EDGE_CURVE('',#242,#945,#2487,.T.);
#2487 = LINE('',#2488,#2489);
#2488 = CARTESIAN_POINT('',(37.9422482861,24.9,21.55));
#2489 = VECTOR('',#2490,1.);
#2490 = DIRECTION('',(0.,0.,1.));
#2491 = ORIENTED_EDGE('',*,*,#952,.F.);
#2492 = CYLINDRICAL_SURFACE('',#2493,11.);
#2493 = AXIS2_PLACEMENT_3D('',#2494,#2495,#2496);
#2494 = CARTESIAN_POINT('',(42.3,35.,21.55));
#2495 = DIRECTION('',(0.,0.,1.));
#2496 = DIRECTION('',(1.,0.,-0.));
#2497 = ADVANCED_FACE('',(#2498),#2509,.T.);
#2498 = FACE_BOUND('',#2499,.T.);
#2499 = EDGE_LOOP('',(#2500,#2506,#2507,#2508));
#2500 = ORIENTED_EDGE('',*,*,#2501,.F.);
#2501 = EDGE_CURVE('',#233,#936,#2502,.T.);
#2502 = LINE('',#2503,#2504);
#2503 = CARTESIAN_POINT('',(46.6577517139,24.9,21.55));
#2504 = VECTOR('',#2505,1.);
#2505 = DIRECTION('',(0.,0.,1.));
#2506 = ORIENTED_EDGE('',*,*,#241,.T.);
#2507 = ORIENTED_EDGE('',*,*,#2486,.T.);
#2508 = ORIENTED_EDGE('',*,*,#944,.F.);
#2509 = PLANE('',#2510);
#2510 = AXIS2_PLACEMENT_3D('',#2511,#2512,#2513);
#2511 = CARTESIAN_POINT('',(31.3,24.9,21.45));
#2512 = DIRECTION('',(-0.,1.,0.));
#2513 = DIRECTION('',(0.,0.,1.));
#2514 = ADVANCED_FACE('',(#2515),#2521,.F.);
#2515 = FACE_BOUND('',#2516,.F.);
#2516 = EDGE_LOOP('',(#2517,#2518,#2519,#2520));
#2517 = ORIENTED_EDGE('',*,*,#2501,.F.);
#2518 = ORIENTED_EDGE('',*,*,#232,.T.);
#2519 = ORIENTED_EDGE('',*,*,#2470,.T.);
#2520 = ORIENTED_EDGE('',*,*,#935,.F.);
#2521 = CYLINDRICAL_SURFACE('',#2522,11.);
#2522 = AXIS2_PLACEMENT_3D('',#2523,#2524,#2525);
#2523 = CARTESIAN_POINT('',(42.3,35.,21.55));
#2524 = DIRECTION('',(0.,0.,1.));
#2525 = DIRECTION('',(1.,0.,-0.));
#2526 = ADVANCED_FACE('',(#2527),#2543,.F.);
#2527 = FACE_BOUND('',#2528,.F.);
#2528 = EDGE_LOOP('',(#2529,#2530,#2536,#2537));
#2529 = ORIENTED_EDGE('',*,*,#258,.T.);
#2530 = ORIENTED_EDGE('',*,*,#2531,.T.);
#2531 = EDGE_CURVE('',#261,#964,#2532,.T.);
#2532 = LINE('',#2533,#2534);
#2533 = CARTESIAN_POINT('',(51.767840302836,29.4,21.55));
#2534 = VECTOR('',#2535,1.);
#2535 = DIRECTION('',(0.,0.,1.));
#2536 = ORIENTED_EDGE('',*,*,#961,.F.);
#2537 = ORIENTED_EDGE('',*,*,#2538,.F.);
#2538 = EDGE_CURVE('',#259,#962,#2539,.T.);
#2539 = LINE('',#2540,#2541);
#2540 = CARTESIAN_POINT('',(50.43879597975,27.6,21.55));
#2541 = VECTOR('',#2542,1.);
#2542 = DIRECTION('',(0.,0.,1.));
#2543 = CYLINDRICAL_SURFACE('',#2544,11.);
#2544 = AXIS2_PLACEMENT_3D('',#2545,#2546,#2547);
#2545 = CARTESIAN_POINT('',(42.3,35.,21.55));
#2546 = DIRECTION('',(0.,0.,1.));
#2547 = DIRECTION('',(1.,0.,-0.));
#2548 = ADVANCED_FACE('',(#2549),#2560,.F.);
#2549 = FACE_BOUND('',#2550,.F.);
#2550 = EDGE_LOOP('',(#2551,#2552,#2558,#2559));
#2551 = ORIENTED_EDGE('',*,*,#286,.T.);
#2552 = ORIENTED_EDGE('',*,*,#2553,.T.);
#2553 = EDGE_CURVE('',#278,#981,#2554,.T.);
#2554 = LINE('',#2555,#2556);
#2555 = CARTESIAN_POINT('',(32.832159697164,29.4,21.55));
#2556 = VECTOR('',#2557,1.);
#2557 = DIRECTION('',(0.,0.,1.));
#2558 = ORIENTED_EDGE('',*,*,#989,.F.);
#2559 = ORIENTED_EDGE('',*,*,#2531,.F.);
#2560 = PLANE('',#2561);
#2561 = AXIS2_PLACEMENT_3D('',#2562,#2563,#2564);
#2562 = CARTESIAN_POINT('',(31.3,29.4,21.55));
#2563 = DIRECTION('',(-0.,1.,0.));
#2564 = DIRECTION('',(0.,0.,1.));
#2565 = ADVANCED_FACE('',(#2566),#2577,.F.);
#2566 = FACE_BOUND('',#2567,.F.);
#2567 = EDGE_LOOP('',(#2568,#2569,#2575,#2576));
#2568 = ORIENTED_EDGE('',*,*,#277,.T.);
#2569 = ORIENTED_EDGE('',*,*,#2570,.T.);
#2570 = EDGE_CURVE('',#270,#973,#2571,.T.);
#2571 = LINE('',#2572,#2573);
#2572 = CARTESIAN_POINT('',(34.16120402025,27.6,21.55));
#2573 = VECTOR('',#2574,1.);
#2574 = DIRECTION('',(0.,0.,1.));
#2575 = ORIENTED_EDGE('',*,*,#980,.F.);
#2576 = ORIENTED_EDGE('',*,*,#2553,.F.);
#2577 = CYLINDRICAL_SURFACE('',#2578,11.);
#2578 = AXIS2_PLACEMENT_3D('',#2579,#2580,#2581);
#2579 = CARTESIAN_POINT('',(42.3,35.,21.55));
#2580 = DIRECTION('',(0.,0.,1.));
#2581 = DIRECTION('',(1.,0.,-0.));
#2582 = ADVANCED_FACE('',(#2583),#2589,.T.);
#2583 = FACE_BOUND('',#2584,.T.);
#2584 = EDGE_LOOP('',(#2585,#2586,#2587,#2588));
#2585 = ORIENTED_EDGE('',*,*,#269,.T.);
#2586 = ORIENTED_EDGE('',*,*,#2570,.T.);
#2587 = ORIENTED_EDGE('',*,*,#972,.F.);
#2588 = ORIENTED_EDGE('',*,*,#2538,.F.);
#2589 = PLANE('',#2590);
#2590 = AXIS2_PLACEMENT_3D('',#2591,#2592,#2593);
#2591 = CARTESIAN_POINT('',(31.3,27.6,21.55));
#2592 = DIRECTION('',(-0.,1.,0.));
#2593 = DIRECTION('',(0.,0.,1.));
#2594 = ADVANCED_FACE('',(#2595),#2614,.T.);
#2595 = FACE_BOUND('',#2596,.T.);
#2596 = EDGE_LOOP('',(#2597,#2598,#2606,#2613));
#2597 = ORIENTED_EDGE('',*,*,#294,.F.);
#2598 = ORIENTED_EDGE('',*,*,#2599,.F.);
#2599 = EDGE_CURVE('',#2600,#295,#2602,.T.);
#2600 = VERTEX_POINT('',#2601);
#2601 = CARTESIAN_POINT('',(63.9,3.5,1.31));
#2602 = LINE('',#2603,#2604);
#2603 = CARTESIAN_POINT('',(63.9,3.5,1.31));
#2604 = VECTOR('',#2605,1.);
#2605 = DIRECTION('',(0.,0.,1.));
#2606 = ORIENTED_EDGE('',*,*,#2607,.T.);
#2607 = EDGE_CURVE('',#2600,#2600,#2608,.T.);
#2608 = CIRCLE('',#2609,2.4);
#2609 = AXIS2_PLACEMENT_3D('',#2610,#2611,#2612);
#2610 = CARTESIAN_POINT('',(61.5,3.5,1.31));
#2611 = DIRECTION('',(0.,0.,1.));
#2612 = DIRECTION('',(1.,0.,-0.));
#2613 = ORIENTED_EDGE('',*,*,#2599,.T.);
#2614 = CYLINDRICAL_SURFACE('',#2615,2.4);
#2615 = AXIS2_PLACEMENT_3D('',#2616,#2617,#2618);
#2616 = CARTESIAN_POINT('',(61.5,3.5,1.31));
#2617 = DIRECTION('',(0.,0.,1.));
#2618 = DIRECTION('',(1.,0.,-0.));
#2619 = ADVANCED_FACE('',(#2620),#2636,.F.);
#2620 = FACE_BOUND('',#2621,.F.);
#2621 = EDGE_LOOP('',(#2622,#2623,#2629,#2630));
#2622 = ORIENTED_EDGE('',*,*,#305,.T.);
#2623 = ORIENTED_EDGE('',*,*,#2624,.T.);
#2624 = EDGE_CURVE('',#308,#1000,#2625,.T.);
#2625 = LINE('',#2626,#2627);
#2626 = CARTESIAN_POINT('',(53.056858277397,32.7,21.55));
#2627 = VECTOR('',#2628,1.);
#2628 = DIRECTION('',(0.,0.,1.));
#2629 = ORIENTED_EDGE('',*,*,#997,.F.);
#2630 = ORIENTED_EDGE('',*,*,#2631,.F.);
#2631 = EDGE_CURVE('',#306,#998,#2632,.T.);
#2632 = LINE('',#2633,#2634);
#2633 = CARTESIAN_POINT('',(52.507350292804,30.9,21.55));
#2634 = VECTOR('',#2635,1.);
#2635 = DIRECTION('',(0.,0.,1.));
#2636 = CYLINDRICAL_SURFACE('',#2637,11.);
#2637 = AXIS2_PLACEMENT_3D('',#2638,#2639,#2640);
#2638 = CARTESIAN_POINT('',(42.3,35.,21.55));
#2639 = DIRECTION('',(0.,0.,1.));
#2640 = DIRECTION('',(1.,0.,-0.));
#2641 = ADVANCED_FACE('',(#2642),#2653,.F.);
#2642 = FACE_BOUND('',#2643,.F.);
#2643 = EDGE_LOOP('',(#2644,#2645,#2651,#2652));
#2644 = ORIENTED_EDGE('',*,*,#333,.T.);
#2645 = ORIENTED_EDGE('',*,*,#2646,.T.);
#2646 = EDGE_CURVE('',#325,#1017,#2647,.T.);
#2647 = LINE('',#2648,#2649);
#2648 = CARTESIAN_POINT('',(31.543141722603,32.7,21.55));
#2649 = VECTOR('',#2650,1.);
#2650 = DIRECTION('',(0.,0.,1.));
#2651 = ORIENTED_EDGE('',*,*,#1025,.F.);
#2652 = ORIENTED_EDGE('',*,*,#2624,.F.);
#2653 = PLANE('',#2654);
#2654 = AXIS2_PLACEMENT_3D('',#2655,#2656,#2657);
#2655 = CARTESIAN_POINT('',(31.3,32.7,21.55));
#2656 = DIRECTION('',(-0.,1.,0.));
#2657 = DIRECTION('',(0.,0.,1.));
#2658 = ADVANCED_FACE('',(#2659),#2670,.F.);
#2659 = FACE_BOUND('',#2660,.F.);
#2660 = EDGE_LOOP('',(#2661,#2662,#2668,#2669));
#2661 = ORIENTED_EDGE('',*,*,#324,.T.);
#2662 = ORIENTED_EDGE('',*,*,#2663,.T.);
#2663 = EDGE_CURVE('',#317,#1009,#2664,.T.);
#2664 = LINE('',#2665,#2666);
#2665 = CARTESIAN_POINT('',(32.092649707196,30.9,21.55));
#2666 = VECTOR('',#2667,1.);
#2667 = DIRECTION('',(0.,0.,1.));
#2668 = ORIENTED_EDGE('',*,*,#1016,.F.);
#2669 = ORIENTED_EDGE('',*,*,#2646,.F.);
#2670 = CYLINDRICAL_SURFACE('',#2671,11.);
#2671 = AXIS2_PLACEMENT_3D('',#2672,#2673,#2674);
#2672 = CARTESIAN_POINT('',(42.3,35.,21.55));
#2673 = DIRECTION('',(0.,0.,1.));
#2674 = DIRECTION('',(1.,0.,-0.));
#2675 = ADVANCED_FACE('',(#2676),#2682,.T.);
#2676 = FACE_BOUND('',#2677,.T.);
#2677 = EDGE_LOOP('',(#2678,#2679,#2680,#2681));
#2678 = ORIENTED_EDGE('',*,*,#316,.T.);
#2679 = ORIENTED_EDGE('',*,*,#2663,.T.);
#2680 = ORIENTED_EDGE('',*,*,#1008,.F.);
#2681 = ORIENTED_EDGE('',*,*,#2631,.F.);
#2682 = PLANE('',#2683);
#2683 = AXIS2_PLACEMENT_3D('',#2684,#2685,#2686);
#2684 = CARTESIAN_POINT('',(31.3,30.9,21.55));
#2685 = DIRECTION('',(-0.,1.,0.));
#2686 = DIRECTION('',(0.,0.,1.));
#2687 = ADVANCED_FACE('',(#2688),#2704,.T.);
#2688 = FACE_BOUND('',#2689,.T.);
#2689 = EDGE_LOOP('',(#2690,#2691,#2697,#2698));
#2690 = ORIENTED_EDGE('',*,*,#378,.T.);
#2691 = ORIENTED_EDGE('',*,*,#2692,.T.);
#2692 = EDGE_CURVE('',#379,#1071,#2693,.T.);
#2693 = LINE('',#2694,#2695);
#2694 = CARTESIAN_POINT('',(31.329129478478,34.2,21.55));
#2695 = VECTOR('',#2696,1.);
#2696 = DIRECTION('',(0.,0.,1.));
#2697 = ORIENTED_EDGE('',*,*,#1070,.F.);
#2698 = ORIENTED_EDGE('',*,*,#2699,.F.);
#2699 = EDGE_CURVE('',#370,#1062,#2700,.T.);
#2700 = LINE('',#2701,#2702);
#2701 = CARTESIAN_POINT('',(53.270870521522,34.2,21.55));
#2702 = VECTOR('',#2703,1.);
#2703 = DIRECTION('',(0.,0.,1.));
#2704 = PLANE('',#2705);
#2705 = AXIS2_PLACEMENT_3D('',#2706,#2707,#2708);
#2706 = CARTESIAN_POINT('',(31.3,34.2,21.55));
#2707 = DIRECTION('',(-0.,1.,0.));
#2708 = DIRECTION('',(0.,0.,1.));
#2709 = ADVANCED_FACE('',(#2710),#2726,.F.);
#2710 = FACE_BOUND('',#2711,.F.);
#2711 = EDGE_LOOP('',(#2712,#2713,#2719,#2720));
#2712 = ORIENTED_EDGE('',*,*,#352,.T.);
#2713 = ORIENTED_EDGE('',*,*,#2714,.T.);
#2714 = EDGE_CURVE('',#342,#1034,#2715,.T.);
#2715 = LINE('',#2716,#2717);
#2716 = CARTESIAN_POINT('',(31.345548849897,36.,21.55));
#2717 = VECTOR('',#2718,1.);
#2718 = DIRECTION('',(0.,0.,1.));
#2719 = ORIENTED_EDGE('',*,*,#1044,.F.);
#2720 = ORIENTED_EDGE('',*,*,#2721,.F.);
#2721 = EDGE_CURVE('',#353,#1045,#2722,.T.);
#2722 = LINE('',#2723,#2724);
#2723 = CARTESIAN_POINT('',(53.254451150103,36.,21.55));
#2724 = VECTOR('',#2725,1.);
#2725 = DIRECTION('',(0.,0.,1.));
#2726 = PLANE('',#2727);
#2727 = AXIS2_PLACEMENT_3D('',#2728,#2729,#2730);
#2728 = CARTESIAN_POINT('',(31.3,36.,21.55));
#2729 = DIRECTION('',(-0.,1.,0.));
#2730 = DIRECTION('',(0.,0.,1.));
#2731 = ADVANCED_FACE('',(#2732),#2748,.F.);
#2732 = FACE_BOUND('',#2733,.F.);
#2733 = EDGE_LOOP('',(#2734,#2735,#2741,#2742));
#2734 = ORIENTED_EDGE('',*,*,#1087,.F.);
#2735 = ORIENTED_EDGE('',*,*,#2736,.F.);
#2736 = EDGE_CURVE('',#396,#1088,#2737,.T.);
#2737 = LINE('',#2738,#2739);
#2738 = CARTESIAN_POINT('',(53.012142642814,37.5,21.55));
#2739 = VECTOR('',#2740,1.);
#2740 = DIRECTION('',(0.,0.,1.));
#2741 = ORIENTED_EDGE('',*,*,#395,.T.);
#2742 = ORIENTED_EDGE('',*,*,#2743,.T.);
#2743 = EDGE_CURVE('',#398,#1090,#2744,.T.);
#2744 = LINE('',#2745,#2746);
#2745 = CARTESIAN_POINT('',(52.424722218412,39.3,21.55));
#2746 = VECTOR('',#2747,1.);
#2747 = DIRECTION('',(0.,0.,1.));
#2748 = CYLINDRICAL_SURFACE('',#2749,11.);
#2749 = AXIS2_PLACEMENT_3D('',#2750,#2751,#2752);
#2750 = CARTESIAN_POINT('',(42.3,35.,21.55));
#2751 = DIRECTION('',(0.,0.,1.));
#2752 = DIRECTION('',(1.,0.,-0.));
#2753 = ADVANCED_FACE('',(#2754),#2765,.F.);
#2754 = FACE_BOUND('',#2755,.F.);
#2755 = EDGE_LOOP('',(#2756,#2757,#2763,#2764));
#2756 = ORIENTED_EDGE('',*,*,#423,.T.);
#2757 = ORIENTED_EDGE('',*,*,#2758,.T.);
#2758 = EDGE_CURVE('',#415,#1107,#2759,.T.);
#2759 = LINE('',#2760,#2761);
#2760 = CARTESIAN_POINT('',(32.175277781588,39.3,21.55));
#2761 = VECTOR('',#2762,1.);
#2762 = DIRECTION('',(0.,0.,1.));
#2763 = ORIENTED_EDGE('',*,*,#1115,.F.);
#2764 = ORIENTED_EDGE('',*,*,#2743,.F.);
#2765 = PLANE('',#2766);
#2766 = AXIS2_PLACEMENT_3D('',#2767,#2768,#2769);
#2767 = CARTESIAN_POINT('',(31.3,39.3,21.55));
#2768 = DIRECTION('',(-0.,1.,0.));
#2769 = DIRECTION('',(0.,0.,1.));
#2770 = ADVANCED_FACE('',(#2771),#2782,.F.);
#2771 = FACE_BOUND('',#2772,.F.);
#2772 = EDGE_LOOP('',(#2773,#2774,#2775,#2776));
#2773 = ORIENTED_EDGE('',*,*,#1106,.F.);
#2774 = ORIENTED_EDGE('',*,*,#2758,.F.);
#2775 = ORIENTED_EDGE('',*,*,#414,.T.);
#2776 = ORIENTED_EDGE('',*,*,#2777,.T.);
#2777 = EDGE_CURVE('',#407,#1099,#2778,.T.);
#2778 = LINE('',#2779,#2780);
#2779 = CARTESIAN_POINT('',(31.587857357186,37.5,21.55));
#2780 = VECTOR('',#2781,1.);
#2781 = DIRECTION('',(0.,0.,1.));
#2782 = CYLINDRICAL_SURFACE('',#2783,11.);
#2783 = AXIS2_PLACEMENT_3D('',#2784,#2785,#2786);
#2784 = CARTESIAN_POINT('',(42.3,35.,21.55));
#2785 = DIRECTION('',(0.,0.,1.));
#2786 = DIRECTION('',(1.,0.,-0.));
#2787 = ADVANCED_FACE('',(#2788),#2794,.T.);
#2788 = FACE_BOUND('',#2789,.T.);
#2789 = EDGE_LOOP('',(#2790,#2791,#2792,#2793));
#2790 = ORIENTED_EDGE('',*,*,#406,.T.);
#2791 = ORIENTED_EDGE('',*,*,#2777,.T.);
#2792 = ORIENTED_EDGE('',*,*,#1098,.F.);
#2793 = ORIENTED_EDGE('',*,*,#2736,.F.);
#2794 = PLANE('',#2795);
#2795 = AXIS2_PLACEMENT_3D('',#2796,#2797,#2798);
#2796 = CARTESIAN_POINT('',(31.3,37.5,21.55));
#2797 = DIRECTION('',(-0.,1.,0.));
#2798 = DIRECTION('',(0.,0.,1.));
#2799 = ADVANCED_FACE('',(#2800),#2816,.F.);
#2800 = FACE_BOUND('',#2801,.F.);
#2801 = EDGE_LOOP('',(#2802,#2803,#2809,#2810));
#2802 = ORIENTED_EDGE('',*,*,#1123,.F.);
#2803 = ORIENTED_EDGE('',*,*,#2804,.F.);
#2804 = EDGE_CURVE('',#432,#1124,#2805,.T.);
#2805 = LINE('',#2806,#2807);
#2806 = CARTESIAN_POINT('',(51.646657156438,40.8,21.55));
#2807 = VECTOR('',#2808,1.);
#2808 = DIRECTION('',(0.,0.,1.));
#2809 = ORIENTED_EDGE('',*,*,#431,.T.);
#2810 = ORIENTED_EDGE('',*,*,#2811,.T.);
#2811 = EDGE_CURVE('',#434,#1126,#2812,.T.);
#2812 = LINE('',#2813,#2814);
#2813 = CARTESIAN_POINT('',(50.252358140828,42.6,21.55));
#2814 = VECTOR('',#2815,1.);
#2815 = DIRECTION('',(0.,0.,1.));
#2816 = CYLINDRICAL_SURFACE('',#2817,11.);
#2817 = AXIS2_PLACEMENT_3D('',#2818,#2819,#2820);
#2818 = CARTESIAN_POINT('',(42.3,35.,21.55));
#2819 = DIRECTION('',(0.,0.,1.));
#2820 = DIRECTION('',(1.,0.,-0.));
#2821 = ADVANCED_FACE('',(#2822),#2833,.F.);
#2822 = FACE_BOUND('',#2823,.F.);
#2823 = EDGE_LOOP('',(#2824,#2825,#2831,#2832));
#2824 = ORIENTED_EDGE('',*,*,#459,.T.);
#2825 = ORIENTED_EDGE('',*,*,#2826,.T.);
#2826 = EDGE_CURVE('',#451,#1143,#2827,.T.);
#2827 = LINE('',#2828,#2829);
#2828 = CARTESIAN_POINT('',(34.347641859172,42.6,21.55));
#2829 = VECTOR('',#2830,1.);
#2830 = DIRECTION('',(0.,0.,1.));
#2831 = ORIENTED_EDGE('',*,*,#1151,.F.);
#2832 = ORIENTED_EDGE('',*,*,#2811,.F.);
#2833 = PLANE('',#2834);
#2834 = AXIS2_PLACEMENT_3D('',#2835,#2836,#2837);
#2835 = CARTESIAN_POINT('',(31.3,42.6,21.55));
#2836 = DIRECTION('',(-0.,1.,0.));
#2837 = DIRECTION('',(0.,0.,1.));
#2838 = ADVANCED_FACE('',(#2839),#2850,.F.);
#2839 = FACE_BOUND('',#2840,.F.);
#2840 = EDGE_LOOP('',(#2841,#2842,#2843,#2844));
#2841 = ORIENTED_EDGE('',*,*,#1142,.F.);
#2842 = ORIENTED_EDGE('',*,*,#2826,.F.);
#2843 = ORIENTED_EDGE('',*,*,#450,.T.);
#2844 = ORIENTED_EDGE('',*,*,#2845,.T.);
#2845 = EDGE_CURVE('',#443,#1135,#2846,.T.);
#2846 = LINE('',#2847,#2848);
#2847 = CARTESIAN_POINT('',(32.953342843562,40.8,21.55));
#2848 = VECTOR('',#2849,1.);
#2849 = DIRECTION('',(0.,0.,1.));
#2850 = CYLINDRICAL_SURFACE('',#2851,11.);
#2851 = AXIS2_PLACEMENT_3D('',#2852,#2853,#2854);
#2852 = CARTESIAN_POINT('',(42.3,35.,21.55));
#2853 = DIRECTION('',(0.,0.,1.));
#2854 = DIRECTION('',(1.,0.,-0.));
#2855 = ADVANCED_FACE('',(#2856),#2862,.T.);
#2856 = FACE_BOUND('',#2857,.T.);
#2857 = EDGE_LOOP('',(#2858,#2859,#2860,#2861));
#2858 = ORIENTED_EDGE('',*,*,#442,.T.);
#2859 = ORIENTED_EDGE('',*,*,#2845,.T.);
#2860 = ORIENTED_EDGE('',*,*,#1134,.F.);
#2861 = ORIENTED_EDGE('',*,*,#2804,.F.);
#2862 = PLANE('',#2863);
#2863 = AXIS2_PLACEMENT_3D('',#2864,#2865,#2866);
#2864 = CARTESIAN_POINT('',(31.3,40.8,21.55));
#2865 = DIRECTION('',(-0.,1.,0.));
#2866 = DIRECTION('',(0.,0.,1.));
#2867 = ADVANCED_FACE('',(#2868),#2884,.F.);
#2868 = FACE_BOUND('',#2869,.F.);
#2869 = EDGE_LOOP('',(#2870,#2871,#2877,#2878));
#2870 = ORIENTED_EDGE('',*,*,#1159,.F.);
#2871 = ORIENTED_EDGE('',*,*,#2872,.F.);
#2872 = EDGE_CURVE('',#468,#1160,#2873,.T.);
#2873 = LINE('',#2874,#2875);
#2874 = CARTESIAN_POINT('',(48.479805822192,44.1,21.55));
#2875 = VECTOR('',#2876,1.);
#2876 = DIRECTION('',(0.,0.,1.));
#2877 = ORIENTED_EDGE('',*,*,#467,.T.);
#2878 = ORIENTED_EDGE('',*,*,#2879,.T.);
#2879 = EDGE_CURVE('',#470,#1162,#2880,.T.);
#2880 = LINE('',#2881,#2882);
#2881 = CARTESIAN_POINT('',(43.779864858695,45.9,21.55));
#2882 = VECTOR('',#2883,1.);
#2883 = DIRECTION('',(0.,0.,1.));
#2884 = CYLINDRICAL_SURFACE('',#2885,11.);
#2885 = AXIS2_PLACEMENT_3D('',#2886,#2887,#2888);
#2886 = CARTESIAN_POINT('',(42.3,35.,21.55));
#2887 = DIRECTION('',(0.,0.,1.));
#2888 = DIRECTION('',(1.,0.,-0.));
#2889 = ADVANCED_FACE('',(#2890),#2901,.F.);
#2890 = FACE_BOUND('',#2891,.F.);
#2891 = EDGE_LOOP('',(#2892,#2893,#2899,#2900));
#2892 = ORIENTED_EDGE('',*,*,#495,.T.);
#2893 = ORIENTED_EDGE('',*,*,#2894,.T.);
#2894 = EDGE_CURVE('',#487,#1179,#2895,.T.);
#2895 = LINE('',#2896,#2897);
#2896 = CARTESIAN_POINT('',(40.820135141305,45.9,21.55));
#2897 = VECTOR('',#2898,1.);
#2898 = DIRECTION('',(0.,0.,1.));
#2899 = ORIENTED_EDGE('',*,*,#1187,.F.);
#2900 = ORIENTED_EDGE('',*,*,#2879,.F.);
#2901 = PLANE('',#2902);
#2902 = AXIS2_PLACEMENT_3D('',#2903,#2904,#2905);
#2903 = CARTESIAN_POINT('',(31.3,45.9,21.55));
#2904 = DIRECTION('',(-0.,1.,0.));
#2905 = DIRECTION('',(0.,0.,1.));
#2906 = ADVANCED_FACE('',(#2907),#2918,.F.);
#2907 = FACE_BOUND('',#2908,.F.);
#2908 = EDGE_LOOP('',(#2909,#2910,#2911,#2912));
#2909 = ORIENTED_EDGE('',*,*,#1178,.F.);
#2910 = ORIENTED_EDGE('',*,*,#2894,.F.);
#2911 = ORIENTED_EDGE('',*,*,#486,.T.);
#2912 = ORIENTED_EDGE('',*,*,#2913,.T.);
#2913 = EDGE_CURVE('',#479,#1171,#2914,.T.);
#2914 = LINE('',#2915,#2916);
#2915 = CARTESIAN_POINT('',(36.120194177808,44.1,21.55));
#2916 = VECTOR('',#2917,1.);
#2917 = DIRECTION('',(0.,0.,1.));
#2918 = CYLINDRICAL_SURFACE('',#2919,11.);
#2919 = AXIS2_PLACEMENT_3D('',#2920,#2921,#2922);
#2920 = CARTESIAN_POINT('',(42.3,35.,21.55));
#2921 = DIRECTION('',(0.,0.,1.));
#2922 = DIRECTION('',(1.,0.,-0.));
#2923 = ADVANCED_FACE('',(#2924),#2930,.T.);
#2924 = FACE_BOUND('',#2925,.T.);
#2925 = EDGE_LOOP('',(#2926,#2927,#2928,#2929));
#2926 = ORIENTED_EDGE('',*,*,#478,.T.);
#2927 = ORIENTED_EDGE('',*,*,#2913,.T.);
#2928 = ORIENTED_EDGE('',*,*,#1170,.F.);
#2929 = ORIENTED_EDGE('',*,*,#2872,.F.);
#2930 = PLANE('',#2931);
#2931 = AXIS2_PLACEMENT_3D('',#2932,#2933,#2934);
#2932 = CARTESIAN_POINT('',(31.3,44.1,21.55));
#2933 = DIRECTION('',(-0.,1.,0.));
#2934 = DIRECTION('',(0.,0.,1.));
#2935 = ADVANCED_FACE('',(#2936),#2955,.T.);
#2936 = FACE_BOUND('',#2937,.T.);
#2937 = EDGE_LOOP('',(#2938,#2939,#2947,#2954));
#2938 = ORIENTED_EDGE('',*,*,#503,.F.);
#2939 = ORIENTED_EDGE('',*,*,#2940,.F.);
#2940 = EDGE_CURVE('',#2941,#504,#2943,.T.);
#2941 = VERTEX_POINT('',#2942);
#2942 = CARTESIAN_POINT('',(5.9,52.5,1.31));
#2943 = LINE('',#2944,#2945);
#2944 = CARTESIAN_POINT('',(5.9,52.5,1.31));
#2945 = VECTOR('',#2946,1.);
#2946 = DIRECTION('',(0.,0.,1.));
#2947 = ORIENTED_EDGE('',*,*,#2948,.T.);
#2948 = EDGE_CURVE('',#2941,#2941,#2949,.T.);
#2949 = CIRCLE('',#2950,2.4);
#2950 = AXIS2_PLACEMENT_3D('',#2951,#2952,#2953);
#2951 = CARTESIAN_POINT('',(3.5,52.5,1.31));
#2952 = DIRECTION('',(0.,0.,1.));
#2953 = DIRECTION('',(1.,0.,-0.));
#2954 = ORIENTED_EDGE('',*,*,#2940,.T.);
#2955 = CYLINDRICAL_SURFACE('',#2956,2.4);
#2956 = AXIS2_PLACEMENT_3D('',#2957,#2958,#2959);
#2957 = CARTESIAN_POINT('',(3.5,52.5,1.31));
#2958 = DIRECTION('',(0.,0.,1.));
#2959 = DIRECTION('',(1.,0.,-0.));
#2960 = ADVANCED_FACE('',(#2961),#2987,.T.);
#2961 = FACE_BOUND('',#2962,.T.);
#2962 = EDGE_LOOP('',(#2963,#2971,#2980,#2986));
#2963 = ORIENTED_EDGE('',*,*,#2964,.F.);
#2964 = EDGE_CURVE('',#2965,#515,#2967,.T.);
#2965 = VERTEX_POINT('',#2966);
#2966 = CARTESIAN_POINT('',(-0.75,-2.22044604925E-16,19.15));
#2967 = LINE('',#2968,#2969);
#2968 = CARTESIAN_POINT('',(-0.75,-2.22044604925E-16,19.15));
#2969 = VECTOR('',#2970,1.);
#2970 = DIRECTION('',(0.,0.,1.));
#2971 = ORIENTED_EDGE('',*,*,#2972,.T.);
#2972 = EDGE_CURVE('',#2965,#2973,#2975,.T.);
#2973 = VERTEX_POINT('',#2974);
#2974 = CARTESIAN_POINT('',(1.,-1.75,19.15));
#2975 = CIRCLE('',#2976,1.75);
#2976 = AXIS2_PLACEMENT_3D('',#2977,#2978,#2979);
#2977 = CARTESIAN_POINT('',(1.,-2.22044604925E-16,19.15));
#2978 = DIRECTION('',(0.,0.,1.));
#2979 = DIRECTION('',(0.,-1.,0.));
#2980 = ORIENTED_EDGE('',*,*,#2981,.T.);
#2981 = EDGE_CURVE('',#2973,#517,#2982,.T.);
#2982 = LINE('',#2983,#2984);
#2983 = CARTESIAN_POINT('',(1.,-1.75,19.15));
#2984 = VECTOR('',#2985,1.);
#2985 = DIRECTION('',(0.,0.,1.));
#2986 = ORIENTED_EDGE('',*,*,#514,.F.);
#2987 = CYLINDRICAL_SURFACE('',#2988,1.75);
#2988 = AXIS2_PLACEMENT_3D('',#2989,#2990,#2991);
#2989 = CARTESIAN_POINT('',(1.,-2.22044604925E-16,19.15));
#2990 = DIRECTION('',(0.,0.,1.));
#2991 = DIRECTION('',(-1.,-0.,0.));
#2992 = ADVANCED_FACE('',(#2993),#3011,.F.);
#2993 = FACE_BOUND('',#2994,.F.);
#2994 = EDGE_LOOP('',(#2995,#2996,#2997,#3005));
#2995 = ORIENTED_EDGE('',*,*,#525,.F.);
#2996 = ORIENTED_EDGE('',*,*,#2964,.F.);
#2997 = ORIENTED_EDGE('',*,*,#2998,.T.);
#2998 = EDGE_CURVE('',#2965,#2999,#3001,.T.);
#2999 = VERTEX_POINT('',#3000);
#3000 = CARTESIAN_POINT('',(-0.75,61.5,19.15));
#3001 = LINE('',#3002,#3003);
#3002 = CARTESIAN_POINT('',(-0.75,-1.75,19.15));
#3003 = VECTOR('',#3004,1.);
#3004 = DIRECTION('',(-0.,1.,0.));
#3005 = ORIENTED_EDGE('',*,*,#3006,.T.);
#3006 = EDGE_CURVE('',#2999,#526,#3007,.T.);
#3007 = LINE('',#3008,#3009);
#3008 = CARTESIAN_POINT('',(-0.75,61.5,19.15));
#3009 = VECTOR('',#3010,1.);
#3010 = DIRECTION('',(0.,0.,1.));
#3011 = PLANE('',#3012);
#3012 = AXIS2_PLACEMENT_3D('',#3013,#3014,#3015);
#3013 = CARTESIAN_POINT('',(-0.75,-1.75,19.15));
#3014 = DIRECTION('',(1.,0.,-0.));
#3015 = DIRECTION('',(0.,0.,1.));
#3016 = ADVANCED_FACE('',(#3017),#3035,.F.);
#3017 = FACE_BOUND('',#3018,.F.);
#3018 = EDGE_LOOP('',(#3019,#3027,#3028,#3029));
#3019 = ORIENTED_EDGE('',*,*,#3020,.F.);
#3020 = EDGE_CURVE('',#2973,#3021,#3023,.T.);
#3021 = VERTEX_POINT('',#3022);
#3022 = CARTESIAN_POINT('',(84.,-1.75,19.15));
#3023 = LINE('',#3024,#3025);
#3024 = CARTESIAN_POINT('',(-0.75,-1.75,19.15));
#3025 = VECTOR('',#3026,1.);
#3026 = DIRECTION('',(1.,0.,-0.));
#3027 = ORIENTED_EDGE('',*,*,#2981,.T.);
#3028 = ORIENTED_EDGE('',*,*,#728,.F.);
#3029 = ORIENTED_EDGE('',*,*,#3030,.F.);
#3030 = EDGE_CURVE('',#3021,#720,#3031,.T.);
#3031 = LINE('',#3032,#3033);
#3032 = CARTESIAN_POINT('',(84.,-1.75,19.15));
#3033 = VECTOR('',#3034,1.);
#3034 = DIRECTION('',(0.,0.,1.));
#3035 = PLANE('',#3036);
#3036 = AXIS2_PLACEMENT_3D('',#3037,#3038,#3039);
#3037 = CARTESIAN_POINT('',(-0.75,-1.75,19.15));
#3038 = DIRECTION('',(-0.,1.,0.));
#3039 = DIRECTION('',(0.,0.,1.));
#3040 = ADVANCED_FACE('',(#3041),#3060,.T.);
#3041 = FACE_BOUND('',#3042,.F.);
#3042 = EDGE_LOOP('',(#3043,#3044,#3053,#3059));
#3043 = ORIENTED_EDGE('',*,*,#3006,.F.);
#3044 = ORIENTED_EDGE('',*,*,#3045,.T.);
#3045 = EDGE_CURVE('',#2999,#3046,#3048,.T.);
#3046 = VERTEX_POINT('',#3047);
#3047 = CARTESIAN_POINT('',(1.,63.25,19.15));
#3048 = CIRCLE('',#3049,1.75);
#3049 = AXIS2_PLACEMENT_3D('',#3050,#3051,#3052);
#3050 = CARTESIAN_POINT('',(1.,61.5,19.15));
#3051 = DIRECTION('',(-0.,-0.,-1.));
#3052 = DIRECTION('',(0.,-1.,0.));
#3053 = ORIENTED_EDGE('',*,*,#3054,.T.);
#3054 = EDGE_CURVE('',#3046,#534,#3055,.T.);
#3055 = LINE('',#3056,#3057);
#3056 = CARTESIAN_POINT('',(1.,63.25,19.15));
#3057 = VECTOR('',#3058,1.);
#3058 = DIRECTION('',(0.,0.,1.));
#3059 = ORIENTED_EDGE('',*,*,#533,.T.);
#3060 = CYLINDRICAL_SURFACE('',#3061,1.75);
#3061 = AXIS2_PLACEMENT_3D('',#3062,#3063,#3064);
#3062 = CARTESIAN_POINT('',(1.,61.5,19.15));
#3063 = DIRECTION('',(0.,0.,1.));
#3064 = DIRECTION('',(-1.,-0.,0.));
#3065 = ADVANCED_FACE('',(#3066),#3085,.T.);
#3066 = FACE_BOUND('',#3067,.F.);
#3067 = EDGE_LOOP('',(#3068,#3076,#3083,#3084));
#3068 = ORIENTED_EDGE('',*,*,#3069,.F.);
#3069 = EDGE_CURVE('',#3070,#712,#3072,.T.);
#3070 = VERTEX_POINT('',#3071);
#3071 = CARTESIAN_POINT('',(85.75,-2.22044604925E-16,19.15));
#3072 = LINE('',#3073,#3074);
#3073 = CARTESIAN_POINT('',(85.75,-2.22044604925E-16,19.15));
#3074 = VECTOR('',#3075,1.);
#3075 = DIRECTION('',(0.,0.,1.));
#3076 = ORIENTED_EDGE('',*,*,#3077,.T.);
#3077 = EDGE_CURVE('',#3070,#3021,#3078,.T.);
#3078 = CIRCLE('',#3079,1.75);
#3079 = AXIS2_PLACEMENT_3D('',#3080,#3081,#3082);
#3080 = CARTESIAN_POINT('',(84.,-2.22044604925E-16,19.15));
#3081 = DIRECTION('',(-0.,-0.,-1.));
#3082 = DIRECTION('',(0.,-1.,0.));
#3083 = ORIENTED_EDGE('',*,*,#3030,.T.);
#3084 = ORIENTED_EDGE('',*,*,#719,.T.);
#3085 = CYLINDRICAL_SURFACE('',#3086,1.75);
#3086 = AXIS2_PLACEMENT_3D('',#3087,#3088,#3089);
#3087 = CARTESIAN_POINT('',(84.,-2.22044604925E-16,19.15));
#3088 = DIRECTION('',(0.,0.,1.));
#3089 = DIRECTION('',(1.,0.,-0.));
#3090 = ADVANCED_FACE('',(#3091),#3109,.T.);
#3091 = FACE_BOUND('',#3092,.T.);
#3092 = EDGE_LOOP('',(#3093,#3101,#3102,#3103));
#3093 = ORIENTED_EDGE('',*,*,#3094,.F.);
#3094 = EDGE_CURVE('',#3046,#3095,#3097,.T.);
#3095 = VERTEX_POINT('',#3096);
#3096 = CARTESIAN_POINT('',(34.5,63.25,19.15));
#3097 = LINE('',#3098,#3099);
#3098 = CARTESIAN_POINT('',(-0.75,63.25,19.15));
#3099 = VECTOR('',#3100,1.);
#3100 = DIRECTION('',(1.,0.,-0.));
#3101 = ORIENTED_EDGE('',*,*,#3054,.T.);
#3102 = ORIENTED_EDGE('',*,*,#542,.F.);
#3103 = ORIENTED_EDGE('',*,*,#3104,.T.);
#3104 = EDGE_CURVE('',#543,#3095,#3105,.T.);
#3105 = LINE('',#3106,#3107);
#3106 = CARTESIAN_POINT('',(34.5,63.25,18.65));
#3107 = VECTOR('',#3108,1.);
#3108 = DIRECTION('',(-0.,0.,-1.));
#3109 = PLANE('',#3110);
#3110 = AXIS2_PLACEMENT_3D('',#3111,#3112,#3113);
#3111 = CARTESIAN_POINT('',(-0.75,63.25,19.15));
#3112 = DIRECTION('',(-0.,1.,0.));
#3113 = DIRECTION('',(0.,0.,1.));
#3114 = ADVANCED_FACE('',(#3115),#3133,.T.);
#3115 = FACE_BOUND('',#3116,.T.);
#3116 = EDGE_LOOP('',(#3117,#3118,#3119,#3127));
#3117 = ORIENTED_EDGE('',*,*,#711,.F.);
#3118 = ORIENTED_EDGE('',*,*,#3069,.F.);
#3119 = ORIENTED_EDGE('',*,*,#3120,.T.);
#3120 = EDGE_CURVE('',#3070,#3121,#3123,.T.);
#3121 = VERTEX_POINT('',#3122);
#3122 = CARTESIAN_POINT('',(85.75,61.5,19.15));
#3123 = LINE('',#3124,#3125);
#3124 = CARTESIAN_POINT('',(85.75,-1.75,19.15));
#3125 = VECTOR('',#3126,1.);
#3126 = DIRECTION('',(-0.,1.,0.));
#3127 = ORIENTED_EDGE('',*,*,#3128,.T.);
#3128 = EDGE_CURVE('',#3121,#703,#3129,.T.);
#3129 = LINE('',#3130,#3131);
#3130 = CARTESIAN_POINT('',(85.75,61.5,19.15));
#3131 = VECTOR('',#3132,1.);
#3132 = DIRECTION('',(0.,0.,1.));
#3133 = PLANE('',#3134);
#3134 = AXIS2_PLACEMENT_3D('',#3135,#3136,#3137);
#3135 = CARTESIAN_POINT('',(85.75,-1.75,19.15));
#3136 = DIRECTION('',(1.,0.,-0.));
#3137 = DIRECTION('',(0.,0.,1.));
#3138 = ADVANCED_FACE('',(#3139),#3157,.T.);
#3139 = FACE_BOUND('',#3140,.T.);
#3140 = EDGE_LOOP('',(#3141,#3142,#3150,#3156));
#3141 = ORIENTED_EDGE('',*,*,#550,.F.);
#3142 = ORIENTED_EDGE('',*,*,#3143,.T.);
#3143 = EDGE_CURVE('',#551,#3144,#3146,.T.);
#3144 = VERTEX_POINT('',#3145);
#3145 = CARTESIAN_POINT('',(34.5,62.05,19.15));
#3146 = LINE('',#3147,#3148);
#3147 = CARTESIAN_POINT('',(34.5,62.05,18.15));
#3148 = VECTOR('',#3149,1.);
#3149 = DIRECTION('',(-0.,0.,-1.));
#3150 = ORIENTED_EDGE('',*,*,#3151,.T.);
#3151 = EDGE_CURVE('',#3144,#3095,#3152,.T.);
#3152 = LINE('',#3153,#3154);
#3153 = CARTESIAN_POINT('',(34.5,24.125,19.15));
#3154 = VECTOR('',#3155,1.);
#3155 = DIRECTION('',(-0.,1.,0.));
#3156 = ORIENTED_EDGE('',*,*,#3104,.F.);
#3157 = PLANE('',#3158);
#3158 = AXIS2_PLACEMENT_3D('',#3159,#3160,#3161);
#3159 = CARTESIAN_POINT('',(34.5,50.,18.15));
#3160 = DIRECTION('',(1.,0.,-0.));
#3161 = DIRECTION('',(0.,0.,1.));
#3162 = ADVANCED_FACE('',(#3163),#3182,.T.);
#3163 = FACE_BOUND('',#3164,.T.);
#3164 = EDGE_LOOP('',(#3165,#3166,#3175,#3181));
#3165 = ORIENTED_EDGE('',*,*,#3128,.F.);
#3166 = ORIENTED_EDGE('',*,*,#3167,.T.);
#3167 = EDGE_CURVE('',#3121,#3168,#3170,.T.);
#3168 = VERTEX_POINT('',#3169);
#3169 = CARTESIAN_POINT('',(84.,63.25,19.15));
#3170 = CIRCLE('',#3171,1.75);
#3171 = AXIS2_PLACEMENT_3D('',#3172,#3173,#3174);
#3172 = CARTESIAN_POINT('',(84.,61.5,19.15));
#3173 = DIRECTION('',(0.,0.,1.));
#3174 = DIRECTION('',(0.,-1.,0.));
#3175 = ORIENTED_EDGE('',*,*,#3176,.T.);
#3176 = EDGE_CURVE('',#3168,#695,#3177,.T.);
#3177 = LINE('',#3178,#3179);
#3178 = CARTESIAN_POINT('',(84.,63.25,19.15));
#3179 = VECTOR('',#3180,1.);
#3180 = DIRECTION('',(0.,0.,1.));
#3181 = ORIENTED_EDGE('',*,*,#702,.F.);
#3182 = CYLINDRICAL_SURFACE('',#3183,1.75);
#3183 = AXIS2_PLACEMENT_3D('',#3184,#3185,#3186);
#3184 = CARTESIAN_POINT('',(84.,61.5,19.15));
#3185 = DIRECTION('',(0.,0.,1.));
#3186 = DIRECTION('',(1.,0.,-0.));
#3187 = ADVANCED_FACE('',(#3188),#3206,.F.);
#3188 = FACE_BOUND('',#3189,.F.);
#3189 = EDGE_LOOP('',(#3190,#3191,#3192,#3200));
#3190 = ORIENTED_EDGE('',*,*,#558,.F.);
#3191 = ORIENTED_EDGE('',*,*,#3143,.T.);
#3192 = ORIENTED_EDGE('',*,*,#3193,.T.);
#3193 = EDGE_CURVE('',#3144,#3194,#3196,.T.);
#3194 = VERTEX_POINT('',#3195);
#3195 = CARTESIAN_POINT('',(1.,62.05,19.15));
#3196 = LINE('',#3197,#3198);
#3197 = CARTESIAN_POINT('',(-0.15,62.05,19.15));
#3198 = VECTOR('',#3199,1.);
#3199 = DIRECTION('',(-1.,-0.,0.));
#3200 = ORIENTED_EDGE('',*,*,#3201,.T.);
#3201 = EDGE_CURVE('',#3194,#559,#3202,.T.);
#3202 = LINE('',#3203,#3204);
#3203 = CARTESIAN_POINT('',(1.,62.05,18.15));
#3204 = VECTOR('',#3205,1.);
#3205 = DIRECTION('',(0.,0.,1.));
#3206 = PLANE('',#3207);
#3207 = AXIS2_PLACEMENT_3D('',#3208,#3209,#3210);
#3208 = CARTESIAN_POINT('',(0.45,62.05,18.15));
#3209 = DIRECTION('',(-0.,1.,0.));
#3210 = DIRECTION('',(0.,0.,1.));
#3211 = ADVANCED_FACE('',(#3212),#3230,.T.);
#3212 = FACE_BOUND('',#3213,.T.);
#3213 = EDGE_LOOP('',(#3214,#3222,#3228,#3229));
#3214 = ORIENTED_EDGE('',*,*,#3215,.F.);
#3215 = EDGE_CURVE('',#3216,#3168,#3218,.T.);
#3216 = VERTEX_POINT('',#3217);
#3217 = CARTESIAN_POINT('',(50.5,63.25,19.15));
#3218 = LINE('',#3219,#3220);
#3219 = CARTESIAN_POINT('',(-0.75,63.25,19.15));
#3220 = VECTOR('',#3221,1.);
#3221 = DIRECTION('',(1.,0.,-0.));
#3222 = ORIENTED_EDGE('',*,*,#3223,.F.);
#3223 = EDGE_CURVE('',#687,#3216,#3224,.T.);
#3224 = LINE('',#3225,#3226);
#3225 = CARTESIAN_POINT('',(50.5,63.25,18.65));
#3226 = VECTOR('',#3227,1.);
#3227 = DIRECTION('',(-0.,0.,-1.));
#3228 = ORIENTED_EDGE('',*,*,#694,.F.);
#3229 = ORIENTED_EDGE('',*,*,#3176,.F.);
#3230 = PLANE('',#3231);
#3231 = AXIS2_PLACEMENT_3D('',#3232,#3233,#3234);
#3232 = CARTESIAN_POINT('',(-0.75,63.25,19.15));
#3233 = DIRECTION('',(-0.,1.,0.));
#3234 = DIRECTION('',(0.,0.,1.));
#3235 = ADVANCED_FACE('',(#3236),#3255,.F.);
#3236 = FACE_BOUND('',#3237,.T.);
#3237 = EDGE_LOOP('',(#3238,#3246,#3253,#3254));
#3238 = ORIENTED_EDGE('',*,*,#3239,.F.);
#3239 = EDGE_CURVE('',#3240,#567,#3242,.T.);
#3240 = VERTEX_POINT('',#3241);
#3241 = CARTESIAN_POINT('',(0.45,61.5,19.15));
#3242 = LINE('',#3243,#3244);
#3243 = CARTESIAN_POINT('',(0.45,61.5,18.15));
#3244 = VECTOR('',#3245,1.);
#3245 = DIRECTION('',(0.,0.,1.));
#3246 = ORIENTED_EDGE('',*,*,#3247,.F.);
#3247 = EDGE_CURVE('',#3194,#3240,#3248,.T.);
#3248 = CIRCLE('',#3249,0.55);
#3249 = AXIS2_PLACEMENT_3D('',#3250,#3251,#3252);
#3250 = CARTESIAN_POINT('',(1.,61.5,19.15));
#3251 = DIRECTION('',(0.,0.,1.));
#3252 = DIRECTION('',(-1.,-0.,0.));
#3253 = ORIENTED_EDGE('',*,*,#3201,.T.);
#3254 = ORIENTED_EDGE('',*,*,#566,.T.);
#3255 = CYLINDRICAL_SURFACE('',#3256,0.55);
#3256 = AXIS2_PLACEMENT_3D('',#3257,#3258,#3259);
#3257 = CARTESIAN_POINT('',(1.,61.5,18.15));
#3258 = DIRECTION('',(0.,0.,1.));
#3259 = DIRECTION('',(-1.,-0.,0.));
#3260 = ADVANCED_FACE('',(#3261),#3279,.F.);
#3261 = FACE_BOUND('',#3262,.F.);
#3262 = EDGE_LOOP('',(#3263,#3264,#3272,#3278));
#3263 = ORIENTED_EDGE('',*,*,#686,.F.);
#3264 = ORIENTED_EDGE('',*,*,#3265,.T.);
#3265 = EDGE_CURVE('',#679,#3266,#3268,.T.);
#3266 = VERTEX_POINT('',#3267);
#3267 = CARTESIAN_POINT('',(50.5,62.05,19.15));
#3268 = LINE('',#3269,#3270);
#3269 = CARTESIAN_POINT('',(50.5,62.05,18.15));
#3270 = VECTOR('',#3271,1.);
#3271 = DIRECTION('',(-0.,0.,-1.));
#3272 = ORIENTED_EDGE('',*,*,#3273,.T.);
#3273 = EDGE_CURVE('',#3266,#3216,#3274,.T.);
#3274 = LINE('',#3275,#3276);
#3275 = CARTESIAN_POINT('',(50.5,24.125,19.15));
#3276 = VECTOR('',#3277,1.);
#3277 = DIRECTION('',(-0.,1.,0.));
#3278 = ORIENTED_EDGE('',*,*,#3223,.F.);
#3279 = PLANE('',#3280);
#3280 = AXIS2_PLACEMENT_3D('',#3281,#3282,#3283);
#3281 = CARTESIAN_POINT('',(50.5,50.,18.15));
#3282 = DIRECTION('',(1.,0.,-0.));
#3283 = DIRECTION('',(0.,0.,1.));
#3284 = ADVANCED_FACE('',(#3285),#3303,.T.);
#3285 = FACE_BOUND('',#3286,.T.);
#3286 = EDGE_LOOP('',(#3287,#3288,#3296,#3302));
#3287 = ORIENTED_EDGE('',*,*,#575,.F.);
#3288 = ORIENTED_EDGE('',*,*,#3289,.F.);
#3289 = EDGE_CURVE('',#3290,#576,#3292,.T.);
#3290 = VERTEX_POINT('',#3291);
#3291 = CARTESIAN_POINT('',(0.45,-1.110223024625E-16,19.15));
#3292 = LINE('',#3293,#3294);
#3293 = CARTESIAN_POINT('',(0.45,-1.110223024625E-16,18.15));
#3294 = VECTOR('',#3295,1.);
#3295 = DIRECTION('',(0.,0.,1.));
#3296 = ORIENTED_EDGE('',*,*,#3297,.T.);
#3297 = EDGE_CURVE('',#3290,#3240,#3298,.T.);
#3298 = LINE('',#3299,#3300);
#3299 = CARTESIAN_POINT('',(0.45,-1.15,19.15));
#3300 = VECTOR('',#3301,1.);
#3301 = DIRECTION('',(-0.,1.,0.));
#3302 = ORIENTED_EDGE('',*,*,#3239,.T.);
#3303 = PLANE('',#3304);
#3304 = AXIS2_PLACEMENT_3D('',#3305,#3306,#3307);
#3305 = CARTESIAN_POINT('',(0.45,-0.55,18.15));
#3306 = DIRECTION('',(1.,0.,-0.));
#3307 = DIRECTION('',(0.,0.,1.));
#3308 = ADVANCED_FACE('',(#3309),#3327,.F.);
#3309 = FACE_BOUND('',#3310,.F.);
#3310 = EDGE_LOOP('',(#3311,#3319,#3325,#3326));
#3311 = ORIENTED_EDGE('',*,*,#3312,.F.);
#3312 = EDGE_CURVE('',#3313,#670,#3315,.T.);
#3313 = VERTEX_POINT('',#3314);
#3314 = CARTESIAN_POINT('',(84.,62.05,19.15));
#3315 = LINE('',#3316,#3317);
#3316 = CARTESIAN_POINT('',(84.,62.05,18.15));
#3317 = VECTOR('',#3318,1.);
#3318 = DIRECTION('',(0.,0.,1.));
#3319 = ORIENTED_EDGE('',*,*,#3320,.T.);
#3320 = EDGE_CURVE('',#3313,#3266,#3321,.T.);
#3321 = LINE('',#3322,#3323);
#3322 = CARTESIAN_POINT('',(-0.15,62.05,19.15));
#3323 = VECTOR('',#3324,1.);
#3324 = DIRECTION('',(-1.,-0.,0.));
#3325 = ORIENTED_EDGE('',*,*,#3265,.F.);
#3326 = ORIENTED_EDGE('',*,*,#678,.F.);
#3327 = PLANE('',#3328);
#3328 = AXIS2_PLACEMENT_3D('',#3329,#3330,#3331);
#3329 = CARTESIAN_POINT('',(0.45,62.05,18.15));
#3330 = DIRECTION('',(-0.,1.,0.));
#3331 = DIRECTION('',(0.,0.,1.));
#3332 = ADVANCED_FACE('',(#3333),#3352,.F.);
#3333 = FACE_BOUND('',#3334,.F.);
#3334 = EDGE_LOOP('',(#3335,#3336,#3345,#3351));
#3335 = ORIENTED_EDGE('',*,*,#3289,.F.);
#3336 = ORIENTED_EDGE('',*,*,#3337,.T.);
#3337 = EDGE_CURVE('',#3290,#3338,#3340,.T.);
#3338 = VERTEX_POINT('',#3339);
#3339 = CARTESIAN_POINT('',(1.,-0.55,19.15));
#3340 = CIRCLE('',#3341,0.55);
#3341 = AXIS2_PLACEMENT_3D('',#3342,#3343,#3344);
#3342 = CARTESIAN_POINT('',(1.,-1.110223024625E-16,19.15));
#3343 = DIRECTION('',(0.,0.,1.));
#3344 = DIRECTION('',(-1.,-0.,0.));
#3345 = ORIENTED_EDGE('',*,*,#3346,.T.);
#3346 = EDGE_CURVE('',#3338,#584,#3347,.T.);
#3347 = LINE('',#3348,#3349);
#3348 = CARTESIAN_POINT('',(1.,-0.55,18.15));
#3349 = VECTOR('',#3350,1.);
#3350 = DIRECTION('',(0.,0.,1.));
#3351 = ORIENTED_EDGE('',*,*,#583,.F.);
#3352 = CYLINDRICAL_SURFACE('',#3353,0.55);
#3353 = AXIS2_PLACEMENT_3D('',#3354,#3355,#3356);
#3354 = CARTESIAN_POINT('',(1.,-1.110223024625E-16,18.15));
#3355 = DIRECTION('',(0.,0.,1.));
#3356 = DIRECTION('',(-1.,-0.,0.));
#3357 = ADVANCED_FACE('',(#3358),#3377,.F.);
#3358 = FACE_BOUND('',#3359,.F.);
#3359 = EDGE_LOOP('',(#3360,#3368,#3375,#3376));
#3360 = ORIENTED_EDGE('',*,*,#3361,.F.);
#3361 = EDGE_CURVE('',#3362,#662,#3364,.T.);
#3362 = VERTEX_POINT('',#3363);
#3363 = CARTESIAN_POINT('',(84.55,61.5,19.15));
#3364 = LINE('',#3365,#3366);
#3365 = CARTESIAN_POINT('',(84.55,61.5,18.15));
#3366 = VECTOR('',#3367,1.);
#3367 = DIRECTION('',(0.,0.,1.));
#3368 = ORIENTED_EDGE('',*,*,#3369,.T.);
#3369 = EDGE_CURVE('',#3362,#3313,#3370,.T.);
#3370 = CIRCLE('',#3371,0.55);
#3371 = AXIS2_PLACEMENT_3D('',#3372,#3373,#3374);
#3372 = CARTESIAN_POINT('',(84.,61.5,19.15));
#3373 = DIRECTION('',(0.,0.,1.));
#3374 = DIRECTION('',(1.,0.,-0.));
#3375 = ORIENTED_EDGE('',*,*,#3312,.T.);
#3376 = ORIENTED_EDGE('',*,*,#669,.F.);
#3377 = CYLINDRICAL_SURFACE('',#3378,0.55);
#3378 = AXIS2_PLACEMENT_3D('',#3379,#3380,#3381);
#3379 = CARTESIAN_POINT('',(84.,61.5,18.15));
#3380 = DIRECTION('',(0.,0.,1.));
#3381 = DIRECTION('',(1.,0.,-0.));
#3382 = ADVANCED_FACE('',(#3383),#3401,.T.);
#3383 = FACE_BOUND('',#3384,.T.);
#3384 = EDGE_LOOP('',(#3385,#3393,#3399,#3400));
#3385 = ORIENTED_EDGE('',*,*,#3386,.F.);
#3386 = EDGE_CURVE('',#3387,#593,#3389,.T.);
#3387 = VERTEX_POINT('',#3388);
#3388 = CARTESIAN_POINT('',(26.991429205786,-0.55,19.15));
#3389 = LINE('',#3390,#3391);
#3390 = CARTESIAN_POINT('',(26.991429205785,-0.55,16.24));
#3391 = VECTOR('',#3392,1.);
#3392 = DIRECTION('',(0.,0.,1.));
#3393 = ORIENTED_EDGE('',*,*,#3394,.T.);
#3394 = EDGE_CURVE('',#3387,#3338,#3395,.T.);
#3395 = LINE('',#3396,#3397);
#3396 = CARTESIAN_POINT('',(-0.15,-0.55,19.15));
#3397 = VECTOR('',#3398,1.);
#3398 = DIRECTION('',(-1.,-0.,0.));
#3399 = ORIENTED_EDGE('',*,*,#3346,.T.);
#3400 = ORIENTED_EDGE('',*,*,#592,.F.);
#3401 = PLANE('',#3402);
#3402 = AXIS2_PLACEMENT_3D('',#3403,#3404,#3405);
#3403 = CARTESIAN_POINT('',(0.45,-0.55,18.15));
#3404 = DIRECTION('',(-0.,1.,0.));
#3405 = DIRECTION('',(0.,0.,1.));
#3406 = ADVANCED_FACE('',(#3407),#3425,.F.);
#3407 = FACE_BOUND('',#3408,.F.);
#3408 = EDGE_LOOP('',(#3409,#3410,#3418,#3424));
#3409 = ORIENTED_EDGE('',*,*,#661,.F.);
#3410 = ORIENTED_EDGE('',*,*,#3411,.F.);
#3411 = EDGE_CURVE('',#3412,#653,#3414,.T.);
#3412 = VERTEX_POINT('',#3413);
#3413 = CARTESIAN_POINT('',(84.55,-1.110223024625E-16,19.15));
#3414 = LINE('',#3415,#3416);
#3415 = CARTESIAN_POINT('',(84.55,-1.110223024625E-16,18.15));
#3416 = VECTOR('',#3417,1.);
#3417 = DIRECTION('',(0.,0.,1.));
#3418 = ORIENTED_EDGE('',*,*,#3419,.T.);
#3419 = EDGE_CURVE('',#3412,#3362,#3420,.T.);
#3420 = LINE('',#3421,#3422);
#3421 = CARTESIAN_POINT('',(84.55,-1.15,19.15));
#3422 = VECTOR('',#3423,1.);
#3423 = DIRECTION('',(-0.,1.,0.));
#3424 = ORIENTED_EDGE('',*,*,#3361,.T.);
#3425 = PLANE('',#3426);
#3426 = AXIS2_PLACEMENT_3D('',#3427,#3428,#3429);
#3427 = CARTESIAN_POINT('',(84.55,-0.55,18.15));
#3428 = DIRECTION('',(1.,0.,-0.));
#3429 = DIRECTION('',(0.,0.,1.));
#3430 = ADVANCED_FACE('',(#3431),#3467,.T.);
#3431 = FACE_BOUND('',#3432,.T.);
#3432 = EDGE_LOOP('',(#3433,#3434,#3442,#3449,#3450,#3451,#3459,#3466));
#3433 = ORIENTED_EDGE('',*,*,#600,.F.);
#3434 = ORIENTED_EDGE('',*,*,#3435,.F.);
#3435 = EDGE_CURVE('',#3436,#601,#3438,.T.);
#3436 = VERTEX_POINT('',#3437);
#3437 = CARTESIAN_POINT('',(30.7,0.8,16.24));
#3438 = LINE('',#3439,#3440);
#3439 = CARTESIAN_POINT('',(30.7,0.8,16.24));
#3440 = VECTOR('',#3441,1.);
#3441 = DIRECTION('',(0.,0.,1.));
#3442 = ORIENTED_EDGE('',*,*,#3443,.T.);
#3443 = EDGE_CURVE('',#3436,#3436,#3444,.T.);
#3444 = CIRCLE('',#3445,2.1);
#3445 = AXIS2_PLACEMENT_3D('',#3446,#3447,#3448);
#3446 = CARTESIAN_POINT('',(28.6,0.8,16.24));
#3447 = DIRECTION('',(0.,0.,1.));
#3448 = DIRECTION('',(1.,0.,-0.));
#3449 = ORIENTED_EDGE('',*,*,#3435,.T.);
#3450 = ORIENTED_EDGE('',*,*,#609,.F.);
#3451 = ORIENTED_EDGE('',*,*,#3452,.F.);
#3452 = EDGE_CURVE('',#3453,#610,#3455,.T.);
#3453 = VERTEX_POINT('',#3454);
#3454 = CARTESIAN_POINT('',(30.208570794215,-0.55,19.15));
#3455 = LINE('',#3456,#3457);
#3456 = CARTESIAN_POINT('',(30.208570794215,-0.55,16.24));
#3457 = VECTOR('',#3458,1.);
#3458 = DIRECTION('',(0.,0.,1.));
#3459 = ORIENTED_EDGE('',*,*,#3460,.F.);
#3460 = EDGE_CURVE('',#3387,#3453,#3461,.T.);
#3461 = CIRCLE('',#3462,2.1);
#3462 = AXIS2_PLACEMENT_3D('',#3463,#3464,#3465);
#3463 = CARTESIAN_POINT('',(28.6,0.8,19.15));
#3464 = DIRECTION('',(0.,0.,1.));
#3465 = DIRECTION('',(1.,0.,-0.));
#3466 = ORIENTED_EDGE('',*,*,#3386,.T.);
#3467 = CYLINDRICAL_SURFACE('',#3468,2.1);
#3468 = AXIS2_PLACEMENT_3D('',#3469,#3470,#3471);
#3469 = CARTESIAN_POINT('',(28.6,0.8,16.24));
#3470 = DIRECTION('',(0.,0.,1.));
#3471 = DIRECTION('',(1.,0.,-0.));
#3472 = ADVANCED_FACE('',(#3473),#3492,.F.);
#3473 = FACE_BOUND('',#3474,.T.);
#3474 = EDGE_LOOP('',(#3475,#3476,#3485,#3491));
#3475 = ORIENTED_EDGE('',*,*,#3411,.F.);
#3476 = ORIENTED_EDGE('',*,*,#3477,.F.);
#3477 = EDGE_CURVE('',#3478,#3412,#3480,.T.);
#3478 = VERTEX_POINT('',#3479);
#3479 = CARTESIAN_POINT('',(84.,-0.55,19.15));
#3480 = CIRCLE('',#3481,0.55);
#3481 = AXIS2_PLACEMENT_3D('',#3482,#3483,#3484);
#3482 = CARTESIAN_POINT('',(84.,-1.110223024625E-16,19.15));
#3483 = DIRECTION('',(0.,0.,1.));
#3484 = DIRECTION('',(1.,0.,-0.));
#3485 = ORIENTED_EDGE('',*,*,#3486,.T.);
#3486 = EDGE_CURVE('',#3478,#645,#3487,.T.);
#3487 = LINE('',#3488,#3489);
#3488 = CARTESIAN_POINT('',(84.,-0.55,18.15));
#3489 = VECTOR('',#3490,1.);
#3490 = DIRECTION('',(0.,0.,1.));
#3491 = ORIENTED_EDGE('',*,*,#652,.T.);
#3492 = CYLINDRICAL_SURFACE('',#3493,0.55);
#3493 = AXIS2_PLACEMENT_3D('',#3494,#3495,#3496);
#3494 = CARTESIAN_POINT('',(84.,-1.110223024625E-16,18.15));
#3495 = DIRECTION('',(0.,0.,1.));
#3496 = DIRECTION('',(1.,0.,-0.));
#3497 = ADVANCED_FACE('',(#3498),#3516,.T.);
#3498 = FACE_BOUND('',#3499,.T.);
#3499 = EDGE_LOOP('',(#3500,#3501,#3509,#3515));
#3500 = ORIENTED_EDGE('',*,*,#3486,.F.);
#3501 = ORIENTED_EDGE('',*,*,#3502,.T.);
#3502 = EDGE_CURVE('',#3478,#3503,#3505,.T.);
#3503 = VERTEX_POINT('',#3504);
#3504 = CARTESIAN_POINT('',(42.708570794215,-0.55,19.15));
#3505 = LINE('',#3506,#3507);
#3506 = CARTESIAN_POINT('',(-0.15,-0.55,19.15));
#3507 = VECTOR('',#3508,1.);
#3508 = DIRECTION('',(-1.,-0.,0.));
#3509 = ORIENTED_EDGE('',*,*,#3510,.T.);
#3510 = EDGE_CURVE('',#3503,#636,#3511,.T.);
#3511 = LINE('',#3512,#3513);
#3512 = CARTESIAN_POINT('',(42.708570794215,-0.55,16.24));
#3513 = VECTOR('',#3514,1.);
#3514 = DIRECTION('',(0.,0.,1.));
#3515 = ORIENTED_EDGE('',*,*,#644,.F.);
#3516 = PLANE('',#3517);
#3517 = AXIS2_PLACEMENT_3D('',#3518,#3519,#3520);
#3518 = CARTESIAN_POINT('',(0.45,-0.55,18.15));
#3519 = DIRECTION('',(-0.,1.,0.));
#3520 = DIRECTION('',(0.,0.,1.));
#3521 = ADVANCED_FACE('',(#3522),#3540,.T.);
#3522 = FACE_BOUND('',#3523,.T.);
#3523 = EDGE_LOOP('',(#3524,#3532,#3538,#3539));
#3524 = ORIENTED_EDGE('',*,*,#3525,.F.);
#3525 = EDGE_CURVE('',#3526,#619,#3528,.T.);
#3526 = VERTEX_POINT('',#3527);
#3527 = CARTESIAN_POINT('',(39.491429205786,-0.55,19.15));
#3528 = LINE('',#3529,#3530);
#3529 = CARTESIAN_POINT('',(39.491429205785,-0.55,16.24));
#3530 = VECTOR('',#3531,1.);
#3531 = DIRECTION('',(0.,0.,1.));
#3532 = ORIENTED_EDGE('',*,*,#3533,.T.);
#3533 = EDGE_CURVE('',#3526,#3453,#3534,.T.);
#3534 = LINE('',#3535,#3536);
#3535 = CARTESIAN_POINT('',(-0.15,-0.55,19.15));
#3536 = VECTOR('',#3537,1.);
#3537 = DIRECTION('',(-1.,-0.,0.));
#3538 = ORIENTED_EDGE('',*,*,#3452,.T.);
#3539 = ORIENTED_EDGE('',*,*,#618,.F.);
#3540 = PLANE('',#3541);
#3541 = AXIS2_PLACEMENT_3D('',#3542,#3543,#3544);
#3542 = CARTESIAN_POINT('',(0.45,-0.55,18.15));
#3543 = DIRECTION('',(-0.,1.,0.));
#3544 = DIRECTION('',(0.,0.,1.));
#3545 = ADVANCED_FACE('',(#3546),#3575,.T.);
#3546 = FACE_BOUND('',#3547,.T.);
#3547 = EDGE_LOOP('',(#3548,#3549,#3557,#3564,#3565,#3566,#3567,#3574));
#3548 = ORIENTED_EDGE('',*,*,#626,.F.);
#3549 = ORIENTED_EDGE('',*,*,#3550,.F.);
#3550 = EDGE_CURVE('',#3551,#627,#3553,.T.);
#3551 = VERTEX_POINT('',#3552);
#3552 = CARTESIAN_POINT('',(43.2,0.8,16.24));
#3553 = LINE('',#3554,#3555);
#3554 = CARTESIAN_POINT('',(43.2,0.8,16.24));
#3555 = VECTOR('',#3556,1.);
#3556 = DIRECTION('',(0.,0.,1.));
#3557 = ORIENTED_EDGE('',*,*,#3558,.T.);
#3558 = EDGE_CURVE('',#3551,#3551,#3559,.T.);
#3559 = CIRCLE('',#3560,2.1);
#3560 = AXIS2_PLACEMENT_3D('',#3561,#3562,#3563);
#3561 = CARTESIAN_POINT('',(41.1,0.8,16.24));
#3562 = DIRECTION('',(0.,0.,1.));
#3563 = DIRECTION('',(1.,0.,-0.));
#3564 = ORIENTED_EDGE('',*,*,#3550,.T.);
#3565 = ORIENTED_EDGE('',*,*,#635,.F.);
#3566 = ORIENTED_EDGE('',*,*,#3510,.F.);
#3567 = ORIENTED_EDGE('',*,*,#3568,.F.);
#3568 = EDGE_CURVE('',#3526,#3503,#3569,.T.);
#3569 = CIRCLE('',#3570,2.1);
#3570 = AXIS2_PLACEMENT_3D('',#3571,#3572,#3573);
#3571 = CARTESIAN_POINT('',(41.1,0.8,19.15));
#3572 = DIRECTION('',(0.,0.,1.));
#3573 = DIRECTION('',(1.,0.,-0.));
#3574 = ORIENTED_EDGE('',*,*,#3525,.T.);
#3575 = CYLINDRICAL_SURFACE('',#3576,2.1);
#3576 = AXIS2_PLACEMENT_3D('',#3577,#3578,#3579);
#3577 = CARTESIAN_POINT('',(41.1,0.8,16.24));
#3578 = DIRECTION('',(0.,0.,1.));
#3579 = DIRECTION('',(1.,0.,-0.));
#3580 = ADVANCED_FACE('',(#3581),#3600,.T.);
#3581 = FACE_BOUND('',#3582,.T.);
#3582 = EDGE_LOOP('',(#3583,#3584,#3592,#3599));
#3583 = ORIENTED_EDGE('',*,*,#736,.F.);
#3584 = ORIENTED_EDGE('',*,*,#3585,.F.);
#3585 = EDGE_CURVE('',#3586,#737,#3588,.T.);
#3586 = VERTEX_POINT('',#3587);
#3587 = CARTESIAN_POINT('',(63.9,52.5,1.31));
#3588 = LINE('',#3589,#3590);
#3589 = CARTESIAN_POINT('',(63.9,52.5,1.31));
#3590 = VECTOR('',#3591,1.);
#3591 = DIRECTION('',(0.,0.,1.));
#3592 = ORIENTED_EDGE('',*,*,#3593,.T.);
#3593 = EDGE_CURVE('',#3586,#3586,#3594,.T.);
#3594 = CIRCLE('',#3595,2.4);
#3595 = AXIS2_PLACEMENT_3D('',#3596,#3597,#3598);
#3596 = CARTESIAN_POINT('',(61.5,52.5,1.31));
#3597 = DIRECTION('',(0.,0.,1.));
#3598 = DIRECTION('',(1.,0.,-0.));
#3599 = ORIENTED_EDGE('',*,*,#3585,.T.);
#3600 = CYLINDRICAL_SURFACE('',#3601,2.4);
#3601 = AXIS2_PLACEMENT_3D('',#3602,#3603,#3604);
#3602 = CARTESIAN_POINT('',(61.5,52.5,1.31));
#3603 = DIRECTION('',(0.,0.,1.));
#3604 = DIRECTION('',(1.,0.,-0.));
#3605 = ADVANCED_FACE('',(#3606),#3631,.F.);
#3606 = FACE_BOUND('',#3607,.F.);
#3607 = EDGE_LOOP('',(#3608,#3616,#3624,#3630));
#3608 = ORIENTED_EDGE('',*,*,#3609,.F.);
#3609 = EDGE_CURVE('',#3610,#748,#3612,.T.);
#3610 = VERTEX_POINT('',#3611);
#3611 = CARTESIAN_POINT('',(47.93,57.85,16.916434084913));
#3612 = LINE('',#3613,#3614);
#3613 = CARTESIAN_POINT('',(47.93,57.85,16.916434084913));
#3614 = VECTOR('',#3615,1.);
#3615 = DIRECTION('',(0.,0.,1.));
#3616 = ORIENTED_EDGE('',*,*,#3617,.F.);
#3617 = EDGE_CURVE('',#3618,#3610,#3620,.T.);
#3618 = VERTEX_POINT('',#3619);
#3619 = CARTESIAN_POINT('',(37.07,57.85,16.916434084913));
#3620 = LINE('',#3621,#3622);
#3621 = CARTESIAN_POINT('',(37.07,57.85,16.916434084913));
#3622 = VECTOR('',#3623,1.);
#3623 = DIRECTION('',(1.,0.,-0.));
#3624 = ORIENTED_EDGE('',*,*,#3625,.T.);
#3625 = EDGE_CURVE('',#3618,#750,#3626,.T.);
#3626 = LINE('',#3627,#3628);
#3627 = CARTESIAN_POINT('',(37.07,57.85,16.916434084913));
#3628 = VECTOR('',#3629,1.);
#3629 = DIRECTION('',(0.,0.,1.));
#3630 = ORIENTED_EDGE('',*,*,#747,.F.);
#3631 = PLANE('',#3632);
#3632 = AXIS2_PLACEMENT_3D('',#3633,#3634,#3635);
#3633 = CARTESIAN_POINT('',(37.07,57.85,16.916434084913));
#3634 = DIRECTION('',(-0.,1.,0.));
#3635 = DIRECTION('',(0.,0.,1.));
#3636 = ADVANCED_FACE('',(#3637),#3655,.T.);
#3637 = FACE_BOUND('',#3638,.T.);
#3638 = EDGE_LOOP('',(#3639,#3640,#3648,#3654));
#3639 = ORIENTED_EDGE('',*,*,#3609,.F.);
#3640 = ORIENTED_EDGE('',*,*,#3641,.T.);
#3641 = EDGE_CURVE('',#3610,#3642,#3644,.T.);
#3642 = VERTEX_POINT('',#3643);
#3643 = CARTESIAN_POINT('',(47.93,63.25,16.916434084913));
#3644 = LINE('',#3645,#3646);
#3645 = CARTESIAN_POINT('',(47.93,57.85,16.916434084913));
#3646 = VECTOR('',#3647,1.);
#3647 = DIRECTION('',(-0.,1.,0.));
#3648 = ORIENTED_EDGE('',*,*,#3649,.T.);
#3649 = EDGE_CURVE('',#3642,#766,#3650,.T.);
#3650 = LINE('',#3651,#3652);
#3651 = CARTESIAN_POINT('',(47.93,63.25,16.916434084913));
#3652 = VECTOR('',#3653,1.);
#3653 = DIRECTION('',(0.,0.,1.));
#3654 = ORIENTED_EDGE('',*,*,#773,.F.);
#3655 = PLANE('',#3656);
#3656 = AXIS2_PLACEMENT_3D('',#3657,#3658,#3659);
#3657 = CARTESIAN_POINT('',(47.93,57.85,16.916434084913));
#3658 = DIRECTION('',(1.,0.,-0.));
#3659 = DIRECTION('',(0.,0.,1.));
#3660 = ADVANCED_FACE('',(#3661),#3679,.F.);
#3661 = FACE_BOUND('',#3662,.F.);
#3662 = EDGE_LOOP('',(#3663,#3664,#3672,#3678));
#3663 = ORIENTED_EDGE('',*,*,#3625,.F.);
#3664 = ORIENTED_EDGE('',*,*,#3665,.T.);
#3665 = EDGE_CURVE('',#3618,#3666,#3668,.T.);
#3666 = VERTEX_POINT('',#3667);
#3667 = CARTESIAN_POINT('',(37.07,63.25,16.916434084913));
#3668 = LINE('',#3669,#3670);
#3669 = CARTESIAN_POINT('',(37.07,57.85,16.916434084913));
#3670 = VECTOR('',#3671,1.);
#3671 = DIRECTION('',(-0.,1.,0.));
#3672 = ORIENTED_EDGE('',*,*,#3673,.T.);
#3673 = EDGE_CURVE('',#3666,#758,#3674,.T.);
#3674 = LINE('',#3675,#3676);
#3675 = CARTESIAN_POINT('',(37.07,63.25,16.916434084913));
#3676 = VECTOR('',#3677,1.);
#3677 = DIRECTION('',(0.,0.,1.));
#3678 = ORIENTED_EDGE('',*,*,#757,.F.);
#3679 = PLANE('',#3680);
#3680 = AXIS2_PLACEMENT_3D('',#3681,#3682,#3683);
#3681 = CARTESIAN_POINT('',(37.07,57.85,16.916434084913));
#3682 = DIRECTION('',(1.,0.,-0.));
#3683 = DIRECTION('',(0.,0.,1.));
#3684 = ADVANCED_FACE('',(#3685),#3696,.T.);
#3685 = FACE_BOUND('',#3686,.T.);
#3686 = EDGE_LOOP('',(#3687,#3688,#3694,#3695));
#3687 = ORIENTED_EDGE('',*,*,#3649,.F.);
#3688 = ORIENTED_EDGE('',*,*,#3689,.F.);
#3689 = EDGE_CURVE('',#3666,#3642,#3690,.T.);
#3690 = LINE('',#3691,#3692);
#3691 = CARTESIAN_POINT('',(37.07,63.25,16.916434084913));
#3692 = VECTOR('',#3693,1.);
#3693 = DIRECTION('',(1.,0.,-0.));
#3694 = ORIENTED_EDGE('',*,*,#3673,.T.);
#3695 = ORIENTED_EDGE('',*,*,#765,.F.);
#3696 = PLANE('',#3697);
#3697 = AXIS2_PLACEMENT_3D('',#3698,#3699,#3700);
#3698 = CARTESIAN_POINT('',(37.07,63.25,16.916434084913));
#3699 = DIRECTION('',(-0.,1.,0.));
#3700 = DIRECTION('',(0.,0.,1.));
#3701 = ADVANCED_FACE('',(#3702),#3713,.F.);
#3702 = FACE_BOUND('',#3703,.F.);
#3703 = EDGE_LOOP('',(#3704,#3710,#3711,#3712));
#3704 = ORIENTED_EDGE('',*,*,#3705,.F.);
#3705 = EDGE_CURVE('',#839,#864,#3706,.T.);
#3706 = LINE('',#3707,#3708);
#3707 = CARTESIAN_POINT('',(84.,-4.,22.85));
#3708 = VECTOR('',#3709,1.);
#3709 = DIRECTION('',(-1.731912112471E-16,0.707106781187,0.707106781187)
  );
#3710 = ORIENTED_EDGE('',*,*,#838,.T.);
#3711 = ORIENTED_EDGE('',*,*,#812,.T.);
#3712 = ORIENTED_EDGE('',*,*,#863,.F.);
#3713 = PLANE('',#3714);
#3714 = AXIS2_PLACEMENT_3D('',#3715,#3716,#3717);
#3715 = CARTESIAN_POINT('',(84.,-3.6,23.25));
#3716 = DIRECTION('',(6.983161618628E-18,0.707106781187,-0.707106781187)
  );
#3717 = DIRECTION('',(-1.,4.937840934654E-18,-4.937840934654E-18));
#3718 = ADVANCED_FACE('',(#3719),#3730,.T.);
#3719 = FACE_BOUND('',#3720,.F.);
#3720 = EDGE_LOOP('',(#3721,#3722,#3723,#3729));
#3721 = ORIENTED_EDGE('',*,*,#2256,.F.);
#3722 = ORIENTED_EDGE('',*,*,#2272,.T.);
#3723 = ORIENTED_EDGE('',*,*,#3724,.T.);
#3724 = EDGE_CURVE('',#2273,#889,#3725,.T.);
#3725 = LINE('',#3726,#3727);
#3726 = CARTESIAN_POINT('',(84.,65.1,23.25));
#3727 = VECTOR('',#3728,1.);
#3728 = DIRECTION('',(-0.,-0.707106781187,0.707106781187));
#3729 = ORIENTED_EDGE('',*,*,#897,.F.);
#3730 = PLANE('',#3731);
#3731 = AXIS2_PLACEMENT_3D('',#3732,#3733,#3734);
#3732 = CARTESIAN_POINT('',(1.,65.1,23.25));
#3733 = DIRECTION('',(-6.983161618628E-18,0.707106781187,0.707106781187)
  );
#3734 = DIRECTION('',(-1.,-4.937840934654E-18,-4.937840934654E-18));
#3735 = ADVANCED_FACE('',(#3736),#3747,.T.);
#3736 = FACE_BOUND('',#3737,.F.);
#3737 = EDGE_LOOP('',(#3738,#3744,#3745,#3746));
#3738 = ORIENTED_EDGE('',*,*,#3739,.F.);
#3739 = EDGE_CURVE('',#2296,#872,#3740,.T.);
#3740 = LINE('',#3741,#3742);
#3741 = CARTESIAN_POINT('',(87.6,0.,23.25));
#3742 = VECTOR('',#3743,1.);
#3743 = DIRECTION('',(-0.707106781187,-0.,0.707106781187));
#3744 = ORIENTED_EDGE('',*,*,#2305,.T.);
#3745 = ORIENTED_EDGE('',*,*,#3705,.T.);
#3746 = ORIENTED_EDGE('',*,*,#871,.F.);
#3747 = CONICAL_SURFACE('',#3748,4.,0.785398163397);
#3748 = AXIS2_PLACEMENT_3D('',#3749,#3750,#3751);
#3749 = CARTESIAN_POINT('',(84.,-8.881784197001E-16,22.85));
#3750 = DIRECTION('',(-0.,-0.,-1.));
#3751 = DIRECTION('',(1.,1.836970198721E-16,-0.));
#3752 = ADVANCED_FACE('',(#3753),#3764,.T.);
#3753 = FACE_BOUND('',#3754,.F.);
#3754 = EDGE_LOOP('',(#3755,#3756,#3757,#3763));
#3755 = ORIENTED_EDGE('',*,*,#3724,.F.);
#3756 = ORIENTED_EDGE('',*,*,#2330,.T.);
#3757 = ORIENTED_EDGE('',*,*,#3758,.T.);
#3758 = EDGE_CURVE('',#2321,#881,#3759,.T.);
#3759 = LINE('',#3760,#3761);
#3760 = CARTESIAN_POINT('',(88.,61.5,22.85));
#3761 = VECTOR('',#3762,1.);
#3762 = DIRECTION('',(-0.707106781187,-4.329780281177E-17,0.707106781187
    ));
#3763 = ORIENTED_EDGE('',*,*,#888,.F.);
#3764 = CONICAL_SURFACE('',#3765,4.,0.785398163397);
#3765 = AXIS2_PLACEMENT_3D('',#3766,#3767,#3768);
#3766 = CARTESIAN_POINT('',(84.,61.5,22.85));
#3767 = DIRECTION('',(-0.,-0.,-1.));
#3768 = DIRECTION('',(0.,1.,-0.));
#3769 = ADVANCED_FACE('',(#3770),#3776,.T.);
#3770 = FACE_BOUND('',#3771,.F.);
#3771 = EDGE_LOOP('',(#3772,#3773,#3774,#3775));
#3772 = ORIENTED_EDGE('',*,*,#3758,.F.);
#3773 = ORIENTED_EDGE('',*,*,#2348,.T.);
#3774 = ORIENTED_EDGE('',*,*,#3739,.T.);
#3775 = ORIENTED_EDGE('',*,*,#880,.F.);
#3776 = PLANE('',#3777);
#3777 = AXIS2_PLACEMENT_3D('',#3778,#3779,#3780);
#3778 = CARTESIAN_POINT('',(87.6,61.5,23.25));
#3779 = DIRECTION('',(0.707106781187,6.983161618628E-18,0.707106781187)
  );
#3780 = DIRECTION('',(-4.937840934654E-18,1.,-4.937840934654E-18));
#3781 = ADVANCED_FACE('',(#3782),#3793,.F.);
#3782 = FACE_BOUND('',#3783,.F.);
#3783 = EDGE_LOOP('',(#3784,#3785,#3791,#3792));
#3784 = ORIENTED_EDGE('',*,*,#914,.F.);
#3785 = ORIENTED_EDGE('',*,*,#3786,.F.);
#3786 = EDGE_CURVE('',#2388,#915,#3787,.T.);
#3787 = LINE('',#3788,#3789);
#3788 = CARTESIAN_POINT('',(44.245,11.3,23.05));
#3789 = VECTOR('',#3790,1.);
#3790 = DIRECTION('',(0.707106781187,-1.731912112471E-16,0.707106781187)
  );
#3791 = ORIENTED_EDGE('',*,*,#2387,.T.);
#3792 = ORIENTED_EDGE('',*,*,#3786,.T.);
#3793 = CONICAL_SURFACE('',#3794,3.245,0.785398163397);
#3794 = AXIS2_PLACEMENT_3D('',#3795,#3796,#3797);
#3795 = CARTESIAN_POINT('',(41.,11.3,23.05));
#3796 = DIRECTION('',(0.,0.,1.));
#3797 = DIRECTION('',(1.,0.,-0.));
#3798 = ADVANCED_FACE('',(#3799),#3824,.F.);
#3799 = FACE_BOUND('',#3800,.F.);
#3800 = EDGE_LOOP('',(#3801,#3811,#3817,#3818));
#3801 = ORIENTED_EDGE('',*,*,#3802,.F.);
#3802 = EDGE_CURVE('',#3803,#3805,#3807,.T.);
#3803 = VERTEX_POINT('',#3804);
#3804 = CARTESIAN_POINT('',(20.27184287812,60.651982378855,23.05));
#3805 = VERTEX_POINT('',#3806);
#3806 = CARTESIAN_POINT('',(24.303560939794,60.651982378855,23.05));
#3807 = LINE('',#3808,#3809);
#3808 = CARTESIAN_POINT('',(20.27184287812,60.651982378855,23.05));
#3809 = VECTOR('',#3810,1.);
#3810 = DIRECTION('',(1.,-1.224646799147E-16,0.));
#3811 = ORIENTED_EDGE('',*,*,#3812,.T.);
#3812 = EDGE_CURVE('',#3803,#1198,#3813,.T.);
#3813 = LINE('',#3814,#3815);
#3814 = CARTESIAN_POINT('',(20.27184287812,60.651982378855,23.05));
#3815 = VECTOR('',#3816,1.);
#3816 = DIRECTION('',(0.,0.,1.));
#3817 = ORIENTED_EDGE('',*,*,#1195,.F.);
#3818 = ORIENTED_EDGE('',*,*,#3819,.F.);
#3819 = EDGE_CURVE('',#3805,#1196,#3820,.T.);
#3820 = LINE('',#3821,#3822);
#3821 = CARTESIAN_POINT('',(24.303560939794,60.651982378855,23.05));
#3822 = VECTOR('',#3823,1.);
#3823 = DIRECTION('',(0.,0.,1.));
#3824 = PLANE('',#3825);
#3825 = AXIS2_PLACEMENT_3D('',#3826,#3827,#3828);
#3826 = CARTESIAN_POINT('',(20.27184287812,60.651982378855,23.05));
#3827 = DIRECTION('',(1.224646799147E-16,1.,0.));
#3828 = DIRECTION('',(1.,-1.224646799147E-16,0.));
#3829 = ADVANCED_FACE('',(#3830),#3848,.F.);
#3830 = FACE_BOUND('',#3831,.F.);
#3831 = EDGE_LOOP('',(#3832,#3840,#3846,#3847));
#3832 = ORIENTED_EDGE('',*,*,#3833,.F.);
#3833 = EDGE_CURVE('',#3834,#3803,#3836,.T.);
#3834 = VERTEX_POINT('',#3835);
#3835 = CARTESIAN_POINT('',(20.27184287812,59.585095447871,23.05));
#3836 = LINE('',#3837,#3838);
#3837 = CARTESIAN_POINT('',(20.27184287812,59.585095447871,23.05));
#3838 = VECTOR('',#3839,1.);
#3839 = DIRECTION('',(1.224646799147E-16,1.,0.));
#3840 = ORIENTED_EDGE('',*,*,#3841,.T.);
#3841 = EDGE_CURVE('',#3834,#1278,#3842,.T.);
#3842 = LINE('',#3843,#3844);
#3843 = CARTESIAN_POINT('',(20.27184287812,59.585095447871,23.05));
#3844 = VECTOR('',#3845,1.);
#3845 = DIRECTION('',(0.,0.,1.));
#3846 = ORIENTED_EDGE('',*,*,#1285,.F.);
#3847 = ORIENTED_EDGE('',*,*,#3812,.F.);
#3848 = PLANE('',#3849);
#3849 = AXIS2_PLACEMENT_3D('',#3850,#3851,#3852);
#3850 = CARTESIAN_POINT('',(20.27184287812,59.585095447871,23.05));
#3851 = DIRECTION('',(-1.,1.224646799147E-16,0.));
#3852 = DIRECTION('',(1.224646799147E-16,1.,0.));
#3853 = ADVANCED_FACE('',(#3854),#3872,.F.);
#3854 = FACE_BOUND('',#3855,.F.);
#3855 = EDGE_LOOP('',(#3856,#3864,#3870,#3871));
#3856 = ORIENTED_EDGE('',*,*,#3857,.F.);
#3857 = EDGE_CURVE('',#3858,#3834,#3860,.T.);
#3858 = VERTEX_POINT('',#3859);
#3859 = CARTESIAN_POINT('',(21.351248164464,59.088803230543,23.05));
#3860 = LINE('',#3861,#3862);
#3861 = CARTESIAN_POINT('',(21.351248164464,59.088803230543,23.05));
#3862 = VECTOR('',#3863,1.);
#3863 = DIRECTION('',(-0.908565286718,0.417742887159,0.));
#3864 = ORIENTED_EDGE('',*,*,#3865,.T.);
#3865 = EDGE_CURVE('',#3858,#1270,#3866,.T.);
#3866 = LINE('',#3867,#3868);
#3867 = CARTESIAN_POINT('',(21.351248164464,59.088803230543,23.05));
#3868 = VECTOR('',#3869,1.);
#3869 = DIRECTION('',(0.,0.,1.));
#3870 = ORIENTED_EDGE('',*,*,#1277,.F.);
#3871 = ORIENTED_EDGE('',*,*,#3841,.F.);
#3872 = PLANE('',#3873);
#3873 = AXIS2_PLACEMENT_3D('',#3874,#3875,#3876);
#3874 = CARTESIAN_POINT('',(21.351248164464,59.088803230543,23.05));
#3875 = DIRECTION('',(-0.417742887159,-0.908565286718,0.));
#3876 = DIRECTION('',(-0.908565286718,0.417742887159,0.));
#3877 = ADVANCED_FACE('',(#3878),#3896,.F.);
#3878 = FACE_BOUND('',#3879,.F.);
#3879 = EDGE_LOOP('',(#3880,#3888,#3894,#3895));
#3880 = ORIENTED_EDGE('',*,*,#3881,.F.);
#3881 = EDGE_CURVE('',#3882,#3858,#3884,.T.);
#3882 = VERTEX_POINT('',#3883);
#3883 = CARTESIAN_POINT('',(21.351248164464,53.35781938326,23.05));
#3884 = LINE('',#3885,#3886);
#3885 = CARTESIAN_POINT('',(21.351248164464,53.35781938326,23.05));
#3886 = VECTOR('',#3887,1.);
#3887 = DIRECTION('',(1.224646799147E-16,1.,0.));
#3888 = ORIENTED_EDGE('',*,*,#3889,.T.);
#3889 = EDGE_CURVE('',#3882,#1262,#3890,.T.);
#3890 = LINE('',#3891,#3892);
#3891 = CARTESIAN_POINT('',(21.351248164464,53.35781938326,23.05));
#3892 = VECTOR('',#3893,1.);
#3893 = DIRECTION('',(0.,0.,1.));
#3894 = ORIENTED_EDGE('',*,*,#1269,.F.);
#3895 = ORIENTED_EDGE('',*,*,#3865,.F.);
#3896 = PLANE('',#3897);
#3897 = AXIS2_PLACEMENT_3D('',#3898,#3899,#3900);
#3898 = CARTESIAN_POINT('',(21.351248164464,53.35781938326,23.05));
#3899 = DIRECTION('',(-1.,1.224646799147E-16,0.));
#3900 = DIRECTION('',(1.224646799147E-16,1.,0.));
#3901 = ADVANCED_FACE('',(#3902),#3920,.F.);
#3902 = FACE_BOUND('',#3903,.F.);
#3903 = EDGE_LOOP('',(#3904,#3912,#3918,#3919));
#3904 = ORIENTED_EDGE('',*,*,#3905,.F.);
#3905 = EDGE_CURVE('',#3906,#3882,#3908,.T.);
#3906 = VERTEX_POINT('',#3907);
#3907 = CARTESIAN_POINT('',(20.27184287812,52.861527165932,23.05));
#3908 = LINE('',#3909,#3910);
#3909 = CARTESIAN_POINT('',(20.27184287812,52.861527165932,23.05));
#3910 = VECTOR('',#3911,1.);
#3911 = DIRECTION('',(0.908565286718,0.417742887159,0.));
#3912 = ORIENTED_EDGE('',*,*,#3913,.T.);
#3913 = EDGE_CURVE('',#3906,#1254,#3914,.T.);
#3914 = LINE('',#3915,#3916);
#3915 = CARTESIAN_POINT('',(20.27184287812,52.861527165932,23.05));
#3916 = VECTOR('',#3917,1.);
#3917 = DIRECTION('',(0.,0.,1.));
#3918 = ORIENTED_EDGE('',*,*,#1261,.F.);
#3919 = ORIENTED_EDGE('',*,*,#3889,.F.);
#3920 = PLANE('',#3921);
#3921 = AXIS2_PLACEMENT_3D('',#3922,#3923,#3924);
#3922 = CARTESIAN_POINT('',(20.27184287812,52.861527165932,23.05));
#3923 = DIRECTION('',(-0.417742887159,0.908565286718,0.));
#3924 = DIRECTION('',(0.908565286718,0.417742887159,0.));
#3925 = ADVANCED_FACE('',(#3926),#3944,.F.);
#3926 = FACE_BOUND('',#3927,.F.);
#3927 = EDGE_LOOP('',(#3928,#3936,#3942,#3943));
#3928 = ORIENTED_EDGE('',*,*,#3929,.F.);
#3929 = EDGE_CURVE('',#3930,#3906,#3932,.T.);
#3930 = VERTEX_POINT('',#3931);
#3931 = CARTESIAN_POINT('',(20.27184287812,51.794640234949,23.05));
#3932 = LINE('',#3933,#3934);
#3933 = CARTESIAN_POINT('',(20.27184287812,51.794640234949,23.05));
#3934 = VECTOR('',#3935,1.);
#3935 = DIRECTION('',(1.224646799147E-16,1.,0.));
#3936 = ORIENTED_EDGE('',*,*,#3937,.T.);
#3937 = EDGE_CURVE('',#3930,#1246,#3938,.T.);
#3938 = LINE('',#3939,#3940);
#3939 = CARTESIAN_POINT('',(20.27184287812,51.794640234949,23.05));
#3940 = VECTOR('',#3941,1.);
#3941 = DIRECTION('',(0.,0.,1.));
#3942 = ORIENTED_EDGE('',*,*,#1253,.F.);
#3943 = ORIENTED_EDGE('',*,*,#3913,.F.);
#3944 = PLANE('',#3945);
#3945 = AXIS2_PLACEMENT_3D('',#3946,#3947,#3948);
#3946 = CARTESIAN_POINT('',(20.27184287812,51.794640234949,23.05));
#3947 = DIRECTION('',(-1.,1.224646799147E-16,0.));
#3948 = DIRECTION('',(1.224646799147E-16,1.,0.));
#3949 = ADVANCED_FACE('',(#3950),#3968,.F.);
#3950 = FACE_BOUND('',#3951,.F.);
#3951 = EDGE_LOOP('',(#3952,#3960,#3966,#3967));
#3952 = ORIENTED_EDGE('',*,*,#3953,.F.);
#3953 = EDGE_CURVE('',#3954,#3930,#3956,.T.);
#3954 = VERTEX_POINT('',#3955);
#3955 = CARTESIAN_POINT('',(24.303560939794,51.794640234949,23.05));
#3956 = LINE('',#3957,#3958);
#3957 = CARTESIAN_POINT('',(24.303560939794,51.794640234949,23.05));
#3958 = VECTOR('',#3959,1.);
#3959 = DIRECTION('',(-1.,1.224646799147E-16,0.));
#3960 = ORIENTED_EDGE('',*,*,#3961,.T.);
#3961 = EDGE_CURVE('',#3954,#1238,#3962,.T.);
#3962 = LINE('',#3963,#3964);
#3963 = CARTESIAN_POINT('',(24.303560939794,51.794640234949,23.05));
#3964 = VECTOR('',#3965,1.);
#3965 = DIRECTION('',(0.,0.,1.));
#3966 = ORIENTED_EDGE('',*,*,#1245,.F.);
#3967 = ORIENTED_EDGE('',*,*,#3937,.F.);
#3968 = PLANE('',#3969);
#3969 = AXIS2_PLACEMENT_3D('',#3970,#3971,#3972);
#3970 = CARTESIAN_POINT('',(24.303560939794,51.794640234949,23.05));
#3971 = DIRECTION('',(-1.224646799147E-16,-1.,0.));
#3972 = DIRECTION('',(-1.,1.224646799147E-16,0.));
#3973 = ADVANCED_FACE('',(#3974),#3992,.F.);
#3974 = FACE_BOUND('',#3975,.F.);
#3975 = EDGE_LOOP('',(#3976,#3984,#3990,#3991));
#3976 = ORIENTED_EDGE('',*,*,#3977,.F.);
#3977 = EDGE_CURVE('',#3978,#3954,#3980,.T.);
#3978 = VERTEX_POINT('',#3979);
#3979 = CARTESIAN_POINT('',(24.303560939794,52.861527165932,23.05));
#3980 = LINE('',#3981,#3982);
#3981 = CARTESIAN_POINT('',(24.303560939794,52.861527165932,23.05));
#3982 = VECTOR('',#3983,1.);
#3983 = DIRECTION('',(-1.224646799147E-16,-1.,0.));
#3984 = ORIENTED_EDGE('',*,*,#3985,.T.);
#3985 = EDGE_CURVE('',#3978,#1230,#3986,.T.);
#3986 = LINE('',#3987,#3988);
#3987 = CARTESIAN_POINT('',(24.303560939794,52.861527165932,23.05));
#3988 = VECTOR('',#3989,1.);
#3989 = DIRECTION('',(0.,0.,1.));
#3990 = ORIENTED_EDGE('',*,*,#1237,.F.);
#3991 = ORIENTED_EDGE('',*,*,#3961,.F.);
#3992 = PLANE('',#3993);
#3993 = AXIS2_PLACEMENT_3D('',#3994,#3995,#3996);
#3994 = CARTESIAN_POINT('',(24.303560939794,52.861527165932,23.05));
#3995 = DIRECTION('',(1.,-1.224646799147E-16,0.));
#3996 = DIRECTION('',(-1.224646799147E-16,-1.,0.));
#3997 = ADVANCED_FACE('',(#3998),#4016,.F.);
#3998 = FACE_BOUND('',#3999,.F.);
#3999 = EDGE_LOOP('',(#4000,#4008,#4014,#4015));
#4000 = ORIENTED_EDGE('',*,*,#4001,.F.);
#4001 = EDGE_CURVE('',#4002,#3978,#4004,.T.);
#4002 = VERTEX_POINT('',#4003);
#4003 = CARTESIAN_POINT('',(23.224155653451,53.35781938326,23.05));
#4004 = LINE('',#4005,#4006);
#4005 = CARTESIAN_POINT('',(23.224155653451,53.35781938326,23.05));
#4006 = VECTOR('',#4007,1.);
#4007 = DIRECTION('',(0.908565286718,-0.417742887159,0.));
#4008 = ORIENTED_EDGE('',*,*,#4009,.T.);
#4009 = EDGE_CURVE('',#4002,#1222,#4010,.T.);
#4010 = LINE('',#4011,#4012);
#4011 = CARTESIAN_POINT('',(23.224155653451,53.35781938326,23.05));
#4012 = VECTOR('',#4013,1.);
#4013 = DIRECTION('',(0.,0.,1.));
#4014 = ORIENTED_EDGE('',*,*,#1229,.F.);
#4015 = ORIENTED_EDGE('',*,*,#3985,.F.);
#4016 = PLANE('',#4017);
#4017 = AXIS2_PLACEMENT_3D('',#4018,#4019,#4020);
#4018 = CARTESIAN_POINT('',(23.224155653451,53.35781938326,23.05));
#4019 = DIRECTION('',(0.417742887159,0.908565286718,0.));
#4020 = DIRECTION('',(0.908565286718,-0.417742887159,0.));
#4021 = ADVANCED_FACE('',(#4022),#4040,.F.);
#4022 = FACE_BOUND('',#4023,.F.);
#4023 = EDGE_LOOP('',(#4024,#4032,#4038,#4039));
#4024 = ORIENTED_EDGE('',*,*,#4025,.F.);
#4025 = EDGE_CURVE('',#4026,#4002,#4028,.T.);
#4026 = VERTEX_POINT('',#4027);
#4027 = CARTESIAN_POINT('',(23.224155653451,59.088803230543,23.05));
#4028 = LINE('',#4029,#4030);
#4029 = CARTESIAN_POINT('',(23.224155653451,59.088803230543,23.05));
#4030 = VECTOR('',#4031,1.);
#4031 = DIRECTION('',(-1.224646799147E-16,-1.,0.));
#4032 = ORIENTED_EDGE('',*,*,#4033,.T.);
#4033 = EDGE_CURVE('',#4026,#1214,#4034,.T.);
#4034 = LINE('',#4035,#4036);
#4035 = CARTESIAN_POINT('',(23.224155653451,59.088803230543,23.05));
#4036 = VECTOR('',#4037,1.);
#4037 = DIRECTION('',(0.,0.,1.));
#4038 = ORIENTED_EDGE('',*,*,#1221,.F.);
#4039 = ORIENTED_EDGE('',*,*,#4009,.F.);
#4040 = PLANE('',#4041);
#4041 = AXIS2_PLACEMENT_3D('',#4042,#4043,#4044);
#4042 = CARTESIAN_POINT('',(23.224155653451,59.088803230543,23.05));
#4043 = DIRECTION('',(1.,-1.224646799147E-16,0.));
#4044 = DIRECTION('',(-1.224646799147E-16,-1.,0.));
#4045 = ADVANCED_FACE('',(#4046),#4064,.F.);
#4046 = FACE_BOUND('',#4047,.F.);
#4047 = EDGE_LOOP('',(#4048,#4056,#4062,#4063));
#4048 = ORIENTED_EDGE('',*,*,#4049,.F.);
#4049 = EDGE_CURVE('',#4050,#4026,#4052,.T.);
#4050 = VERTEX_POINT('',#4051);
#4051 = CARTESIAN_POINT('',(24.303560939794,59.585095447871,23.05));
#4052 = LINE('',#4053,#4054);
#4053 = CARTESIAN_POINT('',(24.303560939794,59.585095447871,23.05));
#4054 = VECTOR('',#4055,1.);
#4055 = DIRECTION('',(-0.908565286718,-0.417742887159,0.));
#4056 = ORIENTED_EDGE('',*,*,#4057,.T.);
#4057 = EDGE_CURVE('',#4050,#1206,#4058,.T.);
#4058 = LINE('',#4059,#4060);
#4059 = CARTESIAN_POINT('',(24.303560939794,59.585095447871,23.05));
#4060 = VECTOR('',#4061,1.);
#4061 = DIRECTION('',(0.,0.,1.));
#4062 = ORIENTED_EDGE('',*,*,#1213,.F.);
#4063 = ORIENTED_EDGE('',*,*,#4033,.F.);
#4064 = PLANE('',#4065);
#4065 = AXIS2_PLACEMENT_3D('',#4066,#4067,#4068);
#4066 = CARTESIAN_POINT('',(24.303560939794,59.585095447871,23.05));
#4067 = DIRECTION('',(0.417742887159,-0.908565286718,0.));
#4068 = DIRECTION('',(-0.908565286718,-0.417742887159,0.));
#4069 = ADVANCED_FACE('',(#4070),#4081,.F.);
#4070 = FACE_BOUND('',#4071,.F.);
#4071 = EDGE_LOOP('',(#4072,#4078,#4079,#4080));
#4072 = ORIENTED_EDGE('',*,*,#4073,.F.);
#4073 = EDGE_CURVE('',#3805,#4050,#4074,.T.);
#4074 = LINE('',#4075,#4076);
#4075 = CARTESIAN_POINT('',(24.303560939794,60.651982378855,23.05));
#4076 = VECTOR('',#4077,1.);
#4077 = DIRECTION('',(-1.224646799147E-16,-1.,0.));
#4078 = ORIENTED_EDGE('',*,*,#3819,.T.);
#4079 = ORIENTED_EDGE('',*,*,#1205,.F.);
#4080 = ORIENTED_EDGE('',*,*,#4057,.F.);
#4081 = PLANE('',#4082);
#4082 = AXIS2_PLACEMENT_3D('',#4083,#4084,#4085);
#4083 = CARTESIAN_POINT('',(24.303560939794,60.651982378855,23.05));
#4084 = DIRECTION('',(1.,-1.224646799147E-16,0.));
#4085 = DIRECTION('',(-1.224646799147E-16,-1.,0.));
#4086 = ADVANCED_FACE('',(#4087),#4112,.F.);
#4087 = FACE_BOUND('',#4088,.F.);
#4088 = EDGE_LOOP('',(#4089,#4099,#4105,#4106));
#4089 = ORIENTED_EDGE('',*,*,#4090,.F.);
#4090 = EDGE_CURVE('',#4091,#4093,#4095,.T.);
#4091 = VERTEX_POINT('',#4092);
#4092 = CARTESIAN_POINT('',(26.717584434655,60.651982378855,23.05));
#4093 = VERTEX_POINT('',#4094);
#4094 = CARTESIAN_POINT('',(27.36248164464,58.543245227606,23.05));
#4095 = LINE('',#4096,#4097);
#4096 = CARTESIAN_POINT('',(26.717584434655,60.651982378855,23.05));
#4097 = VECTOR('',#4098,1.);
#4098 = DIRECTION('',(0.292451149107,-0.956280463769,0.));
#4099 = ORIENTED_EDGE('',*,*,#4100,.T.);
#4100 = EDGE_CURVE('',#4091,#1296,#4101,.T.);
#4101 = LINE('',#4102,#4103);
#4102 = CARTESIAN_POINT('',(26.717584434655,60.651982378855,23.05));
#4103 = VECTOR('',#4104,1.);
#4104 = DIRECTION('',(0.,0.,1.));
#4105 = ORIENTED_EDGE('',*,*,#1293,.F.);
#4106 = ORIENTED_EDGE('',*,*,#4107,.F.);
#4107 = EDGE_CURVE('',#4093,#1294,#4108,.T.);
#4108 = LINE('',#4109,#4110);
#4109 = CARTESIAN_POINT('',(27.36248164464,58.543245227606,23.05));
#4110 = VECTOR('',#4111,1.);
#4111 = DIRECTION('',(0.,0.,1.));
#4112 = PLANE('',#4113);
#4113 = AXIS2_PLACEMENT_3D('',#4114,#4115,#4116);
#4114 = CARTESIAN_POINT('',(26.717584434655,60.651982378855,23.05));
#4115 = DIRECTION('',(0.956280463769,0.292451149107,0.));
#4116 = DIRECTION('',(0.292451149107,-0.956280463769,0.));
#4117 = ADVANCED_FACE('',(#4118),#4136,.F.);
#4118 = FACE_BOUND('',#4119,.F.);
#4119 = EDGE_LOOP('',(#4120,#4128,#4134,#4135));
#4120 = ORIENTED_EDGE('',*,*,#4121,.F.);
#4121 = EDGE_CURVE('',#4122,#4091,#4124,.T.);
#4122 = VERTEX_POINT('',#4123);
#4123 = CARTESIAN_POINT('',(24.695264317181,60.651982378855,23.05));
#4124 = LINE('',#4125,#4126);
#4125 = CARTESIAN_POINT('',(24.695264317181,60.651982378855,23.05));
#4126 = VECTOR('',#4127,1.);
#4127 = DIRECTION('',(1.,-1.224646799147E-16,0.));
#4128 = ORIENTED_EDGE('',*,*,#4129,.T.);
#4129 = EDGE_CURVE('',#4122,#1344,#4130,.T.);
#4130 = LINE('',#4131,#4132);
#4131 = CARTESIAN_POINT('',(24.695264317181,60.651982378855,23.05));
#4132 = VECTOR('',#4133,1.);
#4133 = DIRECTION('',(0.,0.,1.));
#4134 = ORIENTED_EDGE('',*,*,#1351,.F.);
#4135 = ORIENTED_EDGE('',*,*,#4100,.F.);
#4136 = PLANE('',#4137);
#4137 = AXIS2_PLACEMENT_3D('',#4138,#4139,#4140);
#4138 = CARTESIAN_POINT('',(24.695264317181,60.651982378855,23.05));
#4139 = DIRECTION('',(1.224646799147E-16,1.,0.));
#4140 = DIRECTION('',(1.,-1.224646799147E-16,0.));
#4141 = ADVANCED_FACE('',(#4142),#4160,.F.);
#4142 = FACE_BOUND('',#4143,.F.);
#4143 = EDGE_LOOP('',(#4144,#4152,#4158,#4159));
#4144 = ORIENTED_EDGE('',*,*,#4145,.F.);
#4145 = EDGE_CURVE('',#4146,#4122,#4148,.T.);
#4146 = VERTEX_POINT('',#4147);
#4147 = CARTESIAN_POINT('',(27.833737151248,51.757488986784,23.05));
#4148 = LINE('',#4149,#4150);
#4149 = CARTESIAN_POINT('',(27.833737151248,51.757488986784,23.05));
#4150 = VECTOR('',#4151,1.);
#4151 = DIRECTION('',(-0.332748453146,0.943015623905,0.));
#4152 = ORIENTED_EDGE('',*,*,#4153,.T.);
#4153 = EDGE_CURVE('',#4146,#1336,#4154,.T.);
#4154 = LINE('',#4155,#4156);
#4155 = CARTESIAN_POINT('',(27.833737151248,51.757488986784,23.05));
#4156 = VECTOR('',#4157,1.);
#4157 = DIRECTION('',(0.,0.,1.));
#4158 = ORIENTED_EDGE('',*,*,#1343,.F.);
#4159 = ORIENTED_EDGE('',*,*,#4129,.F.);
#4160 = PLANE('',#4161);
#4161 = AXIS2_PLACEMENT_3D('',#4162,#4163,#4164);
#4162 = CARTESIAN_POINT('',(27.833737151248,51.757488986784,23.05));
#4163 = DIRECTION('',(-0.943015623905,-0.332748453146,0.));
#4164 = DIRECTION('',(-0.332748453146,0.943015623905,0.));
#4165 = ADVANCED_FACE('',(#4166),#4184,.F.);
#4166 = FACE_BOUND('',#4167,.F.);
#4167 = EDGE_LOOP('',(#4168,#4176,#4182,#4183));
#4168 = ORIENTED_EDGE('',*,*,#4169,.F.);
#4169 = EDGE_CURVE('',#4170,#4146,#4172,.T.);
#4170 = VERTEX_POINT('',#4171);
#4171 = CARTESIAN_POINT('',(30.129038179148,51.757488986784,23.05));
#4172 = LINE('',#4173,#4174);
#4173 = CARTESIAN_POINT('',(30.129038179148,51.757488986784,23.05));
#4174 = VECTOR('',#4175,1.);
#4175 = DIRECTION('',(-1.,1.224646799147E-16,0.));
#4176 = ORIENTED_EDGE('',*,*,#4177,.T.);
#4177 = EDGE_CURVE('',#4170,#1328,#4178,.T.);
#4178 = LINE('',#4179,#4180);
#4179 = CARTESIAN_POINT('',(30.129038179148,51.757488986784,23.05));
#4180 = VECTOR('',#4181,1.);
#4181 = DIRECTION('',(0.,0.,1.));
#4182 = ORIENTED_EDGE('',*,*,#1335,.F.);
#4183 = ORIENTED_EDGE('',*,*,#4153,.F.);
#4184 = PLANE('',#4185);
#4185 = AXIS2_PLACEMENT_3D('',#4186,#4187,#4188);
#4186 = CARTESIAN_POINT('',(30.129038179148,51.757488986784,23.05));
#4187 = DIRECTION('',(-1.224646799147E-16,-1.,0.));
#4188 = DIRECTION('',(-1.,1.224646799147E-16,0.));
#4189 = ADVANCED_FACE('',(#4190),#4208,.F.);
#4190 = FACE_BOUND('',#4191,.F.);
#4191 = EDGE_LOOP('',(#4192,#4200,#4206,#4207));
#4192 = ORIENTED_EDGE('',*,*,#4193,.F.);
#4193 = EDGE_CURVE('',#4194,#4170,#4196,.T.);
#4194 = VERTEX_POINT('',#4195);
#4195 = CARTESIAN_POINT('',(33.254992657856,60.651982378855,23.05));
#4196 = LINE('',#4197,#4198);
#4197 = CARTESIAN_POINT('',(33.254992657856,60.651982378855,23.05));
#4198 = VECTOR('',#4199,1.);
#4199 = DIRECTION('',(-0.331567398058,-0.943431534636,0.));
#4200 = ORIENTED_EDGE('',*,*,#4201,.T.);
#4201 = EDGE_CURVE('',#4194,#1320,#4202,.T.);
#4202 = LINE('',#4203,#4204);
#4203 = CARTESIAN_POINT('',(33.254992657856,60.651982378855,23.05));
#4204 = VECTOR('',#4205,1.);
#4205 = DIRECTION('',(0.,0.,1.));
#4206 = ORIENTED_EDGE('',*,*,#1327,.F.);
#4207 = ORIENTED_EDGE('',*,*,#4177,.F.);
#4208 = PLANE('',#4209);
#4209 = AXIS2_PLACEMENT_3D('',#4210,#4211,#4212);
#4210 = CARTESIAN_POINT('',(33.254992657856,60.651982378855,23.05));
#4211 = DIRECTION('',(0.943431534636,-0.331567398058,0.));
#4212 = DIRECTION('',(-0.331567398058,-0.943431534636,0.));
#4213 = ADVANCED_FACE('',(#4214),#4232,.F.);
#4214 = FACE_BOUND('',#4215,.F.);
#4215 = EDGE_LOOP('',(#4216,#4224,#4230,#4231));
#4216 = ORIENTED_EDGE('',*,*,#4217,.F.);
#4217 = EDGE_CURVE('',#4218,#4194,#4220,.T.);
#4218 = VERTEX_POINT('',#4219);
#4219 = CARTESIAN_POINT('',(31.233076358297,60.651982378855,23.05));
#4220 = LINE('',#4221,#4222);
#4221 = CARTESIAN_POINT('',(31.233076358297,60.651982378855,23.05));
#4222 = VECTOR('',#4223,1.);
#4223 = DIRECTION('',(1.,-1.224646799147E-16,0.));
#4224 = ORIENTED_EDGE('',*,*,#4225,.T.);
#4225 = EDGE_CURVE('',#4218,#1312,#4226,.T.);
#4226 = LINE('',#4227,#4228);
#4227 = CARTESIAN_POINT('',(31.233076358297,60.651982378855,23.05));
#4228 = VECTOR('',#4229,1.);
#4229 = DIRECTION('',(0.,0.,1.));
#4230 = ORIENTED_EDGE('',*,*,#1319,.F.);
#4231 = ORIENTED_EDGE('',*,*,#4201,.F.);
#4232 = PLANE('',#4233);
#4233 = AXIS2_PLACEMENT_3D('',#4234,#4235,#4236);
#4234 = CARTESIAN_POINT('',(31.233076358297,60.651982378855,23.05));
#4235 = DIRECTION('',(1.224646799147E-16,1.,0.));
#4236 = DIRECTION('',(1.,-1.224646799147E-16,0.));
#4237 = ADVANCED_FACE('',(#4238),#4256,.F.);
#4238 = FACE_BOUND('',#4239,.F.);
#4239 = EDGE_LOOP('',(#4240,#4248,#4254,#4255));
#4240 = ORIENTED_EDGE('',*,*,#4241,.F.);
#4241 = EDGE_CURVE('',#4242,#4218,#4244,.T.);
#4242 = VERTEX_POINT('',#4243);
#4243 = CARTESIAN_POINT('',(30.587775330396,58.543245227606,23.05));
#4244 = LINE('',#4245,#4246);
#4245 = CARTESIAN_POINT('',(30.587775330396,58.543245227606,23.05));
#4246 = VECTOR('',#4247,1.);
#4247 = DIRECTION('',(0.292618598698,0.956229238047,0.));
#4248 = ORIENTED_EDGE('',*,*,#4249,.T.);
#4249 = EDGE_CURVE('',#4242,#1304,#4250,.T.);
#4250 = LINE('',#4251,#4252);
#4251 = CARTESIAN_POINT('',(30.587775330396,58.543245227606,23.05));
#4252 = VECTOR('',#4253,1.);
#4253 = DIRECTION('',(0.,0.,1.));
#4254 = ORIENTED_EDGE('',*,*,#1311,.F.);
#4255 = ORIENTED_EDGE('',*,*,#4225,.F.);
#4256 = PLANE('',#4257);
#4257 = AXIS2_PLACEMENT_3D('',#4258,#4259,#4260);
#4258 = CARTESIAN_POINT('',(30.587775330396,58.543245227606,23.05));
#4259 = DIRECTION('',(-0.956229238047,0.292618598698,0.));
#4260 = DIRECTION('',(0.292618598698,0.956229238047,0.));
#4261 = ADVANCED_FACE('',(#4262),#4273,.F.);
#4262 = FACE_BOUND('',#4263,.F.);
#4263 = EDGE_LOOP('',(#4264,#4270,#4271,#4272));
#4264 = ORIENTED_EDGE('',*,*,#4265,.F.);
#4265 = EDGE_CURVE('',#4093,#4242,#4266,.T.);
#4266 = LINE('',#4267,#4268);
#4267 = CARTESIAN_POINT('',(27.36248164464,58.543245227606,23.05));
#4268 = VECTOR('',#4269,1.);
#4269 = DIRECTION('',(1.,-1.224646799147E-16,0.));
#4270 = ORIENTED_EDGE('',*,*,#4107,.T.);
#4271 = ORIENTED_EDGE('',*,*,#1303,.F.);
#4272 = ORIENTED_EDGE('',*,*,#4249,.F.);
#4273 = PLANE('',#4274);
#4274 = AXIS2_PLACEMENT_3D('',#4275,#4276,#4277);
#4275 = CARTESIAN_POINT('',(27.36248164464,58.543245227606,23.05));
#4276 = DIRECTION('',(1.224646799147E-16,1.,0.));
#4277 = DIRECTION('',(1.,-1.224646799147E-16,0.));
#4278 = ADVANCED_FACE('',(#4279),#4304,.F.);
#4279 = FACE_BOUND('',#4280,.F.);
#4280 = EDGE_LOOP('',(#4281,#4291,#4297,#4298));
#4281 = ORIENTED_EDGE('',*,*,#4282,.F.);
#4282 = EDGE_CURVE('',#4283,#4285,#4287,.T.);
#4283 = VERTEX_POINT('',#4284);
#4284 = CARTESIAN_POINT('',(34.809691629956,59.3,23.05));
#4285 = VERTEX_POINT('',#4286);
#4286 = CARTESIAN_POINT('',(34.214464023495,59.237812041116,23.05));
#4287 = B_SPLINE_CURVE_WITH_KNOTS('',2,(#4288,#4289,#4290),
  .UNSPECIFIED.,.F.,.F.,(3,3),(0.,1.),.PIECEWISE_BEZIER_KNOTS.);
#4288 = CARTESIAN_POINT('',(34.809691629956,59.3,23.05));
#4289 = CARTESIAN_POINT('',(34.499559471366,59.3,23.05));
#4290 = CARTESIAN_POINT('',(34.214464023495,59.237812041116,23.05));
#4291 = ORIENTED_EDGE('',*,*,#4292,.T.);
#4292 = EDGE_CURVE('',#4283,#1362,#4293,.T.);
#4293 = LINE('',#4294,#4295);
#4294 = CARTESIAN_POINT('',(34.809691629956,59.3,23.05));
#4295 = VECTOR('',#4296,1.);
#4296 = DIRECTION('',(0.,0.,1.));
#4297 = ORIENTED_EDGE('',*,*,#1359,.F.);
#4298 = ORIENTED_EDGE('',*,*,#4299,.F.);
#4299 = EDGE_CURVE('',#4285,#1360,#4300,.T.);
#4300 = LINE('',#4301,#4302);
#4301 = CARTESIAN_POINT('',(34.214464023495,59.237812041116,23.05));
#4302 = VECTOR('',#4303,1.);
#4303 = DIRECTION('',(0.,0.,1.));
#4304 = SURFACE_OF_LINEAR_EXTRUSION('',#4305,#4309);
#4305 = B_SPLINE_CURVE_WITH_KNOTS('',2,(#4306,#4307,#4308),
  .UNSPECIFIED.,.F.,.F.,(3,3),(0.,1.),.PIECEWISE_BEZIER_KNOTS.);
#4306 = CARTESIAN_POINT('',(34.809691629956,59.3,23.05));
#4307 = CARTESIAN_POINT('',(34.499559471366,59.3,23.05));
#4308 = CARTESIAN_POINT('',(34.214464023495,59.237812041116,23.05));
#4309 = VECTOR('',#4310,1.);
#4310 = DIRECTION('',(0.,0.,-1.));
#4311 = ADVANCED_FACE('',(#4312),#4330,.F.);
#4312 = FACE_BOUND('',#4313,.F.);
#4313 = EDGE_LOOP('',(#4314,#4322,#4328,#4329));
#4314 = ORIENTED_EDGE('',*,*,#4315,.F.);
#4315 = EDGE_CURVE('',#4316,#4283,#4318,.T.);
#4316 = VERTEX_POINT('',#4317);
#4317 = CARTESIAN_POINT('',(35.392804698972,59.10778267254,23.05));
#4318 = B_SPLINE_CURVE_WITH_KNOTS('',2,(#4319,#4320,#4321),
  .UNSPECIFIED.,.F.,.F.,(3,3),(0.,1.),.PIECEWISE_BEZIER_KNOTS.);
#4319 = CARTESIAN_POINT('',(35.392804698972,59.10778267254,23.05));
#4320 = CARTESIAN_POINT('',(35.16949339207,59.3,23.05));
#4321 = CARTESIAN_POINT('',(34.809691629956,59.3,23.05));
#4322 = ORIENTED_EDGE('',*,*,#4323,.T.);
#4323 = EDGE_CURVE('',#4316,#1551,#4324,.T.);
#4324 = LINE('',#4325,#4326);
#4325 = CARTESIAN_POINT('',(35.392804698972,59.10778267254,23.05));
#4326 = VECTOR('',#4327,1.);
#4327 = DIRECTION('',(0.,0.,1.));
#4328 = ORIENTED_EDGE('',*,*,#1567,.F.);
#4329 = ORIENTED_EDGE('',*,*,#4292,.F.);
#4330 = SURFACE_OF_LINEAR_EXTRUSION('',#4331,#4335);
#4331 = B_SPLINE_CURVE_WITH_KNOTS('',2,(#4332,#4333,#4334),
  .UNSPECIFIED.,.F.,.F.,(3,3),(0.,1.),.PIECEWISE_BEZIER_KNOTS.);
#4332 = CARTESIAN_POINT('',(35.392804698972,59.10778267254,23.05));
#4333 = CARTESIAN_POINT('',(35.16949339207,59.3,23.05));
#4334 = CARTESIAN_POINT('',(34.809691629956,59.3,23.05));
#4335 = VECTOR('',#4336,1.);
#4336 = DIRECTION('',(0.,0.,-1.));
#4337 = ADVANCED_FACE('',(#4338),#4356,.F.);
#4338 = FACE_BOUND('',#4339,.F.);
#4339 = EDGE_LOOP('',(#4340,#4348,#4354,#4355));
#4340 = ORIENTED_EDGE('',*,*,#4341,.F.);
#4341 = EDGE_CURVE('',#4342,#4316,#4344,.T.);
#4342 = VERTEX_POINT('',#4343);
#4343 = CARTESIAN_POINT('',(35.616116005874,58.530726872247,23.05));
#4344 = B_SPLINE_CURVE_WITH_KNOTS('',2,(#4345,#4346,#4347),
  .UNSPECIFIED.,.F.,.F.,(3,3),(0.,1.),.PIECEWISE_BEZIER_KNOTS.);
#4345 = CARTESIAN_POINT('',(35.616116005874,58.530726872247,23.05));
#4346 = CARTESIAN_POINT('',(35.616116005874,58.915161527166,23.05));
#4347 = CARTESIAN_POINT('',(35.392804698972,59.10778267254,23.05));
#4348 = ORIENTED_EDGE('',*,*,#4349,.T.);
#4349 = EDGE_CURVE('',#4342,#1543,#4350,.T.);
#4350 = LINE('',#4351,#4352);
#4351 = CARTESIAN_POINT('',(35.616116005874,58.530726872247,23.05));
#4352 = VECTOR('',#4353,1.);
#4353 = DIRECTION('',(0.,0.,1.));
#4354 = ORIENTED_EDGE('',*,*,#1550,.F.);
#4355 = ORIENTED_EDGE('',*,*,#4323,.F.);
#4356 = SURFACE_OF_LINEAR_EXTRUSION('',#4357,#4361);
#4357 = B_SPLINE_CURVE_WITH_KNOTS('',2,(#4358,#4359,#4360),
  .UNSPECIFIED.,.F.,.F.,(3,3),(0.,1.),.PIECEWISE_BEZIER_KNOTS.);
#4358 = CARTESIAN_POINT('',(35.616116005874,58.530726872247,23.05));
#4359 = CARTESIAN_POINT('',(35.616116005874,58.915161527166,23.05));
#4360 = CARTESIAN_POINT('',(35.392804698972,59.10778267254,23.05));
#4361 = VECTOR('',#4362,1.);
#4362 = DIRECTION('',(0.,0.,-1.));
#4363 = ADVANCED_FACE('',(#4364),#4382,.F.);
#4364 = FACE_BOUND('',#4365,.F.);
#4365 = EDGE_LOOP('',(#4366,#4374,#4380,#4381));
#4366 = ORIENTED_EDGE('',*,*,#4367,.F.);
#4367 = EDGE_CURVE('',#4368,#4342,#4370,.T.);
#4368 = VERTEX_POINT('',#4369);
#4369 = CARTESIAN_POINT('',(35.616116005874,55.268281938326,23.05));
#4370 = LINE('',#4371,#4372);
#4371 = CARTESIAN_POINT('',(35.616116005874,55.268281938326,23.05));
#4372 = VECTOR('',#4373,1.);
#4373 = DIRECTION('',(1.224646799147E-16,1.,0.));
#4374 = ORIENTED_EDGE('',*,*,#4375,.T.);
#4375 = EDGE_CURVE('',#4368,#1535,#4376,.T.);
#4376 = LINE('',#4377,#4378);
#4377 = CARTESIAN_POINT('',(35.616116005874,55.268281938326,23.05));
#4378 = VECTOR('',#4379,1.);
#4379 = DIRECTION('',(0.,0.,1.));
#4380 = ORIENTED_EDGE('',*,*,#1542,.F.);
#4381 = ORIENTED_EDGE('',*,*,#4349,.F.);
#4382 = PLANE('',#4383);
#4383 = AXIS2_PLACEMENT_3D('',#4384,#4385,#4386);
#4384 = CARTESIAN_POINT('',(35.616116005874,55.268281938326,23.05));
#4385 = DIRECTION('',(-1.,1.224646799147E-16,0.));
#4386 = DIRECTION('',(1.224646799147E-16,1.,0.));
#4387 = ADVANCED_FACE('',(#4388),#4406,.F.);
#4388 = FACE_BOUND('',#4389,.F.);
#4389 = EDGE_LOOP('',(#4390,#4398,#4404,#4405));
#4390 = ORIENTED_EDGE('',*,*,#4391,.F.);
#4391 = EDGE_CURVE('',#4392,#4368,#4394,.T.);
#4392 = VERTEX_POINT('',#4393);
#4393 = CARTESIAN_POINT('',(33.718171806167,55.268281938326,23.05));
#4394 = LINE('',#4395,#4396);
#4395 = CARTESIAN_POINT('',(33.718171806167,55.268281938326,23.05));
#4396 = VECTOR('',#4397,1.);
#4397 = DIRECTION('',(1.,-1.224646799147E-16,0.));
#4398 = ORIENTED_EDGE('',*,*,#4399,.T.);
#4399 = EDGE_CURVE('',#4392,#1527,#4400,.T.);
#4400 = LINE('',#4401,#4402);
#4401 = CARTESIAN_POINT('',(33.718171806167,55.268281938326,23.05));
#4402 = VECTOR('',#4403,1.);
#4403 = DIRECTION('',(0.,0.,1.));
#4404 = ORIENTED_EDGE('',*,*,#1534,.F.);
#4405 = ORIENTED_EDGE('',*,*,#4375,.F.);
#4406 = PLANE('',#4407);
#4407 = AXIS2_PLACEMENT_3D('',#4408,#4409,#4410);
#4408 = CARTESIAN_POINT('',(33.718171806167,55.268281938326,23.05));
#4409 = DIRECTION('',(1.224646799147E-16,1.,0.));
#4410 = DIRECTION('',(1.,-1.224646799147E-16,0.));
#4411 = ADVANCED_FACE('',(#4412),#4430,.F.);
#4412 = FACE_BOUND('',#4413,.F.);
#4413 = EDGE_LOOP('',(#4414,#4422,#4428,#4429));
#4414 = ORIENTED_EDGE('',*,*,#4415,.F.);
#4415 = EDGE_CURVE('',#4416,#4392,#4418,.T.);
#4416 = VERTEX_POINT('',#4417);
#4417 = CARTESIAN_POINT('',(33.718171806167,53.878744493392,23.05));
#4418 = LINE('',#4419,#4420);
#4419 = CARTESIAN_POINT('',(33.718171806167,53.878744493392,23.05));
#4420 = VECTOR('',#4421,1.);
#4421 = DIRECTION('',(1.224646799147E-16,1.,0.));
#4422 = ORIENTED_EDGE('',*,*,#4423,.T.);
#4423 = EDGE_CURVE('',#4416,#1519,#4424,.T.);
#4424 = LINE('',#4425,#4426);
#4425 = CARTESIAN_POINT('',(33.718171806167,53.878744493392,23.05));
#4426 = VECTOR('',#4427,1.);
#4427 = DIRECTION('',(0.,0.,1.));
#4428 = ORIENTED_EDGE('',*,*,#1526,.F.);
#4429 = ORIENTED_EDGE('',*,*,#4399,.F.);
#4430 = PLANE('',#4431);
#4431 = AXIS2_PLACEMENT_3D('',#4432,#4433,#4434);
#4432 = CARTESIAN_POINT('',(33.718171806167,53.878744493392,23.05));
#4433 = DIRECTION('',(-1.,1.224646799147E-16,0.));
#4434 = DIRECTION('',(1.224646799147E-16,1.,0.));
#4435 = ADVANCED_FACE('',(#4436),#4454,.F.);
#4436 = FACE_BOUND('',#4437,.F.);
#4437 = EDGE_LOOP('',(#4438,#4446,#4452,#4453));
#4438 = ORIENTED_EDGE('',*,*,#4439,.F.);
#4439 = EDGE_CURVE('',#4440,#4416,#4442,.T.);
#4440 = VERTEX_POINT('',#4441);
#4441 = CARTESIAN_POINT('',(35.616116005874,53.878744493392,23.05));
#4442 = LINE('',#4443,#4444);
#4443 = CARTESIAN_POINT('',(35.616116005874,53.878744493392,23.05));
#4444 = VECTOR('',#4445,1.);
#4445 = DIRECTION('',(-1.,1.224646799147E-16,0.));
#4446 = ORIENTED_EDGE('',*,*,#4447,.T.);
#4447 = EDGE_CURVE('',#4440,#1511,#4448,.T.);
#4448 = LINE('',#4449,#4450);
#4449 = CARTESIAN_POINT('',(35.616116005874,53.878744493392,23.05));
#4450 = VECTOR('',#4451,1.);
#4451 = DIRECTION('',(0.,0.,1.));
#4452 = ORIENTED_EDGE('',*,*,#1518,.F.);
#4453 = ORIENTED_EDGE('',*,*,#4423,.F.);
#4454 = PLANE('',#4455);
#4455 = AXIS2_PLACEMENT_3D('',#4456,#4457,#4458);
#4456 = CARTESIAN_POINT('',(35.616116005874,53.878744493392,23.05));
#4457 = DIRECTION('',(-1.224646799147E-16,-1.,0.));
#4458 = DIRECTION('',(-1.,1.224646799147E-16,0.));
#4459 = ADVANCED_FACE('',(#4460),#4478,.F.);
#4460 = FACE_BOUND('',#4461,.F.);
#4461 = EDGE_LOOP('',(#4462,#4470,#4476,#4477));
#4462 = ORIENTED_EDGE('',*,*,#4463,.F.);
#4463 = EDGE_CURVE('',#4464,#4440,#4466,.T.);
#4464 = VERTEX_POINT('',#4465);
#4465 = CARTESIAN_POINT('',(35.616116005874,52.439537444934,23.05));
#4466 = LINE('',#4467,#4468);
#4467 = CARTESIAN_POINT('',(35.616116005874,52.439537444934,23.05));
#4468 = VECTOR('',#4469,1.);
#4469 = DIRECTION('',(1.224646799147E-16,1.,0.));
#4470 = ORIENTED_EDGE('',*,*,#4471,.T.);
#4471 = EDGE_CURVE('',#4464,#1503,#4472,.T.);
#4472 = LINE('',#4473,#4474);
#4473 = CARTESIAN_POINT('',(35.616116005874,52.439537444934,23.05));
#4474 = VECTOR('',#4475,1.);
#4475 = DIRECTION('',(0.,0.,1.));
#4476 = ORIENTED_EDGE('',*,*,#1510,.F.);
#4477 = ORIENTED_EDGE('',*,*,#4447,.F.);
#4478 = PLANE('',#4479);
#4479 = AXIS2_PLACEMENT_3D('',#4480,#4481,#4482);
#4480 = CARTESIAN_POINT('',(35.616116005874,52.439537444934,23.05));
#4481 = DIRECTION('',(-1.,1.224646799147E-16,0.));
#4482 = DIRECTION('',(1.224646799147E-16,1.,0.));
#4483 = ADVANCED_FACE('',(#4484),#4502,.F.);
#4484 = FACE_BOUND('',#4485,.F.);
#4485 = EDGE_LOOP('',(#4486,#4494,#4500,#4501));
#4486 = ORIENTED_EDGE('',*,*,#4487,.F.);
#4487 = EDGE_CURVE('',#4488,#4464,#4490,.T.);
#4488 = VERTEX_POINT('',#4489);
#4489 = CARTESIAN_POINT('',(36.794456681351,52.439537444934,23.05));
#4490 = LINE('',#4491,#4492);
#4491 = CARTESIAN_POINT('',(36.794456681351,52.439537444934,23.05));
#4492 = VECTOR('',#4493,1.);
#4493 = DIRECTION('',(-1.,1.224646799147E-16,0.));
#4494 = ORIENTED_EDGE('',*,*,#4495,.T.);
#4495 = EDGE_CURVE('',#4488,#1495,#4496,.T.);
#4496 = LINE('',#4497,#4498);
#4497 = CARTESIAN_POINT('',(36.794456681351,52.439537444934,23.05));
#4498 = VECTOR('',#4499,1.);
#4499 = DIRECTION('',(0.,0.,1.));
#4500 = ORIENTED_EDGE('',*,*,#1502,.F.);
#4501 = ORIENTED_EDGE('',*,*,#4471,.F.);
#4502 = PLANE('',#4503);
#4503 = AXIS2_PLACEMENT_3D('',#4504,#4505,#4506);
#4504 = CARTESIAN_POINT('',(36.794456681351,52.439537444934,23.05));
#4505 = DIRECTION('',(-1.224646799147E-16,-1.,0.));
#4506 = DIRECTION('',(-1.,1.224646799147E-16,0.));
#4507 = ADVANCED_FACE('',(#4508),#4526,.F.);
#4508 = FACE_BOUND('',#4509,.F.);
#4509 = EDGE_LOOP('',(#4510,#4518,#4524,#4525));
#4510 = ORIENTED_EDGE('',*,*,#4511,.F.);
#4511 = EDGE_CURVE('',#4512,#4488,#4514,.T.);
#4512 = VERTEX_POINT('',#4513);
#4513 = CARTESIAN_POINT('',(37.327900146843,53.866226138032,23.05));
#4514 = LINE('',#4515,#4516);
#4515 = CARTESIAN_POINT('',(37.327900146843,53.866226138032,23.05));
#4516 = VECTOR('',#4517,1.);
#4517 = DIRECTION('',(-0.350222599863,-0.936666499105,0.));
#4518 = ORIENTED_EDGE('',*,*,#4519,.T.);
#4519 = EDGE_CURVE('',#4512,#1487,#4520,.T.);
#4520 = LINE('',#4521,#4522);
#4521 = CARTESIAN_POINT('',(37.327900146843,53.866226138032,23.05));
#4522 = VECTOR('',#4523,1.);
#4523 = DIRECTION('',(0.,0.,1.));
#4524 = ORIENTED_EDGE('',*,*,#1494,.F.);
#4525 = ORIENTED_EDGE('',*,*,#4495,.F.);
#4526 = PLANE('',#4527);
#4527 = AXIS2_PLACEMENT_3D('',#4528,#4529,#4530);
#4528 = CARTESIAN_POINT('',(37.327900146843,53.866226138032,23.05));
#4529 = DIRECTION('',(0.936666499105,-0.350222599863,0.));
#4530 = DIRECTION('',(-0.350222599863,-0.936666499105,0.));
#4531 = ADVANCED_FACE('',(#4532),#4550,.F.);
#4532 = FACE_BOUND('',#4533,.F.);
#4533 = EDGE_LOOP('',(#4534,#4542,#4548,#4549));
#4534 = ORIENTED_EDGE('',*,*,#4535,.F.);
#4535 = EDGE_CURVE('',#4536,#4512,#4538,.T.);
#4536 = VERTEX_POINT('',#4537);
#4537 = CARTESIAN_POINT('',(38.345117474302,54.486490455213,23.05));
#4538 = LINE('',#4539,#4540);
#4539 = CARTESIAN_POINT('',(38.345117474302,54.486490455213,23.05));
#4540 = VECTOR('',#4541,1.);
#4541 = DIRECTION('',(-0.853792501217,-0.520613450524,0.));
#4542 = ORIENTED_EDGE('',*,*,#4543,.T.);
#4543 = EDGE_CURVE('',#4536,#1479,#4544,.T.);
#4544 = LINE('',#4545,#4546);
#4545 = CARTESIAN_POINT('',(38.345117474302,54.486490455213,23.05));
#4546 = VECTOR('',#4547,1.);
#4547 = DIRECTION('',(0.,0.,1.));
#4548 = ORIENTED_EDGE('',*,*,#1486,.F.);
#4549 = ORIENTED_EDGE('',*,*,#4519,.F.);
#4550 = PLANE('',#4551);
#4551 = AXIS2_PLACEMENT_3D('',#4552,#4553,#4554);
#4552 = CARTESIAN_POINT('',(38.345117474302,54.486490455213,23.05));
#4553 = DIRECTION('',(0.520613450524,-0.853792501217,0.));
#4554 = DIRECTION('',(-0.853792501217,-0.520613450524,0.));
#4555 = ADVANCED_FACE('',(#4556),#4574,.F.);
#4556 = FACE_BOUND('',#4557,.F.);
#4557 = EDGE_LOOP('',(#4558,#4566,#4572,#4573));
#4558 = ORIENTED_EDGE('',*,*,#4559,.F.);
#4559 = EDGE_CURVE('',#4560,#4536,#4562,.T.);
#4560 = VERTEX_POINT('',#4561);
#4561 = CARTESIAN_POINT('',(38.345117474302,55.268281938326,23.05));
#4562 = LINE('',#4563,#4564);
#4563 = CARTESIAN_POINT('',(38.345117474302,55.268281938326,23.05));
#4564 = VECTOR('',#4565,1.);
#4565 = DIRECTION('',(-1.224646799147E-16,-1.,0.));
#4566 = ORIENTED_EDGE('',*,*,#4567,.T.);
#4567 = EDGE_CURVE('',#4560,#1471,#4568,.T.);
#4568 = LINE('',#4569,#4570);
#4569 = CARTESIAN_POINT('',(38.345117474302,55.268281938326,23.05));
#4570 = VECTOR('',#4571,1.);
#4571 = DIRECTION('',(0.,0.,1.));
#4572 = ORIENTED_EDGE('',*,*,#1478,.F.);
#4573 = ORIENTED_EDGE('',*,*,#4543,.F.);
#4574 = PLANE('',#4575);
#4575 = AXIS2_PLACEMENT_3D('',#4576,#4577,#4578);
#4576 = CARTESIAN_POINT('',(38.345117474302,55.268281938326,23.05));
#4577 = DIRECTION('',(1.,-1.224646799147E-16,0.));
#4578 = DIRECTION('',(-1.224646799147E-16,-1.,0.));
#4579 = ADVANCED_FACE('',(#4580),#4598,.F.);
#4580 = FACE_BOUND('',#4581,.F.);
#4581 = EDGE_LOOP('',(#4582,#4590,#4596,#4597));
#4582 = ORIENTED_EDGE('',*,*,#4583,.F.);
#4583 = EDGE_CURVE('',#4584,#4560,#4586,.T.);
#4584 = VERTEX_POINT('',#4585);
#4585 = CARTESIAN_POINT('',(37.464390602056,55.268281938326,23.05));
#4586 = LINE('',#4587,#4588);
#4587 = CARTESIAN_POINT('',(37.464390602056,55.268281938326,23.05));
#4588 = VECTOR('',#4589,1.);
#4589 = DIRECTION('',(1.,-1.224646799147E-16,0.));
#4590 = ORIENTED_EDGE('',*,*,#4591,.T.);
#4591 = EDGE_CURVE('',#4584,#1463,#4592,.T.);
#4592 = LINE('',#4593,#4594);
#4593 = CARTESIAN_POINT('',(37.464390602056,55.268281938326,23.05));
#4594 = VECTOR('',#4595,1.);
#4595 = DIRECTION('',(0.,0.,1.));
#4596 = ORIENTED_EDGE('',*,*,#1470,.F.);
#4597 = ORIENTED_EDGE('',*,*,#4567,.F.);
#4598 = PLANE('',#4599);
#4599 = AXIS2_PLACEMENT_3D('',#4600,#4601,#4602);
#4600 = CARTESIAN_POINT('',(37.464390602056,55.268281938326,23.05));
#4601 = DIRECTION('',(1.224646799147E-16,1.,0.));
#4602 = DIRECTION('',(1.,-1.224646799147E-16,0.));
#4603 = ADVANCED_FACE('',(#4604),#4622,.F.);
#4604 = FACE_BOUND('',#4605,.F.);
#4605 = EDGE_LOOP('',(#4606,#4614,#4620,#4621));
#4606 = ORIENTED_EDGE('',*,*,#4607,.F.);
#4607 = EDGE_CURVE('',#4608,#4584,#4610,.T.);
#4608 = VERTEX_POINT('',#4609);
#4609 = CARTESIAN_POINT('',(37.464390602056,58.530726872247,23.05));
#4610 = LINE('',#4611,#4612);
#4611 = CARTESIAN_POINT('',(37.464390602056,58.530726872247,23.05));
#4612 = VECTOR('',#4613,1.);
#4613 = DIRECTION('',(-1.224646799147E-16,-1.,0.));
#4614 = ORIENTED_EDGE('',*,*,#4615,.T.);
#4615 = EDGE_CURVE('',#4608,#1446,#4616,.T.);
#4616 = LINE('',#4617,#4618);
#4617 = CARTESIAN_POINT('',(37.464390602056,58.530726872247,23.05));
#4618 = VECTOR('',#4619,1.);
#4619 = DIRECTION('',(0.,0.,1.));
#4620 = ORIENTED_EDGE('',*,*,#1462,.F.);
#4621 = ORIENTED_EDGE('',*,*,#4591,.F.);
#4622 = PLANE('',#4623);
#4623 = AXIS2_PLACEMENT_3D('',#4624,#4625,#4626);
#4624 = CARTESIAN_POINT('',(37.464390602056,58.530726872247,23.05));
#4625 = DIRECTION('',(1.,-1.224646799147E-16,0.));
#4626 = DIRECTION('',(-1.224646799147E-16,-1.,0.));
#4627 = ADVANCED_FACE('',(#4628),#4646,.F.);
#4628 = FACE_BOUND('',#4629,.F.);
#4629 = EDGE_LOOP('',(#4630,#4638,#4644,#4645));
#4630 = ORIENTED_EDGE('',*,*,#4631,.F.);
#4631 = EDGE_CURVE('',#4632,#4608,#4634,.T.);
#4632 = VERTEX_POINT('',#4633);
#4633 = CARTESIAN_POINT('',(37.185352422907,59.889170337739,23.05));
#4634 = B_SPLINE_CURVE_WITH_KNOTS('',2,(#4635,#4636,#4637),
  .UNSPECIFIED.,.F.,.F.,(3,3),(0.,1.),.PIECEWISE_BEZIER_KNOTS.);
#4635 = CARTESIAN_POINT('',(37.185352422907,59.889170337739,23.05));
#4636 = CARTESIAN_POINT('',(37.464390602056,59.398935389134,23.05));
#4637 = CARTESIAN_POINT('',(37.464390602056,58.530726872247,23.05));
#4638 = ORIENTED_EDGE('',*,*,#4639,.T.);
#4639 = EDGE_CURVE('',#4632,#1429,#4640,.T.);
#4640 = LINE('',#4641,#4642);
#4641 = CARTESIAN_POINT('',(37.185352422907,59.889170337739,23.05));
#4642 = VECTOR('',#4643,1.);
#4643 = DIRECTION('',(0.,0.,1.));
#4644 = ORIENTED_EDGE('',*,*,#1445,.F.);
#4645 = ORIENTED_EDGE('',*,*,#4615,.F.);
#4646 = SURFACE_OF_LINEAR_EXTRUSION('',#4647,#4651);
#4647 = B_SPLINE_CURVE_WITH_KNOTS('',2,(#4648,#4649,#4650),
  .UNSPECIFIED.,.F.,.F.,(3,3),(0.,1.),.PIECEWISE_BEZIER_KNOTS.);
#4648 = CARTESIAN_POINT('',(37.185352422907,59.889170337739,23.05));
#4649 = CARTESIAN_POINT('',(37.464390602056,59.398935389134,23.05));
#4650 = CARTESIAN_POINT('',(37.464390602056,58.530726872247,23.05));
#4651 = VECTOR('',#4652,1.);
#4652 = DIRECTION('',(0.,0.,-1.));
#4653 = ADVANCED_FACE('',(#4654),#4672,.F.);
#4654 = FACE_BOUND('',#4655,.F.);
#4655 = EDGE_LOOP('',(#4656,#4664,#4670,#4671));
#4656 = ORIENTED_EDGE('',*,*,#4657,.F.);
#4657 = EDGE_CURVE('',#4658,#4632,#4660,.T.);
#4658 = VERTEX_POINT('',#4659);
#4659 = CARTESIAN_POINT('',(36.428597650514,60.577679882526,23.05));
#4660 = B_SPLINE_CURVE_WITH_KNOTS('',2,(#4661,#4662,#4663),
  .UNSPECIFIED.,.F.,.F.,(3,3),(0.,1.),.PIECEWISE_BEZIER_KNOTS.);
#4661 = CARTESIAN_POINT('',(36.428597650514,60.577679882526,23.05));
#4662 = CARTESIAN_POINT('',(36.906314243759,60.379001468429,23.05));
#4663 = CARTESIAN_POINT('',(37.185352422907,59.889170337739,23.05));
#4664 = ORIENTED_EDGE('',*,*,#4665,.T.);
#4665 = EDGE_CURVE('',#4658,#1414,#4666,.T.);
#4666 = LINE('',#4667,#4668);
#4667 = CARTESIAN_POINT('',(36.428597650514,60.577679882526,23.05));
#4668 = VECTOR('',#4669,1.);
#4669 = DIRECTION('',(0.,0.,1.));
#4670 = ORIENTED_EDGE('',*,*,#1428,.F.);
#4671 = ORIENTED_EDGE('',*,*,#4639,.F.);
#4672 = SURFACE_OF_LINEAR_EXTRUSION('',#4673,#4677);
#4673 = B_SPLINE_CURVE_WITH_KNOTS('',2,(#4674,#4675,#4676),
  .UNSPECIFIED.,.F.,.F.,(3,3),(0.,1.),.PIECEWISE_BEZIER_KNOTS.);
#4674 = CARTESIAN_POINT('',(36.428597650514,60.577679882526,23.05));
#4675 = CARTESIAN_POINT('',(36.906314243759,60.379001468429,23.05));
#4676 = CARTESIAN_POINT('',(37.185352422907,59.889170337739,23.05));
#4677 = VECTOR('',#4678,1.);
#4678 = DIRECTION('',(0.,0.,-1.));
#4679 = ADVANCED_FACE('',(#4680),#4698,.F.);
#4680 = FACE_BOUND('',#4681,.F.);
#4681 = EDGE_LOOP('',(#4682,#4690,#4696,#4697));
#4682 = ORIENTED_EDGE('',*,*,#4683,.F.);
#4683 = EDGE_CURVE('',#4684,#4658,#4686,.T.);
#4684 = VERTEX_POINT('',#4685);
#4685 = CARTESIAN_POINT('',(35.343135095448,60.775954478708,23.05));
#4686 = B_SPLINE_CURVE_WITH_KNOTS('',2,(#4687,#4688,#4689),
  .UNSPECIFIED.,.F.,.F.,(3,3),(0.,1.),.PIECEWISE_BEZIER_KNOTS.);
#4687 = CARTESIAN_POINT('',(35.343135095448,60.775954478708,23.05));
#4688 = CARTESIAN_POINT('',(35.950881057269,60.775954478708,23.05));
#4689 = CARTESIAN_POINT('',(36.428597650514,60.577679882526,23.05));
#4690 = ORIENTED_EDGE('',*,*,#4691,.T.);
#4691 = EDGE_CURVE('',#4684,#1403,#4692,.T.);
#4692 = LINE('',#4693,#4694);
#4693 = CARTESIAN_POINT('',(35.343135095448,60.775954478708,23.05));
#4694 = VECTOR('',#4695,1.);
#4695 = DIRECTION('',(0.,0.,1.));
#4696 = ORIENTED_EDGE('',*,*,#1413,.F.);
#4697 = ORIENTED_EDGE('',*,*,#4665,.F.);
#4698 = SURFACE_OF_LINEAR_EXTRUSION('',#4699,#4703);
#4699 = B_SPLINE_CURVE_WITH_KNOTS('',2,(#4700,#4701,#4702),
  .UNSPECIFIED.,.F.,.F.,(3,3),(0.,1.),.PIECEWISE_BEZIER_KNOTS.);
#4700 = CARTESIAN_POINT('',(35.343135095448,60.775954478708,23.05));
#4701 = CARTESIAN_POINT('',(35.950881057269,60.775954478708,23.05));
#4702 = CARTESIAN_POINT('',(36.428597650514,60.577679882526,23.05));
#4703 = VECTOR('',#4704,1.);
#4704 = DIRECTION('',(0.,0.,-1.));
#4705 = ADVANCED_FACE('',(#4706),#4724,.F.);
#4706 = FACE_BOUND('',#4707,.F.);
#4707 = EDGE_LOOP('',(#4708,#4716,#4722,#4723));
#4708 = ORIENTED_EDGE('',*,*,#4709,.F.);
#4709 = EDGE_CURVE('',#4710,#4684,#4712,.T.);
#4710 = VERTEX_POINT('',#4711);
#4711 = CARTESIAN_POINT('',(34.38204845815,60.682672540382,23.05));
#4712 = B_SPLINE_CURVE_WITH_KNOTS('',2,(#4713,#4714,#4715),
  .UNSPECIFIED.,.F.,.F.,(3,3),(0.,1.),.PIECEWISE_BEZIER_KNOTS.);
#4713 = CARTESIAN_POINT('',(34.38204845815,60.682672540382,23.05));
#4714 = CARTESIAN_POINT('',(34.822209985316,60.775954478708,23.05));
#4715 = CARTESIAN_POINT('',(35.343135095448,60.775954478708,23.05));
#4716 = ORIENTED_EDGE('',*,*,#4717,.T.);
#4717 = EDGE_CURVE('',#4710,#1391,#4718,.T.);
#4718 = LINE('',#4719,#4720);
#4719 = CARTESIAN_POINT('',(34.38204845815,60.682672540382,23.05));
#4720 = VECTOR('',#4721,1.);
#4721 = DIRECTION('',(0.,0.,1.));
#4722 = ORIENTED_EDGE('',*,*,#1402,.F.);
#4723 = ORIENTED_EDGE('',*,*,#4691,.F.);
#4724 = SURFACE_OF_LINEAR_EXTRUSION('',#4725,#4729);
#4725 = B_SPLINE_CURVE_WITH_KNOTS('',2,(#4726,#4727,#4728),
  .UNSPECIFIED.,.F.,.F.,(3,3),(0.,1.),.PIECEWISE_BEZIER_KNOTS.);
#4726 = CARTESIAN_POINT('',(34.38204845815,60.682672540382,23.05));
#4727 = CARTESIAN_POINT('',(34.822209985316,60.775954478708,23.05));
#4728 = CARTESIAN_POINT('',(35.343135095448,60.775954478708,23.05));
#4729 = VECTOR('',#4730,1.);
#4730 = DIRECTION('',(0.,0.,-1.));
#4731 = ADVANCED_FACE('',(#4732),#4750,.F.);
#4732 = FACE_BOUND('',#4733,.F.);
#4733 = EDGE_LOOP('',(#4734,#4742,#4748,#4749));
#4734 = ORIENTED_EDGE('',*,*,#4735,.F.);
#4735 = EDGE_CURVE('',#4736,#4710,#4738,.T.);
#4736 = VERTEX_POINT('',#4737);
#4737 = CARTESIAN_POINT('',(33.643869309838,60.465822320117,23.05));
#4738 = B_SPLINE_CURVE_WITH_KNOTS('',2,(#4739,#4740,#4741),
  .UNSPECIFIED.,.F.,.F.,(3,3),(0.,1.),.PIECEWISE_BEZIER_KNOTS.);
#4739 = CARTESIAN_POINT('',(33.643869309838,60.465822320117,23.05));
#4740 = CARTESIAN_POINT('',(33.941483113069,60.589794419971,23.05));
#4741 = CARTESIAN_POINT('',(34.38204845815,60.682672540382,23.05));
#4742 = ORIENTED_EDGE('',*,*,#4743,.T.);
#4743 = EDGE_CURVE('',#4736,#1383,#4744,.T.);
#4744 = LINE('',#4745,#4746);
#4745 = CARTESIAN_POINT('',(33.643869309838,60.465822320117,23.05));
#4746 = VECTOR('',#4747,1.);
#4747 = DIRECTION('',(0.,0.,1.));
#4748 = ORIENTED_EDGE('',*,*,#1390,.F.);
#4749 = ORIENTED_EDGE('',*,*,#4717,.F.);
#4750 = SURFACE_OF_LINEAR_EXTRUSION('',#4751,#4755);
#4751 = B_SPLINE_CURVE_WITH_KNOTS('',2,(#4752,#4753,#4754),
  .UNSPECIFIED.,.F.,.F.,(3,3),(0.,1.),.PIECEWISE_BEZIER_KNOTS.);
#4752 = CARTESIAN_POINT('',(33.643869309838,60.465822320117,23.05));
#4753 = CARTESIAN_POINT('',(33.941483113069,60.589794419971,23.05));
#4754 = CARTESIAN_POINT('',(34.38204845815,60.682672540382,23.05));
#4755 = VECTOR('',#4756,1.);
#4756 = DIRECTION('',(0.,0.,-1.));
#4757 = ADVANCED_FACE('',(#4758),#4776,.F.);
#4758 = FACE_BOUND('',#4759,.F.);
#4759 = EDGE_LOOP('',(#4760,#4768,#4774,#4775));
#4760 = ORIENTED_EDGE('',*,*,#4761,.F.);
#4761 = EDGE_CURVE('',#4762,#4736,#4764,.T.);
#4762 = VERTEX_POINT('',#4763);
#4763 = CARTESIAN_POINT('',(33.643869309838,59.088803230543,23.05));
#4764 = LINE('',#4765,#4766);
#4765 = CARTESIAN_POINT('',(33.643869309838,59.088803230543,23.05));
#4766 = VECTOR('',#4767,1.);
#4767 = DIRECTION('',(1.224646799147E-16,1.,0.));
#4768 = ORIENTED_EDGE('',*,*,#4769,.T.);
#4769 = EDGE_CURVE('',#4762,#1373,#4770,.T.);
#4770 = LINE('',#4771,#4772);
#4771 = CARTESIAN_POINT('',(33.643869309838,59.088803230543,23.05));
#4772 = VECTOR('',#4773,1.);
#4773 = DIRECTION('',(0.,0.,1.));
#4774 = ORIENTED_EDGE('',*,*,#1382,.F.);
#4775 = ORIENTED_EDGE('',*,*,#4743,.F.);
#4776 = PLANE('',#4777);
#4777 = AXIS2_PLACEMENT_3D('',#4778,#4779,#4780);
#4778 = CARTESIAN_POINT('',(33.643869309838,59.088803230543,23.05));
#4779 = DIRECTION('',(-1.,1.224646799147E-16,0.));
#4780 = DIRECTION('',(1.224646799147E-16,1.,0.));
#4781 = ADVANCED_FACE('',(#4782),#4793,.F.);
#4782 = FACE_BOUND('',#4783,.F.);
#4783 = EDGE_LOOP('',(#4784,#4790,#4791,#4792));
#4784 = ORIENTED_EDGE('',*,*,#4785,.F.);
#4785 = EDGE_CURVE('',#4285,#4762,#4786,.T.);
#4786 = B_SPLINE_CURVE_WITH_KNOTS('',2,(#4787,#4788,#4789),
  .UNSPECIFIED.,.F.,.F.,(3,3),(0.,1.),.PIECEWISE_BEZIER_KNOTS.);
#4787 = CARTESIAN_POINT('',(34.214464023495,59.237812041116,23.05));
#4788 = CARTESIAN_POINT('',(33.928964757709,59.175624082232,23.05));
#4789 = CARTESIAN_POINT('',(33.643869309838,59.088803230543,23.05));
#4790 = ORIENTED_EDGE('',*,*,#4299,.T.);
#4791 = ORIENTED_EDGE('',*,*,#1372,.F.);
#4792 = ORIENTED_EDGE('',*,*,#4769,.F.);
#4793 = SURFACE_OF_LINEAR_EXTRUSION('',#4794,#4798);
#4794 = B_SPLINE_CURVE_WITH_KNOTS('',2,(#4795,#4796,#4797),
  .UNSPECIFIED.,.F.,.F.,(3,3),(0.,1.),.PIECEWISE_BEZIER_KNOTS.);
#4795 = CARTESIAN_POINT('',(34.214464023495,59.237812041116,23.05));
#4796 = CARTESIAN_POINT('',(33.928964757709,59.175624082232,23.05));
#4797 = CARTESIAN_POINT('',(33.643869309838,59.088803230543,23.05));
#4798 = VECTOR('',#4799,1.);
#4799 = DIRECTION('',(0.,0.,-1.));
#4800 = ADVANCED_FACE('',(#4801),#4826,.F.);
#4801 = FACE_BOUND('',#4802,.F.);
#4802 = EDGE_LOOP('',(#4803,#4813,#4819,#4820));
#4803 = ORIENTED_EDGE('',*,*,#4804,.F.);
#4804 = EDGE_CURVE('',#4805,#4807,#4809,.T.);
#4805 = VERTEX_POINT('',#4806);
#4806 = CARTESIAN_POINT('',(48.646916299559,51.224045521292,23.05));
#4807 = VERTEX_POINT('',#4808);
#4808 = CARTESIAN_POINT('',(47.93983113069,51.416262848752,23.05));
#4809 = B_SPLINE_CURVE_WITH_KNOTS('',2,(#4810,#4811,#4812),
  .UNSPECIFIED.,.F.,.F.,(3,3),(0.,1.),.PIECEWISE_BEZIER_KNOTS.);
#4810 = CARTESIAN_POINT('',(48.646916299559,51.224045521292,23.05));
#4811 = CARTESIAN_POINT('',(48.237444933921,51.224045521292,23.05));
#4812 = CARTESIAN_POINT('',(47.93983113069,51.416262848752,23.05));
#4813 = ORIENTED_EDGE('',*,*,#4814,.T.);
#4814 = EDGE_CURVE('',#4805,#1587,#4815,.T.);
#4815 = LINE('',#4816,#4817);
#4816 = CARTESIAN_POINT('',(48.646916299559,51.224045521292,23.05));
#4817 = VECTOR('',#4818,1.);
#4818 = DIRECTION('',(0.,0.,1.));
#4819 = ORIENTED_EDGE('',*,*,#1584,.F.);
#4820 = ORIENTED_EDGE('',*,*,#4821,.F.);
#4821 = EDGE_CURVE('',#4807,#1585,#4822,.T.);
#4822 = LINE('',#4823,#4824);
#4823 = CARTESIAN_POINT('',(47.93983113069,51.416262848752,23.05));
#4824 = VECTOR('',#4825,1.);
#4825 = DIRECTION('',(0.,0.,1.));
#4826 = SURFACE_OF_LINEAR_EXTRUSION('',#4827,#4831);
#4827 = B_SPLINE_CURVE_WITH_KNOTS('',2,(#4828,#4829,#4830),
  .UNSPECIFIED.,.F.,.F.,(3,3),(0.,1.),.PIECEWISE_BEZIER_KNOTS.);
#4828 = CARTESIAN_POINT('',(48.646916299559,51.224045521292,23.05));
#4829 = CARTESIAN_POINT('',(48.237444933921,51.224045521292,23.05));
#4830 = CARTESIAN_POINT('',(47.93983113069,51.416262848752,23.05));
#4831 = VECTOR('',#4832,1.);
#4832 = DIRECTION('',(0.,0.,-1.));
#4833 = ADVANCED_FACE('',(#4834),#4852,.F.);
#4834 = FACE_BOUND('',#4835,.F.);
#4835 = EDGE_LOOP('',(#4836,#4844,#4850,#4851));
#4836 = ORIENTED_EDGE('',*,*,#4837,.F.);
#4837 = EDGE_CURVE('',#4838,#4805,#4840,.T.);
#4838 = VERTEX_POINT('',#4839);
#4839 = CARTESIAN_POINT('',(49.360058737151,51.416262848752,23.05));
#4840 = B_SPLINE_CURVE_WITH_KNOTS('',2,(#4841,#4842,#4843),
  .UNSPECIFIED.,.F.,.F.,(3,3),(0.,1.),.PIECEWISE_BEZIER_KNOTS.);
#4841 = CARTESIAN_POINT('',(49.360058737151,51.416262848752,23.05));
#4842 = CARTESIAN_POINT('',(49.068502202643,51.224045521292,23.05));
#4843 = CARTESIAN_POINT('',(48.646916299559,51.224045521292,23.05));
#4844 = ORIENTED_EDGE('',*,*,#4845,.T.);
#4845 = EDGE_CURVE('',#4838,#1702,#4846,.T.);
#4846 = LINE('',#4847,#4848);
#4847 = CARTESIAN_POINT('',(49.360058737151,51.416262848752,23.05));
#4848 = VECTOR('',#4849,1.);
#4849 = DIRECTION('',(0.,0.,1.));
#4850 = ORIENTED_EDGE('',*,*,#1723,.F.);
#4851 = ORIENTED_EDGE('',*,*,#4814,.F.);
#4852 = SURFACE_OF_LINEAR_EXTRUSION('',#4853,#4857);
#4853 = B_SPLINE_CURVE_WITH_KNOTS('',2,(#4854,#4855,#4856),
  .UNSPECIFIED.,.F.,.F.,(3,3),(0.,1.),.PIECEWISE_BEZIER_KNOTS.);
#4854 = CARTESIAN_POINT('',(49.360058737151,51.416262848752,23.05));
#4855 = CARTESIAN_POINT('',(49.068502202643,51.224045521292,23.05));
#4856 = CARTESIAN_POINT('',(48.646916299559,51.224045521292,23.05));
#4857 = VECTOR('',#4858,1.);
#4858 = DIRECTION('',(0.,0.,-1.));
#4859 = ADVANCED_FACE('',(#4860),#4878,.F.);
#4860 = FACE_BOUND('',#4861,.F.);
#4861 = EDGE_LOOP('',(#4862,#4870,#4876,#4877));
#4862 = ORIENTED_EDGE('',*,*,#4863,.F.);
#4863 = EDGE_CURVE('',#4864,#4838,#4866,.T.);
#4864 = VERTEX_POINT('',#4865);
#4865 = CARTESIAN_POINT('',(49.651615271659,52.129405286344,23.05));
#4866 = B_SPLINE_CURVE_WITH_KNOTS('',2,(#4867,#4868,#4869),
  .UNSPECIFIED.,.F.,.F.,(3,3),(0.,1.),.PIECEWISE_BEZIER_KNOTS.);
#4867 = CARTESIAN_POINT('',(49.651615271659,52.129405286344,23.05));
#4868 = CARTESIAN_POINT('',(49.651615271659,51.608480176211,23.05));
#4869 = CARTESIAN_POINT('',(49.360058737151,51.416262848752,23.05));
#4870 = ORIENTED_EDGE('',*,*,#4871,.T.);
#4871 = EDGE_CURVE('',#4864,#1680,#4872,.T.);
#4872 = LINE('',#4873,#4874);
#4873 = CARTESIAN_POINT('',(49.651615271659,52.129405286344,23.05));
#4874 = VECTOR('',#4875,1.);
#4875 = DIRECTION('',(0.,0.,1.));
#4876 = ORIENTED_EDGE('',*,*,#1701,.F.);
#4877 = ORIENTED_EDGE('',*,*,#4845,.F.);
#4878 = SURFACE_OF_LINEAR_EXTRUSION('',#4879,#4883);
#4879 = B_SPLINE_CURVE_WITH_KNOTS('',2,(#4880,#4881,#4882),
  .UNSPECIFIED.,.F.,.F.,(3,3),(0.,1.),.PIECEWISE_BEZIER_KNOTS.);
#4880 = CARTESIAN_POINT('',(49.651615271659,52.129405286344,23.05));
#4881 = CARTESIAN_POINT('',(49.651615271659,51.608480176211,23.05));
#4882 = CARTESIAN_POINT('',(49.360058737151,51.416262848752,23.05));
#4883 = VECTOR('',#4884,1.);
#4884 = DIRECTION('',(0.,0.,-1.));
#4885 = ADVANCED_FACE('',(#4886),#4904,.F.);
#4886 = FACE_BOUND('',#4887,.F.);
#4887 = EDGE_LOOP('',(#4888,#4896,#4902,#4903));
#4888 = ORIENTED_EDGE('',*,*,#4889,.F.);
#4889 = EDGE_CURVE('',#4890,#4864,#4892,.T.);
#4890 = VERTEX_POINT('',#4891);
#4891 = CARTESIAN_POINT('',(49.360058737151,52.836894273128,23.05));
#4892 = B_SPLINE_CURVE_WITH_KNOTS('',2,(#4893,#4894,#4895),
  .UNSPECIFIED.,.F.,.F.,(3,3),(0.,1.),.PIECEWISE_BEZIER_KNOTS.);
#4893 = CARTESIAN_POINT('',(49.360058737151,52.836894273128,23.05));
#4894 = CARTESIAN_POINT('',(49.651615271659,52.638215859031,23.05));
#4895 = CARTESIAN_POINT('',(49.651615271659,52.129405286344,23.05));
#4896 = ORIENTED_EDGE('',*,*,#4897,.T.);
#4897 = EDGE_CURVE('',#4890,#1665,#4898,.T.);
#4898 = LINE('',#4899,#4900);
#4899 = CARTESIAN_POINT('',(49.360058737151,52.836894273128,23.05));
#4900 = VECTOR('',#4901,1.);
#4901 = DIRECTION('',(0.,0.,1.));
#4902 = ORIENTED_EDGE('',*,*,#1679,.F.);
#4903 = ORIENTED_EDGE('',*,*,#4871,.F.);
#4904 = SURFACE_OF_LINEAR_EXTRUSION('',#4905,#4909);
#4905 = B_SPLINE_CURVE_WITH_KNOTS('',2,(#4906,#4907,#4908),
  .UNSPECIFIED.,.F.,.F.,(3,3),(0.,1.),.PIECEWISE_BEZIER_KNOTS.);
#4906 = CARTESIAN_POINT('',(49.360058737151,52.836894273128,23.05));
#4907 = CARTESIAN_POINT('',(49.651615271659,52.638215859031,23.05));
#4908 = CARTESIAN_POINT('',(49.651615271659,52.129405286344,23.05));
#4909 = VECTOR('',#4910,1.);
#4910 = DIRECTION('',(0.,0.,-1.));
#4911 = ADVANCED_FACE('',(#4912),#4930,.F.);
#4912 = FACE_BOUND('',#4913,.F.);
#4913 = EDGE_LOOP('',(#4914,#4922,#4928,#4929));
#4914 = ORIENTED_EDGE('',*,*,#4915,.F.);
#4915 = EDGE_CURVE('',#4916,#4890,#4918,.T.);
#4916 = VERTEX_POINT('',#4917);
#4917 = CARTESIAN_POINT('',(48.646916299559,53.03516886931,23.05));
#4918 = B_SPLINE_CURVE_WITH_KNOTS('',2,(#4919,#4920,#4921),
  .UNSPECIFIED.,.F.,.F.,(3,3),(0.,1.),.PIECEWISE_BEZIER_KNOTS.);
#4919 = CARTESIAN_POINT('',(48.646916299559,53.03516886931,23.05));
#4920 = CARTESIAN_POINT('',(49.068502202643,53.03516886931,23.05));
#4921 = CARTESIAN_POINT('',(49.360058737151,52.836894273128,23.05));
#4922 = ORIENTED_EDGE('',*,*,#4923,.T.);
#4923 = EDGE_CURVE('',#4916,#1650,#4924,.T.);
#4924 = LINE('',#4925,#4926);
#4925 = CARTESIAN_POINT('',(48.646916299559,53.03516886931,23.05));
#4926 = VECTOR('',#4927,1.);
#4927 = DIRECTION('',(0.,0.,1.));
#4928 = ORIENTED_EDGE('',*,*,#1664,.F.);
#4929 = ORIENTED_EDGE('',*,*,#4897,.F.);
#4930 = SURFACE_OF_LINEAR_EXTRUSION('',#4931,#4935);
#4931 = B_SPLINE_CURVE_WITH_KNOTS('',2,(#4932,#4933,#4934),
  .UNSPECIFIED.,.F.,.F.,(3,3),(0.,1.),.PIECEWISE_BEZIER_KNOTS.);
#4932 = CARTESIAN_POINT('',(48.646916299559,53.03516886931,23.05));
#4933 = CARTESIAN_POINT('',(49.068502202643,53.03516886931,23.05));
#4934 = CARTESIAN_POINT('',(49.360058737151,52.836894273128,23.05));
#4935 = VECTOR('',#4936,1.);
#4936 = DIRECTION('',(0.,0.,-1.));
#4937 = ADVANCED_FACE('',(#4938),#4956,.F.);
#4938 = FACE_BOUND('',#4939,.F.);
#4939 = EDGE_LOOP('',(#4940,#4948,#4954,#4955));
#4940 = ORIENTED_EDGE('',*,*,#4941,.F.);
#4941 = EDGE_CURVE('',#4942,#4916,#4944,.T.);
#4942 = VERTEX_POINT('',#4943);
#4943 = CARTESIAN_POINT('',(47.93983113069,52.836894273128,23.05));
#4944 = B_SPLINE_CURVE_WITH_KNOTS('',2,(#4945,#4946,#4947),
  .UNSPECIFIED.,.F.,.F.,(3,3),(0.,1.),.PIECEWISE_BEZIER_KNOTS.);
#4945 = CARTESIAN_POINT('',(47.93983113069,52.836894273128,23.05));
#4946 = CARTESIAN_POINT('',(48.237444933921,53.03516886931,23.05));
#4947 = CARTESIAN_POINT('',(48.646916299559,53.03516886931,23.05));
#4948 = ORIENTED_EDGE('',*,*,#4949,.T.);
#4949 = EDGE_CURVE('',#4942,#1628,#4950,.T.);
#4950 = LINE('',#4951,#4952);
#4951 = CARTESIAN_POINT('',(47.93983113069,52.836894273128,23.05));
#4952 = VECTOR('',#4953,1.);
#4953 = DIRECTION('',(0.,0.,1.));
#4954 = ORIENTED_EDGE('',*,*,#1649,.F.);
#4955 = ORIENTED_EDGE('',*,*,#4923,.F.);
#4956 = SURFACE_OF_LINEAR_EXTRUSION('',#4957,#4961);
#4957 = B_SPLINE_CURVE_WITH_KNOTS('',2,(#4958,#4959,#4960),
  .UNSPECIFIED.,.F.,.F.,(3,3),(0.,1.),.PIECEWISE_BEZIER_KNOTS.);
#4958 = CARTESIAN_POINT('',(47.93983113069,52.836894273128,23.05));
#4959 = CARTESIAN_POINT('',(48.237444933921,53.03516886931,23.05));
#4960 = CARTESIAN_POINT('',(48.646916299559,53.03516886931,23.05));
#4961 = VECTOR('',#4962,1.);
#4962 = DIRECTION('',(0.,0.,-1.));
#4963 = ADVANCED_FACE('',(#4964),#4982,.F.);
#4964 = FACE_BOUND('',#4965,.F.);
#4965 = EDGE_LOOP('',(#4966,#4974,#4980,#4981));
#4966 = ORIENTED_EDGE('',*,*,#4967,.F.);
#4967 = EDGE_CURVE('',#4968,#4942,#4970,.T.);
#4968 = VERTEX_POINT('',#4969);
#4969 = CARTESIAN_POINT('',(47.64221732746,52.129405286344,23.05));
#4970 = B_SPLINE_CURVE_WITH_KNOTS('',2,(#4971,#4972,#4973),
  .UNSPECIFIED.,.F.,.F.,(3,3),(0.,1.),.PIECEWISE_BEZIER_KNOTS.);
#4971 = CARTESIAN_POINT('',(47.64221732746,52.129405286344,23.05));
#4972 = CARTESIAN_POINT('',(47.64221732746,52.638215859031,23.05));
#4973 = CARTESIAN_POINT('',(47.93983113069,52.836894273128,23.05));
#4974 = ORIENTED_EDGE('',*,*,#4975,.T.);
#4975 = EDGE_CURVE('',#4968,#1606,#4976,.T.);
#4976 = LINE('',#4977,#4978);
#4977 = CARTESIAN_POINT('',(47.64221732746,52.129405286344,23.05));
#4978 = VECTOR('',#4979,1.);
#4979 = DIRECTION('',(0.,0.,1.));
#4980 = ORIENTED_EDGE('',*,*,#1627,.F.);
#4981 = ORIENTED_EDGE('',*,*,#4949,.F.);
#4982 = SURFACE_OF_LINEAR_EXTRUSION('',#4983,#4987);
#4983 = B_SPLINE_CURVE_WITH_KNOTS('',2,(#4984,#4985,#4986),
  .UNSPECIFIED.,.F.,.F.,(3,3),(0.,1.),.PIECEWISE_BEZIER_KNOTS.);
#4984 = CARTESIAN_POINT('',(47.64221732746,52.129405286344,23.05));
#4985 = CARTESIAN_POINT('',(47.64221732746,52.638215859031,23.05));
#4986 = CARTESIAN_POINT('',(47.93983113069,52.836894273128,23.05));
#4987 = VECTOR('',#4988,1.);
#4988 = DIRECTION('',(0.,0.,-1.));
#4989 = ADVANCED_FACE('',(#4990),#5001,.F.);
#4990 = FACE_BOUND('',#4991,.F.);
#4991 = EDGE_LOOP('',(#4992,#4998,#4999,#5000));
#4992 = ORIENTED_EDGE('',*,*,#4993,.F.);
#4993 = EDGE_CURVE('',#4807,#4968,#4994,.T.);
#4994 = B_SPLINE_CURVE_WITH_KNOTS('',2,(#4995,#4996,#4997),
  .UNSPECIFIED.,.F.,.F.,(3,3),(0.,1.),.PIECEWISE_BEZIER_KNOTS.);
#4995 = CARTESIAN_POINT('',(47.93983113069,51.416262848752,23.05));
#4996 = CARTESIAN_POINT('',(47.64221732746,51.608480176211,23.05));
#4997 = CARTESIAN_POINT('',(47.64221732746,52.129405286344,23.05));
#4998 = ORIENTED_EDGE('',*,*,#4821,.T.);
#4999 = ORIENTED_EDGE('',*,*,#1605,.F.);
#5000 = ORIENTED_EDGE('',*,*,#4975,.F.);
#5001 = SURFACE_OF_LINEAR_EXTRUSION('',#5002,#5006);
#5002 = B_SPLINE_CURVE_WITH_KNOTS('',2,(#5003,#5004,#5005),
  .UNSPECIFIED.,.F.,.F.,(3,3),(0.,1.),.PIECEWISE_BEZIER_KNOTS.);
#5003 = CARTESIAN_POINT('',(47.93983113069,51.416262848752,23.05));
#5004 = CARTESIAN_POINT('',(47.64221732746,51.608480176211,23.05));
#5005 = CARTESIAN_POINT('',(47.64221732746,52.129405286344,23.05));
#5006 = VECTOR('',#5007,1.);
#5007 = DIRECTION('',(0.,0.,-1.));
#5008 = ADVANCED_FACE('',(#5009),#5034,.F.);
#5009 = FACE_BOUND('',#5010,.F.);
#5010 = EDGE_LOOP('',(#5011,#5021,#5027,#5028));
#5011 = ORIENTED_EDGE('',*,*,#5012,.F.);
#5012 = EDGE_CURVE('',#5013,#5015,#5017,.T.);
#5013 = VERTEX_POINT('',#5014);
#5014 = CARTESIAN_POINT('',(43.955763582966,53.146622613803,23.05));
#5015 = VERTEX_POINT('',#5016);
#5016 = CARTESIAN_POINT('',(43.986857562408,54.102055800294,23.05));
#5017 = B_SPLINE_CURVE_WITH_KNOTS('',2,(#5018,#5019,#5020),
  .UNSPECIFIED.,.F.,.F.,(3,3),(0.,1.),.PIECEWISE_BEZIER_KNOTS.);
#5018 = CARTESIAN_POINT('',(43.955763582966,53.146622613803,23.05));
#5019 = CARTESIAN_POINT('',(43.955763582966,53.642914831131,23.05));
#5020 = CARTESIAN_POINT('',(43.986857562408,54.102055800294,23.05));
#5021 = ORIENTED_EDGE('',*,*,#5022,.T.);
#5022 = EDGE_CURVE('',#5013,#1741,#5023,.T.);
#5023 = LINE('',#5024,#5025);
#5024 = CARTESIAN_POINT('',(43.955763582966,53.146622613803,23.05));
#5025 = VECTOR('',#5026,1.);
#5026 = DIRECTION('',(0.,0.,1.));
#5027 = ORIENTED_EDGE('',*,*,#1738,.F.);
#5028 = ORIENTED_EDGE('',*,*,#5029,.F.);
#5029 = EDGE_CURVE('',#5015,#1739,#5030,.T.);
#5030 = LINE('',#5031,#5032);
#5031 = CARTESIAN_POINT('',(43.986857562408,54.102055800294,23.05));
#5032 = VECTOR('',#5033,1.);
#5033 = DIRECTION('',(0.,0.,1.));
#5034 = SURFACE_OF_LINEAR_EXTRUSION('',#5035,#5039);
#5035 = B_SPLINE_CURVE_WITH_KNOTS('',2,(#5036,#5037,#5038),
  .UNSPECIFIED.,.F.,.F.,(3,3),(0.,1.),.PIECEWISE_BEZIER_KNOTS.);
#5036 = CARTESIAN_POINT('',(43.955763582966,53.146622613803,23.05));
#5037 = CARTESIAN_POINT('',(43.955763582966,53.642914831131,23.05));
#5038 = CARTESIAN_POINT('',(43.986857562408,54.102055800294,23.05));
#5039 = VECTOR('',#5040,1.);
#5040 = DIRECTION('',(0.,0.,-1.));
#5041 = ADVANCED_FACE('',(#5042),#5060,.F.);
#5042 = FACE_BOUND('',#5043,.F.);
#5043 = EDGE_LOOP('',(#5044,#5052,#5058,#5059));
#5044 = ORIENTED_EDGE('',*,*,#5045,.F.);
#5045 = EDGE_CURVE('',#5046,#5013,#5048,.T.);
#5046 = VERTEX_POINT('',#5047);
#5047 = CARTESIAN_POINT('',(43.955763582966,51.224045521292,23.05));
#5048 = LINE('',#5049,#5050);
#5049 = CARTESIAN_POINT('',(43.955763582966,51.224045521292,23.05));
#5050 = VECTOR('',#5051,1.);
#5051 = DIRECTION('',(1.224646799147E-16,1.,0.));
#5052 = ORIENTED_EDGE('',*,*,#5053,.T.);
#5053 = EDGE_CURVE('',#5046,#1979,#5054,.T.);
#5054 = LINE('',#5055,#5056);
#5055 = CARTESIAN_POINT('',(43.955763582966,51.224045521292,23.05));
#5056 = VECTOR('',#5057,1.);
#5057 = DIRECTION('',(0.,0.,1.));
#5058 = ORIENTED_EDGE('',*,*,#1986,.F.);
#5059 = ORIENTED_EDGE('',*,*,#5022,.F.);
#5060 = PLANE('',#5061);
#5061 = AXIS2_PLACEMENT_3D('',#5062,#5063,#5064);
#5062 = CARTESIAN_POINT('',(43.955763582966,51.224045521292,23.05));
#5063 = DIRECTION('',(-1.,1.224646799147E-16,0.));
#5064 = DIRECTION('',(1.224646799147E-16,1.,0.));
#5065 = ADVANCED_FACE('',(#5066),#5084,.F.);
#5066 = FACE_BOUND('',#5067,.F.);
#5067 = EDGE_LOOP('',(#5068,#5076,#5082,#5083));
#5068 = ORIENTED_EDGE('',*,*,#5069,.F.);
#5069 = EDGE_CURVE('',#5070,#5046,#5072,.T.);
#5070 = VERTEX_POINT('',#5071);
#5071 = CARTESIAN_POINT('',(45.804038179148,51.224045521292,23.05));
#5072 = LINE('',#5073,#5074);
#5073 = CARTESIAN_POINT('',(45.804038179148,51.224045521292,23.05));
#5074 = VECTOR('',#5075,1.);
#5075 = DIRECTION('',(-1.,1.224646799147E-16,0.));
#5076 = ORIENTED_EDGE('',*,*,#5077,.T.);
#5077 = EDGE_CURVE('',#5070,#1971,#5078,.T.);
#5078 = LINE('',#5079,#5080);
#5079 = CARTESIAN_POINT('',(45.804038179148,51.224045521292,23.05));
#5080 = VECTOR('',#5081,1.);
#5081 = DIRECTION('',(0.,0.,1.));
#5082 = ORIENTED_EDGE('',*,*,#1978,.F.);
#5083 = ORIENTED_EDGE('',*,*,#5053,.F.);
#5084 = PLANE('',#5085);
#5085 = AXIS2_PLACEMENT_3D('',#5086,#5087,#5088);
#5086 = CARTESIAN_POINT('',(45.804038179148,51.224045521292,23.05));
#5087 = DIRECTION('',(-1.224646799147E-16,-1.,0.));
#5088 = DIRECTION('',(-1.,1.224646799147E-16,0.));
#5089 = ADVANCED_FACE('',(#5090),#5108,.F.);
#5090 = FACE_BOUND('',#5091,.F.);
#5091 = EDGE_LOOP('',(#5092,#5100,#5106,#5107));
#5092 = ORIENTED_EDGE('',*,*,#5093,.F.);
#5093 = EDGE_CURVE('',#5094,#5070,#5096,.T.);
#5094 = VERTEX_POINT('',#5095);
#5095 = CARTESIAN_POINT('',(45.804038179148,60.651982378855,23.05));
#5096 = LINE('',#5097,#5098);
#5097 = CARTESIAN_POINT('',(45.804038179148,60.651982378855,23.05));
#5098 = VECTOR('',#5099,1.);
#5099 = DIRECTION('',(-1.224646799147E-16,-1.,0.));
#5100 = ORIENTED_EDGE('',*,*,#5101,.T.);
#5101 = EDGE_CURVE('',#5094,#1963,#5102,.T.);
#5102 = LINE('',#5103,#5104);
#5103 = CARTESIAN_POINT('',(45.804038179148,60.651982378855,23.05));
#5104 = VECTOR('',#5105,1.);
#5105 = DIRECTION('',(0.,0.,1.));
#5106 = ORIENTED_EDGE('',*,*,#1970,.F.);
#5107 = ORIENTED_EDGE('',*,*,#5077,.F.);
#5108 = PLANE('',#5109);
#5109 = AXIS2_PLACEMENT_3D('',#5110,#5111,#5112);
#5110 = CARTESIAN_POINT('',(45.804038179148,60.651982378855,23.05));
#5111 = DIRECTION('',(1.,-1.224646799147E-16,0.));
#5112 = DIRECTION('',(-1.224646799147E-16,-1.,0.));
#5113 = ADVANCED_FACE('',(#5114),#5132,.F.);
#5114 = FACE_BOUND('',#5115,.F.);
#5115 = EDGE_LOOP('',(#5116,#5124,#5130,#5131));
#5116 = ORIENTED_EDGE('',*,*,#5117,.F.);
#5117 = EDGE_CURVE('',#5118,#5094,#5120,.T.);
#5118 = VERTEX_POINT('',#5119);
#5119 = CARTESIAN_POINT('',(43.955763582966,60.651982378855,23.05));
#5120 = LINE('',#5121,#5122);
#5121 = CARTESIAN_POINT('',(43.955763582966,60.651982378855,23.05));
#5122 = VECTOR('',#5123,1.);
#5123 = DIRECTION('',(1.,-1.224646799147E-16,0.));
#5124 = ORIENTED_EDGE('',*,*,#5125,.T.);
#5125 = EDGE_CURVE('',#5118,#1955,#5126,.T.);
#5126 = LINE('',#5127,#5128);
#5127 = CARTESIAN_POINT('',(43.955763582966,60.651982378855,23.05));
#5128 = VECTOR('',#5129,1.);
#5129 = DIRECTION('',(0.,0.,1.));
#5130 = ORIENTED_EDGE('',*,*,#1962,.F.);
#5131 = ORIENTED_EDGE('',*,*,#5101,.F.);
#5132 = PLANE('',#5133);
#5133 = AXIS2_PLACEMENT_3D('',#5134,#5135,#5136);
#5134 = CARTESIAN_POINT('',(43.955763582966,60.651982378855,23.05));
#5135 = DIRECTION('',(1.224646799147E-16,1.,0.));
#5136 = DIRECTION('',(1.,-1.224646799147E-16,0.));
#5137 = ADVANCED_FACE('',(#5138),#5156,.F.);
#5138 = FACE_BOUND('',#5139,.F.);
#5139 = EDGE_LOOP('',(#5140,#5148,#5154,#5155));
#5140 = ORIENTED_EDGE('',*,*,#5141,.F.);
#5141 = EDGE_CURVE('',#5142,#5118,#5144,.T.);
#5142 = VERTEX_POINT('',#5143);
#5143 = CARTESIAN_POINT('',(43.955763582966,57.463839941263,23.05));
#5144 = LINE('',#5145,#5146);
#5145 = CARTESIAN_POINT('',(43.955763582966,57.463839941263,23.05));
#5146 = VECTOR('',#5147,1.);
#5147 = DIRECTION('',(1.224646799147E-16,1.,0.));
#5148 = ORIENTED_EDGE('',*,*,#5149,.T.);
#5149 = EDGE_CURVE('',#5142,#1938,#5150,.T.);
#5150 = LINE('',#5151,#5152);
#5151 = CARTESIAN_POINT('',(43.955763582966,57.463839941263,23.05));
#5152 = VECTOR('',#5153,1.);
#5153 = DIRECTION('',(0.,0.,1.));
#5154 = ORIENTED_EDGE('',*,*,#1954,.F.);
#5155 = ORIENTED_EDGE('',*,*,#5125,.F.);
#5156 = PLANE('',#5157);
#5157 = AXIS2_PLACEMENT_3D('',#5158,#5159,#5160);
#5158 = CARTESIAN_POINT('',(43.955763582966,57.463839941263,23.05));
#5159 = DIRECTION('',(-1.,1.224646799147E-16,0.));
#5160 = DIRECTION('',(1.224646799147E-16,1.,0.));
#5161 = ADVANCED_FACE('',(#5162),#5180,.F.);
#5162 = FACE_BOUND('',#5163,.F.);
#5163 = EDGE_LOOP('',(#5164,#5172,#5178,#5179));
#5164 = ORIENTED_EDGE('',*,*,#5165,.F.);
#5165 = EDGE_CURVE('',#5166,#5142,#5168,.T.);
#5166 = VERTEX_POINT('',#5167);
#5167 = CARTESIAN_POINT('',(43.639574155653,55.80778267254,23.05));
#5168 = B_SPLINE_CURVE_WITH_KNOTS('',2,(#5169,#5170,#5171),
  .UNSPECIFIED.,.F.,.F.,(3,3),(0.,1.),.PIECEWISE_BEZIER_KNOTS.);
#5169 = CARTESIAN_POINT('',(43.639574155653,55.80778267254,23.05));
#5170 = CARTESIAN_POINT('',(43.955763582966,56.384434654919,23.05));
#5171 = CARTESIAN_POINT('',(43.955763582966,57.463839941263,23.05));
#5172 = ORIENTED_EDGE('',*,*,#5173,.T.);
#5173 = EDGE_CURVE('',#5166,#1915,#5174,.T.);
#5174 = LINE('',#5175,#5176);
#5175 = CARTESIAN_POINT('',(43.639574155653,55.80778267254,23.05));
#5176 = VECTOR('',#5177,1.);
#5177 = DIRECTION('',(0.,0.,1.));
#5178 = ORIENTED_EDGE('',*,*,#1937,.F.);
#5179 = ORIENTED_EDGE('',*,*,#5149,.F.);
#5180 = SURFACE_OF_LINEAR_EXTRUSION('',#5181,#5185);
#5181 = B_SPLINE_CURVE_WITH_KNOTS('',2,(#5182,#5183,#5184),
  .UNSPECIFIED.,.F.,.F.,(3,3),(0.,1.),.PIECEWISE_BEZIER_KNOTS.);
#5182 = CARTESIAN_POINT('',(43.639574155653,55.80778267254,23.05));
#5183 = CARTESIAN_POINT('',(43.955763582966,56.384434654919,23.05));
#5184 = CARTESIAN_POINT('',(43.955763582966,57.463839941263,23.05));
#5185 = VECTOR('',#5186,1.);
#5186 = DIRECTION('',(0.,0.,-1.));
#5187 = ADVANCED_FACE('',(#5188),#5206,.F.);
#5188 = FACE_BOUND('',#5189,.F.);
#5189 = EDGE_LOOP('',(#5190,#5198,#5204,#5205));
#5190 = ORIENTED_EDGE('',*,*,#5191,.F.);
#5191 = EDGE_CURVE('',#5192,#5166,#5194,.T.);
#5192 = VERTEX_POINT('',#5193);
#5193 = CARTESIAN_POINT('',(42.491923641703,55.230726872247,23.05));
#5194 = B_SPLINE_CURVE_WITH_KNOTS('',2,(#5195,#5196,#5197),
  .UNSPECIFIED.,.F.,.F.,(3,3),(0.,1.),.PIECEWISE_BEZIER_KNOTS.);
#5195 = CARTESIAN_POINT('',(42.491923641703,55.230726872247,23.05));
#5196 = CARTESIAN_POINT('',(43.322980910426,55.230726872247,23.05));
#5197 = CARTESIAN_POINT('',(43.639574155653,55.80778267254,23.05));
#5198 = ORIENTED_EDGE('',*,*,#5199,.T.);
#5199 = EDGE_CURVE('',#5192,#1873,#5200,.T.);
#5200 = LINE('',#5201,#5202);
#5201 = CARTESIAN_POINT('',(42.491923641703,55.230726872247,23.05));
#5202 = VECTOR('',#5203,1.);
#5203 = DIRECTION('',(0.,0.,1.));
#5204 = ORIENTED_EDGE('',*,*,#1914,.F.);
#5205 = ORIENTED_EDGE('',*,*,#5173,.F.);
#5206 = SURFACE_OF_LINEAR_EXTRUSION('',#5207,#5211);
#5207 = B_SPLINE_CURVE_WITH_KNOTS('',2,(#5208,#5209,#5210),
  .UNSPECIFIED.,.F.,.F.,(3,3),(0.,1.),.PIECEWISE_BEZIER_KNOTS.);
#5208 = CARTESIAN_POINT('',(42.491923641703,55.230726872247,23.05));
#5209 = CARTESIAN_POINT('',(43.322980910426,55.230726872247,23.05));
#5210 = CARTESIAN_POINT('',(43.639574155653,55.80778267254,23.05));
#5211 = VECTOR('',#5212,1.);
#5212 = DIRECTION('',(0.,0.,-1.));
#5213 = ADVANCED_FACE('',(#5214),#5232,.F.);
#5214 = FACE_BOUND('',#5215,.F.);
#5215 = EDGE_LOOP('',(#5216,#5224,#5230,#5231));
#5216 = ORIENTED_EDGE('',*,*,#5217,.F.);
#5217 = EDGE_CURVE('',#5218,#5192,#5220,.T.);
#5218 = VERTEX_POINT('',#5219);
#5219 = CARTESIAN_POINT('',(41.4,56.69456681351,23.05));
#5220 = B_SPLINE_CURVE_WITH_KNOTS('',2,(#5221,#5222,#5223),
  .UNSPECIFIED.,.F.,.F.,(3,3),(0.,1.),.PIECEWISE_BEZIER_KNOTS.);
#5221 = CARTESIAN_POINT('',(41.4,56.69456681351,23.05));
#5222 = CARTESIAN_POINT('',(41.4,55.230726872247,23.05));
#5223 = CARTESIAN_POINT('',(42.491923641703,55.230726872247,23.05));
#5224 = ORIENTED_EDGE('',*,*,#5225,.T.);
#5225 = EDGE_CURVE('',#5218,#1865,#5226,.T.);
#5226 = LINE('',#5227,#5228);
#5227 = CARTESIAN_POINT('',(41.4,56.69456681351,23.05));
#5228 = VECTOR('',#5229,1.);
#5229 = DIRECTION('',(0.,0.,1.));
#5230 = ORIENTED_EDGE('',*,*,#1872,.F.);
#5231 = ORIENTED_EDGE('',*,*,#5199,.F.);
#5232 = SURFACE_OF_LINEAR_EXTRUSION('',#5233,#5237);
#5233 = B_SPLINE_CURVE_WITH_KNOTS('',2,(#5234,#5235,#5236),
  .UNSPECIFIED.,.F.,.F.,(3,3),(0.,1.),.PIECEWISE_BEZIER_KNOTS.);
#5234 = CARTESIAN_POINT('',(41.4,56.69456681351,23.05));
#5235 = CARTESIAN_POINT('',(41.4,55.230726872247,23.05));
#5236 = CARTESIAN_POINT('',(42.491923641703,55.230726872247,23.05));
#5237 = VECTOR('',#5238,1.);
#5238 = DIRECTION('',(0.,0.,-1.));
#5239 = ADVANCED_FACE('',(#5240),#5258,.F.);
#5240 = FACE_BOUND('',#5241,.F.);
#5241 = EDGE_LOOP('',(#5242,#5250,#5256,#5257));
#5242 = ORIENTED_EDGE('',*,*,#5243,.F.);
#5243 = EDGE_CURVE('',#5244,#5218,#5246,.T.);
#5244 = VERTEX_POINT('',#5245);
#5245 = CARTESIAN_POINT('',(41.4,60.651982378855,23.05));
#5246 = LINE('',#5247,#5248);
#5247 = CARTESIAN_POINT('',(41.4,60.651982378855,23.05));
#5248 = VECTOR('',#5249,1.);
#5249 = DIRECTION('',(-1.224646799147E-16,-1.,0.));
#5250 = ORIENTED_EDGE('',*,*,#5251,.T.);
#5251 = EDGE_CURVE('',#5244,#1857,#5252,.T.);
#5252 = LINE('',#5253,#5254);
#5253 = CARTESIAN_POINT('',(41.4,60.651982378855,23.05));
#5254 = VECTOR('',#5255,1.);
#5255 = DIRECTION('',(0.,0.,1.));
#5256 = ORIENTED_EDGE('',*,*,#1864,.F.);
#5257 = ORIENTED_EDGE('',*,*,#5225,.F.);
#5258 = PLANE('',#5259);
#5259 = AXIS2_PLACEMENT_3D('',#5260,#5261,#5262);
#5260 = CARTESIAN_POINT('',(41.4,60.651982378855,23.05));
#5261 = DIRECTION('',(1.,-1.224646799147E-16,0.));
#5262 = DIRECTION('',(-1.224646799147E-16,-1.,0.));
#5263 = ADVANCED_FACE('',(#5264),#5282,.F.);
#5264 = FACE_BOUND('',#5265,.F.);
#5265 = EDGE_LOOP('',(#5266,#5274,#5280,#5281));
#5266 = ORIENTED_EDGE('',*,*,#5267,.F.);
#5267 = EDGE_CURVE('',#5268,#5244,#5270,.T.);
#5268 = VERTEX_POINT('',#5269);
#5269 = CARTESIAN_POINT('',(39.551725403818,60.651982378855,23.05));
#5270 = LINE('',#5271,#5272);
#5271 = CARTESIAN_POINT('',(39.551725403818,60.651982378855,23.05));
#5272 = VECTOR('',#5273,1.);
#5273 = DIRECTION('',(1.,-1.224646799147E-16,0.));
#5274 = ORIENTED_EDGE('',*,*,#5275,.T.);
#5275 = EDGE_CURVE('',#5268,#1849,#5276,.T.);
#5276 = LINE('',#5277,#5278);
#5277 = CARTESIAN_POINT('',(39.551725403818,60.651982378855,23.05));
#5278 = VECTOR('',#5279,1.);
#5279 = DIRECTION('',(0.,0.,1.));
#5280 = ORIENTED_EDGE('',*,*,#1856,.F.);
#5281 = ORIENTED_EDGE('',*,*,#5251,.F.);
#5282 = PLANE('',#5283);
#5283 = AXIS2_PLACEMENT_3D('',#5284,#5285,#5286);
#5284 = CARTESIAN_POINT('',(39.551725403818,60.651982378855,23.05));
#5285 = DIRECTION('',(1.224646799147E-16,1.,0.));
#5286 = DIRECTION('',(1.,-1.224646799147E-16,0.));
#5287 = ADVANCED_FACE('',(#5288),#5306,.F.);
#5288 = FACE_BOUND('',#5289,.F.);
#5289 = EDGE_LOOP('',(#5290,#5298,#5304,#5305));
#5290 = ORIENTED_EDGE('',*,*,#5291,.F.);
#5291 = EDGE_CURVE('',#5292,#5268,#5294,.T.);
#5292 = VERTEX_POINT('',#5293);
#5293 = CARTESIAN_POINT('',(39.551725403818,56.235829662261,23.05));
#5294 = LINE('',#5295,#5296);
#5295 = CARTESIAN_POINT('',(39.551725403818,56.235829662261,23.05));
#5296 = VECTOR('',#5297,1.);
#5297 = DIRECTION('',(1.224646799147E-16,1.,0.));
#5298 = ORIENTED_EDGE('',*,*,#5299,.T.);
#5299 = EDGE_CURVE('',#5292,#1827,#5300,.T.);
#5300 = LINE('',#5301,#5302);
#5301 = CARTESIAN_POINT('',(39.551725403818,56.235829662261,23.05));
#5302 = VECTOR('',#5303,1.);
#5303 = DIRECTION('',(0.,0.,1.));
#5304 = ORIENTED_EDGE('',*,*,#1848,.F.);
#5305 = ORIENTED_EDGE('',*,*,#5275,.F.);
#5306 = PLANE('',#5307);
#5307 = AXIS2_PLACEMENT_3D('',#5308,#5309,#5310);
#5308 = CARTESIAN_POINT('',(39.551725403818,56.235829662261,23.05));
#5309 = DIRECTION('',(-1.,1.224646799147E-16,0.));
#5310 = DIRECTION('',(1.224646799147E-16,1.,0.));
#5311 = ADVANCED_FACE('',(#5312),#5330,.F.);
#5312 = FACE_BOUND('',#5313,.F.);
#5313 = EDGE_LOOP('',(#5314,#5322,#5328,#5329));
#5314 = ORIENTED_EDGE('',*,*,#5315,.F.);
#5315 = EDGE_CURVE('',#5316,#5292,#5318,.T.);
#5316 = VERTEX_POINT('',#5317);
#5317 = CARTESIAN_POINT('',(40.2156020558,54.343942731278,23.05));
#5318 = B_SPLINE_CURVE_WITH_KNOTS('',2,(#5319,#5320,#5321),
  .UNSPECIFIED.,.F.,.F.,(3,3),(0.,1.),.PIECEWISE_BEZIER_KNOTS.);
#5319 = CARTESIAN_POINT('',(40.2156020558,54.343942731278,23.05));
#5320 = CARTESIAN_POINT('',(39.551725403818,54.933113069016,23.05));
#5321 = CARTESIAN_POINT('',(39.551725403818,56.235829662261,23.05));
#5322 = ORIENTED_EDGE('',*,*,#5323,.T.);
#5323 = EDGE_CURVE('',#5316,#1804,#5324,.T.);
#5324 = LINE('',#5325,#5326);
#5325 = CARTESIAN_POINT('',(40.2156020558,54.343942731278,23.05));
#5326 = VECTOR('',#5327,1.);
#5327 = DIRECTION('',(0.,0.,1.));
#5328 = ORIENTED_EDGE('',*,*,#1826,.F.);
#5329 = ORIENTED_EDGE('',*,*,#5299,.F.);
#5330 = SURFACE_OF_LINEAR_EXTRUSION('',#5331,#5335);
#5331 = B_SPLINE_CURVE_WITH_KNOTS('',2,(#5332,#5333,#5334),
  .UNSPECIFIED.,.F.,.F.,(3,3),(0.,1.),.PIECEWISE_BEZIER_KNOTS.);
#5332 = CARTESIAN_POINT('',(40.2156020558,54.343942731278,23.05));
#5333 = CARTESIAN_POINT('',(39.551725403818,54.933113069016,23.05));
#5334 = CARTESIAN_POINT('',(39.551725403818,56.235829662261,23.05));
#5335 = VECTOR('',#5336,1.);
#5336 = DIRECTION('',(0.,0.,-1.));
#5337 = ADVANCED_FACE('',(#5338),#5356,.F.);
#5338 = FACE_BOUND('',#5339,.F.);
#5339 = EDGE_LOOP('',(#5340,#5348,#5354,#5355));
#5340 = ORIENTED_EDGE('',*,*,#5341,.F.);
#5341 = EDGE_CURVE('',#5342,#5316,#5344,.T.);
#5342 = VERTEX_POINT('',#5343);
#5343 = CARTESIAN_POINT('',(41.983113069016,53.754772393539,23.05));
#5344 = B_SPLINE_CURVE_WITH_KNOTS('',2,(#5345,#5346,#5347),
  .UNSPECIFIED.,.F.,.F.,(3,3),(0.,1.),.PIECEWISE_BEZIER_KNOTS.);
#5345 = CARTESIAN_POINT('',(41.983113069016,53.754772393539,23.05));
#5346 = CARTESIAN_POINT('',(40.879074889868,53.754772393539,23.05));
#5347 = CARTESIAN_POINT('',(40.2156020558,54.343942731278,23.05));
#5348 = ORIENTED_EDGE('',*,*,#5349,.T.);
#5349 = EDGE_CURVE('',#5342,#1789,#5350,.T.);
#5350 = LINE('',#5351,#5352);
#5351 = CARTESIAN_POINT('',(41.983113069016,53.754772393539,23.05));
#5352 = VECTOR('',#5353,1.);
#5353 = DIRECTION('',(0.,0.,1.));
#5354 = ORIENTED_EDGE('',*,*,#1803,.F.);
#5355 = ORIENTED_EDGE('',*,*,#5323,.F.);
#5356 = SURFACE_OF_LINEAR_EXTRUSION('',#5357,#5361);
#5357 = B_SPLINE_CURVE_WITH_KNOTS('',2,(#5358,#5359,#5360),
  .UNSPECIFIED.,.F.,.F.,(3,3),(0.,1.),.PIECEWISE_BEZIER_KNOTS.);
#5358 = CARTESIAN_POINT('',(41.983113069016,53.754772393539,23.05));
#5359 = CARTESIAN_POINT('',(40.879074889868,53.754772393539,23.05));
#5360 = CARTESIAN_POINT('',(40.2156020558,54.343942731278,23.05));
#5361 = VECTOR('',#5362,1.);
#5362 = DIRECTION('',(0.,0.,-1.));
#5363 = ADVANCED_FACE('',(#5364),#5382,.F.);
#5364 = FACE_BOUND('',#5365,.F.);
#5365 = EDGE_LOOP('',(#5366,#5374,#5380,#5381));
#5366 = ORIENTED_EDGE('',*,*,#5367,.F.);
#5367 = EDGE_CURVE('',#5368,#5342,#5370,.T.);
#5368 = VERTEX_POINT('',#5369);
#5369 = CARTESIAN_POINT('',(43.112187958884,53.9906020558,23.05));
#5370 = B_SPLINE_CURVE_WITH_KNOTS('',2,(#5371,#5372,#5373),
  .UNSPECIFIED.,.F.,.F.,(3,3),(0.,1.),.PIECEWISE_BEZIER_KNOTS.);
#5371 = CARTESIAN_POINT('',(43.112187958884,53.9906020558,23.05));
#5372 = CARTESIAN_POINT('',(42.603377386197,53.754772393539,23.05));
#5373 = CARTESIAN_POINT('',(41.983113069016,53.754772393539,23.05));
#5374 = ORIENTED_EDGE('',*,*,#5375,.T.);
#5375 = EDGE_CURVE('',#5368,#1772,#5376,.T.);
#5376 = LINE('',#5377,#5378);
#5377 = CARTESIAN_POINT('',(43.112187958884,53.9906020558,23.05));
#5378 = VECTOR('',#5379,1.);
#5379 = DIRECTION('',(0.,0.,1.));
#5380 = ORIENTED_EDGE('',*,*,#1788,.F.);
#5381 = ORIENTED_EDGE('',*,*,#5349,.F.);
#5382 = SURFACE_OF_LINEAR_EXTRUSION('',#5383,#5387);
#5383 = B_SPLINE_CURVE_WITH_KNOTS('',2,(#5384,#5385,#5386),
  .UNSPECIFIED.,.F.,.F.,(3,3),(0.,1.),.PIECEWISE_BEZIER_KNOTS.);
#5384 = CARTESIAN_POINT('',(43.112187958884,53.9906020558,23.05));
#5385 = CARTESIAN_POINT('',(42.603377386197,53.754772393539,23.05));
#5386 = CARTESIAN_POINT('',(41.983113069016,53.754772393539,23.05));
#5387 = VECTOR('',#5388,1.);
#5388 = DIRECTION('',(0.,0.,-1.));
#5389 = ADVANCED_FACE('',(#5390),#5408,.F.);
#5390 = FACE_BOUND('',#5391,.F.);
#5391 = EDGE_LOOP('',(#5392,#5400,#5406,#5407));
#5392 = ORIENTED_EDGE('',*,*,#5393,.F.);
#5393 = EDGE_CURVE('',#5394,#5368,#5396,.T.);
#5394 = VERTEX_POINT('',#5395);
#5395 = CARTESIAN_POINT('',(43.943245227606,54.746953010279,23.05));
#5396 = B_SPLINE_CURVE_WITH_KNOTS('',2,(#5397,#5398,#5399),
  .UNSPECIFIED.,.F.,.F.,(3,3),(0.,1.),.PIECEWISE_BEZIER_KNOTS.);
#5397 = CARTESIAN_POINT('',(43.943245227606,54.746953010279,23.05));
#5398 = CARTESIAN_POINT('',(43.620594713656,54.226027900147,23.05));
#5399 = CARTESIAN_POINT('',(43.112187958884,53.9906020558,23.05));
#5400 = ORIENTED_EDGE('',*,*,#5401,.T.);
#5401 = EDGE_CURVE('',#5394,#1764,#5402,.T.);
#5402 = LINE('',#5403,#5404);
#5403 = CARTESIAN_POINT('',(43.943245227606,54.746953010279,23.05));
#5404 = VECTOR('',#5405,1.);
#5405 = DIRECTION('',(0.,0.,1.));
#5406 = ORIENTED_EDGE('',*,*,#1771,.F.);
#5407 = ORIENTED_EDGE('',*,*,#5375,.F.);
#5408 = SURFACE_OF_LINEAR_EXTRUSION('',#5409,#5413);
#5409 = B_SPLINE_CURVE_WITH_KNOTS('',2,(#5410,#5411,#5412),
  .UNSPECIFIED.,.F.,.F.,(3,3),(0.,1.),.PIECEWISE_BEZIER_KNOTS.);
#5410 = CARTESIAN_POINT('',(43.943245227606,54.746953010279,23.05));
#5411 = CARTESIAN_POINT('',(43.620594713656,54.226027900147,23.05));
#5412 = CARTESIAN_POINT('',(43.112187958884,53.9906020558,23.05));
#5413 = VECTOR('',#5414,1.);
#5414 = DIRECTION('',(0.,0.,-1.));
#5415 = ADVANCED_FACE('',(#5416),#5434,.F.);
#5416 = FACE_BOUND('',#5417,.F.);
#5417 = EDGE_LOOP('',(#5418,#5426,#5432,#5433));
#5418 = ORIENTED_EDGE('',*,*,#5419,.F.);
#5419 = EDGE_CURVE('',#5420,#5394,#5422,.T.);
#5420 = VERTEX_POINT('',#5421);
#5421 = CARTESIAN_POINT('',(44.042584434655,54.746953010279,23.05));
#5422 = LINE('',#5423,#5424);
#5423 = CARTESIAN_POINT('',(44.042584434655,54.746953010279,23.05));
#5424 = VECTOR('',#5425,1.);
#5425 = DIRECTION('',(-1.,1.224646799147E-16,0.));
#5426 = ORIENTED_EDGE('',*,*,#5427,.T.);
#5427 = EDGE_CURVE('',#5420,#1751,#5428,.T.);
#5428 = LINE('',#5429,#5430);
#5429 = CARTESIAN_POINT('',(44.042584434655,54.746953010279,23.05));
#5430 = VECTOR('',#5431,1.);
#5431 = DIRECTION('',(0.,0.,1.));
#5432 = ORIENTED_EDGE('',*,*,#1763,.F.);
#5433 = ORIENTED_EDGE('',*,*,#5401,.F.);
#5434 = PLANE('',#5435);
#5435 = AXIS2_PLACEMENT_3D('',#5436,#5437,#5438);
#5436 = CARTESIAN_POINT('',(44.042584434655,54.746953010279,23.05));
#5437 = DIRECTION('',(-1.224646799147E-16,-1.,0.));
#5438 = DIRECTION('',(-1.,1.224646799147E-16,0.));
#5439 = ADVANCED_FACE('',(#5440),#5451,.F.);
#5440 = FACE_BOUND('',#5441,.F.);
#5441 = EDGE_LOOP('',(#5442,#5448,#5449,#5450));
#5442 = ORIENTED_EDGE('',*,*,#5443,.F.);
#5443 = EDGE_CURVE('',#5015,#5420,#5444,.T.);
#5444 = B_SPLINE_CURVE_WITH_KNOTS('',2,(#5445,#5446,#5447),
  .UNSPECIFIED.,.F.,.F.,(3,3),(0.,1.),.PIECEWISE_BEZIER_KNOTS.);
#5445 = CARTESIAN_POINT('',(43.986857562408,54.102055800294,23.05));
#5446 = CARTESIAN_POINT('',(44.017547723935,54.560792951542,23.05));
#5447 = CARTESIAN_POINT('',(44.042584434655,54.746953010279,23.05));
#5448 = ORIENTED_EDGE('',*,*,#5029,.T.);
#5449 = ORIENTED_EDGE('',*,*,#1750,.F.);
#5450 = ORIENTED_EDGE('',*,*,#5427,.F.);
#5451 = SURFACE_OF_LINEAR_EXTRUSION('',#5452,#5456);
#5452 = B_SPLINE_CURVE_WITH_KNOTS('',2,(#5453,#5454,#5455),
  .UNSPECIFIED.,.F.,.F.,(3,3),(0.,1.),.PIECEWISE_BEZIER_KNOTS.);
#5453 = CARTESIAN_POINT('',(43.986857562408,54.102055800294,23.05));
#5454 = CARTESIAN_POINT('',(44.017547723935,54.560792951542,23.05));
#5455 = CARTESIAN_POINT('',(44.042584434655,54.746953010279,23.05));
#5456 = VECTOR('',#5457,1.);
#5457 = DIRECTION('',(0.,0.,-1.));
#5458 = ADVANCED_FACE('',(#5459),#5484,.F.);
#5459 = FACE_BOUND('',#5460,.F.);
#5460 = EDGE_LOOP('',(#5461,#5471,#5477,#5478));
#5461 = ORIENTED_EDGE('',*,*,#5462,.F.);
#5462 = EDGE_CURVE('',#5463,#5465,#5467,.T.);
#5463 = VERTEX_POINT('',#5464);
#5464 = CARTESIAN_POINT('',(47.729038179148,53.878744493392,23.05));
#5465 = VERTEX_POINT('',#5466);
#5466 = CARTESIAN_POINT('',(47.729038179148,60.651982378855,23.05));
#5467 = LINE('',#5468,#5469);
#5468 = CARTESIAN_POINT('',(47.729038179148,53.878744493392,23.05));
#5469 = VECTOR('',#5470,1.);
#5470 = DIRECTION('',(1.224646799147E-16,1.,0.));
#5471 = ORIENTED_EDGE('',*,*,#5472,.T.);
#5472 = EDGE_CURVE('',#5463,#1997,#5473,.T.);
#5473 = LINE('',#5474,#5475);
#5474 = CARTESIAN_POINT('',(47.729038179148,53.878744493392,23.05));
#5475 = VECTOR('',#5476,1.);
#5476 = DIRECTION('',(0.,0.,1.));
#5477 = ORIENTED_EDGE('',*,*,#1994,.F.);
#5478 = ORIENTED_EDGE('',*,*,#5479,.F.);
#5479 = EDGE_CURVE('',#5465,#1995,#5480,.T.);
#5480 = LINE('',#5481,#5482);
#5481 = CARTESIAN_POINT('',(47.729038179148,60.651982378855,23.05));
#5482 = VECTOR('',#5483,1.);
#5483 = DIRECTION('',(0.,0.,1.));
#5484 = PLANE('',#5485);
#5485 = AXIS2_PLACEMENT_3D('',#5486,#5487,#5488);
#5486 = CARTESIAN_POINT('',(47.729038179148,53.878744493392,23.05));
#5487 = DIRECTION('',(-1.,1.224646799147E-16,0.));
#5488 = DIRECTION('',(1.224646799147E-16,1.,0.));
#5489 = ADVANCED_FACE('',(#5490),#5508,.F.);
#5490 = FACE_BOUND('',#5491,.F.);
#5491 = EDGE_LOOP('',(#5492,#5500,#5506,#5507));
#5492 = ORIENTED_EDGE('',*,*,#5493,.F.);
#5493 = EDGE_CURVE('',#5494,#5463,#5496,.T.);
#5494 = VERTEX_POINT('',#5495);
#5495 = CARTESIAN_POINT('',(49.57731277533,53.878744493392,23.05));
#5496 = LINE('',#5497,#5498);
#5497 = CARTESIAN_POINT('',(49.57731277533,53.878744493392,23.05));
#5498 = VECTOR('',#5499,1.);
#5499 = DIRECTION('',(-1.,1.224646799147E-16,0.));
#5500 = ORIENTED_EDGE('',*,*,#5501,.T.);
#5501 = EDGE_CURVE('',#5494,#2013,#5502,.T.);
#5502 = LINE('',#5503,#5504);
#5503 = CARTESIAN_POINT('',(49.57731277533,53.878744493392,23.05));
#5504 = VECTOR('',#5505,1.);
#5505 = DIRECTION('',(0.,0.,1.));
#5506 = ORIENTED_EDGE('',*,*,#2020,.F.);
#5507 = ORIENTED_EDGE('',*,*,#5472,.F.);
#5508 = PLANE('',#5509);
#5509 = AXIS2_PLACEMENT_3D('',#5510,#5511,#5512);
#5510 = CARTESIAN_POINT('',(49.57731277533,53.878744493392,23.05));
#5511 = DIRECTION('',(-1.224646799147E-16,-1.,0.));
#5512 = DIRECTION('',(-1.,1.224646799147E-16,0.));
#5513 = ADVANCED_FACE('',(#5514),#5532,.F.);
#5514 = FACE_BOUND('',#5515,.F.);
#5515 = EDGE_LOOP('',(#5516,#5524,#5530,#5531));
#5516 = ORIENTED_EDGE('',*,*,#5517,.F.);
#5517 = EDGE_CURVE('',#5518,#5494,#5520,.T.);
#5518 = VERTEX_POINT('',#5519);
#5519 = CARTESIAN_POINT('',(49.57731277533,60.651982378855,23.05));
#5520 = LINE('',#5521,#5522);
#5521 = CARTESIAN_POINT('',(49.57731277533,60.651982378855,23.05));
#5522 = VECTOR('',#5523,1.);
#5523 = DIRECTION('',(-1.224646799147E-16,-1.,0.));
#5524 = ORIENTED_EDGE('',*,*,#5525,.T.);
#5525 = EDGE_CURVE('',#5518,#2005,#5526,.T.);
#5526 = LINE('',#5527,#5528);
#5527 = CARTESIAN_POINT('',(49.57731277533,60.651982378855,23.05));
#5528 = VECTOR('',#5529,1.);
#5529 = DIRECTION('',(0.,0.,1.));
#5530 = ORIENTED_EDGE('',*,*,#2012,.F.);
#5531 = ORIENTED_EDGE('',*,*,#5501,.F.);
#5532 = PLANE('',#5533);
#5533 = AXIS2_PLACEMENT_3D('',#5534,#5535,#5536);
#5534 = CARTESIAN_POINT('',(49.57731277533,60.651982378855,23.05));
#5535 = DIRECTION('',(1.,-1.224646799147E-16,0.));
#5536 = DIRECTION('',(-1.224646799147E-16,-1.,0.));
#5537 = ADVANCED_FACE('',(#5538),#5549,.F.);
#5538 = FACE_BOUND('',#5539,.F.);
#5539 = EDGE_LOOP('',(#5540,#5546,#5547,#5548));
#5540 = ORIENTED_EDGE('',*,*,#5541,.F.);
#5541 = EDGE_CURVE('',#5465,#5518,#5542,.T.);
#5542 = LINE('',#5543,#5544);
#5543 = CARTESIAN_POINT('',(47.729038179148,60.651982378855,23.05));
#5544 = VECTOR('',#5545,1.);
#5545 = DIRECTION('',(1.,-1.224646799147E-16,0.));
#5546 = ORIENTED_EDGE('',*,*,#5479,.T.);
#5547 = ORIENTED_EDGE('',*,*,#2004,.F.);
#5548 = ORIENTED_EDGE('',*,*,#5525,.F.);
#5549 = PLANE('',#5550);
#5550 = AXIS2_PLACEMENT_3D('',#5551,#5552,#5553);
#5551 = CARTESIAN_POINT('',(47.729038179148,60.651982378855,23.05));
#5552 = DIRECTION('',(1.224646799147E-16,1.,0.));
#5553 = DIRECTION('',(1.,-1.224646799147E-16,0.));
#5554 = ADVANCED_FACE('',(#5555),#5580,.F.);
#5555 = FACE_BOUND('',#5556,.F.);
#5556 = EDGE_LOOP('',(#5557,#5567,#5573,#5574));
#5557 = ORIENTED_EDGE('',*,*,#5558,.F.);
#5558 = EDGE_CURVE('',#5559,#5561,#5563,.T.);
#5559 = VERTEX_POINT('',#5560);
#5560 = CARTESIAN_POINT('',(55.019970631424,60.651982378855,23.05));
#5561 = VERTEX_POINT('',#5562);
#5562 = CARTESIAN_POINT('',(57.600367107195,53.878744493392,23.05));
#5563 = LINE('',#5564,#5565);
#5564 = CARTESIAN_POINT('',(55.019970631424,60.651982378855,23.05));
#5565 = VECTOR('',#5566,1.);
#5566 = DIRECTION('',(0.356009228345,-0.934482439286,0.));
#5567 = ORIENTED_EDGE('',*,*,#5568,.T.);
#5568 = EDGE_CURVE('',#5559,#2031,#5569,.T.);
#5569 = LINE('',#5570,#5571);
#5570 = CARTESIAN_POINT('',(55.019970631424,60.651982378855,23.05));
#5571 = VECTOR('',#5572,1.);
#5572 = DIRECTION('',(0.,0.,1.));
#5573 = ORIENTED_EDGE('',*,*,#2028,.F.);
#5574 = ORIENTED_EDGE('',*,*,#5575,.F.);
#5575 = EDGE_CURVE('',#5561,#2029,#5576,.T.);
#5576 = LINE('',#5577,#5578);
#5577 = CARTESIAN_POINT('',(57.600367107195,53.878744493392,23.05));
#5578 = VECTOR('',#5579,1.);
#5579 = DIRECTION('',(0.,0.,1.));
#5580 = PLANE('',#5581);
#5581 = AXIS2_PLACEMENT_3D('',#5582,#5583,#5584);
#5582 = CARTESIAN_POINT('',(55.019970631424,60.651982378855,23.05));
#5583 = DIRECTION('',(0.934482439286,0.356009228345,0.));
#5584 = DIRECTION('',(0.356009228345,-0.934482439286,0.));
#5585 = ADVANCED_FACE('',(#5586),#5604,.F.);
#5586 = FACE_BOUND('',#5587,.F.);
#5587 = EDGE_LOOP('',(#5588,#5596,#5602,#5603));
#5588 = ORIENTED_EDGE('',*,*,#5589,.F.);
#5589 = EDGE_CURVE('',#5590,#5559,#5592,.T.);
#5590 = VERTEX_POINT('',#5591);
#5591 = CARTESIAN_POINT('',(53.122026431718,60.651982378855,23.05));
#5592 = LINE('',#5593,#5594);
#5593 = CARTESIAN_POINT('',(53.122026431718,60.651982378855,23.05));
#5594 = VECTOR('',#5595,1.);
#5595 = DIRECTION('',(1.,-1.224646799147E-16,0.));
#5596 = ORIENTED_EDGE('',*,*,#5597,.T.);
#5597 = EDGE_CURVE('',#5590,#2115,#5598,.T.);
#5598 = LINE('',#5599,#5600);
#5599 = CARTESIAN_POINT('',(53.122026431718,60.651982378855,23.05));
#5600 = VECTOR('',#5601,1.);
#5601 = DIRECTION('',(0.,0.,1.));
#5602 = ORIENTED_EDGE('',*,*,#2122,.F.);
#5603 = ORIENTED_EDGE('',*,*,#5568,.F.);
#5604 = PLANE('',#5605);
#5605 = AXIS2_PLACEMENT_3D('',#5606,#5607,#5608);
#5606 = CARTESIAN_POINT('',(53.122026431718,60.651982378855,23.05));
#5607 = DIRECTION('',(1.224646799147E-16,1.,0.));
#5608 = DIRECTION('',(1.,-1.224646799147E-16,0.));
#5609 = ADVANCED_FACE('',(#5610),#5628,.F.);
#5610 = FACE_BOUND('',#5611,.F.);
#5611 = EDGE_LOOP('',(#5612,#5620,#5626,#5627));
#5612 = ORIENTED_EDGE('',*,*,#5613,.F.);
#5613 = EDGE_CURVE('',#5614,#5590,#5616,.T.);
#5614 = VERTEX_POINT('',#5615);
#5615 = CARTESIAN_POINT('',(50.541629955947,53.878744493392,23.05));
#5616 = LINE('',#5617,#5618);
#5617 = CARTESIAN_POINT('',(50.541629955947,53.878744493392,23.05));
#5618 = VECTOR('',#5619,1.);
#5619 = DIRECTION('',(0.356009228345,0.934482439286,0.));
#5620 = ORIENTED_EDGE('',*,*,#5621,.T.);
#5621 = EDGE_CURVE('',#5614,#2107,#5622,.T.);
#5622 = LINE('',#5623,#5624);
#5623 = CARTESIAN_POINT('',(50.541629955947,53.878744493392,23.05));
#5624 = VECTOR('',#5625,1.);
#5625 = DIRECTION('',(0.,0.,1.));
#5626 = ORIENTED_EDGE('',*,*,#2114,.F.);
#5627 = ORIENTED_EDGE('',*,*,#5597,.F.);
#5628 = PLANE('',#5629);
#5629 = AXIS2_PLACEMENT_3D('',#5630,#5631,#5632);
#5630 = CARTESIAN_POINT('',(50.541629955947,53.878744493392,23.05));
#5631 = DIRECTION('',(-0.934482439286,0.356009228345,0.));
#5632 = DIRECTION('',(0.356009228345,0.934482439286,0.));
#5633 = ADVANCED_FACE('',(#5634),#5652,.F.);
#5634 = FACE_BOUND('',#5635,.F.);
#5635 = EDGE_LOOP('',(#5636,#5644,#5650,#5651));
#5636 = ORIENTED_EDGE('',*,*,#5637,.F.);
#5637 = EDGE_CURVE('',#5638,#5614,#5640,.T.);
#5638 = VERTEX_POINT('',#5639);
#5639 = CARTESIAN_POINT('',(52.477129221733,53.878744493392,23.05));
#5640 = LINE('',#5641,#5642);
#5641 = CARTESIAN_POINT('',(52.477129221733,53.878744493392,23.05));
#5642 = VECTOR('',#5643,1.);
#5643 = DIRECTION('',(-1.,1.224646799147E-16,0.));
#5644 = ORIENTED_EDGE('',*,*,#5645,.T.);
#5645 = EDGE_CURVE('',#5638,#2099,#5646,.T.);
#5646 = LINE('',#5647,#5648);
#5647 = CARTESIAN_POINT('',(52.477129221733,53.878744493392,23.05));
#5648 = VECTOR('',#5649,1.);
#5649 = DIRECTION('',(0.,0.,1.));
#5650 = ORIENTED_EDGE('',*,*,#2106,.F.);
#5651 = ORIENTED_EDGE('',*,*,#5621,.F.);
#5652 = PLANE('',#5653);
#5653 = AXIS2_PLACEMENT_3D('',#5654,#5655,#5656);
#5654 = CARTESIAN_POINT('',(52.477129221733,53.878744493392,23.05));
#5655 = DIRECTION('',(-1.224646799147E-16,-1.,0.));
#5656 = DIRECTION('',(-1.,1.224646799147E-16,0.));
#5657 = ADVANCED_FACE('',(#5658),#5676,.F.);
#5658 = FACE_BOUND('',#5659,.F.);
#5659 = EDGE_LOOP('',(#5660,#5668,#5674,#5675));
#5660 = ORIENTED_EDGE('',*,*,#5661,.F.);
#5661 = EDGE_CURVE('',#5662,#5638,#5664,.T.);
#5662 = VERTEX_POINT('',#5663);
#5663 = CARTESIAN_POINT('',(53.779441997063,57.736820851689,23.05));
#5664 = LINE('',#5665,#5666);
#5665 = CARTESIAN_POINT('',(53.779441997063,57.736820851689,23.05));
#5666 = VECTOR('',#5667,1.);
#5667 = DIRECTION('',(-0.319825384325,-0.947476502897,0.));
#5668 = ORIENTED_EDGE('',*,*,#5669,.T.);
#5669 = EDGE_CURVE('',#5662,#2084,#5670,.T.);
#5670 = LINE('',#5671,#5672);
#5671 = CARTESIAN_POINT('',(53.779441997063,57.736820851689,23.05));
#5672 = VECTOR('',#5673,1.);
#5673 = DIRECTION('',(0.,0.,1.));
#5674 = ORIENTED_EDGE('',*,*,#2098,.F.);
#5675 = ORIENTED_EDGE('',*,*,#5645,.F.);
#5676 = PLANE('',#5677);
#5677 = AXIS2_PLACEMENT_3D('',#5678,#5679,#5680);
#5678 = CARTESIAN_POINT('',(53.779441997063,57.736820851689,23.05));
#5679 = DIRECTION('',(0.947476502897,-0.319825384325,0.));
#5680 = DIRECTION('',(-0.319825384325,-0.947476502897,0.));
#5681 = ADVANCED_FACE('',(#5682),#5700,.F.);
#5682 = FACE_BOUND('',#5683,.F.);
#5683 = EDGE_LOOP('',(#5684,#5692,#5698,#5699));
#5684 = ORIENTED_EDGE('',*,*,#5685,.F.);
#5685 = EDGE_CURVE('',#5686,#5662,#5688,.T.);
#5686 = VERTEX_POINT('',#5687);
#5687 = CARTESIAN_POINT('',(54.052422907489,59.125954478708,23.05));
#5688 = B_SPLINE_CURVE_WITH_KNOTS('',2,(#5689,#5690,#5691),
  .UNSPECIFIED.,.F.,.F.,(3,3),(0.,1.),.PIECEWISE_BEZIER_KNOTS.);
#5689 = CARTESIAN_POINT('',(54.052422907489,59.125954478708,23.05));
#5690 = CARTESIAN_POINT('',(54.015271659325,58.456424375918,23.05));
#5691 = CARTESIAN_POINT('',(53.779441997063,57.736820851689,23.05));
#5692 = ORIENTED_EDGE('',*,*,#5693,.T.);
#5693 = EDGE_CURVE('',#5686,#2076,#5694,.T.);
#5694 = LINE('',#5695,#5696);
#5695 = CARTESIAN_POINT('',(54.052422907489,59.125954478708,23.05));
#5696 = VECTOR('',#5697,1.);
#5697 = DIRECTION('',(0.,0.,1.));
#5698 = ORIENTED_EDGE('',*,*,#2083,.F.);
#5699 = ORIENTED_EDGE('',*,*,#5669,.F.);
#5700 = SURFACE_OF_LINEAR_EXTRUSION('',#5701,#5705);
#5701 = B_SPLINE_CURVE_WITH_KNOTS('',2,(#5702,#5703,#5704),
  .UNSPECIFIED.,.F.,.F.,(3,3),(0.,1.),.PIECEWISE_BEZIER_KNOTS.);
#5702 = CARTESIAN_POINT('',(54.052422907489,59.125954478708,23.05));
#5703 = CARTESIAN_POINT('',(54.015271659325,58.456424375918,23.05));
#5704 = CARTESIAN_POINT('',(53.779441997063,57.736820851689,23.05));
#5705 = VECTOR('',#5706,1.);
#5706 = DIRECTION('',(0.,0.,-1.));
#5707 = ADVANCED_FACE('',(#5708),#5726,.F.);
#5708 = FACE_BOUND('',#5709,.F.);
#5709 = EDGE_LOOP('',(#5710,#5718,#5724,#5725));
#5710 = ORIENTED_EDGE('',*,*,#5711,.F.);
#5711 = EDGE_CURVE('',#5712,#5686,#5714,.T.);
#5712 = VERTEX_POINT('',#5713);
#5713 = CARTESIAN_POINT('',(54.102092511013,59.125954478708,23.05));
#5714 = LINE('',#5715,#5716);
#5715 = CARTESIAN_POINT('',(54.102092511013,59.125954478708,23.05));
#5716 = VECTOR('',#5717,1.);
#5717 = DIRECTION('',(-1.,1.224646799147E-16,0.));
#5718 = ORIENTED_EDGE('',*,*,#5719,.T.);
#5719 = EDGE_CURVE('',#5712,#2065,#5720,.T.);
#5720 = LINE('',#5721,#5722);
#5721 = CARTESIAN_POINT('',(54.102092511013,59.125954478708,23.05));
#5722 = VECTOR('',#5723,1.);
#5723 = DIRECTION('',(0.,0.,1.));
#5724 = ORIENTED_EDGE('',*,*,#2075,.F.);
#5725 = ORIENTED_EDGE('',*,*,#5693,.F.);
#5726 = PLANE('',#5727);
#5727 = AXIS2_PLACEMENT_3D('',#5728,#5729,#5730);
#5728 = CARTESIAN_POINT('',(54.102092511013,59.125954478708,23.05));
#5729 = DIRECTION('',(-1.224646799147E-16,-1.,0.));
#5730 = DIRECTION('',(-1.,1.224646799147E-16,0.));
#5731 = ADVANCED_FACE('',(#5732),#5750,.F.);
#5732 = FACE_BOUND('',#5733,.F.);
#5733 = EDGE_LOOP('',(#5734,#5742,#5748,#5749));
#5734 = ORIENTED_EDGE('',*,*,#5735,.F.);
#5735 = EDGE_CURVE('',#5736,#5712,#5738,.T.);
#5736 = VERTEX_POINT('',#5737);
#5737 = CARTESIAN_POINT('',(54.182856093979,58.456424375918,23.05));
#5738 = B_SPLINE_CURVE_WITH_KNOTS('',2,(#5739,#5740,#5741),
  .UNSPECIFIED.,.F.,.F.,(3,3),(0.,1.),.PIECEWISE_BEZIER_KNOTS.);
#5739 = CARTESIAN_POINT('',(54.182856093979,58.456424375918,23.05));
#5740 = CARTESIAN_POINT('',(54.114610866373,58.828340675477,23.05));
#5741 = CARTESIAN_POINT('',(54.102092511013,59.125954478708,23.05));
#5742 = ORIENTED_EDGE('',*,*,#5743,.T.);
#5743 = EDGE_CURVE('',#5736,#2055,#5744,.T.);
#5744 = LINE('',#5745,#5746);
#5745 = CARTESIAN_POINT('',(54.182856093979,58.456424375918,23.05));
#5746 = VECTOR('',#5747,1.);
#5747 = DIRECTION('',(0.,0.,1.));
#5748 = ORIENTED_EDGE('',*,*,#2064,.F.);
#5749 = ORIENTED_EDGE('',*,*,#5719,.F.);
#5750 = SURFACE_OF_LINEAR_EXTRUSION('',#5751,#5755);
#5751 = B_SPLINE_CURVE_WITH_KNOTS('',2,(#5752,#5753,#5754),
  .UNSPECIFIED.,.F.,.F.,(3,3),(0.,1.),.PIECEWISE_BEZIER_KNOTS.);
#5752 = CARTESIAN_POINT('',(54.182856093979,58.456424375918,23.05));
#5753 = CARTESIAN_POINT('',(54.114610866373,58.828340675477,23.05));
#5754 = CARTESIAN_POINT('',(54.102092511013,59.125954478708,23.05));
#5755 = VECTOR('',#5756,1.);
#5756 = DIRECTION('',(0.,0.,-1.));
#5757 = ADVANCED_FACE('',(#5758),#5776,.F.);
#5758 = FACE_BOUND('',#5759,.F.);
#5759 = EDGE_LOOP('',(#5760,#5768,#5774,#5775));
#5760 = ORIENTED_EDGE('',*,*,#5761,.F.);
#5761 = EDGE_CURVE('',#5762,#5736,#5764,.T.);
#5762 = VERTEX_POINT('',#5763);
#5763 = CARTESIAN_POINT('',(54.362555066079,57.736820851689,23.05));
#5764 = B_SPLINE_CURVE_WITH_KNOTS('',2,(#5765,#5766,#5767),
  .UNSPECIFIED.,.F.,.F.,(3,3),(0.,1.),.PIECEWISE_BEZIER_KNOTS.);
#5765 = CARTESIAN_POINT('',(54.362555066079,57.736820851689,23.05));
#5766 = CARTESIAN_POINT('',(54.251101321586,58.084104258443,23.05));
#5767 = CARTESIAN_POINT('',(54.182856093979,58.456424375918,23.05));
#5768 = ORIENTED_EDGE('',*,*,#5769,.T.);
#5769 = EDGE_CURVE('',#5762,#2047,#5770,.T.);
#5770 = LINE('',#5771,#5772);
#5771 = CARTESIAN_POINT('',(54.362555066079,57.736820851689,23.05));
#5772 = VECTOR('',#5773,1.);
#5773 = DIRECTION('',(0.,0.,1.));
#5774 = ORIENTED_EDGE('',*,*,#2054,.F.);
#5775 = ORIENTED_EDGE('',*,*,#5743,.F.);
#5776 = SURFACE_OF_LINEAR_EXTRUSION('',#5777,#5781);
#5777 = B_SPLINE_CURVE_WITH_KNOTS('',2,(#5778,#5779,#5780),
  .UNSPECIFIED.,.F.,.F.,(3,3),(0.,1.),.PIECEWISE_BEZIER_KNOTS.);
#5778 = CARTESIAN_POINT('',(54.362555066079,57.736820851689,23.05));
#5779 = CARTESIAN_POINT('',(54.251101321586,58.084104258443,23.05));
#5780 = CARTESIAN_POINT('',(54.182856093979,58.456424375918,23.05));
#5781 = VECTOR('',#5782,1.);
#5782 = DIRECTION('',(0.,0.,-1.));
#5783 = ADVANCED_FACE('',(#5784),#5802,.F.);
#5784 = FACE_BOUND('',#5785,.F.);
#5785 = EDGE_LOOP('',(#5786,#5794,#5800,#5801));
#5786 = ORIENTED_EDGE('',*,*,#5787,.F.);
#5787 = EDGE_CURVE('',#5788,#5762,#5790,.T.);
#5788 = VERTEX_POINT('',#5789);
#5789 = CARTESIAN_POINT('',(55.665271659325,53.878744493392,23.05));
#5790 = LINE('',#5791,#5792);
#5791 = CARTESIAN_POINT('',(55.665271659325,53.878744493392,23.05));
#5792 = VECTOR('',#5793,1.);
#5793 = DIRECTION('',(-0.319914406755,0.947446448276,0.));
#5794 = ORIENTED_EDGE('',*,*,#5795,.T.);
#5795 = EDGE_CURVE('',#5788,#2039,#5796,.T.);
#5796 = LINE('',#5797,#5798);
#5797 = CARTESIAN_POINT('',(55.665271659325,53.878744493392,23.05));
#5798 = VECTOR('',#5799,1.);
#5799 = DIRECTION('',(0.,0.,1.));
#5800 = ORIENTED_EDGE('',*,*,#2046,.F.);
#5801 = ORIENTED_EDGE('',*,*,#5769,.F.);
#5802 = PLANE('',#5803);
#5803 = AXIS2_PLACEMENT_3D('',#5804,#5805,#5806);
#5804 = CARTESIAN_POINT('',(55.665271659325,53.878744493392,23.05));
#5805 = DIRECTION('',(-0.947446448276,-0.319914406755,0.));
#5806 = DIRECTION('',(-0.319914406755,0.947446448276,0.));
#5807 = ADVANCED_FACE('',(#5808),#5819,.F.);
#5808 = FACE_BOUND('',#5809,.F.);
#5809 = EDGE_LOOP('',(#5810,#5816,#5817,#5818));
#5810 = ORIENTED_EDGE('',*,*,#5811,.F.);
#5811 = EDGE_CURVE('',#5561,#5788,#5812,.T.);
#5812 = LINE('',#5813,#5814);
#5813 = CARTESIAN_POINT('',(57.600367107195,53.878744493392,23.05));
#5814 = VECTOR('',#5815,1.);
#5815 = DIRECTION('',(-1.,1.224646799147E-16,0.));
#5816 = ORIENTED_EDGE('',*,*,#5575,.T.);
#5817 = ORIENTED_EDGE('',*,*,#2038,.F.);
#5818 = ORIENTED_EDGE('',*,*,#5795,.F.);
#5819 = PLANE('',#5820);
#5820 = AXIS2_PLACEMENT_3D('',#5821,#5822,#5823);
#5821 = CARTESIAN_POINT('',(57.600367107195,53.878744493392,23.05));
#5822 = DIRECTION('',(-1.224646799147E-16,-1.,0.));
#5823 = DIRECTION('',(-1.,1.224646799147E-16,0.));
#5824 = ADVANCED_FACE('',(#5825),#5850,.F.);
#5825 = FACE_BOUND('',#5826,.F.);
#5826 = EDGE_LOOP('',(#5827,#5837,#5843,#5844));
#5827 = ORIENTED_EDGE('',*,*,#5828,.F.);
#5828 = EDGE_CURVE('',#5829,#5831,#5833,.T.);
#5829 = VERTEX_POINT('',#5830);
#5830 = CARTESIAN_POINT('',(57.607635829662,60.651982378855,23.05));
#5831 = VERTEX_POINT('',#5832);
#5832 = CARTESIAN_POINT('',(59.74140969163,60.651982378855,23.05));
#5833 = LINE('',#5834,#5835);
#5834 = CARTESIAN_POINT('',(57.607635829662,60.651982378855,23.05));
#5835 = VECTOR('',#5836,1.);
#5836 = DIRECTION('',(1.,-1.224646799147E-16,0.));
#5837 = ORIENTED_EDGE('',*,*,#5838,.T.);
#5838 = EDGE_CURVE('',#5829,#2133,#5839,.T.);
#5839 = LINE('',#5840,#5841);
#5840 = CARTESIAN_POINT('',(57.607635829662,60.651982378855,23.05));
#5841 = VECTOR('',#5842,1.);
#5842 = DIRECTION('',(0.,0.,1.));
#5843 = ORIENTED_EDGE('',*,*,#2130,.F.);
#5844 = ORIENTED_EDGE('',*,*,#5845,.F.);
#5845 = EDGE_CURVE('',#5831,#2131,#5846,.T.);
#5846 = LINE('',#5847,#5848);
#5847 = CARTESIAN_POINT('',(59.74140969163,60.651982378855,23.05));
#5848 = VECTOR('',#5849,1.);
#5849 = DIRECTION('',(0.,0.,1.));
#5850 = PLANE('',#5851);
#5851 = AXIS2_PLACEMENT_3D('',#5852,#5853,#5854);
#5852 = CARTESIAN_POINT('',(57.607635829662,60.651982378855,23.05));
#5853 = DIRECTION('',(1.224646799147E-16,1.,0.));
#5854 = DIRECTION('',(1.,-1.224646799147E-16,0.));
#5855 = ADVANCED_FACE('',(#5856),#5874,.F.);
#5856 = FACE_BOUND('',#5857,.F.);
#5857 = EDGE_LOOP('',(#5858,#5866,#5872,#5873));
#5858 = ORIENTED_EDGE('',*,*,#5859,.F.);
#5859 = EDGE_CURVE('',#5860,#5829,#5862,.T.);
#5860 = VERTEX_POINT('',#5861);
#5861 = CARTESIAN_POINT('',(60.721475770925,55.714500734214,23.05));
#5862 = LINE('',#5863,#5864);
#5863 = CARTESIAN_POINT('',(60.721475770925,55.714500734214,23.05));
#5864 = VECTOR('',#5865,1.);
#5865 = DIRECTION('',(-0.533433284243,0.845842143229,0.));
#5866 = ORIENTED_EDGE('',*,*,#5867,.T.);
#5867 = EDGE_CURVE('',#5860,#2233,#5868,.T.);
#5868 = LINE('',#5869,#5870);
#5869 = CARTESIAN_POINT('',(60.721475770925,55.714500734214,23.05));
#5870 = VECTOR('',#5871,1.);
#5871 = DIRECTION('',(0.,0.,1.));
#5872 = ORIENTED_EDGE('',*,*,#2240,.F.);
#5873 = ORIENTED_EDGE('',*,*,#5838,.F.);
#5874 = PLANE('',#5875);
#5875 = AXIS2_PLACEMENT_3D('',#5876,#5877,#5878);
#5876 = CARTESIAN_POINT('',(60.721475770925,55.714500734214,23.05));
#5877 = DIRECTION('',(-0.845842143229,-0.533433284243,0.));
#5878 = DIRECTION('',(-0.533433284243,0.845842143229,0.));
#5879 = ADVANCED_FACE('',(#5880),#5898,.F.);
#5880 = FACE_BOUND('',#5881,.F.);
#5881 = EDGE_LOOP('',(#5882,#5890,#5896,#5897));
#5882 = ORIENTED_EDGE('',*,*,#5883,.F.);
#5883 = EDGE_CURVE('',#5884,#5860,#5886,.T.);
#5884 = VERTEX_POINT('',#5885);
#5885 = CARTESIAN_POINT('',(57.632268722467,51.794640234949,23.05));
#5886 = LINE('',#5887,#5888);
#5887 = CARTESIAN_POINT('',(57.632268722467,51.794640234949,23.05));
#5888 = VECTOR('',#5889,1.);
#5889 = DIRECTION('',(0.618975091566,0.785410616188,0.));
#5890 = ORIENTED_EDGE('',*,*,#5891,.T.);
#5891 = EDGE_CURVE('',#5884,#2225,#5892,.T.);
#5892 = LINE('',#5893,#5894);
#5893 = CARTESIAN_POINT('',(57.632268722467,51.794640234949,23.05));
#5894 = VECTOR('',#5895,1.);
#5895 = DIRECTION('',(0.,0.,1.));
#5896 = ORIENTED_EDGE('',*,*,#2232,.F.);
#5897 = ORIENTED_EDGE('',*,*,#5867,.F.);
#5898 = PLANE('',#5899);
#5899 = AXIS2_PLACEMENT_3D('',#5900,#5901,#5902);
#5900 = CARTESIAN_POINT('',(57.632268722467,51.794640234949,23.05));
#5901 = DIRECTION('',(-0.785410616188,0.618975091566,0.));
#5902 = DIRECTION('',(0.618975091566,0.785410616188,0.));
#5903 = ADVANCED_FACE('',(#5904),#5922,.F.);
#5904 = FACE_BOUND('',#5905,.F.);
#5905 = EDGE_LOOP('',(#5906,#5914,#5920,#5921));
#5906 = ORIENTED_EDGE('',*,*,#5907,.F.);
#5907 = EDGE_CURVE('',#5908,#5884,#5910,.T.);
#5908 = VERTEX_POINT('',#5909);
#5909 = CARTESIAN_POINT('',(59.71637298091,51.794640234949,23.05));
#5910 = LINE('',#5911,#5912);
#5911 = CARTESIAN_POINT('',(59.71637298091,51.794640234949,23.05));
#5912 = VECTOR('',#5913,1.);
#5913 = DIRECTION('',(-1.,1.224646799147E-16,0.));
#5914 = ORIENTED_EDGE('',*,*,#5915,.T.);
#5915 = EDGE_CURVE('',#5908,#2217,#5916,.T.);
#5916 = LINE('',#5917,#5918);
#5917 = CARTESIAN_POINT('',(59.71637298091,51.794640234949,23.05));
#5918 = VECTOR('',#5919,1.);
#5919 = DIRECTION('',(0.,0.,1.));
#5920 = ORIENTED_EDGE('',*,*,#2224,.F.);
#5921 = ORIENTED_EDGE('',*,*,#5891,.F.);
#5922 = PLANE('',#5923);
#5923 = AXIS2_PLACEMENT_3D('',#5924,#5925,#5926);
#5924 = CARTESIAN_POINT('',(59.71637298091,51.794640234949,23.05));
#5925 = DIRECTION('',(-1.224646799147E-16,-1.,0.));
#5926 = DIRECTION('',(-1.,1.224646799147E-16,0.));
#5927 = ADVANCED_FACE('',(#5928),#5946,.F.);
#5928 = FACE_BOUND('',#5929,.F.);
#5929 = EDGE_LOOP('',(#5930,#5938,#5944,#5945));
#5930 = ORIENTED_EDGE('',*,*,#5931,.F.);
#5931 = EDGE_CURVE('',#5932,#5908,#5934,.T.);
#5932 = VERTEX_POINT('',#5933);
#5933 = CARTESIAN_POINT('',(62.110609397944,54.809140969163,23.05));
#5934 = LINE('',#5935,#5936);
#5935 = CARTESIAN_POINT('',(62.110609397944,54.809140969163,23.05));
#5936 = VECTOR('',#5937,1.);
#5937 = DIRECTION('',(-0.621940795751,-0.783064267209,0.));
#5938 = ORIENTED_EDGE('',*,*,#5939,.T.);
#5939 = EDGE_CURVE('',#5932,#2207,#5940,.T.);
#5940 = LINE('',#5941,#5942);
#5941 = CARTESIAN_POINT('',(62.110609397944,54.809140969163,23.05));
#5942 = VECTOR('',#5943,1.);
#5943 = DIRECTION('',(0.,0.,1.));
#5944 = ORIENTED_EDGE('',*,*,#2216,.F.);
#5945 = ORIENTED_EDGE('',*,*,#5915,.F.);
#5946 = PLANE('',#5947);
#5947 = AXIS2_PLACEMENT_3D('',#5948,#5949,#5950);
#5948 = CARTESIAN_POINT('',(62.110609397944,54.809140969163,23.05));
#5949 = DIRECTION('',(0.783064267209,-0.621940795751,0.));
#5950 = DIRECTION('',(-0.621940795751,-0.783064267209,0.));
#5951 = ADVANCED_FACE('',(#5952),#5970,.F.);
#5952 = FACE_BOUND('',#5953,.F.);
#5953 = EDGE_LOOP('',(#5954,#5962,#5968,#5969));
#5954 = ORIENTED_EDGE('',*,*,#5955,.F.);
#5955 = EDGE_CURVE('',#5956,#5932,#5958,.T.);
#5956 = VERTEX_POINT('',#5957);
#5957 = CARTESIAN_POINT('',(62.482929515419,55.330066079295,23.05));
#5958 = B_SPLINE_CURVE_WITH_KNOTS('',2,(#5959,#5960,#5961),
  .UNSPECIFIED.,.F.,.F.,(3,3),(0.,1.),.PIECEWISE_BEZIER_KNOTS.);
#5959 = CARTESIAN_POINT('',(62.482929515419,55.330066079295,23.05));
#5960 = CARTESIAN_POINT('',(62.296769456681,55.069603524229,23.05));
#5961 = CARTESIAN_POINT('',(62.110609397944,54.809140969163,23.05));
#5962 = ORIENTED_EDGE('',*,*,#5963,.T.);
#5963 = EDGE_CURVE('',#5956,#2197,#5964,.T.);
#5964 = LINE('',#5965,#5966);
#5965 = CARTESIAN_POINT('',(62.482929515419,55.330066079295,23.05));
#5966 = VECTOR('',#5967,1.);
#5967 = DIRECTION('',(0.,0.,1.));
#5968 = ORIENTED_EDGE('',*,*,#2206,.F.);
#5969 = ORIENTED_EDGE('',*,*,#5939,.F.);
#5970 = SURFACE_OF_LINEAR_EXTRUSION('',#5971,#5975);
#5971 = B_SPLINE_CURVE_WITH_KNOTS('',2,(#5972,#5973,#5974),
  .UNSPECIFIED.,.F.,.F.,(3,3),(0.,1.),.PIECEWISE_BEZIER_KNOTS.);
#5972 = CARTESIAN_POINT('',(62.482929515419,55.330066079295,23.05));
#5973 = CARTESIAN_POINT('',(62.296769456681,55.069603524229,23.05));
#5974 = CARTESIAN_POINT('',(62.110609397944,54.809140969163,23.05));
#5975 = VECTOR('',#5976,1.);
#5976 = DIRECTION('',(0.,0.,-1.));
#5977 = ADVANCED_FACE('',(#5978),#5996,.F.);
#5978 = FACE_BOUND('',#5979,.F.);
#5979 = EDGE_LOOP('',(#5980,#5988,#5994,#5995));
#5980 = ORIENTED_EDGE('',*,*,#5981,.F.);
#5981 = EDGE_CURVE('',#5982,#5956,#5984,.T.);
#5982 = VERTEX_POINT('',#5983);
#5983 = CARTESIAN_POINT('',(62.854845814978,55.850991189427,23.05));
#5984 = B_SPLINE_CURVE_WITH_KNOTS('',2,(#5985,#5986,#5987),
  .UNSPECIFIED.,.F.,.F.,(3,3),(0.,1.),.PIECEWISE_BEZIER_KNOTS.);
#5985 = CARTESIAN_POINT('',(62.854845814978,55.850991189427,23.05));
#5986 = CARTESIAN_POINT('',(62.669089574156,55.590528634361,23.05));
#5987 = CARTESIAN_POINT('',(62.482929515419,55.330066079295,23.05));
#5988 = ORIENTED_EDGE('',*,*,#5989,.T.);
#5989 = EDGE_CURVE('',#5982,#2189,#5990,.T.);
#5990 = LINE('',#5991,#5992);
#5991 = CARTESIAN_POINT('',(62.854845814978,55.850991189427,23.05));
#5992 = VECTOR('',#5993,1.);
#5993 = DIRECTION('',(0.,0.,1.));
#5994 = ORIENTED_EDGE('',*,*,#2196,.F.);
#5995 = ORIENTED_EDGE('',*,*,#5963,.F.);
#5996 = SURFACE_OF_LINEAR_EXTRUSION('',#5997,#6001);
#5997 = B_SPLINE_CURVE_WITH_KNOTS('',2,(#5998,#5999,#6000),
  .UNSPECIFIED.,.F.,.F.,(3,3),(0.,1.),.PIECEWISE_BEZIER_KNOTS.);
#5998 = CARTESIAN_POINT('',(62.854845814978,55.850991189427,23.05));
#5999 = CARTESIAN_POINT('',(62.669089574156,55.590528634361,23.05));
#6000 = CARTESIAN_POINT('',(62.482929515419,55.330066079295,23.05));
#6001 = VECTOR('',#6002,1.);
#6002 = DIRECTION('',(0.,0.,-1.));
#6003 = ADVANCED_FACE('',(#6004),#6022,.F.);
#6004 = FACE_BOUND('',#6005,.F.);
#6005 = EDGE_LOOP('',(#6006,#6014,#6020,#6021));
#6006 = ORIENTED_EDGE('',*,*,#6007,.F.);
#6007 = EDGE_CURVE('',#6008,#5982,#6010,.T.);
#6008 = VERTEX_POINT('',#6009);
#6009 = CARTESIAN_POINT('',(62.854845814978,51.794640234949,23.05));
#6010 = LINE('',#6011,#6012);
#6011 = CARTESIAN_POINT('',(62.854845814978,51.794640234949,23.05));
#6012 = VECTOR('',#6013,1.);
#6013 = DIRECTION('',(1.224646799147E-16,1.,0.));
#6014 = ORIENTED_EDGE('',*,*,#6015,.T.);
#6015 = EDGE_CURVE('',#6008,#2181,#6016,.T.);
#6016 = LINE('',#6017,#6018);
#6017 = CARTESIAN_POINT('',(62.854845814978,51.794640234949,23.05));
#6018 = VECTOR('',#6019,1.);
#6019 = DIRECTION('',(0.,0.,1.));
#6020 = ORIENTED_EDGE('',*,*,#2188,.F.);
#6021 = ORIENTED_EDGE('',*,*,#5989,.F.);
#6022 = PLANE('',#6023);
#6023 = AXIS2_PLACEMENT_3D('',#6024,#6025,#6026);
#6024 = CARTESIAN_POINT('',(62.854845814978,51.794640234949,23.05));
#6025 = DIRECTION('',(-1.,1.224646799147E-16,0.));
#6026 = DIRECTION('',(1.224646799147E-16,1.,0.));
#6027 = ADVANCED_FACE('',(#6028),#6046,.F.);
#6028 = FACE_BOUND('',#6029,.F.);
#6029 = EDGE_LOOP('',(#6030,#6038,#6044,#6045));
#6030 = ORIENTED_EDGE('',*,*,#6031,.F.);
#6031 = EDGE_CURVE('',#6032,#6008,#6034,.T.);
#6032 = VERTEX_POINT('',#6033);
#6033 = CARTESIAN_POINT('',(64.72815712188,51.794640234949,23.05));
#6034 = LINE('',#6035,#6036);
#6035 = CARTESIAN_POINT('',(64.72815712188,51.794640234949,23.05));
#6036 = VECTOR('',#6037,1.);
#6037 = DIRECTION('',(-1.,1.224646799147E-16,0.));
#6038 = ORIENTED_EDGE('',*,*,#6039,.T.);
#6039 = EDGE_CURVE('',#6032,#2173,#6040,.T.);
#6040 = LINE('',#6041,#6042);
#6041 = CARTESIAN_POINT('',(64.72815712188,51.794640234949,23.05));
#6042 = VECTOR('',#6043,1.);
#6043 = DIRECTION('',(0.,0.,1.));
#6044 = ORIENTED_EDGE('',*,*,#2180,.F.);
#6045 = ORIENTED_EDGE('',*,*,#6015,.F.);
#6046 = PLANE('',#6047);
#6047 = AXIS2_PLACEMENT_3D('',#6048,#6049,#6050);
#6048 = CARTESIAN_POINT('',(64.72815712188,51.794640234949,23.05));
#6049 = DIRECTION('',(-1.224646799147E-16,-1.,0.));
#6050 = DIRECTION('',(-1.,1.224646799147E-16,0.));
#6051 = ADVANCED_FACE('',(#6052),#6070,.F.);
#6052 = FACE_BOUND('',#6053,.F.);
#6053 = EDGE_LOOP('',(#6054,#6062,#6068,#6069));
#6054 = ORIENTED_EDGE('',*,*,#6055,.F.);
#6055 = EDGE_CURVE('',#6056,#6032,#6058,.T.);
#6056 = VERTEX_POINT('',#6057);
#6057 = CARTESIAN_POINT('',(64.72815712188,60.651982378855,23.05));
#6058 = LINE('',#6059,#6060);
#6059 = CARTESIAN_POINT('',(64.72815712188,60.651982378855,23.05));
#6060 = VECTOR('',#6061,1.);
#6061 = DIRECTION('',(-1.224646799147E-16,-1.,0.));
#6062 = ORIENTED_EDGE('',*,*,#6063,.T.);
#6063 = EDGE_CURVE('',#6056,#2165,#6064,.T.);
#6064 = LINE('',#6065,#6066);
#6065 = CARTESIAN_POINT('',(64.72815712188,60.651982378855,23.05));
#6066 = VECTOR('',#6067,1.);
#6067 = DIRECTION('',(0.,0.,1.));
#6068 = ORIENTED_EDGE('',*,*,#2172,.F.);
#6069 = ORIENTED_EDGE('',*,*,#6039,.F.);
#6070 = PLANE('',#6071);
#6071 = AXIS2_PLACEMENT_3D('',#6072,#6073,#6074);
#6072 = CARTESIAN_POINT('',(64.72815712188,60.651982378855,23.05));
#6073 = DIRECTION('',(1.,-1.224646799147E-16,0.));
#6074 = DIRECTION('',(-1.224646799147E-16,-1.,0.));
#6075 = ADVANCED_FACE('',(#6076),#6094,.F.);
#6076 = FACE_BOUND('',#6077,.F.);
#6077 = EDGE_LOOP('',(#6078,#6086,#6092,#6093));
#6078 = ORIENTED_EDGE('',*,*,#6079,.F.);
#6079 = EDGE_CURVE('',#6080,#6056,#6082,.T.);
#6080 = VERTEX_POINT('',#6081);
#6081 = CARTESIAN_POINT('',(62.854845814978,60.651982378855,23.05));
#6082 = LINE('',#6083,#6084);
#6083 = CARTESIAN_POINT('',(62.854845814978,60.651982378855,23.05));
#6084 = VECTOR('',#6085,1.);
#6085 = DIRECTION('',(1.,-1.224646799147E-16,0.));
#6086 = ORIENTED_EDGE('',*,*,#6087,.T.);
#6087 = EDGE_CURVE('',#6080,#2157,#6088,.T.);
#6088 = LINE('',#6089,#6090);
#6089 = CARTESIAN_POINT('',(62.854845814978,60.651982378855,23.05));
#6090 = VECTOR('',#6091,1.);
#6091 = DIRECTION('',(0.,0.,1.));
#6092 = ORIENTED_EDGE('',*,*,#2164,.F.);
#6093 = ORIENTED_EDGE('',*,*,#6063,.F.);
#6094 = PLANE('',#6095);
#6095 = AXIS2_PLACEMENT_3D('',#6096,#6097,#6098);
#6096 = CARTESIAN_POINT('',(62.854845814978,60.651982378855,23.05));
#6097 = DIRECTION('',(1.224646799147E-16,1.,0.));
#6098 = DIRECTION('',(1.,-1.224646799147E-16,0.));
#6099 = ADVANCED_FACE('',(#6100),#6118,.F.);
#6100 = FACE_BOUND('',#6101,.F.);
#6101 = EDGE_LOOP('',(#6102,#6110,#6116,#6117));
#6102 = ORIENTED_EDGE('',*,*,#6103,.F.);
#6103 = EDGE_CURVE('',#6104,#6080,#6106,.T.);
#6104 = VERTEX_POINT('',#6105);
#6105 = CARTESIAN_POINT('',(62.854845814978,57.488472834068,23.05));
#6106 = LINE('',#6107,#6108);
#6107 = CARTESIAN_POINT('',(62.854845814978,57.488472834068,23.05));
#6108 = VECTOR('',#6109,1.);
#6109 = DIRECTION('',(1.224646799147E-16,1.,0.));
#6110 = ORIENTED_EDGE('',*,*,#6111,.T.);
#6111 = EDGE_CURVE('',#6104,#2149,#6112,.T.);
#6112 = LINE('',#6113,#6114);
#6113 = CARTESIAN_POINT('',(62.854845814978,57.488472834068,23.05));
#6114 = VECTOR('',#6115,1.);
#6115 = DIRECTION('',(0.,0.,1.));
#6116 = ORIENTED_EDGE('',*,*,#2156,.F.);
#6117 = ORIENTED_EDGE('',*,*,#6087,.F.);
#6118 = PLANE('',#6119);
#6119 = AXIS2_PLACEMENT_3D('',#6120,#6121,#6122);
#6120 = CARTESIAN_POINT('',(62.854845814978,57.488472834068,23.05));
#6121 = DIRECTION('',(-1.,1.224646799147E-16,0.));
#6122 = DIRECTION('',(1.224646799147E-16,1.,0.));
#6123 = ADVANCED_FACE('',(#6124),#6142,.F.);
#6124 = FACE_BOUND('',#6125,.F.);
#6125 = EDGE_LOOP('',(#6126,#6134,#6140,#6141));
#6126 = ORIENTED_EDGE('',*,*,#6127,.F.);
#6127 = EDGE_CURVE('',#6128,#6104,#6130,.T.);
#6128 = VERTEX_POINT('',#6129);
#6129 = CARTESIAN_POINT('',(62.06093979442,56.917878120411,23.05));
#6130 = LINE('',#6131,#6132);
#6131 = CARTESIAN_POINT('',(62.06093979442,56.917878120411,23.05));
#6132 = VECTOR('',#6133,1.);
#6133 = DIRECTION('',(0.81202760531,0.583619026604,0.));
#6134 = ORIENTED_EDGE('',*,*,#6135,.T.);
#6135 = EDGE_CURVE('',#6128,#2141,#6136,.T.);
#6136 = LINE('',#6137,#6138);
#6137 = CARTESIAN_POINT('',(62.06093979442,56.917878120411,23.05));
#6138 = VECTOR('',#6139,1.);
#6139 = DIRECTION('',(0.,0.,1.));
#6140 = ORIENTED_EDGE('',*,*,#2148,.F.);
#6141 = ORIENTED_EDGE('',*,*,#6111,.F.);
#6142 = PLANE('',#6143);
#6143 = AXIS2_PLACEMENT_3D('',#6144,#6145,#6146);
#6144 = CARTESIAN_POINT('',(62.06093979442,56.917878120411,23.05));
#6145 = DIRECTION('',(-0.583619026604,0.81202760531,0.));
#6146 = DIRECTION('',(0.81202760531,0.583619026604,0.));
#6147 = ADVANCED_FACE('',(#6148),#6159,.F.);
#6148 = FACE_BOUND('',#6149,.F.);
#6149 = EDGE_LOOP('',(#6150,#6156,#6157,#6158));
#6150 = ORIENTED_EDGE('',*,*,#6151,.F.);
#6151 = EDGE_CURVE('',#5831,#6128,#6152,.T.);
#6152 = LINE('',#6153,#6154);
#6153 = CARTESIAN_POINT('',(59.74140969163,60.651982378855,23.05));
#6154 = VECTOR('',#6155,1.);
#6155 = DIRECTION('',(0.527660102352,-0.849455600009,0.));
#6156 = ORIENTED_EDGE('',*,*,#5845,.T.);
#6157 = ORIENTED_EDGE('',*,*,#2140,.F.);
#6158 = ORIENTED_EDGE('',*,*,#6135,.F.);
#6159 = PLANE('',#6160);
#6160 = AXIS2_PLACEMENT_3D('',#6161,#6162,#6163);
#6161 = CARTESIAN_POINT('',(59.74140969163,60.651982378855,23.05));
#6162 = DIRECTION('',(0.849455600009,0.527660102352,0.));
#6163 = DIRECTION('',(0.527660102352,-0.849455600009,0.));
#6164 = ADVANCED_FACE('',(#6165,#6168),#6179,.F.);
#6165 = FACE_BOUND('',#6166,.F.);
#6166 = EDGE_LOOP('',(#6167));
#6167 = ORIENTED_EDGE('',*,*,#2371,.T.);
#6168 = FACE_BOUND('',#6169,.F.);
#6169 = EDGE_LOOP('',(#6170));
#6170 = ORIENTED_EDGE('',*,*,#6171,.F.);
#6171 = EDGE_CURVE('',#6172,#6172,#6174,.T.);
#6172 = VERTEX_POINT('',#6173);
#6173 = CARTESIAN_POINT('',(4.6,3.5,1.31));
#6174 = CIRCLE('',#6175,1.1);
#6175 = AXIS2_PLACEMENT_3D('',#6176,#6177,#6178);
#6176 = CARTESIAN_POINT('',(3.5,3.5,1.31));
#6177 = DIRECTION('',(0.,0.,1.));
#6178 = DIRECTION('',(1.,0.,-0.));
#6179 = PLANE('',#6180);
#6180 = AXIS2_PLACEMENT_3D('',#6181,#6182,#6183);
#6181 = CARTESIAN_POINT('',(3.5,3.5,1.31));
#6182 = DIRECTION('',(0.,0.,1.));
#6183 = DIRECTION('',(1.,0.,-0.));
#6184 = ADVANCED_FACE('',(#6185,#6188),#6199,.F.);
#6185 = FACE_BOUND('',#6186,.F.);
#6186 = EDGE_LOOP('',(#6187));
#6187 = ORIENTED_EDGE('',*,*,#2421,.T.);
#6188 = FACE_BOUND('',#6189,.F.);
#6189 = EDGE_LOOP('',(#6190));
#6190 = ORIENTED_EDGE('',*,*,#6191,.F.);
#6191 = EDGE_CURVE('',#6192,#6192,#6194,.T.);
#6192 = VERTEX_POINT('',#6193);
#6193 = CARTESIAN_POINT('',(29.45,21.8,16.24));
#6194 = CIRCLE('',#6195,0.85);
#6195 = AXIS2_PLACEMENT_3D('',#6196,#6197,#6198);
#6196 = CARTESIAN_POINT('',(28.6,21.8,16.24));
#6197 = DIRECTION('',(0.,0.,1.));
#6198 = DIRECTION('',(1.,0.,-0.));
#6199 = PLANE('',#6200);
#6200 = AXIS2_PLACEMENT_3D('',#6201,#6202,#6203);
#6201 = CARTESIAN_POINT('',(28.6,21.8,16.24));
#6202 = DIRECTION('',(0.,0.,1.));
#6203 = DIRECTION('',(1.,0.,-0.));
#6204 = ADVANCED_FACE('',(#6205,#6208),#6219,.F.);
#6205 = FACE_BOUND('',#6206,.F.);
#6206 = EDGE_LOOP('',(#6207));
#6207 = ORIENTED_EDGE('',*,*,#2446,.T.);
#6208 = FACE_BOUND('',#6209,.F.);
#6209 = EDGE_LOOP('',(#6210));
#6210 = ORIENTED_EDGE('',*,*,#6211,.F.);
#6211 = EDGE_CURVE('',#6212,#6212,#6214,.T.);
#6212 = VERTEX_POINT('',#6213);
#6213 = CARTESIAN_POINT('',(41.95,21.8,16.24));
#6214 = CIRCLE('',#6215,0.85);
#6215 = AXIS2_PLACEMENT_3D('',#6216,#6217,#6218);
#6216 = CARTESIAN_POINT('',(41.1,21.8,16.24));
#6217 = DIRECTION('',(0.,0.,1.));
#6218 = DIRECTION('',(1.,0.,-0.));
#6219 = PLANE('',#6220);
#6220 = AXIS2_PLACEMENT_3D('',#6221,#6222,#6223);
#6221 = CARTESIAN_POINT('',(41.1,21.8,16.24));
#6222 = DIRECTION('',(0.,0.,1.));
#6223 = DIRECTION('',(1.,0.,-0.));
#6224 = ADVANCED_FACE('',(#6225,#6228),#6239,.F.);
#6225 = FACE_BOUND('',#6226,.F.);
#6226 = EDGE_LOOP('',(#6227));
#6227 = ORIENTED_EDGE('',*,*,#2607,.T.);
#6228 = FACE_BOUND('',#6229,.F.);
#6229 = EDGE_LOOP('',(#6230));
#6230 = ORIENTED_EDGE('',*,*,#6231,.F.);
#6231 = EDGE_CURVE('',#6232,#6232,#6234,.T.);
#6232 = VERTEX_POINT('',#6233);
#6233 = CARTESIAN_POINT('',(62.6,3.5,1.31));
#6234 = CIRCLE('',#6235,1.1);
#6235 = AXIS2_PLACEMENT_3D('',#6236,#6237,#6238);
#6236 = CARTESIAN_POINT('',(61.5,3.5,1.31));
#6237 = DIRECTION('',(0.,0.,1.));
#6238 = DIRECTION('',(1.,0.,-0.));
#6239 = PLANE('',#6240);
#6240 = AXIS2_PLACEMENT_3D('',#6241,#6242,#6243);
#6241 = CARTESIAN_POINT('',(61.5,3.5,1.31));
#6242 = DIRECTION('',(0.,0.,1.));
#6243 = DIRECTION('',(1.,0.,-0.));
#6244 = ADVANCED_FACE('',(#6245,#6248),#6259,.F.);
#6245 = FACE_BOUND('',#6246,.F.);
#6246 = EDGE_LOOP('',(#6247));
#6247 = ORIENTED_EDGE('',*,*,#2948,.T.);
#6248 = FACE_BOUND('',#6249,.F.);
#6249 = EDGE_LOOP('',(#6250));
#6250 = ORIENTED_EDGE('',*,*,#6251,.F.);
#6251 = EDGE_CURVE('',#6252,#6252,#6254,.T.);
#6252 = VERTEX_POINT('',#6253);
#6253 = CARTESIAN_POINT('',(4.6,52.5,1.31));
#6254 = CIRCLE('',#6255,1.1);
#6255 = AXIS2_PLACEMENT_3D('',#6256,#6257,#6258);
#6256 = CARTESIAN_POINT('',(3.5,52.5,1.31));
#6257 = DIRECTION('',(0.,0.,1.));
#6258 = DIRECTION('',(1.,0.,-0.));
#6259 = PLANE('',#6260);
#6260 = AXIS2_PLACEMENT_3D('',#6261,#6262,#6263);
#6261 = CARTESIAN_POINT('',(3.5,52.5,1.31));
#6262 = DIRECTION('',(0.,0.,1.));
#6263 = DIRECTION('',(1.,0.,-0.));
#6264 = ADVANCED_FACE('',(#6265),#6291,.F.);
#6265 = FACE_BOUND('',#6266,.F.);
#6266 = EDGE_LOOP('',(#6267,#6268,#6269,#6270,#6271,#6272,#6273,#6274,
    #6275,#6276,#6277,#6278,#6279,#6280,#6281,#6282,#6283,#6284,#6285,
    #6286,#6287,#6288,#6289,#6290));
#6267 = ORIENTED_EDGE('',*,*,#2998,.F.);
#6268 = ORIENTED_EDGE('',*,*,#2972,.T.);
#6269 = ORIENTED_EDGE('',*,*,#3020,.T.);
#6270 = ORIENTED_EDGE('',*,*,#3077,.F.);
#6271 = ORIENTED_EDGE('',*,*,#3120,.T.);
#6272 = ORIENTED_EDGE('',*,*,#3167,.T.);
#6273 = ORIENTED_EDGE('',*,*,#3215,.F.);
#6274 = ORIENTED_EDGE('',*,*,#3273,.F.);
#6275 = ORIENTED_EDGE('',*,*,#3320,.F.);
#6276 = ORIENTED_EDGE('',*,*,#3369,.F.);
#6277 = ORIENTED_EDGE('',*,*,#3419,.F.);
#6278 = ORIENTED_EDGE('',*,*,#3477,.F.);
#6279 = ORIENTED_EDGE('',*,*,#3502,.T.);
#6280 = ORIENTED_EDGE('',*,*,#3568,.F.);
#6281 = ORIENTED_EDGE('',*,*,#3533,.T.);
#6282 = ORIENTED_EDGE('',*,*,#3460,.F.);
#6283 = ORIENTED_EDGE('',*,*,#3394,.T.);
#6284 = ORIENTED_EDGE('',*,*,#3337,.F.);
#6285 = ORIENTED_EDGE('',*,*,#3297,.T.);
#6286 = ORIENTED_EDGE('',*,*,#3247,.F.);
#6287 = ORIENTED_EDGE('',*,*,#3193,.F.);
#6288 = ORIENTED_EDGE('',*,*,#3151,.T.);
#6289 = ORIENTED_EDGE('',*,*,#3094,.F.);
#6290 = ORIENTED_EDGE('',*,*,#3045,.F.);
#6291 = PLANE('',#6292);
#6292 = AXIS2_PLACEMENT_3D('',#6293,#6294,#6295);
#6293 = CARTESIAN_POINT('',(-0.75,-1.75,19.15));
#6294 = DIRECTION('',(0.,0.,1.));
#6295 = DIRECTION('',(1.,0.,-0.));
#6296 = ADVANCED_FACE('',(#6297,#6300),#6311,.F.);
#6297 = FACE_BOUND('',#6298,.F.);
#6298 = EDGE_LOOP('',(#6299));
#6299 = ORIENTED_EDGE('',*,*,#3443,.T.);
#6300 = FACE_BOUND('',#6301,.F.);
#6301 = EDGE_LOOP('',(#6302));
#6302 = ORIENTED_EDGE('',*,*,#6303,.F.);
#6303 = EDGE_CURVE('',#6304,#6304,#6306,.T.);
#6304 = VERTEX_POINT('',#6305);
#6305 = CARTESIAN_POINT('',(29.45,0.8,16.24));
#6306 = CIRCLE('',#6307,0.85);
#6307 = AXIS2_PLACEMENT_3D('',#6308,#6309,#6310);
#6308 = CARTESIAN_POINT('',(28.6,0.8,16.24));
#6309 = DIRECTION('',(0.,0.,1.));
#6310 = DIRECTION('',(1.,0.,-0.));
#6311 = PLANE('',#6312);
#6312 = AXIS2_PLACEMENT_3D('',#6313,#6314,#6315);
#6313 = CARTESIAN_POINT('',(28.6,0.8,16.24));
#6314 = DIRECTION('',(0.,0.,1.));
#6315 = DIRECTION('',(1.,0.,-0.));
#6316 = ADVANCED_FACE('',(#6317,#6320),#6331,.F.);
#6317 = FACE_BOUND('',#6318,.F.);
#6318 = EDGE_LOOP('',(#6319));
#6319 = ORIENTED_EDGE('',*,*,#3558,.T.);
#6320 = FACE_BOUND('',#6321,.F.);
#6321 = EDGE_LOOP('',(#6322));
#6322 = ORIENTED_EDGE('',*,*,#6323,.F.);
#6323 = EDGE_CURVE('',#6324,#6324,#6326,.T.);
#6324 = VERTEX_POINT('',#6325);
#6325 = CARTESIAN_POINT('',(41.95,0.8,16.24));
#6326 = CIRCLE('',#6327,0.85);
#6327 = AXIS2_PLACEMENT_3D('',#6328,#6329,#6330);
#6328 = CARTESIAN_POINT('',(41.1,0.8,16.24));
#6329 = DIRECTION('',(0.,0.,1.));
#6330 = DIRECTION('',(1.,0.,-0.));
#6331 = PLANE('',#6332);
#6332 = AXIS2_PLACEMENT_3D('',#6333,#6334,#6335);
#6333 = CARTESIAN_POINT('',(41.1,0.8,16.24));
#6334 = DIRECTION('',(0.,0.,1.));
#6335 = DIRECTION('',(1.,0.,-0.));
#6336 = ADVANCED_FACE('',(#6337,#6340),#6351,.F.);
#6337 = FACE_BOUND('',#6338,.F.);
#6338 = EDGE_LOOP('',(#6339));
#6339 = ORIENTED_EDGE('',*,*,#3593,.T.);
#6340 = FACE_BOUND('',#6341,.F.);
#6341 = EDGE_LOOP('',(#6342));
#6342 = ORIENTED_EDGE('',*,*,#6343,.F.);
#6343 = EDGE_CURVE('',#6344,#6344,#6346,.T.);
#6344 = VERTEX_POINT('',#6345);
#6345 = CARTESIAN_POINT('',(62.6,52.5,1.31));
#6346 = CIRCLE('',#6347,1.1);
#6347 = AXIS2_PLACEMENT_3D('',#6348,#6349,#6350);
#6348 = CARTESIAN_POINT('',(61.5,52.5,1.31));
#6349 = DIRECTION('',(0.,0.,1.));
#6350 = DIRECTION('',(1.,0.,-0.));
#6351 = PLANE('',#6352);
#6352 = AXIS2_PLACEMENT_3D('',#6353,#6354,#6355);
#6353 = CARTESIAN_POINT('',(61.5,52.5,1.31));
#6354 = DIRECTION('',(0.,0.,1.));
#6355 = DIRECTION('',(1.,0.,-0.));
#6356 = ADVANCED_FACE('',(#6357),#6363,.F.);
#6357 = FACE_BOUND('',#6358,.F.);
#6358 = EDGE_LOOP('',(#6359,#6360,#6361,#6362));
#6359 = ORIENTED_EDGE('',*,*,#3665,.F.);
#6360 = ORIENTED_EDGE('',*,*,#3617,.T.);
#6361 = ORIENTED_EDGE('',*,*,#3641,.T.);
#6362 = ORIENTED_EDGE('',*,*,#3689,.F.);
#6363 = PLANE('',#6364);
#6364 = AXIS2_PLACEMENT_3D('',#6365,#6366,#6367);
#6365 = CARTESIAN_POINT('',(37.07,57.85,16.916434084913));
#6366 = DIRECTION('',(0.,0.,1.));
#6367 = DIRECTION('',(1.,0.,-0.));
#6368 = ADVANCED_FACE('',(#6369),#6383,.T.);
#6369 = FACE_BOUND('',#6370,.F.);
#6370 = EDGE_LOOP('',(#6371,#6372,#6373,#6374,#6375,#6376,#6377,#6378,
    #6379,#6380,#6381,#6382));
#6371 = ORIENTED_EDGE('',*,*,#3802,.T.);
#6372 = ORIENTED_EDGE('',*,*,#4073,.T.);
#6373 = ORIENTED_EDGE('',*,*,#4049,.T.);
#6374 = ORIENTED_EDGE('',*,*,#4025,.T.);
#6375 = ORIENTED_EDGE('',*,*,#4001,.T.);
#6376 = ORIENTED_EDGE('',*,*,#3977,.T.);
#6377 = ORIENTED_EDGE('',*,*,#3953,.T.);
#6378 = ORIENTED_EDGE('',*,*,#3929,.T.);
#6379 = ORIENTED_EDGE('',*,*,#3905,.T.);
#6380 = ORIENTED_EDGE('',*,*,#3881,.T.);
#6381 = ORIENTED_EDGE('',*,*,#3857,.T.);
#6382 = ORIENTED_EDGE('',*,*,#3833,.T.);
#6383 = PLANE('',#6384);
#6384 = AXIS2_PLACEMENT_3D('',#6385,#6386,#6387);
#6385 = CARTESIAN_POINT('',(22.287701908957,56.223311306902,23.05));
#6386 = DIRECTION('',(0.,0.,1.));
#6387 = DIRECTION('',(-1.,1.224646799147E-16,0.));
#6388 = ADVANCED_FACE('',(#6389,#6399),#6473,.T.);
#6389 = FACE_BOUND('',#6390,.F.);
#6390 = EDGE_LOOP('',(#6391,#6392,#6393,#6394,#6395,#6396,#6397,#6398));
#6391 = ORIENTED_EDGE('',*,*,#4090,.T.);
#6392 = ORIENTED_EDGE('',*,*,#4265,.T.);
#6393 = ORIENTED_EDGE('',*,*,#4241,.T.);
#6394 = ORIENTED_EDGE('',*,*,#4217,.T.);
#6395 = ORIENTED_EDGE('',*,*,#4193,.T.);
#6396 = ORIENTED_EDGE('',*,*,#4169,.T.);
#6397 = ORIENTED_EDGE('',*,*,#4145,.T.);
#6398 = ORIENTED_EDGE('',*,*,#4121,.T.);
#6399 = FACE_BOUND('',#6400,.F.);
#6400 = EDGE_LOOP('',(#6401,#6411,#6419,#6427,#6435,#6443,#6451,#6459,
    #6467));
#6401 = ORIENTED_EDGE('',*,*,#6402,.T.);
#6402 = EDGE_CURVE('',#6403,#6405,#6407,.T.);
#6403 = VERTEX_POINT('',#6404);
#6404 = CARTESIAN_POINT('',(28.454001468429,54.908480176211,23.05));
#6405 = VERTEX_POINT('',#6406);
#6406 = CARTESIAN_POINT('',(28.615528634361,54.37503671072,23.05));
#6407 = B_SPLINE_CURVE_WITH_KNOTS('',2,(#6408,#6409,#6410),
  .UNSPECIFIED.,.F.,.F.,(3,3),(0.,1.),.PIECEWISE_BEZIER_KNOTS.);
#6408 = CARTESIAN_POINT('',(28.454001468429,54.908480176211,23.05));
#6409 = CARTESIAN_POINT('',(28.516189427313,54.697283406755,23.05));
#6410 = CARTESIAN_POINT('',(28.615528634361,54.37503671072,23.05));
#6411 = ORIENTED_EDGE('',*,*,#6412,.T.);
#6412 = EDGE_CURVE('',#6405,#6413,#6415,.T.);
#6413 = VERTEX_POINT('',#6414);
#6414 = CARTESIAN_POINT('',(28.813803230543,53.717621145374,23.05));
#6415 = B_SPLINE_CURVE_WITH_KNOTS('',2,(#6416,#6417,#6418),
  .UNSPECIFIED.,.F.,.F.,(3,3),(0.,1.),.PIECEWISE_BEZIER_KNOTS.);
#6416 = CARTESIAN_POINT('',(28.615528634361,54.37503671072,23.05));
#6417 = CARTESIAN_POINT('',(28.714464023495,54.052386196769,23.05));
#6418 = CARTESIAN_POINT('',(28.813803230543,53.717621145374,23.05));
#6419 = ORIENTED_EDGE('',*,*,#6420,.T.);
#6420 = EDGE_CURVE('',#6413,#6421,#6423,.T.);
#6421 = VERTEX_POINT('',#6422);
#6422 = CARTESIAN_POINT('',(28.975330396476,53.134508076358,23.05));
#6423 = B_SPLINE_CURVE_WITH_KNOTS('',2,(#6424,#6425,#6426),
  .UNSPECIFIED.,.F.,.F.,(3,3),(0.,1.),.PIECEWISE_BEZIER_KNOTS.);
#6424 = CARTESIAN_POINT('',(28.813803230543,53.717621145374,23.05));
#6425 = CARTESIAN_POINT('',(28.913142437592,53.382452276065,23.05));
#6426 = CARTESIAN_POINT('',(28.975330396476,53.134508076358,23.05));
#6427 = ORIENTED_EDGE('',*,*,#6428,.T.);
#6428 = EDGE_CURVE('',#6421,#6429,#6431,.T.);
#6429 = VERTEX_POINT('',#6430);
#6430 = CARTESIAN_POINT('',(29.142511013216,53.748715124816,23.05));
#6431 = B_SPLINE_CURVE_WITH_KNOTS('',2,(#6432,#6433,#6434),
  .UNSPECIFIED.,.F.,.F.,(3,3),(0.,1.),.PIECEWISE_BEZIER_KNOTS.);
#6432 = CARTESIAN_POINT('',(28.975330396476,53.134508076358,23.05));
#6433 = CARTESIAN_POINT('',(29.037114537445,53.382452276065,23.05));
#6434 = CARTESIAN_POINT('',(29.142511013216,53.748715124816,23.05));
#6435 = ORIENTED_EDGE('',*,*,#6436,.T.);
#6436 = EDGE_CURVE('',#6429,#6437,#6439,.T.);
#6437 = VERTEX_POINT('',#6438);
#6438 = CARTESIAN_POINT('',(29.341189427313,54.443281938326,23.05));
#6439 = B_SPLINE_CURVE_WITH_KNOTS('',2,(#6440,#6441,#6442),
  .UNSPECIFIED.,.F.,.F.,(3,3),(0.,1.),.PIECEWISE_BEZIER_KNOTS.);
#6440 = CARTESIAN_POINT('',(29.142511013216,53.748715124816,23.05));
#6441 = CARTESIAN_POINT('',(29.247907488987,54.114574155653,23.05));
#6442 = CARTESIAN_POINT('',(29.341189427313,54.443281938326,23.05));
#6443 = ORIENTED_EDGE('',*,*,#6444,.T.);
#6444 = EDGE_CURVE('',#6437,#6445,#6447,.T.);
#6445 = VERTEX_POINT('',#6446);
#6446 = CARTESIAN_POINT('',(29.483737151248,54.908480176211,23.05));
#6447 = B_SPLINE_CURVE_WITH_KNOTS('',2,(#6448,#6449,#6450),
  .UNSPECIFIED.,.F.,.F.,(3,3),(0.,1.),.PIECEWISE_BEZIER_KNOTS.);
#6448 = CARTESIAN_POINT('',(29.341189427313,54.443281938326,23.05));
#6449 = CARTESIAN_POINT('',(29.434067547724,54.771989720999,23.05));
#6450 = CARTESIAN_POINT('',(29.483737151248,54.908480176211,23.05));
#6451 = ORIENTED_EDGE('',*,*,#6452,.T.);
#6452 = EDGE_CURVE('',#6445,#6453,#6455,.T.);
#6453 = VERTEX_POINT('',#6454);
#6454 = CARTESIAN_POINT('',(30.116519823789,56.967547723935,23.05));
#6455 = LINE('',#6456,#6457);
#6456 = CARTESIAN_POINT('',(29.483737151248,54.908480176211,23.05));
#6457 = VECTOR('',#6458,1.);
#6458 = DIRECTION('',(0.293756502267,0.955880284019,0.));
#6459 = ORIENTED_EDGE('',*,*,#6460,.T.);
#6460 = EDGE_CURVE('',#6453,#6461,#6463,.T.);
#6461 = VERTEX_POINT('',#6462);
#6462 = CARTESIAN_POINT('',(27.809104258443,56.967547723935,23.05));
#6463 = LINE('',#6464,#6465);
#6464 = CARTESIAN_POINT('',(30.116519823789,56.967547723935,23.05));
#6465 = VECTOR('',#6466,1.);
#6466 = DIRECTION('',(-1.,1.224646799147E-16,0.));
#6467 = ORIENTED_EDGE('',*,*,#6468,.T.);
#6468 = EDGE_CURVE('',#6461,#6403,#6469,.T.);
#6469 = LINE('',#6470,#6471);
#6470 = CARTESIAN_POINT('',(27.809104258443,56.967547723935,23.05));
#6471 = VECTOR('',#6472,1.);
#6472 = DIRECTION('',(0.298882345434,-0.954289968295,0.));
#6473 = PLANE('',#6474);
#6474 = AXIS2_PLACEMENT_3D('',#6475,#6476,#6477);
#6475 = CARTESIAN_POINT('',(28.974561904623,56.733929309213,23.05));
#6476 = DIRECTION('',(0.,0.,1.));
#6477 = DIRECTION('',(-1.,1.224646799147E-16,0.));
#6478 = ADVANCED_FACE('',(#6479),#6502,.T.);
#6479 = FACE_BOUND('',#6480,.F.);
#6480 = EDGE_LOOP('',(#6481,#6482,#6483,#6484,#6485,#6486,#6487,#6488,
    #6489,#6490,#6491,#6492,#6493,#6494,#6495,#6496,#6497,#6498,#6499,
    #6500,#6501));
#6481 = ORIENTED_EDGE('',*,*,#4282,.T.);
#6482 = ORIENTED_EDGE('',*,*,#4785,.T.);
#6483 = ORIENTED_EDGE('',*,*,#4761,.T.);
#6484 = ORIENTED_EDGE('',*,*,#4735,.T.);
#6485 = ORIENTED_EDGE('',*,*,#4709,.T.);
#6486 = ORIENTED_EDGE('',*,*,#4683,.T.);
#6487 = ORIENTED_EDGE('',*,*,#4657,.T.);
#6488 = ORIENTED_EDGE('',*,*,#4631,.T.);
#6489 = ORIENTED_EDGE('',*,*,#4607,.T.);
#6490 = ORIENTED_EDGE('',*,*,#4583,.T.);
#6491 = ORIENTED_EDGE('',*,*,#4559,.T.);
#6492 = ORIENTED_EDGE('',*,*,#4535,.T.);
#6493 = ORIENTED_EDGE('',*,*,#4511,.T.);
#6494 = ORIENTED_EDGE('',*,*,#4487,.T.);
#6495 = ORIENTED_EDGE('',*,*,#4463,.T.);
#6496 = ORIENTED_EDGE('',*,*,#4439,.T.);
#6497 = ORIENTED_EDGE('',*,*,#4415,.T.);
#6498 = ORIENTED_EDGE('',*,*,#4391,.T.);
#6499 = ORIENTED_EDGE('',*,*,#4367,.T.);
#6500 = ORIENTED_EDGE('',*,*,#4341,.T.);
#6501 = ORIENTED_EDGE('',*,*,#4315,.T.);
#6502 = PLANE('',#6503);
#6503 = AXIS2_PLACEMENT_3D('',#6504,#6505,#6506);
#6504 = CARTESIAN_POINT('',(35.860386359176,56.620626756627,23.05));
#6505 = DIRECTION('',(0.,0.,1.));
#6506 = DIRECTION('',(-1.,1.224646799147E-16,0.));
#6507 = ADVANCED_FACE('',(#6508),#6518,.T.);
#6508 = FACE_BOUND('',#6509,.F.);
#6509 = EDGE_LOOP('',(#6510,#6511,#6512,#6513,#6514,#6515,#6516,#6517));
#6510 = ORIENTED_EDGE('',*,*,#4804,.T.);
#6511 = ORIENTED_EDGE('',*,*,#4993,.T.);
#6512 = ORIENTED_EDGE('',*,*,#4967,.T.);
#6513 = ORIENTED_EDGE('',*,*,#4941,.T.);
#6514 = ORIENTED_EDGE('',*,*,#4915,.T.);
#6515 = ORIENTED_EDGE('',*,*,#4889,.T.);
#6516 = ORIENTED_EDGE('',*,*,#4863,.T.);
#6517 = ORIENTED_EDGE('',*,*,#4837,.T.);
#6518 = PLANE('',#6519);
#6519 = AXIS2_PLACEMENT_3D('',#6520,#6521,#6522);
#6520 = CARTESIAN_POINT('',(48.651843559561,55.913846714181,23.05));
#6521 = DIRECTION('',(0.,0.,1.));
#6522 = DIRECTION('',(-1.,1.224646799147E-16,0.));
#6523 = ADVANCED_FACE('',(#6524),#6544,.T.);
#6524 = FACE_BOUND('',#6525,.F.);
#6525 = EDGE_LOOP('',(#6526,#6527,#6528,#6529,#6530,#6531,#6532,#6533,
    #6534,#6535,#6536,#6537,#6538,#6539,#6540,#6541,#6542,#6543));
#6526 = ORIENTED_EDGE('',*,*,#5012,.T.);
#6527 = ORIENTED_EDGE('',*,*,#5443,.T.);
#6528 = ORIENTED_EDGE('',*,*,#5419,.T.);
#6529 = ORIENTED_EDGE('',*,*,#5393,.T.);
#6530 = ORIENTED_EDGE('',*,*,#5367,.T.);
#6531 = ORIENTED_EDGE('',*,*,#5341,.T.);
#6532 = ORIENTED_EDGE('',*,*,#5315,.T.);
#6533 = ORIENTED_EDGE('',*,*,#5291,.T.);
#6534 = ORIENTED_EDGE('',*,*,#5267,.T.);
#6535 = ORIENTED_EDGE('',*,*,#5243,.T.);
#6536 = ORIENTED_EDGE('',*,*,#5217,.T.);
#6537 = ORIENTED_EDGE('',*,*,#5191,.T.);
#6538 = ORIENTED_EDGE('',*,*,#5165,.T.);
#6539 = ORIENTED_EDGE('',*,*,#5141,.T.);
#6540 = ORIENTED_EDGE('',*,*,#5117,.T.);
#6541 = ORIENTED_EDGE('',*,*,#5093,.T.);
#6542 = ORIENTED_EDGE('',*,*,#5069,.T.);
#6543 = ORIENTED_EDGE('',*,*,#5045,.T.);
#6544 = PLANE('',#6545);
#6545 = AXIS2_PLACEMENT_3D('',#6546,#6547,#6548);
#6546 = CARTESIAN_POINT('',(43.064809942221,56.441816478571,23.05));
#6547 = DIRECTION('',(0.,0.,1.));
#6548 = DIRECTION('',(-1.,1.224646799147E-16,0.));
#6549 = ADVANCED_FACE('',(#6550),#6556,.T.);
#6550 = FACE_BOUND('',#6551,.F.);
#6551 = EDGE_LOOP('',(#6552,#6553,#6554,#6555));
#6552 = ORIENTED_EDGE('',*,*,#5462,.T.);
#6553 = ORIENTED_EDGE('',*,*,#5541,.T.);
#6554 = ORIENTED_EDGE('',*,*,#5517,.T.);
#6555 = ORIENTED_EDGE('',*,*,#5493,.T.);
#6556 = PLANE('',#6557);
#6557 = AXIS2_PLACEMENT_3D('',#6558,#6559,#6560);
#6558 = CARTESIAN_POINT('',(48.651843559561,55.913846714181,23.05));
#6559 = DIRECTION('',(0.,0.,1.));
#6560 = DIRECTION('',(-1.,1.224646799147E-16,0.));
#6561 = ADVANCED_FACE('',(#6562),#6575,.T.);
#6562 = FACE_BOUND('',#6563,.F.);
#6563 = EDGE_LOOP('',(#6564,#6565,#6566,#6567,#6568,#6569,#6570,#6571,
    #6572,#6573,#6574));
#6564 = ORIENTED_EDGE('',*,*,#5558,.T.);
#6565 = ORIENTED_EDGE('',*,*,#5811,.T.);
#6566 = ORIENTED_EDGE('',*,*,#5787,.T.);
#6567 = ORIENTED_EDGE('',*,*,#5761,.T.);
#6568 = ORIENTED_EDGE('',*,*,#5735,.T.);
#6569 = ORIENTED_EDGE('',*,*,#5711,.T.);
#6570 = ORIENTED_EDGE('',*,*,#5685,.T.);
#6571 = ORIENTED_EDGE('',*,*,#5661,.T.);
#6572 = ORIENTED_EDGE('',*,*,#5637,.T.);
#6573 = ORIENTED_EDGE('',*,*,#5613,.T.);
#6574 = ORIENTED_EDGE('',*,*,#5589,.T.);
#6575 = PLANE('',#6576);
#6576 = AXIS2_PLACEMENT_3D('',#6577,#6578,#6579);
#6577 = CARTESIAN_POINT('',(54.071080927506,56.780740023609,23.05));
#6578 = DIRECTION('',(0.,0.,1.));
#6579 = DIRECTION('',(-1.,1.224646799147E-16,0.));
#6580 = ADVANCED_FACE('',(#6581),#6597,.T.);
#6581 = FACE_BOUND('',#6582,.F.);
#6582 = EDGE_LOOP('',(#6583,#6584,#6585,#6586,#6587,#6588,#6589,#6590,
    #6591,#6592,#6593,#6594,#6595,#6596));
#6583 = ORIENTED_EDGE('',*,*,#5828,.T.);
#6584 = ORIENTED_EDGE('',*,*,#6151,.T.);
#6585 = ORIENTED_EDGE('',*,*,#6127,.T.);
#6586 = ORIENTED_EDGE('',*,*,#6103,.T.);
#6587 = ORIENTED_EDGE('',*,*,#6079,.T.);
#6588 = ORIENTED_EDGE('',*,*,#6055,.T.);
#6589 = ORIENTED_EDGE('',*,*,#6031,.T.);
#6590 = ORIENTED_EDGE('',*,*,#6007,.T.);
#6591 = ORIENTED_EDGE('',*,*,#5981,.T.);
#6592 = ORIENTED_EDGE('',*,*,#5955,.T.);
#6593 = ORIENTED_EDGE('',*,*,#5931,.T.);
#6594 = ORIENTED_EDGE('',*,*,#5907,.T.);
#6595 = ORIENTED_EDGE('',*,*,#5883,.T.);
#6596 = ORIENTED_EDGE('',*,*,#5859,.T.);
#6597 = PLANE('',#6598);
#6598 = AXIS2_PLACEMENT_3D('',#6599,#6600,#6601);
#6599 = CARTESIAN_POINT('',(61.656911871511,56.188866554843,23.05));
#6600 = DIRECTION('',(0.,0.,1.));
#6601 = DIRECTION('',(-1.,1.224646799147E-16,0.));
#6602 = ADVANCED_FACE('',(#6603),#6622,.F.);
#6603 = FACE_BOUND('',#6604,.F.);
#6604 = EDGE_LOOP('',(#6605,#6613,#6620,#6621));
#6605 = ORIENTED_EDGE('',*,*,#6606,.T.);
#6606 = EDGE_CURVE('',#6172,#6607,#6609,.T.);
#6607 = VERTEX_POINT('',#6608);
#6608 = CARTESIAN_POINT('',(4.6,3.5,15.31));
#6609 = LINE('',#6610,#6611);
#6610 = CARTESIAN_POINT('',(4.6,3.5,1.21));
#6611 = VECTOR('',#6612,1.);
#6612 = DIRECTION('',(0.,0.,1.));
#6613 = ORIENTED_EDGE('',*,*,#6614,.F.);
#6614 = EDGE_CURVE('',#6607,#6607,#6615,.T.);
#6615 = CIRCLE('',#6616,1.1);
#6616 = AXIS2_PLACEMENT_3D('',#6617,#6618,#6619);
#6617 = CARTESIAN_POINT('',(3.5,3.5,15.31));
#6618 = DIRECTION('',(0.,0.,1.));
#6619 = DIRECTION('',(1.,0.,-0.));
#6620 = ORIENTED_EDGE('',*,*,#6606,.F.);
#6621 = ORIENTED_EDGE('',*,*,#6171,.T.);
#6622 = CYLINDRICAL_SURFACE('',#6623,1.1);
#6623 = AXIS2_PLACEMENT_3D('',#6624,#6625,#6626);
#6624 = CARTESIAN_POINT('',(3.5,3.5,1.21));
#6625 = DIRECTION('',(0.,0.,1.));
#6626 = DIRECTION('',(1.,0.,-0.));
#6627 = ADVANCED_FACE('',(#6628),#6647,.F.);
#6628 = FACE_BOUND('',#6629,.F.);
#6629 = EDGE_LOOP('',(#6630,#6638,#6645,#6646));
#6630 = ORIENTED_EDGE('',*,*,#6631,.T.);
#6631 = EDGE_CURVE('',#6192,#6632,#6634,.T.);
#6632 = VERTEX_POINT('',#6633);
#6633 = CARTESIAN_POINT('',(29.45,21.8,22.24));
#6634 = LINE('',#6635,#6636);
#6635 = CARTESIAN_POINT('',(29.45,21.8,16.14));
#6636 = VECTOR('',#6637,1.);
#6637 = DIRECTION('',(0.,0.,1.));
#6638 = ORIENTED_EDGE('',*,*,#6639,.F.);
#6639 = EDGE_CURVE('',#6632,#6632,#6640,.T.);
#6640 = CIRCLE('',#6641,0.85);
#6641 = AXIS2_PLACEMENT_3D('',#6642,#6643,#6644);
#6642 = CARTESIAN_POINT('',(28.6,21.8,22.24));
#6643 = DIRECTION('',(0.,0.,1.));
#6644 = DIRECTION('',(1.,0.,-0.));
#6645 = ORIENTED_EDGE('',*,*,#6631,.F.);
#6646 = ORIENTED_EDGE('',*,*,#6191,.T.);
#6647 = CYLINDRICAL_SURFACE('',#6648,0.85);
#6648 = AXIS2_PLACEMENT_3D('',#6649,#6650,#6651);
#6649 = CARTESIAN_POINT('',(28.6,21.8,16.14));
#6650 = DIRECTION('',(0.,0.,1.));
#6651 = DIRECTION('',(1.,0.,-0.));
#6652 = ADVANCED_FACE('',(#6653),#6672,.F.);
#6653 = FACE_BOUND('',#6654,.F.);
#6654 = EDGE_LOOP('',(#6655,#6663,#6670,#6671));
#6655 = ORIENTED_EDGE('',*,*,#6656,.T.);
#6656 = EDGE_CURVE('',#6212,#6657,#6659,.T.);
#6657 = VERTEX_POINT('',#6658);
#6658 = CARTESIAN_POINT('',(41.95,21.8,22.24));
#6659 = LINE('',#6660,#6661);
#6660 = CARTESIAN_POINT('',(41.95,21.8,16.14));
#6661 = VECTOR('',#6662,1.);
#6662 = DIRECTION('',(0.,0.,1.));
#6663 = ORIENTED_EDGE('',*,*,#6664,.F.);
#6664 = EDGE_CURVE('',#6657,#6657,#6665,.T.);
#6665 = CIRCLE('',#6666,0.85);
#6666 = AXIS2_PLACEMENT_3D('',#6667,#6668,#6669);
#6667 = CARTESIAN_POINT('',(41.1,21.8,22.24));
#6668 = DIRECTION('',(0.,0.,1.));
#6669 = DIRECTION('',(1.,0.,-0.));
#6670 = ORIENTED_EDGE('',*,*,#6656,.F.);
#6671 = ORIENTED_EDGE('',*,*,#6211,.T.);
#6672 = CYLINDRICAL_SURFACE('',#6673,0.85);
#6673 = AXIS2_PLACEMENT_3D('',#6674,#6675,#6676);
#6674 = CARTESIAN_POINT('',(41.1,21.8,16.14));
#6675 = DIRECTION('',(0.,0.,1.));
#6676 = DIRECTION('',(1.,0.,-0.));
#6677 = ADVANCED_FACE('',(#6678),#6697,.F.);
#6678 = FACE_BOUND('',#6679,.F.);
#6679 = EDGE_LOOP('',(#6680,#6688,#6695,#6696));
#6680 = ORIENTED_EDGE('',*,*,#6681,.T.);
#6681 = EDGE_CURVE('',#6232,#6682,#6684,.T.);
#6682 = VERTEX_POINT('',#6683);
#6683 = CARTESIAN_POINT('',(62.6,3.5,15.31));
#6684 = LINE('',#6685,#6686);
#6685 = CARTESIAN_POINT('',(62.6,3.5,1.21));
#6686 = VECTOR('',#6687,1.);
#6687 = DIRECTION('',(0.,0.,1.));
#6688 = ORIENTED_EDGE('',*,*,#6689,.F.);
#6689 = EDGE_CURVE('',#6682,#6682,#6690,.T.);
#6690 = CIRCLE('',#6691,1.1);
#6691 = AXIS2_PLACEMENT_3D('',#6692,#6693,#6694);
#6692 = CARTESIAN_POINT('',(61.5,3.5,15.31));
#6693 = DIRECTION('',(0.,0.,1.));
#6694 = DIRECTION('',(1.,0.,-0.));
#6695 = ORIENTED_EDGE('',*,*,#6681,.F.);
#6696 = ORIENTED_EDGE('',*,*,#6231,.T.);
#6697 = CYLINDRICAL_SURFACE('',#6698,1.1);
#6698 = AXIS2_PLACEMENT_3D('',#6699,#6700,#6701);
#6699 = CARTESIAN_POINT('',(61.5,3.5,1.21));
#6700 = DIRECTION('',(0.,0.,1.));
#6701 = DIRECTION('',(1.,0.,-0.));
#6702 = ADVANCED_FACE('',(#6703),#6722,.F.);
#6703 = FACE_BOUND('',#6704,.F.);
#6704 = EDGE_LOOP('',(#6705,#6713,#6720,#6721));
#6705 = ORIENTED_EDGE('',*,*,#6706,.T.);
#6706 = EDGE_CURVE('',#6252,#6707,#6709,.T.);
#6707 = VERTEX_POINT('',#6708);
#6708 = CARTESIAN_POINT('',(4.6,52.5,15.31));
#6709 = LINE('',#6710,#6711);
#6710 = CARTESIAN_POINT('',(4.6,52.5,1.21));
#6711 = VECTOR('',#6712,1.);
#6712 = DIRECTION('',(0.,0.,1.));
#6713 = ORIENTED_EDGE('',*,*,#6714,.F.);
#6714 = EDGE_CURVE('',#6707,#6707,#6715,.T.);
#6715 = CIRCLE('',#6716,1.1);
#6716 = AXIS2_PLACEMENT_3D('',#6717,#6718,#6719);
#6717 = CARTESIAN_POINT('',(3.5,52.5,15.31));
#6718 = DIRECTION('',(0.,0.,1.));
#6719 = DIRECTION('',(1.,0.,-0.));
#6720 = ORIENTED_EDGE('',*,*,#6706,.F.);
#6721 = ORIENTED_EDGE('',*,*,#6251,.T.);
#6722 = CYLINDRICAL_SURFACE('',#6723,1.1);
#6723 = AXIS2_PLACEMENT_3D('',#6724,#6725,#6726);
#6724 = CARTESIAN_POINT('',(3.5,52.5,1.21));
#6725 = DIRECTION('',(0.,0.,1.));
#6726 = DIRECTION('',(1.,0.,-0.));
#6727 = ADVANCED_FACE('',(#6728),#6747,.F.);
#6728 = FACE_BOUND('',#6729,.F.);
#6729 = EDGE_LOOP('',(#6730,#6738,#6745,#6746));
#6730 = ORIENTED_EDGE('',*,*,#6731,.T.);
#6731 = EDGE_CURVE('',#6304,#6732,#6734,.T.);
#6732 = VERTEX_POINT('',#6733);
#6733 = CARTESIAN_POINT('',(29.45,0.8,22.24));
#6734 = LINE('',#6735,#6736);
#6735 = CARTESIAN_POINT('',(29.45,0.8,16.14));
#6736 = VECTOR('',#6737,1.);
#6737 = DIRECTION('',(0.,0.,1.));
#6738 = ORIENTED_EDGE('',*,*,#6739,.F.);
#6739 = EDGE_CURVE('',#6732,#6732,#6740,.T.);
#6740 = CIRCLE('',#6741,0.85);
#6741 = AXIS2_PLACEMENT_3D('',#6742,#6743,#6744);
#6742 = CARTESIAN_POINT('',(28.6,0.8,22.24));
#6743 = DIRECTION('',(0.,0.,1.));
#6744 = DIRECTION('',(1.,0.,-0.));
#6745 = ORIENTED_EDGE('',*,*,#6731,.F.);
#6746 = ORIENTED_EDGE('',*,*,#6303,.T.);
#6747 = CYLINDRICAL_SURFACE('',#6748,0.85);
#6748 = AXIS2_PLACEMENT_3D('',#6749,#6750,#6751);
#6749 = CARTESIAN_POINT('',(28.6,0.8,16.14));
#6750 = DIRECTION('',(0.,0.,1.));
#6751 = DIRECTION('',(1.,0.,-0.));
#6752 = ADVANCED_FACE('',(#6753),#6772,.F.);
#6753 = FACE_BOUND('',#6754,.F.);
#6754 = EDGE_LOOP('',(#6755,#6763,#6770,#6771));
#6755 = ORIENTED_EDGE('',*,*,#6756,.T.);
#6756 = EDGE_CURVE('',#6324,#6757,#6759,.T.);
#6757 = VERTEX_POINT('',#6758);
#6758 = CARTESIAN_POINT('',(41.95,0.8,22.24));
#6759 = LINE('',#6760,#6761);
#6760 = CARTESIAN_POINT('',(41.95,0.8,16.14));
#6761 = VECTOR('',#6762,1.);
#6762 = DIRECTION('',(0.,0.,1.));
#6763 = ORIENTED_EDGE('',*,*,#6764,.F.);
#6764 = EDGE_CURVE('',#6757,#6757,#6765,.T.);
#6765 = CIRCLE('',#6766,0.85);
#6766 = AXIS2_PLACEMENT_3D('',#6767,#6768,#6769);
#6767 = CARTESIAN_POINT('',(41.1,0.8,22.24));
#6768 = DIRECTION('',(0.,0.,1.));
#6769 = DIRECTION('',(1.,0.,-0.));
#6770 = ORIENTED_EDGE('',*,*,#6756,.F.);
#6771 = ORIENTED_EDGE('',*,*,#6323,.T.);
#6772 = CYLINDRICAL_SURFACE('',#6773,0.85);
#6773 = AXIS2_PLACEMENT_3D('',#6774,#6775,#6776);
#6774 = CARTESIAN_POINT('',(41.1,0.8,16.14));
#6775 = DIRECTION('',(0.,0.,1.));
#6776 = DIRECTION('',(1.,0.,-0.));
#6777 = ADVANCED_FACE('',(#6778),#6797,.F.);
#6778 = FACE_BOUND('',#6779,.F.);
#6779 = EDGE_LOOP('',(#6780,#6788,#6795,#6796));
#6780 = ORIENTED_EDGE('',*,*,#6781,.T.);
#6781 = EDGE_CURVE('',#6344,#6782,#6784,.T.);
#6782 = VERTEX_POINT('',#6783);
#6783 = CARTESIAN_POINT('',(62.6,52.5,15.31));
#6784 = LINE('',#6785,#6786);
#6785 = CARTESIAN_POINT('',(62.6,52.5,1.21));
#6786 = VECTOR('',#6787,1.);
#6787 = DIRECTION('',(0.,0.,1.));
#6788 = ORIENTED_EDGE('',*,*,#6789,.F.);
#6789 = EDGE_CURVE('',#6782,#6782,#6790,.T.);
#6790 = CIRCLE('',#6791,1.1);
#6791 = AXIS2_PLACEMENT_3D('',#6792,#6793,#6794);
#6792 = CARTESIAN_POINT('',(61.5,52.5,15.31));
#6793 = DIRECTION('',(0.,0.,1.));
#6794 = DIRECTION('',(1.,0.,-0.));
#6795 = ORIENTED_EDGE('',*,*,#6781,.F.);
#6796 = ORIENTED_EDGE('',*,*,#6343,.T.);
#6797 = CYLINDRICAL_SURFACE('',#6798,1.1);
#6798 = AXIS2_PLACEMENT_3D('',#6799,#6800,#6801);
#6799 = CARTESIAN_POINT('',(61.5,52.5,1.21));
#6800 = DIRECTION('',(0.,0.,1.));
#6801 = DIRECTION('',(1.,0.,-0.));
#6802 = ADVANCED_FACE('',(#6803),#6831,.F.);
#6803 = FACE_BOUND('',#6804,.F.);
#6804 = EDGE_LOOP('',(#6805,#6806,#6814,#6825));
#6805 = ORIENTED_EDGE('',*,*,#6402,.F.);
#6806 = ORIENTED_EDGE('',*,*,#6807,.T.);
#6807 = EDGE_CURVE('',#6403,#6808,#6810,.T.);
#6808 = VERTEX_POINT('',#6809);
#6809 = CARTESIAN_POINT('',(28.454001468429,54.908480176211,23.65));
#6810 = LINE('',#6811,#6812);
#6811 = CARTESIAN_POINT('',(28.454001468429,54.908480176211,23.05));
#6812 = VECTOR('',#6813,1.);
#6813 = DIRECTION('',(0.,0.,1.));
#6814 = ORIENTED_EDGE('',*,*,#6815,.F.);
#6815 = EDGE_CURVE('',#6816,#6808,#6818,.T.);
#6816 = VERTEX_POINT('',#6817);
#6817 = CARTESIAN_POINT('',(28.615528634361,54.37503671072,23.65));
#6818 = B_SPLINE_CURVE_WITH_KNOTS('',5,(#6819,#6820,#6821,#6822,#6823,
    #6824),.UNSPECIFIED.,.F.,.F.,(6,6),(0.,1.),
  .PIECEWISE_BEZIER_KNOTS.);
#6819 = CARTESIAN_POINT('',(28.615528634361,54.37503671072,23.65));
#6820 = CARTESIAN_POINT('',(28.577763031105,54.497544643233,23.65));
#6821 = CARTESIAN_POINT('',(28.542380865949,54.613175985201,23.65));
#6822 = CARTESIAN_POINT('',(28.509695485782,54.721001918976,23.65));
#6823 = CARTESIAN_POINT('',(28.480099797126,54.819847540441,23.65));
#6824 = CARTESIAN_POINT('',(28.454001468429,54.908480176211,23.65));
#6825 = ORIENTED_EDGE('',*,*,#6826,.F.);
#6826 = EDGE_CURVE('',#6405,#6816,#6827,.T.);
#6827 = LINE('',#6828,#6829);
#6828 = CARTESIAN_POINT('',(28.615528634361,54.37503671072,23.05));
#6829 = VECTOR('',#6830,1.);
#6830 = DIRECTION('',(0.,0.,1.));
#6831 = SURFACE_OF_LINEAR_EXTRUSION('',#6832,#6836);
#6832 = B_SPLINE_CURVE_WITH_KNOTS('',2,(#6833,#6834,#6835),
  .UNSPECIFIED.,.F.,.F.,(3,3),(0.,1.),.PIECEWISE_BEZIER_KNOTS.);
#6833 = CARTESIAN_POINT('',(28.454001468429,54.908480176211,23.05));
#6834 = CARTESIAN_POINT('',(28.516189427313,54.697283406755,23.05));
#6835 = CARTESIAN_POINT('',(28.615528634361,54.37503671072,23.05));
#6836 = VECTOR('',#6837,1.);
#6837 = DIRECTION('',(0.,0.,-1.));
#6838 = ADVANCED_FACE('',(#6839),#6859,.F.);
#6839 = FACE_BOUND('',#6840,.F.);
#6840 = EDGE_LOOP('',(#6841,#6842,#6843,#6853));
#6841 = ORIENTED_EDGE('',*,*,#6412,.F.);
#6842 = ORIENTED_EDGE('',*,*,#6826,.T.);
#6843 = ORIENTED_EDGE('',*,*,#6844,.F.);
#6844 = EDGE_CURVE('',#6845,#6816,#6847,.T.);
#6845 = VERTEX_POINT('',#6846);
#6846 = CARTESIAN_POINT('',(28.813803230543,53.717621145374,23.65));
#6847 = B_SPLINE_CURVE_WITH_KNOTS('',4,(#6848,#6849,#6850,#6851,#6852),
  .UNSPECIFIED.,.F.,.F.,(5,5),(0.,1.),.PIECEWISE_BEZIER_KNOTS.);
#6848 = CARTESIAN_POINT('',(28.813803230543,53.717621145374,23.65));
#6849 = CARTESIAN_POINT('',(28.76440481467,53.884089790735,23.65));
#6850 = CARTESIAN_POINT('',(28.714892639488,54.049169030821,23.65));
#6851 = CARTESIAN_POINT('',(28.665267063458,54.212828527664,23.65));
#6852 = CARTESIAN_POINT('',(28.615528634361,54.37503671072,23.65));
#6853 = ORIENTED_EDGE('',*,*,#6854,.F.);
#6854 = EDGE_CURVE('',#6413,#6845,#6855,.T.);
#6855 = LINE('',#6856,#6857);
#6856 = CARTESIAN_POINT('',(28.813803230543,53.717621145374,23.05));
#6857 = VECTOR('',#6858,1.);
#6858 = DIRECTION('',(0.,0.,1.));
#6859 = SURFACE_OF_LINEAR_EXTRUSION('',#6860,#6864);
#6860 = B_SPLINE_CURVE_WITH_KNOTS('',2,(#6861,#6862,#6863),
  .UNSPECIFIED.,.F.,.F.,(3,3),(0.,1.),.PIECEWISE_BEZIER_KNOTS.);
#6861 = CARTESIAN_POINT('',(28.615528634361,54.37503671072,23.05));
#6862 = CARTESIAN_POINT('',(28.714464023495,54.052386196769,23.05));
#6863 = CARTESIAN_POINT('',(28.813803230543,53.717621145374,23.05));
#6864 = VECTOR('',#6865,1.);
#6865 = DIRECTION('',(0.,0.,-1.));
#6866 = ADVANCED_FACE('',(#6867),#6888,.F.);
#6867 = FACE_BOUND('',#6868,.F.);
#6868 = EDGE_LOOP('',(#6869,#6870,#6871,#6882));
#6869 = ORIENTED_EDGE('',*,*,#6420,.F.);
#6870 = ORIENTED_EDGE('',*,*,#6854,.T.);
#6871 = ORIENTED_EDGE('',*,*,#6872,.F.);
#6872 = EDGE_CURVE('',#6873,#6845,#6875,.T.);
#6873 = VERTEX_POINT('',#6874);
#6874 = CARTESIAN_POINT('',(28.975330396476,53.134508076358,23.65));
#6875 = B_SPLINE_CURVE_WITH_KNOTS('',5,(#6876,#6877,#6878,#6879,#6880,
    #6881),.UNSPECIFIED.,.F.,.F.,(6,6),(0.,1.),
  .PIECEWISE_BEZIER_KNOTS.);
#6876 = CARTESIAN_POINT('',(28.975330396476,53.134508076358,23.65));
#6877 = CARTESIAN_POINT('',(28.949421991981,53.23780522155,23.65));
#6878 = CARTESIAN_POINT('',(28.919996047041,53.348520493055,23.65));
#6879 = CARTESIAN_POINT('',(28.887383226031,53.465859566772,23.65));
#6880 = CARTESIAN_POINT('',(28.8518970286,53.589093290142,23.65));
#6881 = CARTESIAN_POINT('',(28.813803230543,53.717621145374,23.65));
#6882 = ORIENTED_EDGE('',*,*,#6883,.F.);
#6883 = EDGE_CURVE('',#6421,#6873,#6884,.T.);
#6884 = LINE('',#6885,#6886);
#6885 = CARTESIAN_POINT('',(28.975330396476,53.134508076358,23.05));
#6886 = VECTOR('',#6887,1.);
#6887 = DIRECTION('',(0.,0.,1.));
#6888 = SURFACE_OF_LINEAR_EXTRUSION('',#6889,#6893);
#6889 = B_SPLINE_CURVE_WITH_KNOTS('',2,(#6890,#6891,#6892),
  .UNSPECIFIED.,.F.,.F.,(3,3),(0.,1.),.PIECEWISE_BEZIER_KNOTS.);
#6890 = CARTESIAN_POINT('',(28.813803230543,53.717621145374,23.05));
#6891 = CARTESIAN_POINT('',(28.913142437592,53.382452276065,23.05));
#6892 = CARTESIAN_POINT('',(28.975330396476,53.134508076358,23.05));
#6893 = VECTOR('',#6894,1.);
#6894 = DIRECTION('',(0.,0.,-1.));
#6895 = ADVANCED_FACE('',(#6896),#6917,.F.);
#6896 = FACE_BOUND('',#6897,.F.);
#6897 = EDGE_LOOP('',(#6898,#6899,#6900,#6911));
#6898 = ORIENTED_EDGE('',*,*,#6428,.F.);
#6899 = ORIENTED_EDGE('',*,*,#6883,.T.);
#6900 = ORIENTED_EDGE('',*,*,#6901,.F.);
#6901 = EDGE_CURVE('',#6902,#6873,#6904,.T.);
#6902 = VERTEX_POINT('',#6903);
#6903 = CARTESIAN_POINT('',(29.142511013216,53.748715124816,23.65));
#6904 = B_SPLINE_CURVE_WITH_KNOTS('',5,(#6905,#6906,#6907,#6908,#6909,
    #6910),.UNSPECIFIED.,.F.,.F.,(6,6),(0.,1.),
  .PIECEWISE_BEZIER_KNOTS.);
#6905 = CARTESIAN_POINT('',(29.142511013216,53.748715124816,23.65));
#6906 = CARTESIAN_POINT('',(29.102711719153,53.610408765756,23.65));
#6907 = CARTESIAN_POINT('',(29.065662786354,53.478697689621,23.65));
#6908 = CARTESIAN_POINT('',(29.031744488617,53.354566573829,23.65));
#6909 = CARTESIAN_POINT('',(29.001452713711,53.239338813498,23.65));
#6910 = CARTESIAN_POINT('',(28.975330396476,53.134508076358,23.65));
#6911 = ORIENTED_EDGE('',*,*,#6912,.F.);
#6912 = EDGE_CURVE('',#6429,#6902,#6913,.T.);
#6913 = LINE('',#6914,#6915);
#6914 = CARTESIAN_POINT('',(29.142511013216,53.748715124816,23.05));
#6915 = VECTOR('',#6916,1.);
#6916 = DIRECTION('',(0.,0.,1.));
#6917 = SURFACE_OF_LINEAR_EXTRUSION('',#6918,#6922);
#6918 = B_SPLINE_CURVE_WITH_KNOTS('',2,(#6919,#6920,#6921),
  .UNSPECIFIED.,.F.,.F.,(3,3),(0.,1.),.PIECEWISE_BEZIER_KNOTS.);
#6919 = CARTESIAN_POINT('',(28.975330396476,53.134508076358,23.05));
#6920 = CARTESIAN_POINT('',(29.037114537445,53.382452276065,23.05));
#6921 = CARTESIAN_POINT('',(29.142511013216,53.748715124816,23.05));
#6922 = VECTOR('',#6923,1.);
#6923 = DIRECTION('',(0.,0.,-1.));
#6924 = ADVANCED_FACE('',(#6925),#6945,.F.);
#6925 = FACE_BOUND('',#6926,.F.);
#6926 = EDGE_LOOP('',(#6927,#6928,#6929,#6939));
#6927 = ORIENTED_EDGE('',*,*,#6436,.F.);
#6928 = ORIENTED_EDGE('',*,*,#6912,.T.);
#6929 = ORIENTED_EDGE('',*,*,#6930,.F.);
#6930 = EDGE_CURVE('',#6931,#6902,#6933,.T.);
#6931 = VERTEX_POINT('',#6932);
#6932 = CARTESIAN_POINT('',(29.341189427313,54.443281938326,23.65));
#6933 = B_SPLINE_CURVE_WITH_KNOTS('',4,(#6934,#6935,#6936,#6937,#6938),
  .UNSPECIFIED.,.F.,.F.,(5,5),(0.,1.),.PIECEWISE_BEZIER_KNOTS.);
#6934 = CARTESIAN_POINT('',(29.341189427313,54.443281938326,23.65));
#6935 = CARTESIAN_POINT('',(29.293678592884,54.275862807481,23.65));
#6936 = CARTESIAN_POINT('',(29.244659552551,54.104086823891,23.65));
#6937 = CARTESIAN_POINT('',(29.194239429608,53.928278133443,23.65));
#6938 = CARTESIAN_POINT('',(29.142511013216,53.748715124816,23.65));
#6939 = ORIENTED_EDGE('',*,*,#6940,.F.);
#6940 = EDGE_CURVE('',#6437,#6931,#6941,.T.);
#6941 = LINE('',#6942,#6943);
#6942 = CARTESIAN_POINT('',(29.341189427313,54.443281938326,23.05));
#6943 = VECTOR('',#6944,1.);
#6944 = DIRECTION('',(0.,0.,1.));
#6945 = SURFACE_OF_LINEAR_EXTRUSION('',#6946,#6950);
#6946 = B_SPLINE_CURVE_WITH_KNOTS('',2,(#6947,#6948,#6949),
  .UNSPECIFIED.,.F.,.F.,(3,3),(0.,1.),.PIECEWISE_BEZIER_KNOTS.);
#6947 = CARTESIAN_POINT('',(29.142511013216,53.748715124816,23.05));
#6948 = CARTESIAN_POINT('',(29.247907488987,54.114574155653,23.05));
#6949 = CARTESIAN_POINT('',(29.341189427313,54.443281938326,23.05));
#6950 = VECTOR('',#6951,1.);
#6951 = DIRECTION('',(0.,0.,-1.));
#6952 = ADVANCED_FACE('',(#6953),#6975,.F.);
#6953 = FACE_BOUND('',#6954,.F.);
#6954 = EDGE_LOOP('',(#6955,#6956,#6957,#6969));
#6955 = ORIENTED_EDGE('',*,*,#6444,.F.);
#6956 = ORIENTED_EDGE('',*,*,#6940,.T.);
#6957 = ORIENTED_EDGE('',*,*,#6958,.F.);
#6958 = EDGE_CURVE('',#6959,#6931,#6961,.T.);
#6959 = VERTEX_POINT('',#6960);
#6960 = CARTESIAN_POINT('',(29.483737151248,54.908480176211,23.65));
#6961 = B_SPLINE_CURVE_WITH_KNOTS('',6,(#6962,#6963,#6964,#6965,#6966,
    #6967,#6968),.UNSPECIFIED.,.F.,.F.,(7,7),(0.,1.),
  .PIECEWISE_BEZIER_KNOTS.);
#6962 = CARTESIAN_POINT('',(29.483737151248,54.908480176211,23.65));
#6963 = CARTESIAN_POINT('',(29.465978907399,54.859681099619,23.65));
#6964 = CARTESIAN_POINT('',(29.445310731254,54.797249702497,23.65));
#6965 = CARTESIAN_POINT('',(29.422110397487,54.722706419975,23.65));
#6966 = CARTESIAN_POINT('',(29.396800728413,54.637870040738,23.65));
#6967 = CARTESIAN_POINT('',(29.369738049494,54.54431923596,23.65));
#6968 = CARTESIAN_POINT('',(29.341189427313,54.443281938326,23.65));
#6969 = ORIENTED_EDGE('',*,*,#6970,.F.);
#6970 = EDGE_CURVE('',#6445,#6959,#6971,.T.);
#6971 = LINE('',#6972,#6973);
#6972 = CARTESIAN_POINT('',(29.483737151248,54.908480176211,23.05));
#6973 = VECTOR('',#6974,1.);
#6974 = DIRECTION('',(0.,0.,1.));
#6975 = SURFACE_OF_LINEAR_EXTRUSION('',#6976,#6980);
#6976 = B_SPLINE_CURVE_WITH_KNOTS('',2,(#6977,#6978,#6979),
  .UNSPECIFIED.,.F.,.F.,(3,3),(0.,1.),.PIECEWISE_BEZIER_KNOTS.);
#6977 = CARTESIAN_POINT('',(29.341189427313,54.443281938326,23.05));
#6978 = CARTESIAN_POINT('',(29.434067547724,54.771989720999,23.05));
#6979 = CARTESIAN_POINT('',(29.483737151248,54.908480176211,23.05));
#6980 = VECTOR('',#6981,1.);
#6981 = DIRECTION('',(0.,0.,-1.));
#6982 = ADVANCED_FACE('',(#6983),#7001,.F.);
#6983 = FACE_BOUND('',#6984,.F.);
#6984 = EDGE_LOOP('',(#6985,#6986,#6987,#6995));
#6985 = ORIENTED_EDGE('',*,*,#6452,.F.);
#6986 = ORIENTED_EDGE('',*,*,#6970,.T.);
#6987 = ORIENTED_EDGE('',*,*,#6988,.F.);
#6988 = EDGE_CURVE('',#6989,#6959,#6991,.T.);
#6989 = VERTEX_POINT('',#6990);
#6990 = CARTESIAN_POINT('',(30.116519823789,56.967547723935,23.65));
#6991 = LINE('',#6992,#6993);
#6992 = CARTESIAN_POINT('',(19.811545254951,23.435278849332,23.65));
#6993 = VECTOR('',#6994,1.);
#6994 = DIRECTION('',(-0.293756502267,-0.955880284019,0.));
#6995 = ORIENTED_EDGE('',*,*,#6996,.F.);
#6996 = EDGE_CURVE('',#6453,#6989,#6997,.T.);
#6997 = LINE('',#6998,#6999);
#6998 = CARTESIAN_POINT('',(30.116519823789,56.967547723935,23.05));
#6999 = VECTOR('',#7000,1.);
#7000 = DIRECTION('',(0.,0.,1.));
#7001 = PLANE('',#7002);
#7002 = AXIS2_PLACEMENT_3D('',#7003,#7004,#7005);
#7003 = CARTESIAN_POINT('',(29.483737151248,54.908480176211,23.05));
#7004 = DIRECTION('',(-0.955880284019,0.293756502267,0.));
#7005 = DIRECTION('',(0.293756502267,0.955880284019,0.));
#7006 = ADVANCED_FACE('',(#7007),#7025,.F.);
#7007 = FACE_BOUND('',#7008,.F.);
#7008 = EDGE_LOOP('',(#7009,#7010,#7011,#7019));
#7009 = ORIENTED_EDGE('',*,*,#6460,.F.);
#7010 = ORIENTED_EDGE('',*,*,#6996,.T.);
#7011 = ORIENTED_EDGE('',*,*,#7012,.F.);
#7012 = EDGE_CURVE('',#7013,#6989,#7015,.T.);
#7013 = VERTEX_POINT('',#7014);
#7014 = CARTESIAN_POINT('',(27.809104258443,56.967547723935,23.65));
#7015 = LINE('',#7016,#7017);
#7016 = CARTESIAN_POINT('',(13.558259911894,56.967547723935,23.65));
#7017 = VECTOR('',#7018,1.);
#7018 = DIRECTION('',(1.,-1.224646799147E-16,0.));
#7019 = ORIENTED_EDGE('',*,*,#7020,.F.);
#7020 = EDGE_CURVE('',#6461,#7013,#7021,.T.);
#7021 = LINE('',#7022,#7023);
#7022 = CARTESIAN_POINT('',(27.809104258443,56.967547723935,23.05));
#7023 = VECTOR('',#7024,1.);
#7024 = DIRECTION('',(0.,0.,1.));
#7025 = PLANE('',#7026);
#7026 = AXIS2_PLACEMENT_3D('',#7027,#7028,#7029);
#7027 = CARTESIAN_POINT('',(30.116519823789,56.967547723935,23.05));
#7028 = DIRECTION('',(-1.224646799147E-16,-1.,0.));
#7029 = DIRECTION('',(-1.,1.224646799147E-16,0.));
#7030 = ADVANCED_FACE('',(#7031),#7042,.F.);
#7031 = FACE_BOUND('',#7032,.F.);
#7032 = EDGE_LOOP('',(#7033,#7034,#7035,#7041));
#7033 = ORIENTED_EDGE('',*,*,#6468,.F.);
#7034 = ORIENTED_EDGE('',*,*,#7020,.T.);
#7035 = ORIENTED_EDGE('',*,*,#7036,.F.);
#7036 = EDGE_CURVE('',#6808,#7013,#7037,.T.);
#7037 = LINE('',#7038,#7039);
#7038 = CARTESIAN_POINT('',(35.127600409448,33.600602279995,23.65));
#7039 = VECTOR('',#7040,1.);
#7040 = DIRECTION('',(-0.298882345434,0.954289968295,0.));
#7041 = ORIENTED_EDGE('',*,*,#6807,.F.);
#7042 = PLANE('',#7043);
#7043 = AXIS2_PLACEMENT_3D('',#7044,#7045,#7046);
#7044 = CARTESIAN_POINT('',(27.809104258443,56.967547723935,23.05));
#7045 = DIRECTION('',(0.954289968295,0.298882345434,0.));
#7046 = DIRECTION('',(0.298882345434,-0.954289968295,0.));
#7047 = ADVANCED_FACE('',(#7048),#7051,.F.);
#7048 = FACE_BOUND('',#7049,.F.);
#7049 = EDGE_LOOP('',(#7050));
#7050 = ORIENTED_EDGE('',*,*,#6614,.T.);
#7051 = PLANE('',#7052);
#7052 = AXIS2_PLACEMENT_3D('',#7053,#7054,#7055);
#7053 = CARTESIAN_POINT('',(3.5,3.5,15.31));
#7054 = DIRECTION('',(0.,0.,1.));
#7055 = DIRECTION('',(1.,0.,-0.));
#7056 = ADVANCED_FACE('',(#7057),#7060,.F.);
#7057 = FACE_BOUND('',#7058,.F.);
#7058 = EDGE_LOOP('',(#7059));
#7059 = ORIENTED_EDGE('',*,*,#6639,.T.);
#7060 = PLANE('',#7061);
#7061 = AXIS2_PLACEMENT_3D('',#7062,#7063,#7064);
#7062 = CARTESIAN_POINT('',(28.6,21.8,22.24));
#7063 = DIRECTION('',(0.,0.,1.));
#7064 = DIRECTION('',(1.,0.,-0.));
#7065 = ADVANCED_FACE('',(#7066),#7069,.F.);
#7066 = FACE_BOUND('',#7067,.F.);
#7067 = EDGE_LOOP('',(#7068));
#7068 = ORIENTED_EDGE('',*,*,#6664,.T.);
#7069 = PLANE('',#7070);
#7070 = AXIS2_PLACEMENT_3D('',#7071,#7072,#7073);
#7071 = CARTESIAN_POINT('',(41.1,21.8,22.24));
#7072 = DIRECTION('',(0.,0.,1.));
#7073 = DIRECTION('',(1.,0.,-0.));
#7074 = ADVANCED_FACE('',(#7075),#7078,.F.);
#7075 = FACE_BOUND('',#7076,.F.);
#7076 = EDGE_LOOP('',(#7077));
#7077 = ORIENTED_EDGE('',*,*,#6689,.T.);
#7078 = PLANE('',#7079);
#7079 = AXIS2_PLACEMENT_3D('',#7080,#7081,#7082);
#7080 = CARTESIAN_POINT('',(61.5,3.5,15.31));
#7081 = DIRECTION('',(0.,0.,1.));
#7082 = DIRECTION('',(1.,0.,-0.));
#7083 = ADVANCED_FACE('',(#7084),#7087,.F.);
#7084 = FACE_BOUND('',#7085,.F.);
#7085 = EDGE_LOOP('',(#7086));
#7086 = ORIENTED_EDGE('',*,*,#6714,.T.);
#7087 = PLANE('',#7088);
#7088 = AXIS2_PLACEMENT_3D('',#7089,#7090,#7091);
#7089 = CARTESIAN_POINT('',(3.5,52.5,15.31));
#7090 = DIRECTION('',(0.,0.,1.));
#7091 = DIRECTION('',(1.,0.,-0.));
#7092 = ADVANCED_FACE('',(#7093),#7096,.F.);
#7093 = FACE_BOUND('',#7094,.F.);
#7094 = EDGE_LOOP('',(#7095));
#7095 = ORIENTED_EDGE('',*,*,#6739,.T.);
#7096 = PLANE('',#7097);
#7097 = AXIS2_PLACEMENT_3D('',#7098,#7099,#7100);
#7098 = CARTESIAN_POINT('',(28.6,0.8,22.24));
#7099 = DIRECTION('',(0.,0.,1.));
#7100 = DIRECTION('',(1.,0.,-0.));
#7101 = ADVANCED_FACE('',(#7102),#7105,.F.);
#7102 = FACE_BOUND('',#7103,.F.);
#7103 = EDGE_LOOP('',(#7104));
#7104 = ORIENTED_EDGE('',*,*,#6764,.T.);
#7105 = PLANE('',#7106);
#7106 = AXIS2_PLACEMENT_3D('',#7107,#7108,#7109);
#7107 = CARTESIAN_POINT('',(41.1,0.8,22.24));
#7108 = DIRECTION('',(0.,0.,1.));
#7109 = DIRECTION('',(1.,0.,-0.));
#7110 = ADVANCED_FACE('',(#7111),#7114,.F.);
#7111 = FACE_BOUND('',#7112,.F.);
#7112 = EDGE_LOOP('',(#7113));
#7113 = ORIENTED_EDGE('',*,*,#6789,.T.);
#7114 = PLANE('',#7115);
#7115 = AXIS2_PLACEMENT_3D('',#7116,#7117,#7118);
#7116 = CARTESIAN_POINT('',(61.5,52.5,15.31));
#7117 = DIRECTION('',(0.,0.,1.));
#7118 = DIRECTION('',(1.,0.,-0.));
#7119 = ADVANCED_FACE('',(#7120),#7131,.T.);
#7120 = FACE_BOUND('',#7121,.T.);
#7121 = EDGE_LOOP('',(#7122,#7123,#7124,#7125,#7126,#7127,#7128,#7129,
    #7130));
#7122 = ORIENTED_EDGE('',*,*,#6815,.F.);
#7123 = ORIENTED_EDGE('',*,*,#6844,.F.);
#7124 = ORIENTED_EDGE('',*,*,#6872,.F.);
#7125 = ORIENTED_EDGE('',*,*,#6901,.F.);
#7126 = ORIENTED_EDGE('',*,*,#6930,.F.);
#7127 = ORIENTED_EDGE('',*,*,#6958,.F.);
#7128 = ORIENTED_EDGE('',*,*,#6988,.F.);
#7129 = ORIENTED_EDGE('',*,*,#7012,.F.);
#7130 = ORIENTED_EDGE('',*,*,#7036,.F.);
#7131 = PLANE('',#7132);
#7132 = AXIS2_PLACEMENT_3D('',#7133,#7134,#7135);
#7133 = CARTESIAN_POINT('',(-3.,-4.,23.65));
#7134 = DIRECTION('',(0.,0.,1.));
#7135 = DIRECTION('',(1.,0.,-0.));
#7136 = ADVANCED_FACE('',(#7137),#7145,.F.);
#7137 = FACE_BOUND('',#7138,.T.);
#7138 = EDGE_LOOP('',(#7139,#7140,#7141,#7142,#7143,#7144));
#7139 = ORIENTED_EDGE('',*,*,#2692,.F.);
#7140 = ORIENTED_EDGE('',*,*,#386,.F.);
#7141 = ORIENTED_EDGE('',*,*,#341,.F.);
#7142 = ORIENTED_EDGE('',*,*,#2714,.T.);
#7143 = ORIENTED_EDGE('',*,*,#1033,.T.);
#7144 = ORIENTED_EDGE('',*,*,#1078,.T.);
#7145 = CYLINDRICAL_SURFACE('',#7146,11.);
#7146 = AXIS2_PLACEMENT_3D('',#7147,#7148,#7149);
#7147 = CARTESIAN_POINT('',(42.3,35.,21.55));
#7148 = DIRECTION('',(0.,0.,1.));
#7149 = DIRECTION('',(1.,0.,-0.));
#7150 = ADVANCED_FACE('',(#7151),#7159,.F.);
#7151 = FACE_BOUND('',#7152,.F.);
#7152 = EDGE_LOOP('',(#7153,#7154,#7155,#7156,#7157,#7158));
#7153 = ORIENTED_EDGE('',*,*,#2721,.T.);
#7154 = ORIENTED_EDGE('',*,*,#1052,.F.);
#7155 = ORIENTED_EDGE('',*,*,#1061,.F.);
#7156 = ORIENTED_EDGE('',*,*,#2699,.F.);
#7157 = ORIENTED_EDGE('',*,*,#369,.T.);
#7158 = ORIENTED_EDGE('',*,*,#360,.T.);
#7159 = CYLINDRICAL_SURFACE('',#7160,11.);
#7160 = AXIS2_PLACEMENT_3D('',#7161,#7162,#7163);
#7161 = CARTESIAN_POINT('',(42.3,35.,21.55));
#7162 = DIRECTION('',(0.,0.,1.));
#7163 = DIRECTION('',(1.,0.,-0.));
#7164 = ( GEOMETRIC_REPRESENTATION_CONTEXT(3) 
GLOBAL_UNCERTAINTY_ASSIGNED_CONTEXT((#7168)) 
GLOBAL_UNIT_ASSIGNED_CONTEXT((#7165,#7166,#7167)) REPRESENTATION_CONTEXT
('Context #1','3D Context with UNIT and UNCERTAINTY') );
#7165 = ( LENGTH_UNIT() NAMED_UNIT(*) SI_UNIT(.MILLI.,.METRE.) );
#7166 = ( NAMED_UNIT(*) PLANE_ANGLE_UNIT() SI_UNIT($,.RADIAN.) );
#7167 = ( NAMED_UNIT(*) SI_UNIT($,.STERADIAN.) SOLID_ANGLE_UNIT() );
#7168 = UNCERTAINTY_MEASURE_WITH_UNIT(LENGTH_MEASURE(5.E-07),#7165,
  'distance_accuracy_value','confusion accuracy');
#7169 = PRODUCT_RELATED_PRODUCT_CATEGORY('part',$,(#7));
ENDSEC;
END-ISO-10303-21;
