ISO-10303-21;
HEADER;
FILE_DESCRIPTION(('FreeCAD Model'),'2;1');
FILE_NAME('Open CASCADE Shape Model','2026-09-24T23:11:17',('FreeCAD'),(
    'FreeCAD'),'Open CASCADE STEP processor 7.8','FreeCAD','Unknown');
FILE_SCHEMA(('AUTOMOTIVE_DESIGN { 1 0 10303 214 1 1 1 1 }'));
ENDSEC;
DATA;
#1 = APPLICATION_PROTOCOL_DEFINITION('international standard',
  'automotive_design',2000,#2);
#2 = APPLICATION_CONTEXT(
  'core data for automotive mechanical design processes');
#3 = SHAPE_DEFINITION_REPRESENTATION(#4,#10);
#4 = PRODUCT_DEFINITION_SHAPE('','',#5);
#5 = PRODUCT_DEFINITION('design','',#6,#9);
#6 = PRODUCT_DEFINITION_FORMATION('','',#7);
#7 = PRODUCT('Open CASCADE STEP translator 7.8 1',
  'Open CASCADE STEP translator 7.8 1','',(#8));
#8 = PRODUCT_CONTEXT('',#2,'mechanical');
#9 = PRODUCT_DEFINITION_CONTEXT('part definition',#2,'design');
#10 = ADVANCED_BREP_SHAPE_REPRESENTATION('',(#11,#15),#12148);
#11 = AXIS2_PLACEMENT_3D('',#12,#13,#14);
#12 = CARTESIAN_POINT('',(0.,0.,0.));
#13 = DIRECTION('',(0.,0.,1.));
#14 = DIRECTION('',(1.,0.,-0.));
#15 = MANIFOLD_SOLID_BREP('',#16);
#16 = CLOSED_SHELL('',(#17,#757,#806,#837,#870,#901,#925,#949,#966,#997,
    #1021,#1045,#1062,#1093,#1117,#1141,#1158,#1189,#1213,#1237,#1254,
    #1285,#1309,#1333,#1350,#1381,#1405,#1429,#1446,#1477,#1501,#1525,
    #1542,#1573,#1597,#1621,#1638,#1669,#1693,#1717,#1734,#1765,#1789,
    #1813,#1830,#1862,#1886,#1903,#1935,#1959,#1976,#2007,#2031,#2055,
    #2072,#2103,#2127,#2151,#2168,#2199,#2223,#2247,#2264,#2295,#2319,
    #2343,#2360,#2391,#2415,#2439,#2456,#2487,#2511,#2535,#2552,#2583,
    #2607,#2631,#2648,#2679,#2703,#2727,#2744,#2775,#2799,#2823,#2840,
    #2865,#3607,#3638,#4149,#4166,#4224,#4257,#4290,#4522,#4571,#5313,
    #5346,#5587,#5620,#5651,#5806,#5846,#5870,#5887,#5904,#5921,#5933,
    #5955,#5972,#5989,#6006,#6023,#6040,#6057,#6069,#6091,#6108,#6125,
    #6142,#6159,#6176,#6193,#6205,#6227,#6244,#6261,#6273,#6295,#6312,
    #6329,#6341,#6363,#6380,#6397,#6409,#6431,#6448,#6465,#6477,#6499,
    #6516,#6533,#6545,#6567,#6584,#6601,#6613,#6635,#6652,#6669,#6681,
    #6703,#6720,#6737,#6749,#6771,#6788,#6805,#6822,#6839,#6856,#6873,
    #6885,#6907,#6924,#6941,#6958,#6975,#6992,#7009,#7021,#7043,#7060,
    #7077,#7089,#7111,#7128,#7145,#7157,#7179,#7196,#7213,#7225,#7247,
    #7264,#7281,#7293,#7310,#7327,#7344,#7356,#7467,#7578,#7609,#7633,
    #7657,#7674,#7705,#7729,#7753,#7770,#7801,#7825,#7849,#7866,#7897,
    #7921,#7945,#7962,#7993,#8017,#8041,#8058,#8169,#8200,#8224,#8248,
    #8265,#8296,#8320,#8344,#8361,#8392,#8416,#8440,#8457,#8488,#8512,
    #8536,#8553,#8584,#8608,#8632,#8649,#8680,#8704,#8728,#8745,#8776,
    #8800,#8824,#8841,#8952,#8986,#9018,#9043,#9065,#9082,#9099,#9116,
    #9133,#9150,#9167,#9179,#9201,#9218,#9235,#9252,#9269,#9286,#9303,
    #9315,#9337,#9354,#9371,#9388,#9405,#9422,#9439,#9451,#9606,#9630,
    #9654,#9670,#9693,#9716,#9731,#9754,#9777,#9793,#9816,#9839,#9854,
    #9877,#9900,#9916,#9939,#9962,#9977,#10000,#10023,#10039,#10062,
    #10085,#10100,#10123,#10146,#10182,#10226,#10251,#10276,#10301,
    #10326,#10358,#10389,#10421,#10452,#10484,#10515,#10547,#10578,
    #10610,#10641,#10673,#10704,#10736,#10767,#10799,#10830,#10861,
    #10885,#10921,#10941,#10961,#10981,#11001,#11053,#11105,#11157,
    #11209,#11232,#11255,#11278,#11301,#11324,#11347,#11370,#11393,
    #11416,#11439,#11462,#11485,#11508,#11531,#11554,#11577,#11641,
    #11687,#11718,#11742,#11773,#11804,#11835,#11866,#11897,#11928,
    #11959,#11990,#12007,#12032,#12044,#12057,#12070,#12083,#12096,
    #12109,#12122,#12135));
#17 = ADVANCED_FACE('',(#18,#52,#86,#120,#154,#188,#222,#256,#290,#324,
    #358,#392,#419,#446,#480,#514,#548,#582,#616,#650,#684,#718),#752,
  .F.);
#18 = FACE_BOUND('',#19,.F.);
#19 = EDGE_LOOP('',(#20,#30,#38,#46));
#20 = ORIENTED_EDGE('',*,*,#21,.F.);
#21 = EDGE_CURVE('',#22,#24,#26,.T.);
#22 = VERTEX_POINT('',#23);
#23 = CARTESIAN_POINT('',(-3.,-8.881784197001E-16,-5.2));
#24 = VERTEX_POINT('',#25);
#25 = CARTESIAN_POINT('',(-3.,-8.881784197001E-16,20.));
#26 = LINE('',#27,#28);
#27 = CARTESIAN_POINT('',(-3.,-8.881784197001E-16,-6.));
#28 = VECTOR('',#29,1.);
#29 = DIRECTION('',(0.,0.,1.));
#30 = ORIENTED_EDGE('',*,*,#31,.T.);
#31 = EDGE_CURVE('',#22,#32,#34,.T.);
#32 = VERTEX_POINT('',#33);
#33 = CARTESIAN_POINT('',(-3.,61.5,-5.2));
#34 = LINE('',#35,#36);
#35 = CARTESIAN_POINT('',(-3.,-8.881784197001E-16,-5.2));
#36 = VECTOR('',#37,1.);
#37 = DIRECTION('',(-0.,1.,0.));
#38 = ORIENTED_EDGE('',*,*,#39,.T.);
#39 = EDGE_CURVE('',#32,#40,#42,.T.);
#40 = VERTEX_POINT('',#41);
#41 = CARTESIAN_POINT('',(-3.,61.5,20.));
#42 = LINE('',#43,#44);
#43 = CARTESIAN_POINT('',(-3.,61.5,-6.));
#44 = VECTOR('',#45,1.);
#45 = DIRECTION('',(0.,0.,1.));
#46 = ORIENTED_EDGE('',*,*,#47,.F.);
#47 = EDGE_CURVE('',#24,#40,#48,.T.);
#48 = LINE('',#49,#50);
#49 = CARTESIAN_POINT('',(-3.,-4.,20.));
#50 = VECTOR('',#51,1.);
#51 = DIRECTION('',(-0.,1.,0.));
#52 = FACE_BOUND('',#53,.F.);
#53 = EDGE_LOOP('',(#54,#64,#72,#80));
#54 = ORIENTED_EDGE('',*,*,#55,.T.);
#55 = EDGE_CURVE('',#56,#58,#60,.T.);
#56 = VERTEX_POINT('',#57);
#57 = CARTESIAN_POINT('',(-3.,60.9,7.5));
#58 = VERTEX_POINT('',#59);
#59 = CARTESIAN_POINT('',(-3.,59.3,7.5));
#60 = LINE('',#61,#62);
#61 = CARTESIAN_POINT('',(-3.,27.65,7.5));
#62 = VECTOR('',#63,1.);
#63 = DIRECTION('',(0.,-1.,0.));
#64 = ORIENTED_EDGE('',*,*,#65,.T.);
#65 = EDGE_CURVE('',#58,#66,#68,.T.);
#66 = VERTEX_POINT('',#67);
#67 = CARTESIAN_POINT('',(-3.,59.3,18.5));
#68 = LINE('',#69,#70);
#69 = CARTESIAN_POINT('',(-3.,59.3,0.75));
#70 = VECTOR('',#71,1.);
#71 = DIRECTION('',(0.,0.,1.));
#72 = ORIENTED_EDGE('',*,*,#73,.F.);
#73 = EDGE_CURVE('',#74,#66,#76,.T.);
#74 = VERTEX_POINT('',#75);
#75 = CARTESIAN_POINT('',(-3.,60.9,18.5));
#76 = LINE('',#77,#78);
#77 = CARTESIAN_POINT('',(-3.,27.65,18.5));
#78 = VECTOR('',#79,1.);
#79 = DIRECTION('',(0.,-1.,0.));
#80 = ORIENTED_EDGE('',*,*,#81,.F.);
#81 = EDGE_CURVE('',#56,#74,#82,.T.);
#82 = LINE('',#83,#84);
#83 = CARTESIAN_POINT('',(-3.,60.9,0.75));
#84 = VECTOR('',#85,1.);
#85 = DIRECTION('',(0.,0.,1.));
#86 = FACE_BOUND('',#87,.F.);
#87 = EDGE_LOOP('',(#88,#98,#106,#114));
#88 = ORIENTED_EDGE('',*,*,#89,.T.);
#89 = EDGE_CURVE('',#90,#92,#94,.T.);
#90 = VERTEX_POINT('',#91);
#91 = CARTESIAN_POINT('',(-3.,57.5,7.5));
#92 = VERTEX_POINT('',#93);
#93 = CARTESIAN_POINT('',(-3.,55.9,7.5));
#94 = LINE('',#95,#96);
#95 = CARTESIAN_POINT('',(-3.,25.95,7.5));
#96 = VECTOR('',#97,1.);
#97 = DIRECTION('',(0.,-1.,0.));
#98 = ORIENTED_EDGE('',*,*,#99,.T.);
#99 = EDGE_CURVE('',#92,#100,#102,.T.);
#100 = VERTEX_POINT('',#101);
#101 = CARTESIAN_POINT('',(-3.,55.9,18.5));
#102 = LINE('',#103,#104);
#103 = CARTESIAN_POINT('',(-3.,55.9,0.75));
#104 = VECTOR('',#105,1.);
#105 = DIRECTION('',(0.,0.,1.));
#106 = ORIENTED_EDGE('',*,*,#107,.F.);
#107 = EDGE_CURVE('',#108,#100,#110,.T.);
#108 = VERTEX_POINT('',#109);
#109 = CARTESIAN_POINT('',(-3.,57.5,18.5));
#110 = LINE('',#111,#112);
#111 = CARTESIAN_POINT('',(-3.,25.95,18.5));
#112 = VECTOR('',#113,1.);
#113 = DIRECTION('',(0.,-1.,0.));
#114 = ORIENTED_EDGE('',*,*,#115,.F.);
#115 = EDGE_CURVE('',#90,#108,#116,.T.);
#116 = LINE('',#117,#118);
#117 = CARTESIAN_POINT('',(-3.,57.5,0.75));
#118 = VECTOR('',#119,1.);
#119 = DIRECTION('',(0.,0.,1.));
#120 = FACE_BOUND('',#121,.F.);
#121 = EDGE_LOOP('',(#122,#132,#140,#148));
#122 = ORIENTED_EDGE('',*,*,#123,.T.);
#123 = EDGE_CURVE('',#124,#126,#128,.T.);
#124 = VERTEX_POINT('',#125);
#125 = CARTESIAN_POINT('',(-3.,54.1,7.5));
#126 = VERTEX_POINT('',#127);
#127 = CARTESIAN_POINT('',(-3.,52.5,7.5));
#128 = LINE('',#129,#130);
#129 = CARTESIAN_POINT('',(-3.,24.25,7.5));
#130 = VECTOR('',#131,1.);
#131 = DIRECTION('',(0.,-1.,0.));
#132 = ORIENTED_EDGE('',*,*,#133,.T.);
#133 = EDGE_CURVE('',#126,#134,#136,.T.);
#134 = VERTEX_POINT('',#135);
#135 = CARTESIAN_POINT('',(-3.,52.5,18.5));
#136 = LINE('',#137,#138);
#137 = CARTESIAN_POINT('',(-3.,52.5,0.75));
#138 = VECTOR('',#139,1.);
#139 = DIRECTION('',(0.,0.,1.));
#140 = ORIENTED_EDGE('',*,*,#141,.F.);
#141 = EDGE_CURVE('',#142,#134,#144,.T.);
#142 = VERTEX_POINT('',#143);
#143 = CARTESIAN_POINT('',(-3.,54.1,18.5));
#144 = LINE('',#145,#146);
#145 = CARTESIAN_POINT('',(-3.,24.25,18.5));
#146 = VECTOR('',#147,1.);
#147 = DIRECTION('',(0.,-1.,0.));
#148 = ORIENTED_EDGE('',*,*,#149,.F.);
#149 = EDGE_CURVE('',#124,#142,#150,.T.);
#150 = LINE('',#151,#152);
#151 = CARTESIAN_POINT('',(-3.,54.1,0.75));
#152 = VECTOR('',#153,1.);
#153 = DIRECTION('',(0.,0.,1.));
#154 = FACE_BOUND('',#155,.F.);
#155 = EDGE_LOOP('',(#156,#166,#174,#182));
#156 = ORIENTED_EDGE('',*,*,#157,.T.);
#157 = EDGE_CURVE('',#158,#160,#162,.T.);
#158 = VERTEX_POINT('',#159);
#159 = CARTESIAN_POINT('',(-3.,50.7,7.5));
#160 = VERTEX_POINT('',#161);
#161 = CARTESIAN_POINT('',(-3.,49.1,7.5));
#162 = LINE('',#163,#164);
#163 = CARTESIAN_POINT('',(-3.,22.55,7.5));
#164 = VECTOR('',#165,1.);
#165 = DIRECTION('',(0.,-1.,0.));
#166 = ORIENTED_EDGE('',*,*,#167,.T.);
#167 = EDGE_CURVE('',#160,#168,#170,.T.);
#168 = VERTEX_POINT('',#169);
#169 = CARTESIAN_POINT('',(-3.,49.1,18.5));
#170 = LINE('',#171,#172);
#171 = CARTESIAN_POINT('',(-3.,49.1,0.75));
#172 = VECTOR('',#173,1.);
#173 = DIRECTION('',(0.,0.,1.));
#174 = ORIENTED_EDGE('',*,*,#175,.F.);
#175 = EDGE_CURVE('',#176,#168,#178,.T.);
#176 = VERTEX_POINT('',#177);
#177 = CARTESIAN_POINT('',(-3.,50.7,18.5));
#178 = LINE('',#179,#180);
#179 = CARTESIAN_POINT('',(-3.,22.55,18.5));
#180 = VECTOR('',#181,1.);
#181 = DIRECTION('',(0.,-1.,0.));
#182 = ORIENTED_EDGE('',*,*,#183,.F.);
#183 = EDGE_CURVE('',#158,#176,#184,.T.);
#184 = LINE('',#185,#186);
#185 = CARTESIAN_POINT('',(-3.,50.7,0.75));
#186 = VECTOR('',#187,1.);
#187 = DIRECTION('',(0.,0.,1.));
#188 = FACE_BOUND('',#189,.F.);
#189 = EDGE_LOOP('',(#190,#200,#208,#216));
#190 = ORIENTED_EDGE('',*,*,#191,.T.);
#191 = EDGE_CURVE('',#192,#194,#196,.T.);
#192 = VERTEX_POINT('',#193);
#193 = CARTESIAN_POINT('',(-3.,47.3,7.5));
#194 = VERTEX_POINT('',#195);
#195 = CARTESIAN_POINT('',(-3.,45.7,7.5));
#196 = LINE('',#197,#198);
#197 = CARTESIAN_POINT('',(-3.,20.85,7.5));
#198 = VECTOR('',#199,1.);
#199 = DIRECTION('',(0.,-1.,0.));
#200 = ORIENTED_EDGE('',*,*,#201,.T.);
#201 = EDGE_CURVE('',#194,#202,#204,.T.);
#202 = VERTEX_POINT('',#203);
#203 = CARTESIAN_POINT('',(-3.,45.7,18.5));
#204 = LINE('',#205,#206);
#205 = CARTESIAN_POINT('',(-3.,45.7,0.75));
#206 = VECTOR('',#207,1.);
#207 = DIRECTION('',(0.,0.,1.));
#208 = ORIENTED_EDGE('',*,*,#209,.F.);
#209 = EDGE_CURVE('',#210,#202,#212,.T.);
#210 = VERTEX_POINT('',#211);
#211 = CARTESIAN_POINT('',(-3.,47.3,18.5));
#212 = LINE('',#213,#214);
#213 = CARTESIAN_POINT('',(-3.,20.85,18.5));
#214 = VECTOR('',#215,1.);
#215 = DIRECTION('',(0.,-1.,0.));
#216 = ORIENTED_EDGE('',*,*,#217,.F.);
#217 = EDGE_CURVE('',#192,#210,#218,.T.);
#218 = LINE('',#219,#220);
#219 = CARTESIAN_POINT('',(-3.,47.3,0.75));
#220 = VECTOR('',#221,1.);
#221 = DIRECTION('',(0.,0.,1.));
#222 = FACE_BOUND('',#223,.F.);
#223 = EDGE_LOOP('',(#224,#234,#242,#250));
#224 = ORIENTED_EDGE('',*,*,#225,.T.);
#225 = EDGE_CURVE('',#226,#228,#230,.T.);
#226 = VERTEX_POINT('',#227);
#227 = CARTESIAN_POINT('',(-3.,43.9,7.5));
#228 = VERTEX_POINT('',#229);
#229 = CARTESIAN_POINT('',(-3.,42.3,7.5));
#230 = LINE('',#231,#232);
#231 = CARTESIAN_POINT('',(-3.,19.15,7.5));
#232 = VECTOR('',#233,1.);
#233 = DIRECTION('',(0.,-1.,0.));
#234 = ORIENTED_EDGE('',*,*,#235,.T.);
#235 = EDGE_CURVE('',#228,#236,#238,.T.);
#236 = VERTEX_POINT('',#237);
#237 = CARTESIAN_POINT('',(-3.,42.3,18.5));
#238 = LINE('',#239,#240);
#239 = CARTESIAN_POINT('',(-3.,42.3,0.75));
#240 = VECTOR('',#241,1.);
#241 = DIRECTION('',(0.,0.,1.));
#242 = ORIENTED_EDGE('',*,*,#243,.F.);
#243 = EDGE_CURVE('',#244,#236,#246,.T.);
#244 = VERTEX_POINT('',#245);
#245 = CARTESIAN_POINT('',(-3.,43.9,18.5));
#246 = LINE('',#247,#248);
#247 = CARTESIAN_POINT('',(-3.,19.15,18.5));
#248 = VECTOR('',#249,1.);
#249 = DIRECTION('',(0.,-1.,0.));
#250 = ORIENTED_EDGE('',*,*,#251,.F.);
#251 = EDGE_CURVE('',#226,#244,#252,.T.);
#252 = LINE('',#253,#254);
#253 = CARTESIAN_POINT('',(-3.,43.9,0.75));
#254 = VECTOR('',#255,1.);
#255 = DIRECTION('',(0.,0.,1.));
#256 = FACE_BOUND('',#257,.F.);
#257 = EDGE_LOOP('',(#258,#268,#276,#284));
#258 = ORIENTED_EDGE('',*,*,#259,.T.);
#259 = EDGE_CURVE('',#260,#262,#264,.T.);
#260 = VERTEX_POINT('',#261);
#261 = CARTESIAN_POINT('',(-3.,40.5,7.5));
#262 = VERTEX_POINT('',#263);
#263 = CARTESIAN_POINT('',(-3.,38.9,7.5));
#264 = LINE('',#265,#266);
#265 = CARTESIAN_POINT('',(-3.,17.45,7.5));
#266 = VECTOR('',#267,1.);
#267 = DIRECTION('',(0.,-1.,0.));
#268 = ORIENTED_EDGE('',*,*,#269,.T.);
#269 = EDGE_CURVE('',#262,#270,#272,.T.);
#270 = VERTEX_POINT('',#271);
#271 = CARTESIAN_POINT('',(-3.,38.9,18.5));
#272 = LINE('',#273,#274);
#273 = CARTESIAN_POINT('',(-3.,38.9,0.75));
#274 = VECTOR('',#275,1.);
#275 = DIRECTION('',(0.,0.,1.));
#276 = ORIENTED_EDGE('',*,*,#277,.F.);
#277 = EDGE_CURVE('',#278,#270,#280,.T.);
#278 = VERTEX_POINT('',#279);
#279 = CARTESIAN_POINT('',(-3.,40.5,18.5));
#280 = LINE('',#281,#282);
#281 = CARTESIAN_POINT('',(-3.,17.45,18.5));
#282 = VECTOR('',#283,1.);
#283 = DIRECTION('',(0.,-1.,0.));
#284 = ORIENTED_EDGE('',*,*,#285,.F.);
#285 = EDGE_CURVE('',#260,#278,#286,.T.);
#286 = LINE('',#287,#288);
#287 = CARTESIAN_POINT('',(-3.,40.5,0.75));
#288 = VECTOR('',#289,1.);
#289 = DIRECTION('',(0.,0.,1.));
#290 = FACE_BOUND('',#291,.F.);
#291 = EDGE_LOOP('',(#292,#302,#310,#318));
#292 = ORIENTED_EDGE('',*,*,#293,.T.);
#293 = EDGE_CURVE('',#294,#296,#298,.T.);
#294 = VERTEX_POINT('',#295);
#295 = CARTESIAN_POINT('',(-3.,37.1,7.5));
#296 = VERTEX_POINT('',#297);
#297 = CARTESIAN_POINT('',(-3.,35.5,7.5));
#298 = LINE('',#299,#300);
#299 = CARTESIAN_POINT('',(-3.,15.75,7.5));
#300 = VECTOR('',#301,1.);
#301 = DIRECTION('',(0.,-1.,0.));
#302 = ORIENTED_EDGE('',*,*,#303,.T.);
#303 = EDGE_CURVE('',#296,#304,#306,.T.);
#304 = VERTEX_POINT('',#305);
#305 = CARTESIAN_POINT('',(-3.,35.5,18.5));
#306 = LINE('',#307,#308);
#307 = CARTESIAN_POINT('',(-3.,35.5,0.75));
#308 = VECTOR('',#309,1.);
#309 = DIRECTION('',(0.,0.,1.));
#310 = ORIENTED_EDGE('',*,*,#311,.F.);
#311 = EDGE_CURVE('',#312,#304,#314,.T.);
#312 = VERTEX_POINT('',#313);
#313 = CARTESIAN_POINT('',(-3.,37.1,18.5));
#314 = LINE('',#315,#316);
#315 = CARTESIAN_POINT('',(-3.,15.75,18.5));
#316 = VECTOR('',#317,1.);
#317 = DIRECTION('',(0.,-1.,0.));
#318 = ORIENTED_EDGE('',*,*,#319,.F.);
#319 = EDGE_CURVE('',#294,#312,#320,.T.);
#320 = LINE('',#321,#322);
#321 = CARTESIAN_POINT('',(-3.,37.1,0.75));
#322 = VECTOR('',#323,1.);
#323 = DIRECTION('',(0.,0.,1.));
#324 = FACE_BOUND('',#325,.F.);
#325 = EDGE_LOOP('',(#326,#336,#344,#352));
#326 = ORIENTED_EDGE('',*,*,#327,.T.);
#327 = EDGE_CURVE('',#328,#330,#332,.T.);
#328 = VERTEX_POINT('',#329);
#329 = CARTESIAN_POINT('',(-3.,33.7,7.5));
#330 = VERTEX_POINT('',#331);
#331 = CARTESIAN_POINT('',(-3.,32.1,7.5));
#332 = LINE('',#333,#334);
#333 = CARTESIAN_POINT('',(-3.,14.05,7.5));
#334 = VECTOR('',#335,1.);
#335 = DIRECTION('',(0.,-1.,0.));
#336 = ORIENTED_EDGE('',*,*,#337,.T.);
#337 = EDGE_CURVE('',#330,#338,#340,.T.);
#338 = VERTEX_POINT('',#339);
#339 = CARTESIAN_POINT('',(-3.,32.1,18.5));
#340 = LINE('',#341,#342);
#341 = CARTESIAN_POINT('',(-3.,32.1,0.75));
#342 = VECTOR('',#343,1.);
#343 = DIRECTION('',(0.,0.,1.));
#344 = ORIENTED_EDGE('',*,*,#345,.F.);
#345 = EDGE_CURVE('',#346,#338,#348,.T.);
#346 = VERTEX_POINT('',#347);
#347 = CARTESIAN_POINT('',(-3.,33.7,18.5));
#348 = LINE('',#349,#350);
#349 = CARTESIAN_POINT('',(-3.,14.05,18.5));
#350 = VECTOR('',#351,1.);
#351 = DIRECTION('',(0.,-1.,0.));
#352 = ORIENTED_EDGE('',*,*,#353,.F.);
#353 = EDGE_CURVE('',#328,#346,#354,.T.);
#354 = LINE('',#355,#356);
#355 = CARTESIAN_POINT('',(-3.,33.7,0.75));
#356 = VECTOR('',#357,1.);
#357 = DIRECTION('',(0.,0.,1.));
#358 = FACE_BOUND('',#359,.F.);
#359 = EDGE_LOOP('',(#360,#370,#378,#386));
#360 = ORIENTED_EDGE('',*,*,#361,.T.);
#361 = EDGE_CURVE('',#362,#364,#366,.T.);
#362 = VERTEX_POINT('',#363);
#363 = CARTESIAN_POINT('',(-3.,34.3,-2.2));
#364 = VERTEX_POINT('',#365);
#365 = CARTESIAN_POINT('',(-3.,21.9,-2.2));
#366 = LINE('',#367,#368);
#367 = CARTESIAN_POINT('',(-3.,8.95,-2.2));
#368 = VECTOR('',#369,1.);
#369 = DIRECTION('',(0.,-1.,0.));
#370 = ORIENTED_EDGE('',*,*,#371,.T.);
#371 = EDGE_CURVE('',#364,#372,#374,.T.);
#372 = VERTEX_POINT('',#373);
#373 = CARTESIAN_POINT('',(-3.,21.9,0.6));
#374 = LINE('',#375,#376);
#375 = CARTESIAN_POINT('',(-3.,21.9,-4.1));
#376 = VECTOR('',#377,1.);
#377 = DIRECTION('',(0.,0.,1.));
#378 = ORIENTED_EDGE('',*,*,#379,.F.);
#379 = EDGE_CURVE('',#380,#372,#382,.T.);
#380 = VERTEX_POINT('',#381);
#381 = CARTESIAN_POINT('',(-3.,34.3,0.6));
#382 = LINE('',#383,#384);
#383 = CARTESIAN_POINT('',(-3.,8.95,0.6));
#384 = VECTOR('',#385,1.);
#385 = DIRECTION('',(0.,-1.,0.));
#386 = ORIENTED_EDGE('',*,*,#387,.F.);
#387 = EDGE_CURVE('',#362,#380,#388,.T.);
#388 = LINE('',#389,#390);
#389 = CARTESIAN_POINT('',(-3.,34.3,-4.1));
#390 = VECTOR('',#391,1.);
#391 = DIRECTION('',(0.,0.,1.));
#392 = FACE_BOUND('',#393,.F.);
#393 = EDGE_LOOP('',(#394,#405,#413));
#394 = ORIENTED_EDGE('',*,*,#395,.F.);
#395 = EDGE_CURVE('',#396,#398,#400,.T.);
#396 = VERTEX_POINT('',#397);
#397 = CARTESIAN_POINT('',(-3.,10.722182540695,2.977817459305));
#398 = VERTEX_POINT('',#399);
#399 = CARTESIAN_POINT('',(-3.,12.277817459305,2.977817459305));
#400 = CIRCLE('',#401,1.1);
#401 = AXIS2_PLACEMENT_3D('',#402,#403,#404);
#402 = CARTESIAN_POINT('',(-3.,11.5,2.2));
#403 = DIRECTION('',(1.,0.,0.));
#404 = DIRECTION('',(-0.,0.,1.));
#405 = ORIENTED_EDGE('',*,*,#406,.T.);
#406 = EDGE_CURVE('',#396,#407,#409,.T.);
#407 = VERTEX_POINT('',#408);
#408 = CARTESIAN_POINT('',(-3.,11.5,3.75563491861));
#409 = LINE('',#410,#411);
#410 = CARTESIAN_POINT('',(-3.,5.186091270347,-2.558273811042));
#411 = VECTOR('',#412,1.);
#412 = DIRECTION('',(0.,0.707106781187,0.707106781187));
#413 = ORIENTED_EDGE('',*,*,#414,.T.);
#414 = EDGE_CURVE('',#407,#398,#415,.T.);
#415 = LINE('',#416,#417);
#416 = CARTESIAN_POINT('',(-3.,10.452817459305,4.802817459305));
#417 = VECTOR('',#418,1.);
#418 = DIRECTION('',(-0.,0.707106781187,-0.707106781187));
#419 = FACE_BOUND('',#420,.F.);
#420 = EDGE_LOOP('',(#421,#432,#440));
#421 = ORIENTED_EDGE('',*,*,#422,.F.);
#422 = EDGE_CURVE('',#423,#425,#427,.T.);
#423 = VERTEX_POINT('',#424);
#424 = CARTESIAN_POINT('',(-3.,7.122182540695,2.977817459305));
#425 = VERTEX_POINT('',#426);
#426 = CARTESIAN_POINT('',(-3.,8.677817459305,2.977817459305));
#427 = CIRCLE('',#428,1.1);
#428 = AXIS2_PLACEMENT_3D('',#429,#430,#431);
#429 = CARTESIAN_POINT('',(-3.,7.9,2.2));
#430 = DIRECTION('',(1.,0.,0.));
#431 = DIRECTION('',(-0.,0.,1.));
#432 = ORIENTED_EDGE('',*,*,#433,.T.);
#433 = EDGE_CURVE('',#423,#434,#436,.T.);
#434 = VERTEX_POINT('',#435);
#435 = CARTESIAN_POINT('',(-3.,7.9,3.75563491861));
#436 = LINE('',#437,#438);
#437 = CARTESIAN_POINT('',(-3.,2.486091270347,-1.658273811042));
#438 = VECTOR('',#439,1.);
#439 = DIRECTION('',(0.,0.707106781187,0.707106781187));
#440 = ORIENTED_EDGE('',*,*,#441,.T.);
#441 = EDGE_CURVE('',#434,#425,#442,.T.);
#442 = LINE('',#443,#444);
#443 = CARTESIAN_POINT('',(-3.,7.752817459305,3.902817459305));
#444 = VECTOR('',#445,1.);
#445 = DIRECTION('',(-0.,0.707106781187,-0.707106781187));
#446 = FACE_BOUND('',#447,.F.);
#447 = EDGE_LOOP('',(#448,#458,#466,#474));
#448 = ORIENTED_EDGE('',*,*,#449,.T.);
#449 = EDGE_CURVE('',#450,#452,#454,.T.);
#450 = VERTEX_POINT('',#451);
#451 = CARTESIAN_POINT('',(-3.,30.3,7.5));
#452 = VERTEX_POINT('',#453);
#453 = CARTESIAN_POINT('',(-3.,28.7,7.5));
#454 = LINE('',#455,#456);
#455 = CARTESIAN_POINT('',(-3.,12.35,7.5));
#456 = VECTOR('',#457,1.);
#457 = DIRECTION('',(0.,-1.,0.));
#458 = ORIENTED_EDGE('',*,*,#459,.T.);
#459 = EDGE_CURVE('',#452,#460,#462,.T.);
#460 = VERTEX_POINT('',#461);
#461 = CARTESIAN_POINT('',(-3.,28.7,18.5));
#462 = LINE('',#463,#464);
#463 = CARTESIAN_POINT('',(-3.,28.7,0.75));
#464 = VECTOR('',#465,1.);
#465 = DIRECTION('',(0.,0.,1.));
#466 = ORIENTED_EDGE('',*,*,#467,.F.);
#467 = EDGE_CURVE('',#468,#460,#470,.T.);
#468 = VERTEX_POINT('',#469);
#469 = CARTESIAN_POINT('',(-3.,30.3,18.5));
#470 = LINE('',#471,#472);
#471 = CARTESIAN_POINT('',(-3.,12.35,18.5));
#472 = VECTOR('',#473,1.);
#473 = DIRECTION('',(0.,-1.,0.));
#474 = ORIENTED_EDGE('',*,*,#475,.F.);
#475 = EDGE_CURVE('',#450,#468,#476,.T.);
#476 = LINE('',#477,#478);
#477 = CARTESIAN_POINT('',(-3.,30.3,0.75));
#478 = VECTOR('',#479,1.);
#479 = DIRECTION('',(0.,0.,1.));
#480 = FACE_BOUND('',#481,.F.);
#481 = EDGE_LOOP('',(#482,#492,#500,#508));
#482 = ORIENTED_EDGE('',*,*,#483,.T.);
#483 = EDGE_CURVE('',#484,#486,#488,.T.);
#484 = VERTEX_POINT('',#485);
#485 = CARTESIAN_POINT('',(-3.,26.9,7.5));
#486 = VERTEX_POINT('',#487);
#487 = CARTESIAN_POINT('',(-3.,25.3,7.5));
#488 = LINE('',#489,#490);
#489 = CARTESIAN_POINT('',(-3.,10.65,7.5));
#490 = VECTOR('',#491,1.);
#491 = DIRECTION('',(0.,-1.,0.));
#492 = ORIENTED_EDGE('',*,*,#493,.T.);
#493 = EDGE_CURVE('',#486,#494,#496,.T.);
#494 = VERTEX_POINT('',#495);
#495 = CARTESIAN_POINT('',(-3.,25.3,18.5));
#496 = LINE('',#497,#498);
#497 = CARTESIAN_POINT('',(-3.,25.3,0.75));
#498 = VECTOR('',#499,1.);
#499 = DIRECTION('',(0.,0.,1.));
#500 = ORIENTED_EDGE('',*,*,#501,.F.);
#501 = EDGE_CURVE('',#502,#494,#504,.T.);
#502 = VERTEX_POINT('',#503);
#503 = CARTESIAN_POINT('',(-3.,26.9,18.5));
#504 = LINE('',#505,#506);
#505 = CARTESIAN_POINT('',(-3.,10.65,18.5));
#506 = VECTOR('',#507,1.);
#507 = DIRECTION('',(0.,-1.,0.));
#508 = ORIENTED_EDGE('',*,*,#509,.F.);
#509 = EDGE_CURVE('',#484,#502,#510,.T.);
#510 = LINE('',#511,#512);
#511 = CARTESIAN_POINT('',(-3.,26.9,0.75));
#512 = VECTOR('',#513,1.);
#513 = DIRECTION('',(0.,0.,1.));
#514 = FACE_BOUND('',#515,.F.);
#515 = EDGE_LOOP('',(#516,#526,#534,#542));
#516 = ORIENTED_EDGE('',*,*,#517,.T.);
#517 = EDGE_CURVE('',#518,#520,#522,.T.);
#518 = VERTEX_POINT('',#519);
#519 = CARTESIAN_POINT('',(-3.,23.5,7.5));
#520 = VERTEX_POINT('',#521);
#521 = CARTESIAN_POINT('',(-3.,21.9,7.5));
#522 = LINE('',#523,#524);
#523 = CARTESIAN_POINT('',(-3.,8.95,7.5));
#524 = VECTOR('',#525,1.);
#525 = DIRECTION('',(0.,-1.,0.));
#526 = ORIENTED_EDGE('',*,*,#527,.T.);
#527 = EDGE_CURVE('',#520,#528,#530,.T.);
#528 = VERTEX_POINT('',#529);
#529 = CARTESIAN_POINT('',(-3.,21.9,18.5));
#530 = LINE('',#531,#532);
#531 = CARTESIAN_POINT('',(-3.,21.9,0.75));
#532 = VECTOR('',#533,1.);
#533 = DIRECTION('',(0.,0.,1.));
#534 = ORIENTED_EDGE('',*,*,#535,.F.);
#535 = EDGE_CURVE('',#536,#528,#538,.T.);
#536 = VERTEX_POINT('',#537);
#537 = CARTESIAN_POINT('',(-3.,23.5,18.5));
#538 = LINE('',#539,#540);
#539 = CARTESIAN_POINT('',(-3.,8.95,18.5));
#540 = VECTOR('',#541,1.);
#541 = DIRECTION('',(0.,-1.,0.));
#542 = ORIENTED_EDGE('',*,*,#543,.F.);
#543 = EDGE_CURVE('',#518,#536,#544,.T.);
#544 = LINE('',#545,#546);
#545 = CARTESIAN_POINT('',(-3.,23.5,0.75));
#546 = VECTOR('',#547,1.);
#547 = DIRECTION('',(0.,0.,1.));
#548 = FACE_BOUND('',#549,.F.);
#549 = EDGE_LOOP('',(#550,#560,#568,#576));
#550 = ORIENTED_EDGE('',*,*,#551,.T.);
#551 = EDGE_CURVE('',#552,#554,#556,.T.);
#552 = VERTEX_POINT('',#553);
#553 = CARTESIAN_POINT('',(-3.,20.1,7.5));
#554 = VERTEX_POINT('',#555);
#555 = CARTESIAN_POINT('',(-3.,18.5,7.5));
#556 = LINE('',#557,#558);
#557 = CARTESIAN_POINT('',(-3.,7.25,7.5));
#558 = VECTOR('',#559,1.);
#559 = DIRECTION('',(0.,-1.,0.));
#560 = ORIENTED_EDGE('',*,*,#561,.T.);
#561 = EDGE_CURVE('',#554,#562,#564,.T.);
#562 = VERTEX_POINT('',#563);
#563 = CARTESIAN_POINT('',(-3.,18.5,18.5));
#564 = LINE('',#565,#566);
#565 = CARTESIAN_POINT('',(-3.,18.5,0.75));
#566 = VECTOR('',#567,1.);
#567 = DIRECTION('',(0.,0.,1.));
#568 = ORIENTED_EDGE('',*,*,#569,.F.);
#569 = EDGE_CURVE('',#570,#562,#572,.T.);
#570 = VERTEX_POINT('',#571);
#571 = CARTESIAN_POINT('',(-3.,20.1,18.5));
#572 = LINE('',#573,#574);
#573 = CARTESIAN_POINT('',(-3.,7.25,18.5));
#574 = VECTOR('',#575,1.);
#575 = DIRECTION('',(0.,-1.,0.));
#576 = ORIENTED_EDGE('',*,*,#577,.F.);
#577 = EDGE_CURVE('',#552,#570,#578,.T.);
#578 = LINE('',#579,#580);
#579 = CARTESIAN_POINT('',(-3.,20.1,0.75));
#580 = VECTOR('',#581,1.);
#581 = DIRECTION('',(0.,0.,1.));
#582 = FACE_BOUND('',#583,.F.);
#583 = EDGE_LOOP('',(#584,#594,#602,#610));
#584 = ORIENTED_EDGE('',*,*,#585,.T.);
#585 = EDGE_CURVE('',#586,#588,#590,.T.);
#586 = VERTEX_POINT('',#587);
#587 = CARTESIAN_POINT('',(-3.,16.7,7.5));
#588 = VERTEX_POINT('',#589);
#589 = CARTESIAN_POINT('',(-3.,15.1,7.5));
#590 = LINE('',#591,#592);
#591 = CARTESIAN_POINT('',(-3.,5.55,7.5));
#592 = VECTOR('',#593,1.);
#593 = DIRECTION('',(0.,-1.,0.));
#594 = ORIENTED_EDGE('',*,*,#595,.T.);
#595 = EDGE_CURVE('',#588,#596,#598,.T.);
#596 = VERTEX_POINT('',#597);
#597 = CARTESIAN_POINT('',(-3.,15.1,18.5));
#598 = LINE('',#599,#600);
#599 = CARTESIAN_POINT('',(-3.,15.1,0.75));
#600 = VECTOR('',#601,1.);
#601 = DIRECTION('',(0.,0.,1.));
#602 = ORIENTED_EDGE('',*,*,#603,.F.);
#603 = EDGE_CURVE('',#604,#596,#606,.T.);
#604 = VERTEX_POINT('',#605);
#605 = CARTESIAN_POINT('',(-3.,16.7,18.5));
#606 = LINE('',#607,#608);
#607 = CARTESIAN_POINT('',(-3.,5.55,18.5));
#608 = VECTOR('',#609,1.);
#609 = DIRECTION('',(0.,-1.,0.));
#610 = ORIENTED_EDGE('',*,*,#611,.F.);
#611 = EDGE_CURVE('',#586,#604,#612,.T.);
#612 = LINE('',#613,#614);
#613 = CARTESIAN_POINT('',(-3.,16.7,0.75));
#614 = VECTOR('',#615,1.);
#615 = DIRECTION('',(0.,0.,1.));
#616 = FACE_BOUND('',#617,.F.);
#617 = EDGE_LOOP('',(#618,#628,#636,#644));
#618 = ORIENTED_EDGE('',*,*,#619,.T.);
#619 = EDGE_CURVE('',#620,#622,#624,.T.);
#620 = VERTEX_POINT('',#621);
#621 = CARTESIAN_POINT('',(-3.,13.3,7.5));
#622 = VERTEX_POINT('',#623);
#623 = CARTESIAN_POINT('',(-3.,11.7,7.5));
#624 = LINE('',#625,#626);
#625 = CARTESIAN_POINT('',(-3.,3.85,7.5));
#626 = VECTOR('',#627,1.);
#627 = DIRECTION('',(0.,-1.,0.));
#628 = ORIENTED_EDGE('',*,*,#629,.T.);
#629 = EDGE_CURVE('',#622,#630,#632,.T.);
#630 = VERTEX_POINT('',#631);
#631 = CARTESIAN_POINT('',(-3.,11.7,18.5));
#632 = LINE('',#633,#634);
#633 = CARTESIAN_POINT('',(-3.,11.7,0.75));
#634 = VECTOR('',#635,1.);
#635 = DIRECTION('',(0.,0.,1.));
#636 = ORIENTED_EDGE('',*,*,#637,.F.);
#637 = EDGE_CURVE('',#638,#630,#640,.T.);
#638 = VERTEX_POINT('',#639);
#639 = CARTESIAN_POINT('',(-3.,13.3,18.5));
#640 = LINE('',#641,#642);
#641 = CARTESIAN_POINT('',(-3.,3.85,18.5));
#642 = VECTOR('',#643,1.);
#643 = DIRECTION('',(0.,-1.,0.));
#644 = ORIENTED_EDGE('',*,*,#645,.F.);
#645 = EDGE_CURVE('',#620,#638,#646,.T.);
#646 = LINE('',#647,#648);
#647 = CARTESIAN_POINT('',(-3.,13.3,0.75));
#648 = VECTOR('',#649,1.);
#649 = DIRECTION('',(0.,0.,1.));
#650 = FACE_BOUND('',#651,.F.);
#651 = EDGE_LOOP('',(#652,#662,#670,#678));
#652 = ORIENTED_EDGE('',*,*,#653,.T.);
#653 = EDGE_CURVE('',#654,#656,#658,.T.);
#654 = VERTEX_POINT('',#655);
#655 = CARTESIAN_POINT('',(-3.,9.9,7.5));
#656 = VERTEX_POINT('',#657);
#657 = CARTESIAN_POINT('',(-3.,8.3,7.5));
#658 = LINE('',#659,#660);
#659 = CARTESIAN_POINT('',(-3.,2.15,7.5));
#660 = VECTOR('',#661,1.);
#661 = DIRECTION('',(0.,-1.,0.));
#662 = ORIENTED_EDGE('',*,*,#663,.T.);
#663 = EDGE_CURVE('',#656,#664,#666,.T.);
#664 = VERTEX_POINT('',#665);
#665 = CARTESIAN_POINT('',(-3.,8.3,18.5));
#666 = LINE('',#667,#668);
#667 = CARTESIAN_POINT('',(-3.,8.3,0.75));
#668 = VECTOR('',#669,1.);
#669 = DIRECTION('',(0.,0.,1.));
#670 = ORIENTED_EDGE('',*,*,#671,.F.);
#671 = EDGE_CURVE('',#672,#664,#674,.T.);
#672 = VERTEX_POINT('',#673);
#673 = CARTESIAN_POINT('',(-3.,9.9,18.5));
#674 = LINE('',#675,#676);
#675 = CARTESIAN_POINT('',(-3.,2.15,18.5));
#676 = VECTOR('',#677,1.);
#677 = DIRECTION('',(0.,-1.,0.));
#678 = ORIENTED_EDGE('',*,*,#679,.F.);
#679 = EDGE_CURVE('',#654,#672,#680,.T.);
#680 = LINE('',#681,#682);
#681 = CARTESIAN_POINT('',(-3.,9.9,0.75));
#682 = VECTOR('',#683,1.);
#683 = DIRECTION('',(0.,0.,1.));
#684 = FACE_BOUND('',#685,.F.);
#685 = EDGE_LOOP('',(#686,#696,#704,#712));
#686 = ORIENTED_EDGE('',*,*,#687,.T.);
#687 = EDGE_CURVE('',#688,#690,#692,.T.);
#688 = VERTEX_POINT('',#689);
#689 = CARTESIAN_POINT('',(-3.,6.5,7.5));
#690 = VERTEX_POINT('',#691);
#691 = CARTESIAN_POINT('',(-3.,4.9,7.5));
#692 = LINE('',#693,#694);
#693 = CARTESIAN_POINT('',(-3.,0.45,7.5));
#694 = VECTOR('',#695,1.);
#695 = DIRECTION('',(0.,-1.,0.));
#696 = ORIENTED_EDGE('',*,*,#697,.T.);
#697 = EDGE_CURVE('',#690,#698,#700,.T.);
#698 = VERTEX_POINT('',#699);
#699 = CARTESIAN_POINT('',(-3.,4.9,18.5));
#700 = LINE('',#701,#702);
#701 = CARTESIAN_POINT('',(-3.,4.9,0.75));
#702 = VECTOR('',#703,1.);
#703 = DIRECTION('',(0.,0.,1.));
#704 = ORIENTED_EDGE('',*,*,#705,.F.);
#705 = EDGE_CURVE('',#706,#698,#708,.T.);
#706 = VERTEX_POINT('',#707);
#707 = CARTESIAN_POINT('',(-3.,6.5,18.5));
#708 = LINE('',#709,#710);
#709 = CARTESIAN_POINT('',(-3.,0.45,18.5));
#710 = VECTOR('',#711,1.);
#711 = DIRECTION('',(0.,-1.,0.));
#712 = ORIENTED_EDGE('',*,*,#713,.F.);
#713 = EDGE_CURVE('',#688,#706,#714,.T.);
#714 = LINE('',#715,#716);
#715 = CARTESIAN_POINT('',(-3.,6.5,0.75));
#716 = VECTOR('',#717,1.);
#717 = DIRECTION('',(0.,0.,1.));
#718 = FACE_BOUND('',#719,.F.);
#719 = EDGE_LOOP('',(#720,#730,#738,#746));
#720 = ORIENTED_EDGE('',*,*,#721,.T.);
#721 = EDGE_CURVE('',#722,#724,#726,.T.);
#722 = VERTEX_POINT('',#723);
#723 = CARTESIAN_POINT('',(-3.,3.1,7.5));
#724 = VERTEX_POINT('',#725);
#725 = CARTESIAN_POINT('',(-3.,1.5,7.5));
#726 = LINE('',#727,#728);
#727 = CARTESIAN_POINT('',(-3.,-1.25,7.5));
#728 = VECTOR('',#729,1.);
#729 = DIRECTION('',(0.,-1.,0.));
#730 = ORIENTED_EDGE('',*,*,#731,.T.);
#731 = EDGE_CURVE('',#724,#732,#734,.T.);
#732 = VERTEX_POINT('',#733);
#733 = CARTESIAN_POINT('',(-3.,1.5,18.5));
#734 = LINE('',#735,#736);
#735 = CARTESIAN_POINT('',(-3.,1.5,0.75));
#736 = VECTOR('',#737,1.);
#737 = DIRECTION('',(0.,0.,1.));
#738 = ORIENTED_EDGE('',*,*,#739,.F.);
#739 = EDGE_CURVE('',#740,#732,#742,.T.);
#740 = VERTEX_POINT('',#741);
#741 = CARTESIAN_POINT('',(-3.,3.1,18.5));
#742 = LINE('',#743,#744);
#743 = CARTESIAN_POINT('',(-3.,-1.25,18.5));
#744 = VECTOR('',#745,1.);
#745 = DIRECTION('',(0.,-1.,0.));
#746 = ORIENTED_EDGE('',*,*,#747,.F.);
#747 = EDGE_CURVE('',#722,#740,#748,.T.);
#748 = LINE('',#749,#750);
#749 = CARTESIAN_POINT('',(-3.,3.1,0.75));
#750 = VECTOR('',#751,1.);
#751 = DIRECTION('',(0.,0.,1.));
#752 = PLANE('',#753);
#753 = AXIS2_PLACEMENT_3D('',#754,#755,#756);
#754 = CARTESIAN_POINT('',(-3.,-4.,-6.));
#755 = DIRECTION('',(1.,0.,-0.));
#756 = DIRECTION('',(0.,0.,1.));
#757 = ADVANCED_FACE('',(#758),#801,.T.);
#758 = FACE_BOUND('',#759,.T.);
#759 = EDGE_LOOP('',(#760,#761,#770,#778,#786,#794));
#760 = ORIENTED_EDGE('',*,*,#21,.F.);
#761 = ORIENTED_EDGE('',*,*,#762,.F.);
#762 = EDGE_CURVE('',#763,#22,#765,.T.);
#763 = VERTEX_POINT('',#764);
#764 = CARTESIAN_POINT('',(1.,-4.,-5.2));
#765 = CIRCLE('',#766,4.);
#766 = AXIS2_PLACEMENT_3D('',#767,#768,#769);
#767 = CARTESIAN_POINT('',(1.,-8.881784197001E-16,-5.2));
#768 = DIRECTION('',(-0.,0.,-1.));
#769 = DIRECTION('',(-2.498001805407E-16,-1.,0.));
#770 = ORIENTED_EDGE('',*,*,#771,.T.);
#771 = EDGE_CURVE('',#763,#772,#774,.T.);
#772 = VERTEX_POINT('',#773);
#773 = CARTESIAN_POINT('',(1.,-4.,8.));
#774 = LINE('',#775,#776);
#775 = CARTESIAN_POINT('',(1.,-4.,-6.));
#776 = VECTOR('',#777,1.);
#777 = DIRECTION('',(0.,0.,1.));
#778 = ORIENTED_EDGE('',*,*,#779,.T.);
#779 = EDGE_CURVE('',#772,#780,#782,.T.);
#780 = VERTEX_POINT('',#781);
#781 = CARTESIAN_POINT('',(1.,-4.,14.5));
#782 = LINE('',#783,#784);
#783 = CARTESIAN_POINT('',(1.,-4.,-6.));
#784 = VECTOR('',#785,1.);
#785 = DIRECTION('',(0.,0.,1.));
#786 = ORIENTED_EDGE('',*,*,#787,.T.);
#787 = EDGE_CURVE('',#780,#788,#790,.T.);
#788 = VERTEX_POINT('',#789);
#789 = CARTESIAN_POINT('',(1.,-4.,20.));
#790 = LINE('',#791,#792);
#791 = CARTESIAN_POINT('',(1.,-4.,-6.));
#792 = VECTOR('',#793,1.);
#793 = DIRECTION('',(0.,0.,1.));
#794 = ORIENTED_EDGE('',*,*,#795,.F.);
#795 = EDGE_CURVE('',#24,#788,#796,.T.);
#796 = CIRCLE('',#797,4.);
#797 = AXIS2_PLACEMENT_3D('',#798,#799,#800);
#798 = CARTESIAN_POINT('',(1.,-8.881784197001E-16,20.));
#799 = DIRECTION('',(0.,0.,1.));
#800 = DIRECTION('',(0.,-1.,0.));
#801 = CYLINDRICAL_SURFACE('',#802,4.);
#802 = AXIS2_PLACEMENT_3D('',#803,#804,#805);
#803 = CARTESIAN_POINT('',(1.,-8.881784197001E-16,-6.));
#804 = DIRECTION('',(0.,0.,1.));
#805 = DIRECTION('',(-1.,-0.,0.));
#806 = ADVANCED_FACE('',(#807),#832,.T.);
#807 = FACE_BOUND('',#808,.T.);
#808 = EDGE_LOOP('',(#809,#817,#818,#826));
#809 = ORIENTED_EDGE('',*,*,#810,.F.);
#810 = EDGE_CURVE('',#22,#811,#813,.T.);
#811 = VERTEX_POINT('',#812);
#812 = CARTESIAN_POINT('',(-2.2,-8.881784197001E-16,-6.));
#813 = LINE('',#814,#815);
#814 = CARTESIAN_POINT('',(-2.6,-8.881784197001E-16,-5.6));
#815 = VECTOR('',#816,1.);
#816 = DIRECTION('',(0.707106781187,0.,-0.707106781187));
#817 = ORIENTED_EDGE('',*,*,#31,.T.);
#818 = ORIENTED_EDGE('',*,*,#819,.T.);
#819 = EDGE_CURVE('',#32,#820,#822,.T.);
#820 = VERTEX_POINT('',#821);
#821 = CARTESIAN_POINT('',(-2.2,61.5,-6.));
#822 = LINE('',#823,#824);
#823 = CARTESIAN_POINT('',(-2.6,61.5,-5.6));
#824 = VECTOR('',#825,1.);
#825 = DIRECTION('',(0.707106781187,0.,-0.707106781187));
#826 = ORIENTED_EDGE('',*,*,#827,.F.);
#827 = EDGE_CURVE('',#811,#820,#828,.T.);
#828 = LINE('',#829,#830);
#829 = CARTESIAN_POINT('',(-2.2,-8.881784197001E-16,-6.));
#830 = VECTOR('',#831,1.);
#831 = DIRECTION('',(-0.,1.,0.));
#832 = PLANE('',#833);
#833 = AXIS2_PLACEMENT_3D('',#834,#835,#836);
#834 = CARTESIAN_POINT('',(-2.6,-8.881784197001E-16,-5.6));
#835 = DIRECTION('',(-0.707106781187,0.,-0.707106781187));
#836 = DIRECTION('',(0.,1.,0.));
#837 = ADVANCED_FACE('',(#838),#865,.T.);
#838 = FACE_BOUND('',#839,.F.);
#839 = EDGE_LOOP('',(#840,#841,#850,#858));
#840 = ORIENTED_EDGE('',*,*,#39,.F.);
#841 = ORIENTED_EDGE('',*,*,#842,.T.);
#842 = EDGE_CURVE('',#32,#843,#845,.T.);
#843 = VERTEX_POINT('',#844);
#844 = CARTESIAN_POINT('',(1.,65.5,-5.2));
#845 = CIRCLE('',#846,4.);
#846 = AXIS2_PLACEMENT_3D('',#847,#848,#849);
#847 = CARTESIAN_POINT('',(1.,61.5,-5.2));
#848 = DIRECTION('',(-0.,0.,-1.));
#849 = DIRECTION('',(-1.,0.,0.));
#850 = ORIENTED_EDGE('',*,*,#851,.T.);
#851 = EDGE_CURVE('',#843,#852,#854,.T.);
#852 = VERTEX_POINT('',#853);
#853 = CARTESIAN_POINT('',(1.,65.5,20.));
#854 = LINE('',#855,#856);
#855 = CARTESIAN_POINT('',(1.,65.5,-6.));
#856 = VECTOR('',#857,1.);
#857 = DIRECTION('',(0.,0.,1.));
#858 = ORIENTED_EDGE('',*,*,#859,.F.);
#859 = EDGE_CURVE('',#40,#852,#860,.T.);
#860 = CIRCLE('',#861,4.);
#861 = AXIS2_PLACEMENT_3D('',#862,#863,#864);
#862 = CARTESIAN_POINT('',(1.,61.5,20.));
#863 = DIRECTION('',(-0.,-0.,-1.));
#864 = DIRECTION('',(0.,-1.,0.));
#865 = CYLINDRICAL_SURFACE('',#866,4.);
#866 = AXIS2_PLACEMENT_3D('',#867,#868,#869);
#867 = CARTESIAN_POINT('',(1.,61.5,-6.));
#868 = DIRECTION('',(0.,0.,1.));
#869 = DIRECTION('',(-1.,-0.,0.));
#870 = ADVANCED_FACE('',(#871),#896,.T.);
#871 = FACE_BOUND('',#872,.T.);
#872 = EDGE_LOOP('',(#873,#881,#882,#890));
#873 = ORIENTED_EDGE('',*,*,#874,.F.);
#874 = EDGE_CURVE('',#56,#875,#877,.T.);
#875 = VERTEX_POINT('',#876);
#876 = CARTESIAN_POINT('',(-1.,60.9,7.5));
#877 = LINE('',#878,#879);
#878 = CARTESIAN_POINT('',(-3.1,60.9,7.5));
#879 = VECTOR('',#880,1.);
#880 = DIRECTION('',(1.,0.,-0.));
#881 = ORIENTED_EDGE('',*,*,#55,.T.);
#882 = ORIENTED_EDGE('',*,*,#883,.T.);
#883 = EDGE_CURVE('',#58,#884,#886,.T.);
#884 = VERTEX_POINT('',#885);
#885 = CARTESIAN_POINT('',(-1.,59.3,7.5));
#886 = LINE('',#887,#888);
#887 = CARTESIAN_POINT('',(-3.1,59.3,7.5));
#888 = VECTOR('',#889,1.);
#889 = DIRECTION('',(1.,0.,-0.));
#890 = ORIENTED_EDGE('',*,*,#891,.F.);
#891 = EDGE_CURVE('',#875,#884,#892,.T.);
#892 = LINE('',#893,#894);
#893 = CARTESIAN_POINT('',(-1.,28.65,7.5));
#894 = VECTOR('',#895,1.);
#895 = DIRECTION('',(0.,-1.,0.));
#896 = PLANE('',#897);
#897 = AXIS2_PLACEMENT_3D('',#898,#899,#900);
#898 = CARTESIAN_POINT('',(-3.1,59.3,7.5));
#899 = DIRECTION('',(0.,0.,1.));
#900 = DIRECTION('',(1.,0.,-0.));
#901 = ADVANCED_FACE('',(#902),#920,.F.);
#902 = FACE_BOUND('',#903,.F.);
#903 = EDGE_LOOP('',(#904,#905,#906,#914));
#904 = ORIENTED_EDGE('',*,*,#874,.F.);
#905 = ORIENTED_EDGE('',*,*,#81,.T.);
#906 = ORIENTED_EDGE('',*,*,#907,.T.);
#907 = EDGE_CURVE('',#74,#908,#910,.T.);
#908 = VERTEX_POINT('',#909);
#909 = CARTESIAN_POINT('',(-1.,60.9,18.5));
#910 = LINE('',#911,#912);
#911 = CARTESIAN_POINT('',(-3.1,60.9,18.5));
#912 = VECTOR('',#913,1.);
#913 = DIRECTION('',(1.,0.,-0.));
#914 = ORIENTED_EDGE('',*,*,#915,.F.);
#915 = EDGE_CURVE('',#875,#908,#916,.T.);
#916 = LINE('',#917,#918);
#917 = CARTESIAN_POINT('',(-1.,60.9,1.75));
#918 = VECTOR('',#919,1.);
#919 = DIRECTION('',(0.,0.,1.));
#920 = PLANE('',#921);
#921 = AXIS2_PLACEMENT_3D('',#922,#923,#924);
#922 = CARTESIAN_POINT('',(-3.1,60.9,7.5));
#923 = DIRECTION('',(-0.,1.,0.));
#924 = DIRECTION('',(0.,0.,1.));
#925 = ADVANCED_FACE('',(#926),#944,.F.);
#926 = FACE_BOUND('',#927,.F.);
#927 = EDGE_LOOP('',(#928,#929,#930,#938));
#928 = ORIENTED_EDGE('',*,*,#907,.F.);
#929 = ORIENTED_EDGE('',*,*,#73,.T.);
#930 = ORIENTED_EDGE('',*,*,#931,.T.);
#931 = EDGE_CURVE('',#66,#932,#934,.T.);
#932 = VERTEX_POINT('',#933);
#933 = CARTESIAN_POINT('',(-1.,59.3,18.5));
#934 = LINE('',#935,#936);
#935 = CARTESIAN_POINT('',(-3.1,59.3,18.5));
#936 = VECTOR('',#937,1.);
#937 = DIRECTION('',(1.,0.,-0.));
#938 = ORIENTED_EDGE('',*,*,#939,.F.);
#939 = EDGE_CURVE('',#908,#932,#940,.T.);
#940 = LINE('',#941,#942);
#941 = CARTESIAN_POINT('',(-1.,28.65,18.5));
#942 = VECTOR('',#943,1.);
#943 = DIRECTION('',(0.,-1.,0.));
#944 = PLANE('',#945);
#945 = AXIS2_PLACEMENT_3D('',#946,#947,#948);
#946 = CARTESIAN_POINT('',(-3.1,59.3,18.5));
#947 = DIRECTION('',(0.,0.,1.));
#948 = DIRECTION('',(1.,0.,-0.));
#949 = ADVANCED_FACE('',(#950),#961,.T.);
#950 = FACE_BOUND('',#951,.T.);
#951 = EDGE_LOOP('',(#952,#953,#954,#955));
#952 = ORIENTED_EDGE('',*,*,#883,.F.);
#953 = ORIENTED_EDGE('',*,*,#65,.T.);
#954 = ORIENTED_EDGE('',*,*,#931,.T.);
#955 = ORIENTED_EDGE('',*,*,#956,.F.);
#956 = EDGE_CURVE('',#884,#932,#957,.T.);
#957 = LINE('',#958,#959);
#958 = CARTESIAN_POINT('',(-1.,59.3,1.75));
#959 = VECTOR('',#960,1.);
#960 = DIRECTION('',(0.,0.,1.));
#961 = PLANE('',#962);
#962 = AXIS2_PLACEMENT_3D('',#963,#964,#965);
#963 = CARTESIAN_POINT('',(-3.1,59.3,7.5));
#964 = DIRECTION('',(-0.,1.,0.));
#965 = DIRECTION('',(0.,0.,1.));
#966 = ADVANCED_FACE('',(#967),#992,.T.);
#967 = FACE_BOUND('',#968,.T.);
#968 = EDGE_LOOP('',(#969,#977,#978,#986));
#969 = ORIENTED_EDGE('',*,*,#970,.F.);
#970 = EDGE_CURVE('',#90,#971,#973,.T.);
#971 = VERTEX_POINT('',#972);
#972 = CARTESIAN_POINT('',(-1.,57.5,7.5));
#973 = LINE('',#974,#975);
#974 = CARTESIAN_POINT('',(-3.1,57.5,7.5));
#975 = VECTOR('',#976,1.);
#976 = DIRECTION('',(1.,0.,-0.));
#977 = ORIENTED_EDGE('',*,*,#89,.T.);
#978 = ORIENTED_EDGE('',*,*,#979,.T.);
#979 = EDGE_CURVE('',#92,#980,#982,.T.);
#980 = VERTEX_POINT('',#981);
#981 = CARTESIAN_POINT('',(-1.,55.9,7.5));
#982 = LINE('',#983,#984);
#983 = CARTESIAN_POINT('',(-3.1,55.9,7.5));
#984 = VECTOR('',#985,1.);
#985 = DIRECTION('',(1.,0.,-0.));
#986 = ORIENTED_EDGE('',*,*,#987,.F.);
#987 = EDGE_CURVE('',#971,#980,#988,.T.);
#988 = LINE('',#989,#990);
#989 = CARTESIAN_POINT('',(-1.,26.95,7.5));
#990 = VECTOR('',#991,1.);
#991 = DIRECTION('',(0.,-1.,0.));
#992 = PLANE('',#993);
#993 = AXIS2_PLACEMENT_3D('',#994,#995,#996);
#994 = CARTESIAN_POINT('',(-3.1,55.9,7.5));
#995 = DIRECTION('',(0.,0.,1.));
#996 = DIRECTION('',(1.,0.,-0.));
#997 = ADVANCED_FACE('',(#998),#1016,.F.);
#998 = FACE_BOUND('',#999,.F.);
#999 = EDGE_LOOP('',(#1000,#1001,#1002,#1010));
#1000 = ORIENTED_EDGE('',*,*,#970,.F.);
#1001 = ORIENTED_EDGE('',*,*,#115,.T.);
#1002 = ORIENTED_EDGE('',*,*,#1003,.T.);
#1003 = EDGE_CURVE('',#108,#1004,#1006,.T.);
#1004 = VERTEX_POINT('',#1005);
#1005 = CARTESIAN_POINT('',(-1.,57.5,18.5));
#1006 = LINE('',#1007,#1008);
#1007 = CARTESIAN_POINT('',(-3.1,57.5,18.5));
#1008 = VECTOR('',#1009,1.);
#1009 = DIRECTION('',(1.,0.,-0.));
#1010 = ORIENTED_EDGE('',*,*,#1011,.F.);
#1011 = EDGE_CURVE('',#971,#1004,#1012,.T.);
#1012 = LINE('',#1013,#1014);
#1013 = CARTESIAN_POINT('',(-1.,57.5,1.75));
#1014 = VECTOR('',#1015,1.);
#1015 = DIRECTION('',(0.,0.,1.));
#1016 = PLANE('',#1017);
#1017 = AXIS2_PLACEMENT_3D('',#1018,#1019,#1020);
#1018 = CARTESIAN_POINT('',(-3.1,57.5,7.5));
#1019 = DIRECTION('',(-0.,1.,0.));
#1020 = DIRECTION('',(0.,0.,1.));
#1021 = ADVANCED_FACE('',(#1022),#1040,.F.);
#1022 = FACE_BOUND('',#1023,.F.);
#1023 = EDGE_LOOP('',(#1024,#1025,#1026,#1034));
#1024 = ORIENTED_EDGE('',*,*,#1003,.F.);
#1025 = ORIENTED_EDGE('',*,*,#107,.T.);
#1026 = ORIENTED_EDGE('',*,*,#1027,.T.);
#1027 = EDGE_CURVE('',#100,#1028,#1030,.T.);
#1028 = VERTEX_POINT('',#1029);
#1029 = CARTESIAN_POINT('',(-1.,55.9,18.5));
#1030 = LINE('',#1031,#1032);
#1031 = CARTESIAN_POINT('',(-3.1,55.9,18.5));
#1032 = VECTOR('',#1033,1.);
#1033 = DIRECTION('',(1.,0.,-0.));
#1034 = ORIENTED_EDGE('',*,*,#1035,.F.);
#1035 = EDGE_CURVE('',#1004,#1028,#1036,.T.);
#1036 = LINE('',#1037,#1038);
#1037 = CARTESIAN_POINT('',(-1.,26.95,18.5));
#1038 = VECTOR('',#1039,1.);
#1039 = DIRECTION('',(0.,-1.,0.));
#1040 = PLANE('',#1041);
#1041 = AXIS2_PLACEMENT_3D('',#1042,#1043,#1044);
#1042 = CARTESIAN_POINT('',(-3.1,55.9,18.5));
#1043 = DIRECTION('',(0.,0.,1.));
#1044 = DIRECTION('',(1.,0.,-0.));
#1045 = ADVANCED_FACE('',(#1046),#1057,.T.);
#1046 = FACE_BOUND('',#1047,.T.);
#1047 = EDGE_LOOP('',(#1048,#1049,#1050,#1051));
#1048 = ORIENTED_EDGE('',*,*,#979,.F.);
#1049 = ORIENTED_EDGE('',*,*,#99,.T.);
#1050 = ORIENTED_EDGE('',*,*,#1027,.T.);
#1051 = ORIENTED_EDGE('',*,*,#1052,.F.);
#1052 = EDGE_CURVE('',#980,#1028,#1053,.T.);
#1053 = LINE('',#1054,#1055);
#1054 = CARTESIAN_POINT('',(-1.,55.9,1.75));
#1055 = VECTOR('',#1056,1.);
#1056 = DIRECTION('',(0.,0.,1.));
#1057 = PLANE('',#1058);
#1058 = AXIS2_PLACEMENT_3D('',#1059,#1060,#1061);
#1059 = CARTESIAN_POINT('',(-3.1,55.9,7.5));
#1060 = DIRECTION('',(-0.,1.,0.));
#1061 = DIRECTION('',(0.,0.,1.));
#1062 = ADVANCED_FACE('',(#1063),#1088,.T.);
#1063 = FACE_BOUND('',#1064,.T.);
#1064 = EDGE_LOOP('',(#1065,#1073,#1074,#1082));
#1065 = ORIENTED_EDGE('',*,*,#1066,.F.);
#1066 = EDGE_CURVE('',#124,#1067,#1069,.T.);
#1067 = VERTEX_POINT('',#1068);
#1068 = CARTESIAN_POINT('',(-1.,54.1,7.5));
#1069 = LINE('',#1070,#1071);
#1070 = CARTESIAN_POINT('',(-3.1,54.1,7.5));
#1071 = VECTOR('',#1072,1.);
#1072 = DIRECTION('',(1.,0.,-0.));
#1073 = ORIENTED_EDGE('',*,*,#123,.T.);
#1074 = ORIENTED_EDGE('',*,*,#1075,.T.);
#1075 = EDGE_CURVE('',#126,#1076,#1078,.T.);
#1076 = VERTEX_POINT('',#1077);
#1077 = CARTESIAN_POINT('',(-1.,52.5,7.5));
#1078 = LINE('',#1079,#1080);
#1079 = CARTESIAN_POINT('',(-3.1,52.5,7.5));
#1080 = VECTOR('',#1081,1.);
#1081 = DIRECTION('',(1.,0.,-0.));
#1082 = ORIENTED_EDGE('',*,*,#1083,.F.);
#1083 = EDGE_CURVE('',#1067,#1076,#1084,.T.);
#1084 = LINE('',#1085,#1086);
#1085 = CARTESIAN_POINT('',(-1.,25.25,7.5));
#1086 = VECTOR('',#1087,1.);
#1087 = DIRECTION('',(0.,-1.,0.));
#1088 = PLANE('',#1089);
#1089 = AXIS2_PLACEMENT_3D('',#1090,#1091,#1092);
#1090 = CARTESIAN_POINT('',(-3.1,52.5,7.5));
#1091 = DIRECTION('',(0.,0.,1.));
#1092 = DIRECTION('',(1.,0.,-0.));
#1093 = ADVANCED_FACE('',(#1094),#1112,.F.);
#1094 = FACE_BOUND('',#1095,.F.);
#1095 = EDGE_LOOP('',(#1096,#1097,#1098,#1106));
#1096 = ORIENTED_EDGE('',*,*,#1066,.F.);
#1097 = ORIENTED_EDGE('',*,*,#149,.T.);
#1098 = ORIENTED_EDGE('',*,*,#1099,.T.);
#1099 = EDGE_CURVE('',#142,#1100,#1102,.T.);
#1100 = VERTEX_POINT('',#1101);
#1101 = CARTESIAN_POINT('',(-1.,54.1,18.5));
#1102 = LINE('',#1103,#1104);
#1103 = CARTESIAN_POINT('',(-3.1,54.1,18.5));
#1104 = VECTOR('',#1105,1.);
#1105 = DIRECTION('',(1.,0.,-0.));
#1106 = ORIENTED_EDGE('',*,*,#1107,.F.);
#1107 = EDGE_CURVE('',#1067,#1100,#1108,.T.);
#1108 = LINE('',#1109,#1110);
#1109 = CARTESIAN_POINT('',(-1.,54.1,1.75));
#1110 = VECTOR('',#1111,1.);
#1111 = DIRECTION('',(0.,0.,1.));
#1112 = PLANE('',#1113);
#1113 = AXIS2_PLACEMENT_3D('',#1114,#1115,#1116);
#1114 = CARTESIAN_POINT('',(-3.1,54.1,7.5));
#1115 = DIRECTION('',(-0.,1.,0.));
#1116 = DIRECTION('',(0.,0.,1.));
#1117 = ADVANCED_FACE('',(#1118),#1136,.F.);
#1118 = FACE_BOUND('',#1119,.F.);
#1119 = EDGE_LOOP('',(#1120,#1121,#1122,#1130));
#1120 = ORIENTED_EDGE('',*,*,#1099,.F.);
#1121 = ORIENTED_EDGE('',*,*,#141,.T.);
#1122 = ORIENTED_EDGE('',*,*,#1123,.T.);
#1123 = EDGE_CURVE('',#134,#1124,#1126,.T.);
#1124 = VERTEX_POINT('',#1125);
#1125 = CARTESIAN_POINT('',(-1.,52.5,18.5));
#1126 = LINE('',#1127,#1128);
#1127 = CARTESIAN_POINT('',(-3.1,52.5,18.5));
#1128 = VECTOR('',#1129,1.);
#1129 = DIRECTION('',(1.,0.,-0.));
#1130 = ORIENTED_EDGE('',*,*,#1131,.F.);
#1131 = EDGE_CURVE('',#1100,#1124,#1132,.T.);
#1132 = LINE('',#1133,#1134);
#1133 = CARTESIAN_POINT('',(-1.,25.25,18.5));
#1134 = VECTOR('',#1135,1.);
#1135 = DIRECTION('',(0.,-1.,0.));
#1136 = PLANE('',#1137);
#1137 = AXIS2_PLACEMENT_3D('',#1138,#1139,#1140);
#1138 = CARTESIAN_POINT('',(-3.1,52.5,18.5));
#1139 = DIRECTION('',(0.,0.,1.));
#1140 = DIRECTION('',(1.,0.,-0.));
#1141 = ADVANCED_FACE('',(#1142),#1153,.T.);
#1142 = FACE_BOUND('',#1143,.T.);
#1143 = EDGE_LOOP('',(#1144,#1145,#1146,#1147));
#1144 = ORIENTED_EDGE('',*,*,#1075,.F.);
#1145 = ORIENTED_EDGE('',*,*,#133,.T.);
#1146 = ORIENTED_EDGE('',*,*,#1123,.T.);
#1147 = ORIENTED_EDGE('',*,*,#1148,.F.);
#1148 = EDGE_CURVE('',#1076,#1124,#1149,.T.);
#1149 = LINE('',#1150,#1151);
#1150 = CARTESIAN_POINT('',(-1.,52.5,1.75));
#1151 = VECTOR('',#1152,1.);
#1152 = DIRECTION('',(0.,0.,1.));
#1153 = PLANE('',#1154);
#1154 = AXIS2_PLACEMENT_3D('',#1155,#1156,#1157);
#1155 = CARTESIAN_POINT('',(-3.1,52.5,7.5));
#1156 = DIRECTION('',(-0.,1.,0.));
#1157 = DIRECTION('',(0.,0.,1.));
#1158 = ADVANCED_FACE('',(#1159),#1184,.T.);
#1159 = FACE_BOUND('',#1160,.T.);
#1160 = EDGE_LOOP('',(#1161,#1169,#1170,#1178));
#1161 = ORIENTED_EDGE('',*,*,#1162,.F.);
#1162 = EDGE_CURVE('',#158,#1163,#1165,.T.);
#1163 = VERTEX_POINT('',#1164);
#1164 = CARTESIAN_POINT('',(-1.,50.7,7.5));
#1165 = LINE('',#1166,#1167);
#1166 = CARTESIAN_POINT('',(-3.1,50.7,7.5));
#1167 = VECTOR('',#1168,1.);
#1168 = DIRECTION('',(1.,0.,-0.));
#1169 = ORIENTED_EDGE('',*,*,#157,.T.);
#1170 = ORIENTED_EDGE('',*,*,#1171,.T.);
#1171 = EDGE_CURVE('',#160,#1172,#1174,.T.);
#1172 = VERTEX_POINT('',#1173);
#1173 = CARTESIAN_POINT('',(-1.,49.1,7.5));
#1174 = LINE('',#1175,#1176);
#1175 = CARTESIAN_POINT('',(-3.1,49.1,7.5));
#1176 = VECTOR('',#1177,1.);
#1177 = DIRECTION('',(1.,0.,-0.));
#1178 = ORIENTED_EDGE('',*,*,#1179,.F.);
#1179 = EDGE_CURVE('',#1163,#1172,#1180,.T.);
#1180 = LINE('',#1181,#1182);
#1181 = CARTESIAN_POINT('',(-1.,23.55,7.5));
#1182 = VECTOR('',#1183,1.);
#1183 = DIRECTION('',(0.,-1.,0.));
#1184 = PLANE('',#1185);
#1185 = AXIS2_PLACEMENT_3D('',#1186,#1187,#1188);
#1186 = CARTESIAN_POINT('',(-3.1,49.1,7.5));
#1187 = DIRECTION('',(0.,0.,1.));
#1188 = DIRECTION('',(1.,0.,-0.));
#1189 = ADVANCED_FACE('',(#1190),#1208,.F.);
#1190 = FACE_BOUND('',#1191,.F.);
#1191 = EDGE_LOOP('',(#1192,#1193,#1194,#1202));
#1192 = ORIENTED_EDGE('',*,*,#1162,.F.);
#1193 = ORIENTED_EDGE('',*,*,#183,.T.);
#1194 = ORIENTED_EDGE('',*,*,#1195,.T.);
#1195 = EDGE_CURVE('',#176,#1196,#1198,.T.);
#1196 = VERTEX_POINT('',#1197);
#1197 = CARTESIAN_POINT('',(-1.,50.7,18.5));
#1198 = LINE('',#1199,#1200);
#1199 = CARTESIAN_POINT('',(-3.1,50.7,18.5));
#1200 = VECTOR('',#1201,1.);
#1201 = DIRECTION('',(1.,0.,-0.));
#1202 = ORIENTED_EDGE('',*,*,#1203,.F.);
#1203 = EDGE_CURVE('',#1163,#1196,#1204,.T.);
#1204 = LINE('',#1205,#1206);
#1205 = CARTESIAN_POINT('',(-1.,50.7,1.75));
#1206 = VECTOR('',#1207,1.);
#1207 = DIRECTION('',(0.,0.,1.));
#1208 = PLANE('',#1209);
#1209 = AXIS2_PLACEMENT_3D('',#1210,#1211,#1212);
#1210 = CARTESIAN_POINT('',(-3.1,50.7,7.5));
#1211 = DIRECTION('',(-0.,1.,0.));
#1212 = DIRECTION('',(0.,0.,1.));
#1213 = ADVANCED_FACE('',(#1214),#1232,.F.);
#1214 = FACE_BOUND('',#1215,.F.);
#1215 = EDGE_LOOP('',(#1216,#1217,#1218,#1226));
#1216 = ORIENTED_EDGE('',*,*,#1195,.F.);
#1217 = ORIENTED_EDGE('',*,*,#175,.T.);
#1218 = ORIENTED_EDGE('',*,*,#1219,.T.);
#1219 = EDGE_CURVE('',#168,#1220,#1222,.T.);
#1220 = VERTEX_POINT('',#1221);
#1221 = CARTESIAN_POINT('',(-1.,49.1,18.5));
#1222 = LINE('',#1223,#1224);
#1223 = CARTESIAN_POINT('',(-3.1,49.1,18.5));
#1224 = VECTOR('',#1225,1.);
#1225 = DIRECTION('',(1.,0.,-0.));
#1226 = ORIENTED_EDGE('',*,*,#1227,.F.);
#1227 = EDGE_CURVE('',#1196,#1220,#1228,.T.);
#1228 = LINE('',#1229,#1230);
#1229 = CARTESIAN_POINT('',(-1.,23.55,18.5));
#1230 = VECTOR('',#1231,1.);
#1231 = DIRECTION('',(0.,-1.,0.));
#1232 = PLANE('',#1233);
#1233 = AXIS2_PLACEMENT_3D('',#1234,#1235,#1236);
#1234 = CARTESIAN_POINT('',(-3.1,49.1,18.5));
#1235 = DIRECTION('',(0.,0.,1.));
#1236 = DIRECTION('',(1.,0.,-0.));
#1237 = ADVANCED_FACE('',(#1238),#1249,.T.);
#1238 = FACE_BOUND('',#1239,.T.);
#1239 = EDGE_LOOP('',(#1240,#1241,#1242,#1243));
#1240 = ORIENTED_EDGE('',*,*,#1171,.F.);
#1241 = ORIENTED_EDGE('',*,*,#167,.T.);
#1242 = ORIENTED_EDGE('',*,*,#1219,.T.);
#1243 = ORIENTED_EDGE('',*,*,#1244,.F.);
#1244 = EDGE_CURVE('',#1172,#1220,#1245,.T.);
#1245 = LINE('',#1246,#1247);
#1246 = CARTESIAN_POINT('',(-1.,49.1,1.75));
#1247 = VECTOR('',#1248,1.);
#1248 = DIRECTION('',(0.,0.,1.));
#1249 = PLANE('',#1250);
#1250 = AXIS2_PLACEMENT_3D('',#1251,#1252,#1253);
#1251 = CARTESIAN_POINT('',(-3.1,49.1,7.5));
#1252 = DIRECTION('',(-0.,1.,0.));
#1253 = DIRECTION('',(0.,0.,1.));
#1254 = ADVANCED_FACE('',(#1255),#1280,.T.);
#1255 = FACE_BOUND('',#1256,.T.);
#1256 = EDGE_LOOP('',(#1257,#1265,#1266,#1274));
#1257 = ORIENTED_EDGE('',*,*,#1258,.F.);
#1258 = EDGE_CURVE('',#192,#1259,#1261,.T.);
#1259 = VERTEX_POINT('',#1260);
#1260 = CARTESIAN_POINT('',(-1.,47.3,7.5));
#1261 = LINE('',#1262,#1263);
#1262 = CARTESIAN_POINT('',(-3.1,47.3,7.5));
#1263 = VECTOR('',#1264,1.);
#1264 = DIRECTION('',(1.,0.,-0.));
#1265 = ORIENTED_EDGE('',*,*,#191,.T.);
#1266 = ORIENTED_EDGE('',*,*,#1267,.T.);
#1267 = EDGE_CURVE('',#194,#1268,#1270,.T.);
#1268 = VERTEX_POINT('',#1269);
#1269 = CARTESIAN_POINT('',(-1.,45.7,7.5));
#1270 = LINE('',#1271,#1272);
#1271 = CARTESIAN_POINT('',(-3.1,45.7,7.5));
#1272 = VECTOR('',#1273,1.);
#1273 = DIRECTION('',(1.,0.,-0.));
#1274 = ORIENTED_EDGE('',*,*,#1275,.F.);
#1275 = EDGE_CURVE('',#1259,#1268,#1276,.T.);
#1276 = LINE('',#1277,#1278);
#1277 = CARTESIAN_POINT('',(-1.,21.85,7.5));
#1278 = VECTOR('',#1279,1.);
#1279 = DIRECTION('',(0.,-1.,0.));
#1280 = PLANE('',#1281);
#1281 = AXIS2_PLACEMENT_3D('',#1282,#1283,#1284);
#1282 = CARTESIAN_POINT('',(-3.1,45.7,7.5));
#1283 = DIRECTION('',(0.,0.,1.));
#1284 = DIRECTION('',(1.,0.,-0.));
#1285 = ADVANCED_FACE('',(#1286),#1304,.F.);
#1286 = FACE_BOUND('',#1287,.F.);
#1287 = EDGE_LOOP('',(#1288,#1289,#1290,#1298));
#1288 = ORIENTED_EDGE('',*,*,#1258,.F.);
#1289 = ORIENTED_EDGE('',*,*,#217,.T.);
#1290 = ORIENTED_EDGE('',*,*,#1291,.T.);
#1291 = EDGE_CURVE('',#210,#1292,#1294,.T.);
#1292 = VERTEX_POINT('',#1293);
#1293 = CARTESIAN_POINT('',(-1.,47.3,18.5));
#1294 = LINE('',#1295,#1296);
#1295 = CARTESIAN_POINT('',(-3.1,47.3,18.5));
#1296 = VECTOR('',#1297,1.);
#1297 = DIRECTION('',(1.,0.,-0.));
#1298 = ORIENTED_EDGE('',*,*,#1299,.F.);
#1299 = EDGE_CURVE('',#1259,#1292,#1300,.T.);
#1300 = LINE('',#1301,#1302);
#1301 = CARTESIAN_POINT('',(-1.,47.3,1.75));
#1302 = VECTOR('',#1303,1.);
#1303 = DIRECTION('',(0.,0.,1.));
#1304 = PLANE('',#1305);
#1305 = AXIS2_PLACEMENT_3D('',#1306,#1307,#1308);
#1306 = CARTESIAN_POINT('',(-3.1,47.3,7.5));
#1307 = DIRECTION('',(-0.,1.,0.));
#1308 = DIRECTION('',(0.,0.,1.));
#1309 = ADVANCED_FACE('',(#1310),#1328,.F.);
#1310 = FACE_BOUND('',#1311,.F.);
#1311 = EDGE_LOOP('',(#1312,#1313,#1314,#1322));
#1312 = ORIENTED_EDGE('',*,*,#1291,.F.);
#1313 = ORIENTED_EDGE('',*,*,#209,.T.);
#1314 = ORIENTED_EDGE('',*,*,#1315,.T.);
#1315 = EDGE_CURVE('',#202,#1316,#1318,.T.);
#1316 = VERTEX_POINT('',#1317);
#1317 = CARTESIAN_POINT('',(-1.,45.7,18.5));
#1318 = LINE('',#1319,#1320);
#1319 = CARTESIAN_POINT('',(-3.1,45.7,18.5));
#1320 = VECTOR('',#1321,1.);
#1321 = DIRECTION('',(1.,0.,-0.));
#1322 = ORIENTED_EDGE('',*,*,#1323,.F.);
#1323 = EDGE_CURVE('',#1292,#1316,#1324,.T.);
#1324 = LINE('',#1325,#1326);
#1325 = CARTESIAN_POINT('',(-1.,21.85,18.5));
#1326 = VECTOR('',#1327,1.);
#1327 = DIRECTION('',(0.,-1.,0.));
#1328 = PLANE('',#1329);
#1329 = AXIS2_PLACEMENT_3D('',#1330,#1331,#1332);
#1330 = CARTESIAN_POINT('',(-3.1,45.7,18.5));
#1331 = DIRECTION('',(0.,0.,1.));
#1332 = DIRECTION('',(1.,0.,-0.));
#1333 = ADVANCED_FACE('',(#1334),#1345,.T.);
#1334 = FACE_BOUND('',#1335,.T.);
#1335 = EDGE_LOOP('',(#1336,#1337,#1338,#1339));
#1336 = ORIENTED_EDGE('',*,*,#1267,.F.);
#1337 = ORIENTED_EDGE('',*,*,#201,.T.);
#1338 = ORIENTED_EDGE('',*,*,#1315,.T.);
#1339 = ORIENTED_EDGE('',*,*,#1340,.F.);
#1340 = EDGE_CURVE('',#1268,#1316,#1341,.T.);
#1341 = LINE('',#1342,#1343);
#1342 = CARTESIAN_POINT('',(-1.,45.7,1.75));
#1343 = VECTOR('',#1344,1.);
#1344 = DIRECTION('',(0.,0.,1.));
#1345 = PLANE('',#1346);
#1346 = AXIS2_PLACEMENT_3D('',#1347,#1348,#1349);
#1347 = CARTESIAN_POINT('',(-3.1,45.7,7.5));
#1348 = DIRECTION('',(-0.,1.,0.));
#1349 = DIRECTION('',(0.,0.,1.));
#1350 = ADVANCED_FACE('',(#1351),#1376,.T.);
#1351 = FACE_BOUND('',#1352,.T.);
#1352 = EDGE_LOOP('',(#1353,#1361,#1362,#1370));
#1353 = ORIENTED_EDGE('',*,*,#1354,.F.);
#1354 = EDGE_CURVE('',#226,#1355,#1357,.T.);
#1355 = VERTEX_POINT('',#1356);
#1356 = CARTESIAN_POINT('',(-1.,43.9,7.5));
#1357 = LINE('',#1358,#1359);
#1358 = CARTESIAN_POINT('',(-3.1,43.9,7.5));
#1359 = VECTOR('',#1360,1.);
#1360 = DIRECTION('',(1.,0.,-0.));
#1361 = ORIENTED_EDGE('',*,*,#225,.T.);
#1362 = ORIENTED_EDGE('',*,*,#1363,.T.);
#1363 = EDGE_CURVE('',#228,#1364,#1366,.T.);
#1364 = VERTEX_POINT('',#1365);
#1365 = CARTESIAN_POINT('',(-1.,42.3,7.5));
#1366 = LINE('',#1367,#1368);
#1367 = CARTESIAN_POINT('',(-3.1,42.3,7.5));
#1368 = VECTOR('',#1369,1.);
#1369 = DIRECTION('',(1.,0.,-0.));
#1370 = ORIENTED_EDGE('',*,*,#1371,.F.);
#1371 = EDGE_CURVE('',#1355,#1364,#1372,.T.);
#1372 = LINE('',#1373,#1374);
#1373 = CARTESIAN_POINT('',(-1.,20.15,7.5));
#1374 = VECTOR('',#1375,1.);
#1375 = DIRECTION('',(0.,-1.,0.));
#1376 = PLANE('',#1377);
#1377 = AXIS2_PLACEMENT_3D('',#1378,#1379,#1380);
#1378 = CARTESIAN_POINT('',(-3.1,42.3,7.5));
#1379 = DIRECTION('',(0.,0.,1.));
#1380 = DIRECTION('',(1.,0.,-0.));
#1381 = ADVANCED_FACE('',(#1382),#1400,.F.);
#1382 = FACE_BOUND('',#1383,.F.);
#1383 = EDGE_LOOP('',(#1384,#1385,#1386,#1394));
#1384 = ORIENTED_EDGE('',*,*,#1354,.F.);
#1385 = ORIENTED_EDGE('',*,*,#251,.T.);
#1386 = ORIENTED_EDGE('',*,*,#1387,.T.);
#1387 = EDGE_CURVE('',#244,#1388,#1390,.T.);
#1388 = VERTEX_POINT('',#1389);
#1389 = CARTESIAN_POINT('',(-1.,43.9,18.5));
#1390 = LINE('',#1391,#1392);
#1391 = CARTESIAN_POINT('',(-3.1,43.9,18.5));
#1392 = VECTOR('',#1393,1.);
#1393 = DIRECTION('',(1.,0.,-0.));
#1394 = ORIENTED_EDGE('',*,*,#1395,.F.);
#1395 = EDGE_CURVE('',#1355,#1388,#1396,.T.);
#1396 = LINE('',#1397,#1398);
#1397 = CARTESIAN_POINT('',(-1.,43.9,1.75));
#1398 = VECTOR('',#1399,1.);
#1399 = DIRECTION('',(0.,0.,1.));
#1400 = PLANE('',#1401);
#1401 = AXIS2_PLACEMENT_3D('',#1402,#1403,#1404);
#1402 = CARTESIAN_POINT('',(-3.1,43.9,7.5));
#1403 = DIRECTION('',(-0.,1.,0.));
#1404 = DIRECTION('',(0.,0.,1.));
#1405 = ADVANCED_FACE('',(#1406),#1424,.F.);
#1406 = FACE_BOUND('',#1407,.F.);
#1407 = EDGE_LOOP('',(#1408,#1409,#1410,#1418));
#1408 = ORIENTED_EDGE('',*,*,#1387,.F.);
#1409 = ORIENTED_EDGE('',*,*,#243,.T.);
#1410 = ORIENTED_EDGE('',*,*,#1411,.T.);
#1411 = EDGE_CURVE('',#236,#1412,#1414,.T.);
#1412 = VERTEX_POINT('',#1413);
#1413 = CARTESIAN_POINT('',(-1.,42.3,18.5));
#1414 = LINE('',#1415,#1416);
#1415 = CARTESIAN_POINT('',(-3.1,42.3,18.5));
#1416 = VECTOR('',#1417,1.);
#1417 = DIRECTION('',(1.,0.,-0.));
#1418 = ORIENTED_EDGE('',*,*,#1419,.F.);
#1419 = EDGE_CURVE('',#1388,#1412,#1420,.T.);
#1420 = LINE('',#1421,#1422);
#1421 = CARTESIAN_POINT('',(-1.,20.15,18.5));
#1422 = VECTOR('',#1423,1.);
#1423 = DIRECTION('',(0.,-1.,0.));
#1424 = PLANE('',#1425);
#1425 = AXIS2_PLACEMENT_3D('',#1426,#1427,#1428);
#1426 = CARTESIAN_POINT('',(-3.1,42.3,18.5));
#1427 = DIRECTION('',(0.,0.,1.));
#1428 = DIRECTION('',(1.,0.,-0.));
#1429 = ADVANCED_FACE('',(#1430),#1441,.T.);
#1430 = FACE_BOUND('',#1431,.T.);
#1431 = EDGE_LOOP('',(#1432,#1433,#1434,#1435));
#1432 = ORIENTED_EDGE('',*,*,#1363,.F.);
#1433 = ORIENTED_EDGE('',*,*,#235,.T.);
#1434 = ORIENTED_EDGE('',*,*,#1411,.T.);
#1435 = ORIENTED_EDGE('',*,*,#1436,.F.);
#1436 = EDGE_CURVE('',#1364,#1412,#1437,.T.);
#1437 = LINE('',#1438,#1439);
#1438 = CARTESIAN_POINT('',(-1.,42.3,1.75));
#1439 = VECTOR('',#1440,1.);
#1440 = DIRECTION('',(0.,0.,1.));
#1441 = PLANE('',#1442);
#1442 = AXIS2_PLACEMENT_3D('',#1443,#1444,#1445);
#1443 = CARTESIAN_POINT('',(-3.1,42.3,7.5));
#1444 = DIRECTION('',(-0.,1.,0.));
#1445 = DIRECTION('',(0.,0.,1.));
#1446 = ADVANCED_FACE('',(#1447),#1472,.T.);
#1447 = FACE_BOUND('',#1448,.T.);
#1448 = EDGE_LOOP('',(#1449,#1457,#1458,#1466));
#1449 = ORIENTED_EDGE('',*,*,#1450,.F.);
#1450 = EDGE_CURVE('',#260,#1451,#1453,.T.);
#1451 = VERTEX_POINT('',#1452);
#1452 = CARTESIAN_POINT('',(-1.,40.5,7.5));
#1453 = LINE('',#1454,#1455);
#1454 = CARTESIAN_POINT('',(-3.1,40.5,7.5));
#1455 = VECTOR('',#1456,1.);
#1456 = DIRECTION('',(1.,0.,-0.));
#1457 = ORIENTED_EDGE('',*,*,#259,.T.);
#1458 = ORIENTED_EDGE('',*,*,#1459,.T.);
#1459 = EDGE_CURVE('',#262,#1460,#1462,.T.);
#1460 = VERTEX_POINT('',#1461);
#1461 = CARTESIAN_POINT('',(-1.,38.9,7.5));
#1462 = LINE('',#1463,#1464);
#1463 = CARTESIAN_POINT('',(-3.1,38.9,7.5));
#1464 = VECTOR('',#1465,1.);
#1465 = DIRECTION('',(1.,0.,-0.));
#1466 = ORIENTED_EDGE('',*,*,#1467,.F.);
#1467 = EDGE_CURVE('',#1451,#1460,#1468,.T.);
#1468 = LINE('',#1469,#1470);
#1469 = CARTESIAN_POINT('',(-1.,18.45,7.5));
#1470 = VECTOR('',#1471,1.);
#1471 = DIRECTION('',(0.,-1.,0.));
#1472 = PLANE('',#1473);
#1473 = AXIS2_PLACEMENT_3D('',#1474,#1475,#1476);
#1474 = CARTESIAN_POINT('',(-3.1,38.9,7.5));
#1475 = DIRECTION('',(0.,0.,1.));
#1476 = DIRECTION('',(1.,0.,-0.));
#1477 = ADVANCED_FACE('',(#1478),#1496,.F.);
#1478 = FACE_BOUND('',#1479,.F.);
#1479 = EDGE_LOOP('',(#1480,#1481,#1482,#1490));
#1480 = ORIENTED_EDGE('',*,*,#1450,.F.);
#1481 = ORIENTED_EDGE('',*,*,#285,.T.);
#1482 = ORIENTED_EDGE('',*,*,#1483,.T.);
#1483 = EDGE_CURVE('',#278,#1484,#1486,.T.);
#1484 = VERTEX_POINT('',#1485);
#1485 = CARTESIAN_POINT('',(-1.,40.5,18.5));
#1486 = LINE('',#1487,#1488);
#1487 = CARTESIAN_POINT('',(-3.1,40.5,18.5));
#1488 = VECTOR('',#1489,1.);
#1489 = DIRECTION('',(1.,0.,-0.));
#1490 = ORIENTED_EDGE('',*,*,#1491,.F.);
#1491 = EDGE_CURVE('',#1451,#1484,#1492,.T.);
#1492 = LINE('',#1493,#1494);
#1493 = CARTESIAN_POINT('',(-1.,40.5,1.75));
#1494 = VECTOR('',#1495,1.);
#1495 = DIRECTION('',(0.,0.,1.));
#1496 = PLANE('',#1497);
#1497 = AXIS2_PLACEMENT_3D('',#1498,#1499,#1500);
#1498 = CARTESIAN_POINT('',(-3.1,40.5,7.5));
#1499 = DIRECTION('',(-0.,1.,0.));
#1500 = DIRECTION('',(0.,0.,1.));
#1501 = ADVANCED_FACE('',(#1502),#1520,.F.);
#1502 = FACE_BOUND('',#1503,.F.);
#1503 = EDGE_LOOP('',(#1504,#1505,#1506,#1514));
#1504 = ORIENTED_EDGE('',*,*,#1483,.F.);
#1505 = ORIENTED_EDGE('',*,*,#277,.T.);
#1506 = ORIENTED_EDGE('',*,*,#1507,.T.);
#1507 = EDGE_CURVE('',#270,#1508,#1510,.T.);
#1508 = VERTEX_POINT('',#1509);
#1509 = CARTESIAN_POINT('',(-1.,38.9,18.5));
#1510 = LINE('',#1511,#1512);
#1511 = CARTESIAN_POINT('',(-3.1,38.9,18.5));
#1512 = VECTOR('',#1513,1.);
#1513 = DIRECTION('',(1.,0.,-0.));
#1514 = ORIENTED_EDGE('',*,*,#1515,.F.);
#1515 = EDGE_CURVE('',#1484,#1508,#1516,.T.);
#1516 = LINE('',#1517,#1518);
#1517 = CARTESIAN_POINT('',(-1.,18.45,18.5));
#1518 = VECTOR('',#1519,1.);
#1519 = DIRECTION('',(0.,-1.,0.));
#1520 = PLANE('',#1521);
#1521 = AXIS2_PLACEMENT_3D('',#1522,#1523,#1524);
#1522 = CARTESIAN_POINT('',(-3.1,38.9,18.5));
#1523 = DIRECTION('',(0.,0.,1.));
#1524 = DIRECTION('',(1.,0.,-0.));
#1525 = ADVANCED_FACE('',(#1526),#1537,.T.);
#1526 = FACE_BOUND('',#1527,.T.);
#1527 = EDGE_LOOP('',(#1528,#1529,#1530,#1531));
#1528 = ORIENTED_EDGE('',*,*,#1459,.F.);
#1529 = ORIENTED_EDGE('',*,*,#269,.T.);
#1530 = ORIENTED_EDGE('',*,*,#1507,.T.);
#1531 = ORIENTED_EDGE('',*,*,#1532,.F.);
#1532 = EDGE_CURVE('',#1460,#1508,#1533,.T.);
#1533 = LINE('',#1534,#1535);
#1534 = CARTESIAN_POINT('',(-1.,38.9,1.75));
#1535 = VECTOR('',#1536,1.);
#1536 = DIRECTION('',(0.,0.,1.));
#1537 = PLANE('',#1538);
#1538 = AXIS2_PLACEMENT_3D('',#1539,#1540,#1541);
#1539 = CARTESIAN_POINT('',(-3.1,38.9,7.5));
#1540 = DIRECTION('',(-0.,1.,0.));
#1541 = DIRECTION('',(0.,0.,1.));
#1542 = ADVANCED_FACE('',(#1543),#1568,.T.);
#1543 = FACE_BOUND('',#1544,.T.);
#1544 = EDGE_LOOP('',(#1545,#1553,#1554,#1562));
#1545 = ORIENTED_EDGE('',*,*,#1546,.F.);
#1546 = EDGE_CURVE('',#294,#1547,#1549,.T.);
#1547 = VERTEX_POINT('',#1548);
#1548 = CARTESIAN_POINT('',(-1.,37.1,7.5));
#1549 = LINE('',#1550,#1551);
#1550 = CARTESIAN_POINT('',(-3.1,37.1,7.5));
#1551 = VECTOR('',#1552,1.);
#1552 = DIRECTION('',(1.,0.,-0.));
#1553 = ORIENTED_EDGE('',*,*,#293,.T.);
#1554 = ORIENTED_EDGE('',*,*,#1555,.T.);
#1555 = EDGE_CURVE('',#296,#1556,#1558,.T.);
#1556 = VERTEX_POINT('',#1557);
#1557 = CARTESIAN_POINT('',(-1.,35.5,7.5));
#1558 = LINE('',#1559,#1560);
#1559 = CARTESIAN_POINT('',(-3.1,35.5,7.5));
#1560 = VECTOR('',#1561,1.);
#1561 = DIRECTION('',(1.,0.,-0.));
#1562 = ORIENTED_EDGE('',*,*,#1563,.F.);
#1563 = EDGE_CURVE('',#1547,#1556,#1564,.T.);
#1564 = LINE('',#1565,#1566);
#1565 = CARTESIAN_POINT('',(-1.,16.75,7.5));
#1566 = VECTOR('',#1567,1.);
#1567 = DIRECTION('',(0.,-1.,0.));
#1568 = PLANE('',#1569);
#1569 = AXIS2_PLACEMENT_3D('',#1570,#1571,#1572);
#1570 = CARTESIAN_POINT('',(-3.1,35.5,7.5));
#1571 = DIRECTION('',(0.,0.,1.));
#1572 = DIRECTION('',(1.,0.,-0.));
#1573 = ADVANCED_FACE('',(#1574),#1592,.F.);
#1574 = FACE_BOUND('',#1575,.F.);
#1575 = EDGE_LOOP('',(#1576,#1577,#1578,#1586));
#1576 = ORIENTED_EDGE('',*,*,#1546,.F.);
#1577 = ORIENTED_EDGE('',*,*,#319,.T.);
#1578 = ORIENTED_EDGE('',*,*,#1579,.T.);
#1579 = EDGE_CURVE('',#312,#1580,#1582,.T.);
#1580 = VERTEX_POINT('',#1581);
#1581 = CARTESIAN_POINT('',(-1.,37.1,18.5));
#1582 = LINE('',#1583,#1584);
#1583 = CARTESIAN_POINT('',(-3.1,37.1,18.5));
#1584 = VECTOR('',#1585,1.);
#1585 = DIRECTION('',(1.,0.,-0.));
#1586 = ORIENTED_EDGE('',*,*,#1587,.F.);
#1587 = EDGE_CURVE('',#1547,#1580,#1588,.T.);
#1588 = LINE('',#1589,#1590);
#1589 = CARTESIAN_POINT('',(-1.,37.1,1.75));
#1590 = VECTOR('',#1591,1.);
#1591 = DIRECTION('',(0.,0.,1.));
#1592 = PLANE('',#1593);
#1593 = AXIS2_PLACEMENT_3D('',#1594,#1595,#1596);
#1594 = CARTESIAN_POINT('',(-3.1,37.1,7.5));
#1595 = DIRECTION('',(-0.,1.,0.));
#1596 = DIRECTION('',(0.,0.,1.));
#1597 = ADVANCED_FACE('',(#1598),#1616,.F.);
#1598 = FACE_BOUND('',#1599,.F.);
#1599 = EDGE_LOOP('',(#1600,#1601,#1602,#1610));
#1600 = ORIENTED_EDGE('',*,*,#1579,.F.);
#1601 = ORIENTED_EDGE('',*,*,#311,.T.);
#1602 = ORIENTED_EDGE('',*,*,#1603,.T.);
#1603 = EDGE_CURVE('',#304,#1604,#1606,.T.);
#1604 = VERTEX_POINT('',#1605);
#1605 = CARTESIAN_POINT('',(-1.,35.5,18.5));
#1606 = LINE('',#1607,#1608);
#1607 = CARTESIAN_POINT('',(-3.1,35.5,18.5));
#1608 = VECTOR('',#1609,1.);
#1609 = DIRECTION('',(1.,0.,-0.));
#1610 = ORIENTED_EDGE('',*,*,#1611,.F.);
#1611 = EDGE_CURVE('',#1580,#1604,#1612,.T.);
#1612 = LINE('',#1613,#1614);
#1613 = CARTESIAN_POINT('',(-1.,16.75,18.5));
#1614 = VECTOR('',#1615,1.);
#1615 = DIRECTION('',(0.,-1.,0.));
#1616 = PLANE('',#1617);
#1617 = AXIS2_PLACEMENT_3D('',#1618,#1619,#1620);
#1618 = CARTESIAN_POINT('',(-3.1,35.5,18.5));
#1619 = DIRECTION('',(0.,0.,1.));
#1620 = DIRECTION('',(1.,0.,-0.));
#1621 = ADVANCED_FACE('',(#1622),#1633,.T.);
#1622 = FACE_BOUND('',#1623,.T.);
#1623 = EDGE_LOOP('',(#1624,#1625,#1626,#1627));
#1624 = ORIENTED_EDGE('',*,*,#1555,.F.);
#1625 = ORIENTED_EDGE('',*,*,#303,.T.);
#1626 = ORIENTED_EDGE('',*,*,#1603,.T.);
#1627 = ORIENTED_EDGE('',*,*,#1628,.F.);
#1628 = EDGE_CURVE('',#1556,#1604,#1629,.T.);
#1629 = LINE('',#1630,#1631);
#1630 = CARTESIAN_POINT('',(-1.,35.5,1.75));
#1631 = VECTOR('',#1632,1.);
#1632 = DIRECTION('',(0.,0.,1.));
#1633 = PLANE('',#1634);
#1634 = AXIS2_PLACEMENT_3D('',#1635,#1636,#1637);
#1635 = CARTESIAN_POINT('',(-3.1,35.5,7.5));
#1636 = DIRECTION('',(-0.,1.,0.));
#1637 = DIRECTION('',(0.,0.,1.));
#1638 = ADVANCED_FACE('',(#1639),#1664,.T.);
#1639 = FACE_BOUND('',#1640,.T.);
#1640 = EDGE_LOOP('',(#1641,#1649,#1650,#1658));
#1641 = ORIENTED_EDGE('',*,*,#1642,.F.);
#1642 = EDGE_CURVE('',#328,#1643,#1645,.T.);
#1643 = VERTEX_POINT('',#1644);
#1644 = CARTESIAN_POINT('',(-1.,33.7,7.5));
#1645 = LINE('',#1646,#1647);
#1646 = CARTESIAN_POINT('',(-3.1,33.7,7.5));
#1647 = VECTOR('',#1648,1.);
#1648 = DIRECTION('',(1.,0.,-0.));
#1649 = ORIENTED_EDGE('',*,*,#327,.T.);
#1650 = ORIENTED_EDGE('',*,*,#1651,.T.);
#1651 = EDGE_CURVE('',#330,#1652,#1654,.T.);
#1652 = VERTEX_POINT('',#1653);
#1653 = CARTESIAN_POINT('',(-1.,32.1,7.5));
#1654 = LINE('',#1655,#1656);
#1655 = CARTESIAN_POINT('',(-3.1,32.1,7.5));
#1656 = VECTOR('',#1657,1.);
#1657 = DIRECTION('',(1.,0.,-0.));
#1658 = ORIENTED_EDGE('',*,*,#1659,.F.);
#1659 = EDGE_CURVE('',#1643,#1652,#1660,.T.);
#1660 = LINE('',#1661,#1662);
#1661 = CARTESIAN_POINT('',(-1.,15.05,7.5));
#1662 = VECTOR('',#1663,1.);
#1663 = DIRECTION('',(0.,-1.,0.));
#1664 = PLANE('',#1665);
#1665 = AXIS2_PLACEMENT_3D('',#1666,#1667,#1668);
#1666 = CARTESIAN_POINT('',(-3.1,32.1,7.5));
#1667 = DIRECTION('',(0.,0.,1.));
#1668 = DIRECTION('',(1.,0.,-0.));
#1669 = ADVANCED_FACE('',(#1670),#1688,.F.);
#1670 = FACE_BOUND('',#1671,.F.);
#1671 = EDGE_LOOP('',(#1672,#1673,#1674,#1682));
#1672 = ORIENTED_EDGE('',*,*,#1642,.F.);
#1673 = ORIENTED_EDGE('',*,*,#353,.T.);
#1674 = ORIENTED_EDGE('',*,*,#1675,.T.);
#1675 = EDGE_CURVE('',#346,#1676,#1678,.T.);
#1676 = VERTEX_POINT('',#1677);
#1677 = CARTESIAN_POINT('',(-1.,33.7,18.5));
#1678 = LINE('',#1679,#1680);
#1679 = CARTESIAN_POINT('',(-3.1,33.7,18.5));
#1680 = VECTOR('',#1681,1.);
#1681 = DIRECTION('',(1.,0.,-0.));
#1682 = ORIENTED_EDGE('',*,*,#1683,.F.);
#1683 = EDGE_CURVE('',#1643,#1676,#1684,.T.);
#1684 = LINE('',#1685,#1686);
#1685 = CARTESIAN_POINT('',(-1.,33.7,1.75));
#1686 = VECTOR('',#1687,1.);
#1687 = DIRECTION('',(0.,0.,1.));
#1688 = PLANE('',#1689);
#1689 = AXIS2_PLACEMENT_3D('',#1690,#1691,#1692);
#1690 = CARTESIAN_POINT('',(-3.1,33.7,7.5));
#1691 = DIRECTION('',(-0.,1.,0.));
#1692 = DIRECTION('',(0.,0.,1.));
#1693 = ADVANCED_FACE('',(#1694),#1712,.F.);
#1694 = FACE_BOUND('',#1695,.F.);
#1695 = EDGE_LOOP('',(#1696,#1697,#1698,#1706));
#1696 = ORIENTED_EDGE('',*,*,#1675,.F.);
#1697 = ORIENTED_EDGE('',*,*,#345,.T.);
#1698 = ORIENTED_EDGE('',*,*,#1699,.T.);
#1699 = EDGE_CURVE('',#338,#1700,#1702,.T.);
#1700 = VERTEX_POINT('',#1701);
#1701 = CARTESIAN_POINT('',(-1.,32.1,18.5));
#1702 = LINE('',#1703,#1704);
#1703 = CARTESIAN_POINT('',(-3.1,32.1,18.5));
#1704 = VECTOR('',#1705,1.);
#1705 = DIRECTION('',(1.,0.,-0.));
#1706 = ORIENTED_EDGE('',*,*,#1707,.F.);
#1707 = EDGE_CURVE('',#1676,#1700,#1708,.T.);
#1708 = LINE('',#1709,#1710);
#1709 = CARTESIAN_POINT('',(-1.,15.05,18.5));
#1710 = VECTOR('',#1711,1.);
#1711 = DIRECTION('',(0.,-1.,0.));
#1712 = PLANE('',#1713);
#1713 = AXIS2_PLACEMENT_3D('',#1714,#1715,#1716);
#1714 = CARTESIAN_POINT('',(-3.1,32.1,18.5));
#1715 = DIRECTION('',(0.,0.,1.));
#1716 = DIRECTION('',(1.,0.,-0.));
#1717 = ADVANCED_FACE('',(#1718),#1729,.T.);
#1718 = FACE_BOUND('',#1719,.T.);
#1719 = EDGE_LOOP('',(#1720,#1721,#1722,#1723));
#1720 = ORIENTED_EDGE('',*,*,#1651,.F.);
#1721 = ORIENTED_EDGE('',*,*,#337,.T.);
#1722 = ORIENTED_EDGE('',*,*,#1699,.T.);
#1723 = ORIENTED_EDGE('',*,*,#1724,.F.);
#1724 = EDGE_CURVE('',#1652,#1700,#1725,.T.);
#1725 = LINE('',#1726,#1727);
#1726 = CARTESIAN_POINT('',(-1.,32.1,1.75));
#1727 = VECTOR('',#1728,1.);
#1728 = DIRECTION('',(0.,0.,1.));
#1729 = PLANE('',#1730);
#1730 = AXIS2_PLACEMENT_3D('',#1731,#1732,#1733);
#1731 = CARTESIAN_POINT('',(-3.1,32.1,7.5));
#1732 = DIRECTION('',(-0.,1.,0.));
#1733 = DIRECTION('',(0.,0.,1.));
#1734 = ADVANCED_FACE('',(#1735),#1760,.T.);
#1735 = FACE_BOUND('',#1736,.T.);
#1736 = EDGE_LOOP('',(#1737,#1745,#1746,#1754));
#1737 = ORIENTED_EDGE('',*,*,#1738,.F.);
#1738 = EDGE_CURVE('',#362,#1739,#1741,.T.);
#1739 = VERTEX_POINT('',#1740);
#1740 = CARTESIAN_POINT('',(-1.,34.3,-2.2));
#1741 = LINE('',#1742,#1743);
#1742 = CARTESIAN_POINT('',(-3.1,34.3,-2.2));
#1743 = VECTOR('',#1744,1.);
#1744 = DIRECTION('',(1.,0.,-0.));
#1745 = ORIENTED_EDGE('',*,*,#361,.T.);
#1746 = ORIENTED_EDGE('',*,*,#1747,.T.);
#1747 = EDGE_CURVE('',#364,#1748,#1750,.T.);
#1748 = VERTEX_POINT('',#1749);
#1749 = CARTESIAN_POINT('',(-1.,21.9,-2.2));
#1750 = LINE('',#1751,#1752);
#1751 = CARTESIAN_POINT('',(-3.1,21.9,-2.2));
#1752 = VECTOR('',#1753,1.);
#1753 = DIRECTION('',(1.,0.,-0.));
#1754 = ORIENTED_EDGE('',*,*,#1755,.F.);
#1755 = EDGE_CURVE('',#1739,#1748,#1756,.T.);
#1756 = LINE('',#1757,#1758);
#1757 = CARTESIAN_POINT('',(-1.,9.95,-2.2));
#1758 = VECTOR('',#1759,1.);
#1759 = DIRECTION('',(0.,-1.,0.));
#1760 = PLANE('',#1761);
#1761 = AXIS2_PLACEMENT_3D('',#1762,#1763,#1764);
#1762 = CARTESIAN_POINT('',(-3.1,21.9,-2.2));
#1763 = DIRECTION('',(0.,0.,1.));
#1764 = DIRECTION('',(1.,0.,-0.));
#1765 = ADVANCED_FACE('',(#1766),#1784,.F.);
#1766 = FACE_BOUND('',#1767,.F.);
#1767 = EDGE_LOOP('',(#1768,#1769,#1770,#1778));
#1768 = ORIENTED_EDGE('',*,*,#1738,.F.);
#1769 = ORIENTED_EDGE('',*,*,#387,.T.);
#1770 = ORIENTED_EDGE('',*,*,#1771,.T.);
#1771 = EDGE_CURVE('',#380,#1772,#1774,.T.);
#1772 = VERTEX_POINT('',#1773);
#1773 = CARTESIAN_POINT('',(-1.,34.3,0.6));
#1774 = LINE('',#1775,#1776);
#1775 = CARTESIAN_POINT('',(-3.1,34.3,0.6));
#1776 = VECTOR('',#1777,1.);
#1777 = DIRECTION('',(1.,0.,-0.));
#1778 = ORIENTED_EDGE('',*,*,#1779,.F.);
#1779 = EDGE_CURVE('',#1739,#1772,#1780,.T.);
#1780 = LINE('',#1781,#1782);
#1781 = CARTESIAN_POINT('',(-1.,34.3,-3.1));
#1782 = VECTOR('',#1783,1.);
#1783 = DIRECTION('',(0.,0.,1.));
#1784 = PLANE('',#1785);
#1785 = AXIS2_PLACEMENT_3D('',#1786,#1787,#1788);
#1786 = CARTESIAN_POINT('',(-3.1,34.3,-2.2));
#1787 = DIRECTION('',(-0.,1.,0.));
#1788 = DIRECTION('',(0.,0.,1.));
#1789 = ADVANCED_FACE('',(#1790),#1808,.F.);
#1790 = FACE_BOUND('',#1791,.F.);
#1791 = EDGE_LOOP('',(#1792,#1793,#1794,#1802));
#1792 = ORIENTED_EDGE('',*,*,#1771,.F.);
#1793 = ORIENTED_EDGE('',*,*,#379,.T.);
#1794 = ORIENTED_EDGE('',*,*,#1795,.T.);
#1795 = EDGE_CURVE('',#372,#1796,#1798,.T.);
#1796 = VERTEX_POINT('',#1797);
#1797 = CARTESIAN_POINT('',(-1.,21.9,0.6));
#1798 = LINE('',#1799,#1800);
#1799 = CARTESIAN_POINT('',(-3.1,21.9,0.6));
#1800 = VECTOR('',#1801,1.);
#1801 = DIRECTION('',(1.,0.,-0.));
#1802 = ORIENTED_EDGE('',*,*,#1803,.F.);
#1803 = EDGE_CURVE('',#1772,#1796,#1804,.T.);
#1804 = LINE('',#1805,#1806);
#1805 = CARTESIAN_POINT('',(-1.,9.95,0.6));
#1806 = VECTOR('',#1807,1.);
#1807 = DIRECTION('',(0.,-1.,0.));
#1808 = PLANE('',#1809);
#1809 = AXIS2_PLACEMENT_3D('',#1810,#1811,#1812);
#1810 = CARTESIAN_POINT('',(-3.1,21.9,0.6));
#1811 = DIRECTION('',(0.,0.,1.));
#1812 = DIRECTION('',(1.,0.,-0.));
#1813 = ADVANCED_FACE('',(#1814),#1825,.T.);
#1814 = FACE_BOUND('',#1815,.T.);
#1815 = EDGE_LOOP('',(#1816,#1817,#1818,#1819));
#1816 = ORIENTED_EDGE('',*,*,#1747,.F.);
#1817 = ORIENTED_EDGE('',*,*,#371,.T.);
#1818 = ORIENTED_EDGE('',*,*,#1795,.T.);
#1819 = ORIENTED_EDGE('',*,*,#1820,.F.);
#1820 = EDGE_CURVE('',#1748,#1796,#1821,.T.);
#1821 = LINE('',#1822,#1823);
#1822 = CARTESIAN_POINT('',(-1.,21.9,-3.1));
#1823 = VECTOR('',#1824,1.);
#1824 = DIRECTION('',(0.,0.,1.));
#1825 = PLANE('',#1826);
#1826 = AXIS2_PLACEMENT_3D('',#1827,#1828,#1829);
#1827 = CARTESIAN_POINT('',(-3.1,21.9,-2.2));
#1828 = DIRECTION('',(-0.,1.,0.));
#1829 = DIRECTION('',(0.,0.,1.));
#1830 = ADVANCED_FACE('',(#1831),#1857,.F.);
#1831 = FACE_BOUND('',#1832,.F.);
#1832 = EDGE_LOOP('',(#1833,#1844,#1850,#1851));
#1833 = ORIENTED_EDGE('',*,*,#1834,.F.);
#1834 = EDGE_CURVE('',#1835,#1837,#1839,.T.);
#1835 = VERTEX_POINT('',#1836);
#1836 = CARTESIAN_POINT('',(-1.,10.722182540695,2.977817459305));
#1837 = VERTEX_POINT('',#1838);
#1838 = CARTESIAN_POINT('',(-1.,12.277817459305,2.977817459305));
#1839 = CIRCLE('',#1840,1.1);
#1840 = AXIS2_PLACEMENT_3D('',#1841,#1842,#1843);
#1841 = CARTESIAN_POINT('',(-1.,11.5,2.2));
#1842 = DIRECTION('',(1.,0.,0.));
#1843 = DIRECTION('',(-0.,0.,1.));
#1844 = ORIENTED_EDGE('',*,*,#1845,.F.);
#1845 = EDGE_CURVE('',#396,#1835,#1846,.T.);
#1846 = LINE('',#1847,#1848);
#1847 = CARTESIAN_POINT('',(-3.1,10.722182540695,2.977817459305));
#1848 = VECTOR('',#1849,1.);
#1849 = DIRECTION('',(1.,0.,0.));
#1850 = ORIENTED_EDGE('',*,*,#395,.T.);
#1851 = ORIENTED_EDGE('',*,*,#1852,.T.);
#1852 = EDGE_CURVE('',#398,#1837,#1853,.T.);
#1853 = LINE('',#1854,#1855);
#1854 = CARTESIAN_POINT('',(-3.1,12.277817459305,2.977817459305));
#1855 = VECTOR('',#1856,1.);
#1856 = DIRECTION('',(1.,0.,0.));
#1857 = CYLINDRICAL_SURFACE('',#1858,1.1);
#1858 = AXIS2_PLACEMENT_3D('',#1859,#1860,#1861);
#1859 = CARTESIAN_POINT('',(-3.1,11.5,2.2));
#1860 = DIRECTION('',(1.,0.,0.));
#1861 = DIRECTION('',(-0.,0.,1.));
#1862 = ADVANCED_FACE('',(#1863),#1881,.T.);
#1863 = FACE_BOUND('',#1864,.T.);
#1864 = EDGE_LOOP('',(#1865,#1866,#1867,#1875));
#1865 = ORIENTED_EDGE('',*,*,#414,.T.);
#1866 = ORIENTED_EDGE('',*,*,#1852,.T.);
#1867 = ORIENTED_EDGE('',*,*,#1868,.F.);
#1868 = EDGE_CURVE('',#1869,#1837,#1871,.T.);
#1869 = VERTEX_POINT('',#1870);
#1870 = CARTESIAN_POINT('',(-1.,11.5,3.75563491861));
#1871 = LINE('',#1872,#1873);
#1872 = CARTESIAN_POINT('',(-1.,10.452817459305,4.802817459305));
#1873 = VECTOR('',#1874,1.);
#1874 = DIRECTION('',(-0.,0.707106781187,-0.707106781187));
#1875 = ORIENTED_EDGE('',*,*,#1876,.F.);
#1876 = EDGE_CURVE('',#407,#1869,#1877,.T.);
#1877 = LINE('',#1878,#1879);
#1878 = CARTESIAN_POINT('',(-3.1,11.5,3.75563491861));
#1879 = VECTOR('',#1880,1.);
#1880 = DIRECTION('',(1.,0.,0.));
#1881 = PLANE('',#1882);
#1882 = AXIS2_PLACEMENT_3D('',#1883,#1884,#1885);
#1883 = CARTESIAN_POINT('',(-3.1,12.277817459305,2.977817459305));
#1884 = DIRECTION('',(0.,-0.707106781187,-0.707106781187));
#1885 = DIRECTION('',(0.,-0.707106781187,0.707106781187));
#1886 = ADVANCED_FACE('',(#1887),#1898,.T.);
#1887 = FACE_BOUND('',#1888,.T.);
#1888 = EDGE_LOOP('',(#1889,#1890,#1891,#1897));
#1889 = ORIENTED_EDGE('',*,*,#406,.T.);
#1890 = ORIENTED_EDGE('',*,*,#1876,.T.);
#1891 = ORIENTED_EDGE('',*,*,#1892,.F.);
#1892 = EDGE_CURVE('',#1835,#1869,#1893,.T.);
#1893 = LINE('',#1894,#1895);
#1894 = CARTESIAN_POINT('',(-1.,6.186091270347,-1.558273811042));
#1895 = VECTOR('',#1896,1.);
#1896 = DIRECTION('',(0.,0.707106781187,0.707106781187));
#1897 = ORIENTED_EDGE('',*,*,#1845,.F.);
#1898 = PLANE('',#1899);
#1899 = AXIS2_PLACEMENT_3D('',#1900,#1901,#1902);
#1900 = CARTESIAN_POINT('',(-3.1,11.5,3.75563491861));
#1901 = DIRECTION('',(0.,0.707106781187,-0.707106781187));
#1902 = DIRECTION('',(0.,-0.707106781187,-0.707106781187));
#1903 = ADVANCED_FACE('',(#1904),#1930,.F.);
#1904 = FACE_BOUND('',#1905,.F.);
#1905 = EDGE_LOOP('',(#1906,#1917,#1923,#1924));
#1906 = ORIENTED_EDGE('',*,*,#1907,.F.);
#1907 = EDGE_CURVE('',#1908,#1910,#1912,.T.);
#1908 = VERTEX_POINT('',#1909);
#1909 = CARTESIAN_POINT('',(-1.,7.122182540695,2.977817459305));
#1910 = VERTEX_POINT('',#1911);
#1911 = CARTESIAN_POINT('',(-1.,8.677817459305,2.977817459305));
#1912 = CIRCLE('',#1913,1.1);
#1913 = AXIS2_PLACEMENT_3D('',#1914,#1915,#1916);
#1914 = CARTESIAN_POINT('',(-1.,7.9,2.2));
#1915 = DIRECTION('',(1.,0.,0.));
#1916 = DIRECTION('',(-0.,0.,1.));
#1917 = ORIENTED_EDGE('',*,*,#1918,.F.);
#1918 = EDGE_CURVE('',#423,#1908,#1919,.T.);
#1919 = LINE('',#1920,#1921);
#1920 = CARTESIAN_POINT('',(-3.1,7.122182540695,2.977817459305));
#1921 = VECTOR('',#1922,1.);
#1922 = DIRECTION('',(1.,0.,0.));
#1923 = ORIENTED_EDGE('',*,*,#422,.T.);
#1924 = ORIENTED_EDGE('',*,*,#1925,.T.);
#1925 = EDGE_CURVE('',#425,#1910,#1926,.T.);
#1926 = LINE('',#1927,#1928);
#1927 = CARTESIAN_POINT('',(-3.1,8.677817459305,2.977817459305));
#1928 = VECTOR('',#1929,1.);
#1929 = DIRECTION('',(1.,0.,0.));
#1930 = CYLINDRICAL_SURFACE('',#1931,1.1);
#1931 = AXIS2_PLACEMENT_3D('',#1932,#1933,#1934);
#1932 = CARTESIAN_POINT('',(-3.1,7.9,2.2));
#1933 = DIRECTION('',(1.,0.,0.));
#1934 = DIRECTION('',(-0.,0.,1.));
#1935 = ADVANCED_FACE('',(#1936),#1954,.T.);
#1936 = FACE_BOUND('',#1937,.T.);
#1937 = EDGE_LOOP('',(#1938,#1939,#1940,#1948));
#1938 = ORIENTED_EDGE('',*,*,#441,.T.);
#1939 = ORIENTED_EDGE('',*,*,#1925,.T.);
#1940 = ORIENTED_EDGE('',*,*,#1941,.F.);
#1941 = EDGE_CURVE('',#1942,#1910,#1944,.T.);
#1942 = VERTEX_POINT('',#1943);
#1943 = CARTESIAN_POINT('',(-1.,7.9,3.75563491861));
#1944 = LINE('',#1945,#1946);
#1945 = CARTESIAN_POINT('',(-1.,7.752817459305,3.902817459305));
#1946 = VECTOR('',#1947,1.);
#1947 = DIRECTION('',(-0.,0.707106781187,-0.707106781187));
#1948 = ORIENTED_EDGE('',*,*,#1949,.F.);
#1949 = EDGE_CURVE('',#434,#1942,#1950,.T.);
#1950 = LINE('',#1951,#1952);
#1951 = CARTESIAN_POINT('',(-3.1,7.9,3.75563491861));
#1952 = VECTOR('',#1953,1.);
#1953 = DIRECTION('',(1.,0.,0.));
#1954 = PLANE('',#1955);
#1955 = AXIS2_PLACEMENT_3D('',#1956,#1957,#1958);
#1956 = CARTESIAN_POINT('',(-3.1,8.677817459305,2.977817459305));
#1957 = DIRECTION('',(0.,-0.707106781187,-0.707106781187));
#1958 = DIRECTION('',(0.,-0.707106781187,0.707106781187));
#1959 = ADVANCED_FACE('',(#1960),#1971,.T.);
#1960 = FACE_BOUND('',#1961,.T.);
#1961 = EDGE_LOOP('',(#1962,#1963,#1964,#1970));
#1962 = ORIENTED_EDGE('',*,*,#433,.T.);
#1963 = ORIENTED_EDGE('',*,*,#1949,.T.);
#1964 = ORIENTED_EDGE('',*,*,#1965,.F.);
#1965 = EDGE_CURVE('',#1908,#1942,#1966,.T.);
#1966 = LINE('',#1967,#1968);
#1967 = CARTESIAN_POINT('',(-1.,3.486091270347,-0.658273811042));
#1968 = VECTOR('',#1969,1.);
#1969 = DIRECTION('',(0.,0.707106781187,0.707106781187));
#1970 = ORIENTED_EDGE('',*,*,#1918,.F.);
#1971 = PLANE('',#1972);
#1972 = AXIS2_PLACEMENT_3D('',#1973,#1974,#1975);
#1973 = CARTESIAN_POINT('',(-3.1,7.9,3.75563491861));
#1974 = DIRECTION('',(0.,0.707106781187,-0.707106781187));
#1975 = DIRECTION('',(0.,-0.707106781187,-0.707106781187));
#1976 = ADVANCED_FACE('',(#1977),#2002,.T.);
#1977 = FACE_BOUND('',#1978,.T.);
#1978 = EDGE_LOOP('',(#1979,#1987,#1988,#1996));
#1979 = ORIENTED_EDGE('',*,*,#1980,.F.);
#1980 = EDGE_CURVE('',#450,#1981,#1983,.T.);
#1981 = VERTEX_POINT('',#1982);
#1982 = CARTESIAN_POINT('',(-1.,30.3,7.5));
#1983 = LINE('',#1984,#1985);
#1984 = CARTESIAN_POINT('',(-3.1,30.3,7.5));
#1985 = VECTOR('',#1986,1.);
#1986 = DIRECTION('',(1.,0.,-0.));
#1987 = ORIENTED_EDGE('',*,*,#449,.T.);
#1988 = ORIENTED_EDGE('',*,*,#1989,.T.);
#1989 = EDGE_CURVE('',#452,#1990,#1992,.T.);
#1990 = VERTEX_POINT('',#1991);
#1991 = CARTESIAN_POINT('',(-1.,28.7,7.5));
#1992 = LINE('',#1993,#1994);
#1993 = CARTESIAN_POINT('',(-3.1,28.7,7.5));
#1994 = VECTOR('',#1995,1.);
#1995 = DIRECTION('',(1.,0.,-0.));
#1996 = ORIENTED_EDGE('',*,*,#1997,.F.);
#1997 = EDGE_CURVE('',#1981,#1990,#1998,.T.);
#1998 = LINE('',#1999,#2000);
#1999 = CARTESIAN_POINT('',(-1.,13.35,7.5));
#2000 = VECTOR('',#2001,1.);
#2001 = DIRECTION('',(0.,-1.,0.));
#2002 = PLANE('',#2003);
#2003 = AXIS2_PLACEMENT_3D('',#2004,#2005,#2006);
#2004 = CARTESIAN_POINT('',(-3.1,28.7,7.5));
#2005 = DIRECTION('',(0.,0.,1.));
#2006 = DIRECTION('',(1.,0.,-0.));
#2007 = ADVANCED_FACE('',(#2008),#2026,.F.);
#2008 = FACE_BOUND('',#2009,.F.);
#2009 = EDGE_LOOP('',(#2010,#2011,#2012,#2020));
#2010 = ORIENTED_EDGE('',*,*,#1980,.F.);
#2011 = ORIENTED_EDGE('',*,*,#475,.T.);
#2012 = ORIENTED_EDGE('',*,*,#2013,.T.);
#2013 = EDGE_CURVE('',#468,#2014,#2016,.T.);
#2014 = VERTEX_POINT('',#2015);
#2015 = CARTESIAN_POINT('',(-1.,30.3,18.5));
#2016 = LINE('',#2017,#2018);
#2017 = CARTESIAN_POINT('',(-3.1,30.3,18.5));
#2018 = VECTOR('',#2019,1.);
#2019 = DIRECTION('',(1.,0.,-0.));
#2020 = ORIENTED_EDGE('',*,*,#2021,.F.);
#2021 = EDGE_CURVE('',#1981,#2014,#2022,.T.);
#2022 = LINE('',#2023,#2024);
#2023 = CARTESIAN_POINT('',(-1.,30.3,1.75));
#2024 = VECTOR('',#2025,1.);
#2025 = DIRECTION('',(0.,0.,1.));
#2026 = PLANE('',#2027);
#2027 = AXIS2_PLACEMENT_3D('',#2028,#2029,#2030);
#2028 = CARTESIAN_POINT('',(-3.1,30.3,7.5));
#2029 = DIRECTION('',(-0.,1.,0.));
#2030 = DIRECTION('',(0.,0.,1.));
#2031 = ADVANCED_FACE('',(#2032),#2050,.F.);
#2032 = FACE_BOUND('',#2033,.F.);
#2033 = EDGE_LOOP('',(#2034,#2035,#2036,#2044));
#2034 = ORIENTED_EDGE('',*,*,#2013,.F.);
#2035 = ORIENTED_EDGE('',*,*,#467,.T.);
#2036 = ORIENTED_EDGE('',*,*,#2037,.T.);
#2037 = EDGE_CURVE('',#460,#2038,#2040,.T.);
#2038 = VERTEX_POINT('',#2039);
#2039 = CARTESIAN_POINT('',(-1.,28.7,18.5));
#2040 = LINE('',#2041,#2042);
#2041 = CARTESIAN_POINT('',(-3.1,28.7,18.5));
#2042 = VECTOR('',#2043,1.);
#2043 = DIRECTION('',(1.,0.,-0.));
#2044 = ORIENTED_EDGE('',*,*,#2045,.F.);
#2045 = EDGE_CURVE('',#2014,#2038,#2046,.T.);
#2046 = LINE('',#2047,#2048);
#2047 = CARTESIAN_POINT('',(-1.,13.35,18.5));
#2048 = VECTOR('',#2049,1.);
#2049 = DIRECTION('',(0.,-1.,0.));
#2050 = PLANE('',#2051);
#2051 = AXIS2_PLACEMENT_3D('',#2052,#2053,#2054);
#2052 = CARTESIAN_POINT('',(-3.1,28.7,18.5));
#2053 = DIRECTION('',(0.,0.,1.));
#2054 = DIRECTION('',(1.,0.,-0.));
#2055 = ADVANCED_FACE('',(#2056),#2067,.T.);
#2056 = FACE_BOUND('',#2057,.T.);
#2057 = EDGE_LOOP('',(#2058,#2059,#2060,#2061));
#2058 = ORIENTED_EDGE('',*,*,#1989,.F.);
#2059 = ORIENTED_EDGE('',*,*,#459,.T.);
#2060 = ORIENTED_EDGE('',*,*,#2037,.T.);
#2061 = ORIENTED_EDGE('',*,*,#2062,.F.);
#2062 = EDGE_CURVE('',#1990,#2038,#2063,.T.);
#2063 = LINE('',#2064,#2065);
#2064 = CARTESIAN_POINT('',(-1.,28.7,1.75));
#2065 = VECTOR('',#2066,1.);
#2066 = DIRECTION('',(0.,0.,1.));
#2067 = PLANE('',#2068);
#2068 = AXIS2_PLACEMENT_3D('',#2069,#2070,#2071);
#2069 = CARTESIAN_POINT('',(-3.1,28.7,7.5));
#2070 = DIRECTION('',(-0.,1.,0.));
#2071 = DIRECTION('',(0.,0.,1.));
#2072 = ADVANCED_FACE('',(#2073),#2098,.T.);
#2073 = FACE_BOUND('',#2074,.T.);
#2074 = EDGE_LOOP('',(#2075,#2083,#2084,#2092));
#2075 = ORIENTED_EDGE('',*,*,#2076,.F.);
#2076 = EDGE_CURVE('',#484,#2077,#2079,.T.);
#2077 = VERTEX_POINT('',#2078);
#2078 = CARTESIAN_POINT('',(-1.,26.9,7.5));
#2079 = LINE('',#2080,#2081);
#2080 = CARTESIAN_POINT('',(-3.1,26.9,7.5));
#2081 = VECTOR('',#2082,1.);
#2082 = DIRECTION('',(1.,0.,-0.));
#2083 = ORIENTED_EDGE('',*,*,#483,.T.);
#2084 = ORIENTED_EDGE('',*,*,#2085,.T.);
#2085 = EDGE_CURVE('',#486,#2086,#2088,.T.);
#2086 = VERTEX_POINT('',#2087);
#2087 = CARTESIAN_POINT('',(-1.,25.3,7.5));
#2088 = LINE('',#2089,#2090);
#2089 = CARTESIAN_POINT('',(-3.1,25.3,7.5));
#2090 = VECTOR('',#2091,1.);
#2091 = DIRECTION('',(1.,0.,-0.));
#2092 = ORIENTED_EDGE('',*,*,#2093,.F.);
#2093 = EDGE_CURVE('',#2077,#2086,#2094,.T.);
#2094 = LINE('',#2095,#2096);
#2095 = CARTESIAN_POINT('',(-1.,11.65,7.5));
#2096 = VECTOR('',#2097,1.);
#2097 = DIRECTION('',(0.,-1.,0.));
#2098 = PLANE('',#2099);
#2099 = AXIS2_PLACEMENT_3D('',#2100,#2101,#2102);
#2100 = CARTESIAN_POINT('',(-3.1,25.3,7.5));
#2101 = DIRECTION('',(0.,0.,1.));
#2102 = DIRECTION('',(1.,0.,-0.));
#2103 = ADVANCED_FACE('',(#2104),#2122,.F.);
#2104 = FACE_BOUND('',#2105,.F.);
#2105 = EDGE_LOOP('',(#2106,#2107,#2108,#2116));
#2106 = ORIENTED_EDGE('',*,*,#2076,.F.);
#2107 = ORIENTED_EDGE('',*,*,#509,.T.);
#2108 = ORIENTED_EDGE('',*,*,#2109,.T.);
#2109 = EDGE_CURVE('',#502,#2110,#2112,.T.);
#2110 = VERTEX_POINT('',#2111);
#2111 = CARTESIAN_POINT('',(-1.,26.9,18.5));
#2112 = LINE('',#2113,#2114);
#2113 = CARTESIAN_POINT('',(-3.1,26.9,18.5));
#2114 = VECTOR('',#2115,1.);
#2115 = DIRECTION('',(1.,0.,-0.));
#2116 = ORIENTED_EDGE('',*,*,#2117,.F.);
#2117 = EDGE_CURVE('',#2077,#2110,#2118,.T.);
#2118 = LINE('',#2119,#2120);
#2119 = CARTESIAN_POINT('',(-1.,26.9,1.75));
#2120 = VECTOR('',#2121,1.);
#2121 = DIRECTION('',(0.,0.,1.));
#2122 = PLANE('',#2123);
#2123 = AXIS2_PLACEMENT_3D('',#2124,#2125,#2126);
#2124 = CARTESIAN_POINT('',(-3.1,26.9,7.5));
#2125 = DIRECTION('',(-0.,1.,0.));
#2126 = DIRECTION('',(0.,0.,1.));
#2127 = ADVANCED_FACE('',(#2128),#2146,.F.);
#2128 = FACE_BOUND('',#2129,.F.);
#2129 = EDGE_LOOP('',(#2130,#2131,#2132,#2140));
#2130 = ORIENTED_EDGE('',*,*,#2109,.F.);
#2131 = ORIENTED_EDGE('',*,*,#501,.T.);
#2132 = ORIENTED_EDGE('',*,*,#2133,.T.);
#2133 = EDGE_CURVE('',#494,#2134,#2136,.T.);
#2134 = VERTEX_POINT('',#2135);
#2135 = CARTESIAN_POINT('',(-1.,25.3,18.5));
#2136 = LINE('',#2137,#2138);
#2137 = CARTESIAN_POINT('',(-3.1,25.3,18.5));
#2138 = VECTOR('',#2139,1.);
#2139 = DIRECTION('',(1.,0.,-0.));
#2140 = ORIENTED_EDGE('',*,*,#2141,.F.);
#2141 = EDGE_CURVE('',#2110,#2134,#2142,.T.);
#2142 = LINE('',#2143,#2144);
#2143 = CARTESIAN_POINT('',(-1.,11.65,18.5));
#2144 = VECTOR('',#2145,1.);
#2145 = DIRECTION('',(0.,-1.,0.));
#2146 = PLANE('',#2147);
#2147 = AXIS2_PLACEMENT_3D('',#2148,#2149,#2150);
#2148 = CARTESIAN_POINT('',(-3.1,25.3,18.5));
#2149 = DIRECTION('',(0.,0.,1.));
#2150 = DIRECTION('',(1.,0.,-0.));
#2151 = ADVANCED_FACE('',(#2152),#2163,.T.);
#2152 = FACE_BOUND('',#2153,.T.);
#2153 = EDGE_LOOP('',(#2154,#2155,#2156,#2157));
#2154 = ORIENTED_EDGE('',*,*,#2085,.F.);
#2155 = ORIENTED_EDGE('',*,*,#493,.T.);
#2156 = ORIENTED_EDGE('',*,*,#2133,.T.);
#2157 = ORIENTED_EDGE('',*,*,#2158,.F.);
#2158 = EDGE_CURVE('',#2086,#2134,#2159,.T.);
#2159 = LINE('',#2160,#2161);
#2160 = CARTESIAN_POINT('',(-1.,25.3,1.75));
#2161 = VECTOR('',#2162,1.);
#2162 = DIRECTION('',(0.,0.,1.));
#2163 = PLANE('',#2164);
#2164 = AXIS2_PLACEMENT_3D('',#2165,#2166,#2167);
#2165 = CARTESIAN_POINT('',(-3.1,25.3,7.5));
#2166 = DIRECTION('',(-0.,1.,0.));
#2167 = DIRECTION('',(0.,0.,1.));
#2168 = ADVANCED_FACE('',(#2169),#2194,.T.);
#2169 = FACE_BOUND('',#2170,.T.);
#2170 = EDGE_LOOP('',(#2171,#2179,#2180,#2188));
#2171 = ORIENTED_EDGE('',*,*,#2172,.F.);
#2172 = EDGE_CURVE('',#518,#2173,#2175,.T.);
#2173 = VERTEX_POINT('',#2174);
#2174 = CARTESIAN_POINT('',(-1.,23.5,7.5));
#2175 = LINE('',#2176,#2177);
#2176 = CARTESIAN_POINT('',(-3.1,23.5,7.5));
#2177 = VECTOR('',#2178,1.);
#2178 = DIRECTION('',(1.,0.,-0.));
#2179 = ORIENTED_EDGE('',*,*,#517,.T.);
#2180 = ORIENTED_EDGE('',*,*,#2181,.T.);
#2181 = EDGE_CURVE('',#520,#2182,#2184,.T.);
#2182 = VERTEX_POINT('',#2183);
#2183 = CARTESIAN_POINT('',(-1.,21.9,7.5));
#2184 = LINE('',#2185,#2186);
#2185 = CARTESIAN_POINT('',(-3.1,21.9,7.5));
#2186 = VECTOR('',#2187,1.);
#2187 = DIRECTION('',(1.,0.,-0.));
#2188 = ORIENTED_EDGE('',*,*,#2189,.F.);
#2189 = EDGE_CURVE('',#2173,#2182,#2190,.T.);
#2190 = LINE('',#2191,#2192);
#2191 = CARTESIAN_POINT('',(-1.,9.95,7.5));
#2192 = VECTOR('',#2193,1.);
#2193 = DIRECTION('',(0.,-1.,0.));
#2194 = PLANE('',#2195);
#2195 = AXIS2_PLACEMENT_3D('',#2196,#2197,#2198);
#2196 = CARTESIAN_POINT('',(-3.1,21.9,7.5));
#2197 = DIRECTION('',(0.,0.,1.));
#2198 = DIRECTION('',(1.,0.,-0.));
#2199 = ADVANCED_FACE('',(#2200),#2218,.F.);
#2200 = FACE_BOUND('',#2201,.F.);
#2201 = EDGE_LOOP('',(#2202,#2203,#2204,#2212));
#2202 = ORIENTED_EDGE('',*,*,#2172,.F.);
#2203 = ORIENTED_EDGE('',*,*,#543,.T.);
#2204 = ORIENTED_EDGE('',*,*,#2205,.T.);
#2205 = EDGE_CURVE('',#536,#2206,#2208,.T.);
#2206 = VERTEX_POINT('',#2207);
#2207 = CARTESIAN_POINT('',(-1.,23.5,18.5));
#2208 = LINE('',#2209,#2210);
#2209 = CARTESIAN_POINT('',(-3.1,23.5,18.5));
#2210 = VECTOR('',#2211,1.);
#2211 = DIRECTION('',(1.,0.,-0.));
#2212 = ORIENTED_EDGE('',*,*,#2213,.F.);
#2213 = EDGE_CURVE('',#2173,#2206,#2214,.T.);
#2214 = LINE('',#2215,#2216);
#2215 = CARTESIAN_POINT('',(-1.,23.5,1.75));
#2216 = VECTOR('',#2217,1.);
#2217 = DIRECTION('',(0.,0.,1.));
#2218 = PLANE('',#2219);
#2219 = AXIS2_PLACEMENT_3D('',#2220,#2221,#2222);
#2220 = CARTESIAN_POINT('',(-3.1,23.5,7.5));
#2221 = DIRECTION('',(-0.,1.,0.));
#2222 = DIRECTION('',(0.,0.,1.));
#2223 = ADVANCED_FACE('',(#2224),#2242,.F.);
#2224 = FACE_BOUND('',#2225,.F.);
#2225 = EDGE_LOOP('',(#2226,#2227,#2228,#2236));
#2226 = ORIENTED_EDGE('',*,*,#2205,.F.);
#2227 = ORIENTED_EDGE('',*,*,#535,.T.);
#2228 = ORIENTED_EDGE('',*,*,#2229,.T.);
#2229 = EDGE_CURVE('',#528,#2230,#2232,.T.);
#2230 = VERTEX_POINT('',#2231);
#2231 = CARTESIAN_POINT('',(-1.,21.9,18.5));
#2232 = LINE('',#2233,#2234);
#2233 = CARTESIAN_POINT('',(-3.1,21.9,18.5));
#2234 = VECTOR('',#2235,1.);
#2235 = DIRECTION('',(1.,0.,-0.));
#2236 = ORIENTED_EDGE('',*,*,#2237,.F.);
#2237 = EDGE_CURVE('',#2206,#2230,#2238,.T.);
#2238 = LINE('',#2239,#2240);
#2239 = CARTESIAN_POINT('',(-1.,9.95,18.5));
#2240 = VECTOR('',#2241,1.);
#2241 = DIRECTION('',(0.,-1.,0.));
#2242 = PLANE('',#2243);
#2243 = AXIS2_PLACEMENT_3D('',#2244,#2245,#2246);
#2244 = CARTESIAN_POINT('',(-3.1,21.9,18.5));
#2245 = DIRECTION('',(0.,0.,1.));
#2246 = DIRECTION('',(1.,0.,-0.));
#2247 = ADVANCED_FACE('',(#2248),#2259,.T.);
#2248 = FACE_BOUND('',#2249,.T.);
#2249 = EDGE_LOOP('',(#2250,#2251,#2252,#2253));
#2250 = ORIENTED_EDGE('',*,*,#2181,.F.);
#2251 = ORIENTED_EDGE('',*,*,#527,.T.);
#2252 = ORIENTED_EDGE('',*,*,#2229,.T.);
#2253 = ORIENTED_EDGE('',*,*,#2254,.F.);
#2254 = EDGE_CURVE('',#2182,#2230,#2255,.T.);
#2255 = LINE('',#2256,#2257);
#2256 = CARTESIAN_POINT('',(-1.,21.9,1.75));
#2257 = VECTOR('',#2258,1.);
#2258 = DIRECTION('',(0.,0.,1.));
#2259 = PLANE('',#2260);
#2260 = AXIS2_PLACEMENT_3D('',#2261,#2262,#2263);
#2261 = CARTESIAN_POINT('',(-3.1,21.9,7.5));
#2262 = DIRECTION('',(-0.,1.,0.));
#2263 = DIRECTION('',(0.,0.,1.));
#2264 = ADVANCED_FACE('',(#2265),#2290,.T.);
#2265 = FACE_BOUND('',#2266,.T.);
#2266 = EDGE_LOOP('',(#2267,#2275,#2276,#2284));
#2267 = ORIENTED_EDGE('',*,*,#2268,.F.);
#2268 = EDGE_CURVE('',#552,#2269,#2271,.T.);
#2269 = VERTEX_POINT('',#2270);
#2270 = CARTESIAN_POINT('',(-1.,20.1,7.5));
#2271 = LINE('',#2272,#2273);
#2272 = CARTESIAN_POINT('',(-3.1,20.1,7.5));
#2273 = VECTOR('',#2274,1.);
#2274 = DIRECTION('',(1.,0.,-0.));
#2275 = ORIENTED_EDGE('',*,*,#551,.T.);
#2276 = ORIENTED_EDGE('',*,*,#2277,.T.);
#2277 = EDGE_CURVE('',#554,#2278,#2280,.T.);
#2278 = VERTEX_POINT('',#2279);
#2279 = CARTESIAN_POINT('',(-1.,18.5,7.5));
#2280 = LINE('',#2281,#2282);
#2281 = CARTESIAN_POINT('',(-3.1,18.5,7.5));
#2282 = VECTOR('',#2283,1.);
#2283 = DIRECTION('',(1.,0.,-0.));
#2284 = ORIENTED_EDGE('',*,*,#2285,.F.);
#2285 = EDGE_CURVE('',#2269,#2278,#2286,.T.);
#2286 = LINE('',#2287,#2288);
#2287 = CARTESIAN_POINT('',(-1.,8.25,7.5));
#2288 = VECTOR('',#2289,1.);
#2289 = DIRECTION('',(0.,-1.,0.));
#2290 = PLANE('',#2291);
#2291 = AXIS2_PLACEMENT_3D('',#2292,#2293,#2294);
#2292 = CARTESIAN_POINT('',(-3.1,18.5,7.5));
#2293 = DIRECTION('',(0.,0.,1.));
#2294 = DIRECTION('',(1.,0.,-0.));
#2295 = ADVANCED_FACE('',(#2296),#2314,.F.);
#2296 = FACE_BOUND('',#2297,.F.);
#2297 = EDGE_LOOP('',(#2298,#2299,#2300,#2308));
#2298 = ORIENTED_EDGE('',*,*,#2268,.F.);
#2299 = ORIENTED_EDGE('',*,*,#577,.T.);
#2300 = ORIENTED_EDGE('',*,*,#2301,.T.);
#2301 = EDGE_CURVE('',#570,#2302,#2304,.T.);
#2302 = VERTEX_POINT('',#2303);
#2303 = CARTESIAN_POINT('',(-1.,20.1,18.5));
#2304 = LINE('',#2305,#2306);
#2305 = CARTESIAN_POINT('',(-3.1,20.1,18.5));
#2306 = VECTOR('',#2307,1.);
#2307 = DIRECTION('',(1.,0.,-0.));
#2308 = ORIENTED_EDGE('',*,*,#2309,.F.);
#2309 = EDGE_CURVE('',#2269,#2302,#2310,.T.);
#2310 = LINE('',#2311,#2312);
#2311 = CARTESIAN_POINT('',(-1.,20.1,1.75));
#2312 = VECTOR('',#2313,1.);
#2313 = DIRECTION('',(0.,0.,1.));
#2314 = PLANE('',#2315);
#2315 = AXIS2_PLACEMENT_3D('',#2316,#2317,#2318);
#2316 = CARTESIAN_POINT('',(-3.1,20.1,7.5));
#2317 = DIRECTION('',(-0.,1.,0.));
#2318 = DIRECTION('',(0.,0.,1.));
#2319 = ADVANCED_FACE('',(#2320),#2338,.F.);
#2320 = FACE_BOUND('',#2321,.F.);
#2321 = EDGE_LOOP('',(#2322,#2323,#2324,#2332));
#2322 = ORIENTED_EDGE('',*,*,#2301,.F.);
#2323 = ORIENTED_EDGE('',*,*,#569,.T.);
#2324 = ORIENTED_EDGE('',*,*,#2325,.T.);
#2325 = EDGE_CURVE('',#562,#2326,#2328,.T.);
#2326 = VERTEX_POINT('',#2327);
#2327 = CARTESIAN_POINT('',(-1.,18.5,18.5));
#2328 = LINE('',#2329,#2330);
#2329 = CARTESIAN_POINT('',(-3.1,18.5,18.5));
#2330 = VECTOR('',#2331,1.);
#2331 = DIRECTION('',(1.,0.,-0.));
#2332 = ORIENTED_EDGE('',*,*,#2333,.F.);
#2333 = EDGE_CURVE('',#2302,#2326,#2334,.T.);
#2334 = LINE('',#2335,#2336);
#2335 = CARTESIAN_POINT('',(-1.,8.25,18.5));
#2336 = VECTOR('',#2337,1.);
#2337 = DIRECTION('',(0.,-1.,0.));
#2338 = PLANE('',#2339);
#2339 = AXIS2_PLACEMENT_3D('',#2340,#2341,#2342);
#2340 = CARTESIAN_POINT('',(-3.1,18.5,18.5));
#2341 = DIRECTION('',(0.,0.,1.));
#2342 = DIRECTION('',(1.,0.,-0.));
#2343 = ADVANCED_FACE('',(#2344),#2355,.T.);
#2344 = FACE_BOUND('',#2345,.T.);
#2345 = EDGE_LOOP('',(#2346,#2347,#2348,#2349));
#2346 = ORIENTED_EDGE('',*,*,#2277,.F.);
#2347 = ORIENTED_EDGE('',*,*,#561,.T.);
#2348 = ORIENTED_EDGE('',*,*,#2325,.T.);
#2349 = ORIENTED_EDGE('',*,*,#2350,.F.);
#2350 = EDGE_CURVE('',#2278,#2326,#2351,.T.);
#2351 = LINE('',#2352,#2353);
#2352 = CARTESIAN_POINT('',(-1.,18.5,1.75));
#2353 = VECTOR('',#2354,1.);
#2354 = DIRECTION('',(0.,0.,1.));
#2355 = PLANE('',#2356);
#2356 = AXIS2_PLACEMENT_3D('',#2357,#2358,#2359);
#2357 = CARTESIAN_POINT('',(-3.1,18.5,7.5));
#2358 = DIRECTION('',(-0.,1.,0.));
#2359 = DIRECTION('',(0.,0.,1.));
#2360 = ADVANCED_FACE('',(#2361),#2386,.T.);
#2361 = FACE_BOUND('',#2362,.T.);
#2362 = EDGE_LOOP('',(#2363,#2371,#2372,#2380));
#2363 = ORIENTED_EDGE('',*,*,#2364,.F.);
#2364 = EDGE_CURVE('',#586,#2365,#2367,.T.);
#2365 = VERTEX_POINT('',#2366);
#2366 = CARTESIAN_POINT('',(-1.,16.7,7.5));
#2367 = LINE('',#2368,#2369);
#2368 = CARTESIAN_POINT('',(-3.1,16.7,7.5));
#2369 = VECTOR('',#2370,1.);
#2370 = DIRECTION('',(1.,0.,-0.));
#2371 = ORIENTED_EDGE('',*,*,#585,.T.);
#2372 = ORIENTED_EDGE('',*,*,#2373,.T.);
#2373 = EDGE_CURVE('',#588,#2374,#2376,.T.);
#2374 = VERTEX_POINT('',#2375);
#2375 = CARTESIAN_POINT('',(-1.,15.1,7.5));
#2376 = LINE('',#2377,#2378);
#2377 = CARTESIAN_POINT('',(-3.1,15.1,7.5));
#2378 = VECTOR('',#2379,1.);
#2379 = DIRECTION('',(1.,0.,-0.));
#2380 = ORIENTED_EDGE('',*,*,#2381,.F.);
#2381 = EDGE_CURVE('',#2365,#2374,#2382,.T.);
#2382 = LINE('',#2383,#2384);
#2383 = CARTESIAN_POINT('',(-1.,6.55,7.5));
#2384 = VECTOR('',#2385,1.);
#2385 = DIRECTION('',(0.,-1.,0.));
#2386 = PLANE('',#2387);
#2387 = AXIS2_PLACEMENT_3D('',#2388,#2389,#2390);
#2388 = CARTESIAN_POINT('',(-3.1,15.1,7.5));
#2389 = DIRECTION('',(0.,0.,1.));
#2390 = DIRECTION('',(1.,0.,-0.));
#2391 = ADVANCED_FACE('',(#2392),#2410,.F.);
#2392 = FACE_BOUND('',#2393,.F.);
#2393 = EDGE_LOOP('',(#2394,#2395,#2396,#2404));
#2394 = ORIENTED_EDGE('',*,*,#2364,.F.);
#2395 = ORIENTED_EDGE('',*,*,#611,.T.);
#2396 = ORIENTED_EDGE('',*,*,#2397,.T.);
#2397 = EDGE_CURVE('',#604,#2398,#2400,.T.);
#2398 = VERTEX_POINT('',#2399);
#2399 = CARTESIAN_POINT('',(-1.,16.7,18.5));
#2400 = LINE('',#2401,#2402);
#2401 = CARTESIAN_POINT('',(-3.1,16.7,18.5));
#2402 = VECTOR('',#2403,1.);
#2403 = DIRECTION('',(1.,0.,-0.));
#2404 = ORIENTED_EDGE('',*,*,#2405,.F.);
#2405 = EDGE_CURVE('',#2365,#2398,#2406,.T.);
#2406 = LINE('',#2407,#2408);
#2407 = CARTESIAN_POINT('',(-1.,16.7,1.75));
#2408 = VECTOR('',#2409,1.);
#2409 = DIRECTION('',(0.,0.,1.));
#2410 = PLANE('',#2411);
#2411 = AXIS2_PLACEMENT_3D('',#2412,#2413,#2414);
#2412 = CARTESIAN_POINT('',(-3.1,16.7,7.5));
#2413 = DIRECTION('',(-0.,1.,0.));
#2414 = DIRECTION('',(0.,0.,1.));
#2415 = ADVANCED_FACE('',(#2416),#2434,.F.);
#2416 = FACE_BOUND('',#2417,.F.);
#2417 = EDGE_LOOP('',(#2418,#2419,#2420,#2428));
#2418 = ORIENTED_EDGE('',*,*,#2397,.F.);
#2419 = ORIENTED_EDGE('',*,*,#603,.T.);
#2420 = ORIENTED_EDGE('',*,*,#2421,.T.);
#2421 = EDGE_CURVE('',#596,#2422,#2424,.T.);
#2422 = VERTEX_POINT('',#2423);
#2423 = CARTESIAN_POINT('',(-1.,15.1,18.5));
#2424 = LINE('',#2425,#2426);
#2425 = CARTESIAN_POINT('',(-3.1,15.1,18.5));
#2426 = VECTOR('',#2427,1.);
#2427 = DIRECTION('',(1.,0.,-0.));
#2428 = ORIENTED_EDGE('',*,*,#2429,.F.);
#2429 = EDGE_CURVE('',#2398,#2422,#2430,.T.);
#2430 = LINE('',#2431,#2432);
#2431 = CARTESIAN_POINT('',(-1.,6.55,18.5));
#2432 = VECTOR('',#2433,1.);
#2433 = DIRECTION('',(0.,-1.,0.));
#2434 = PLANE('',#2435);
#2435 = AXIS2_PLACEMENT_3D('',#2436,#2437,#2438);
#2436 = CARTESIAN_POINT('',(-3.1,15.1,18.5));
#2437 = DIRECTION('',(0.,0.,1.));
#2438 = DIRECTION('',(1.,0.,-0.));
#2439 = ADVANCED_FACE('',(#2440),#2451,.T.);
#2440 = FACE_BOUND('',#2441,.T.);
#2441 = EDGE_LOOP('',(#2442,#2443,#2444,#2445));
#2442 = ORIENTED_EDGE('',*,*,#2373,.F.);
#2443 = ORIENTED_EDGE('',*,*,#595,.T.);
#2444 = ORIENTED_EDGE('',*,*,#2421,.T.);
#2445 = ORIENTED_EDGE('',*,*,#2446,.F.);
#2446 = EDGE_CURVE('',#2374,#2422,#2447,.T.);
#2447 = LINE('',#2448,#2449);
#2448 = CARTESIAN_POINT('',(-1.,15.1,1.75));
#2449 = VECTOR('',#2450,1.);
#2450 = DIRECTION('',(0.,0.,1.));
#2451 = PLANE('',#2452);
#2452 = AXIS2_PLACEMENT_3D('',#2453,#2454,#2455);
#2453 = CARTESIAN_POINT('',(-3.1,15.1,7.5));
#2454 = DIRECTION('',(-0.,1.,0.));
#2455 = DIRECTION('',(0.,0.,1.));
#2456 = ADVANCED_FACE('',(#2457),#2482,.T.);
#2457 = FACE_BOUND('',#2458,.T.);
#2458 = EDGE_LOOP('',(#2459,#2467,#2468,#2476));
#2459 = ORIENTED_EDGE('',*,*,#2460,.F.);
#2460 = EDGE_CURVE('',#620,#2461,#2463,.T.);
#2461 = VERTEX_POINT('',#2462);
#2462 = CARTESIAN_POINT('',(-1.,13.3,7.5));
#2463 = LINE('',#2464,#2465);
#2464 = CARTESIAN_POINT('',(-3.1,13.3,7.5));
#2465 = VECTOR('',#2466,1.);
#2466 = DIRECTION('',(1.,0.,-0.));
#2467 = ORIENTED_EDGE('',*,*,#619,.T.);
#2468 = ORIENTED_EDGE('',*,*,#2469,.T.);
#2469 = EDGE_CURVE('',#622,#2470,#2472,.T.);
#2470 = VERTEX_POINT('',#2471);
#2471 = CARTESIAN_POINT('',(-1.,11.7,7.5));
#2472 = LINE('',#2473,#2474);
#2473 = CARTESIAN_POINT('',(-3.1,11.7,7.5));
#2474 = VECTOR('',#2475,1.);
#2475 = DIRECTION('',(1.,0.,-0.));
#2476 = ORIENTED_EDGE('',*,*,#2477,.F.);
#2477 = EDGE_CURVE('',#2461,#2470,#2478,.T.);
#2478 = LINE('',#2479,#2480);
#2479 = CARTESIAN_POINT('',(-1.,4.85,7.5));
#2480 = VECTOR('',#2481,1.);
#2481 = DIRECTION('',(0.,-1.,0.));
#2482 = PLANE('',#2483);
#2483 = AXIS2_PLACEMENT_3D('',#2484,#2485,#2486);
#2484 = CARTESIAN_POINT('',(-3.1,11.7,7.5));
#2485 = DIRECTION('',(0.,0.,1.));
#2486 = DIRECTION('',(1.,0.,-0.));
#2487 = ADVANCED_FACE('',(#2488),#2506,.F.);
#2488 = FACE_BOUND('',#2489,.F.);
#2489 = EDGE_LOOP('',(#2490,#2491,#2492,#2500));
#2490 = ORIENTED_EDGE('',*,*,#2460,.F.);
#2491 = ORIENTED_EDGE('',*,*,#645,.T.);
#2492 = ORIENTED_EDGE('',*,*,#2493,.T.);
#2493 = EDGE_CURVE('',#638,#2494,#2496,.T.);
#2494 = VERTEX_POINT('',#2495);
#2495 = CARTESIAN_POINT('',(-1.,13.3,18.5));
#2496 = LINE('',#2497,#2498);
#2497 = CARTESIAN_POINT('',(-3.1,13.3,18.5));
#2498 = VECTOR('',#2499,1.);
#2499 = DIRECTION('',(1.,0.,-0.));
#2500 = ORIENTED_EDGE('',*,*,#2501,.F.);
#2501 = EDGE_CURVE('',#2461,#2494,#2502,.T.);
#2502 = LINE('',#2503,#2504);
#2503 = CARTESIAN_POINT('',(-1.,13.3,1.75));
#2504 = VECTOR('',#2505,1.);
#2505 = DIRECTION('',(0.,0.,1.));
#2506 = PLANE('',#2507);
#2507 = AXIS2_PLACEMENT_3D('',#2508,#2509,#2510);
#2508 = CARTESIAN_POINT('',(-3.1,13.3,7.5));
#2509 = DIRECTION('',(-0.,1.,0.));
#2510 = DIRECTION('',(0.,0.,1.));
#2511 = ADVANCED_FACE('',(#2512),#2530,.F.);
#2512 = FACE_BOUND('',#2513,.F.);
#2513 = EDGE_LOOP('',(#2514,#2515,#2516,#2524));
#2514 = ORIENTED_EDGE('',*,*,#2493,.F.);
#2515 = ORIENTED_EDGE('',*,*,#637,.T.);
#2516 = ORIENTED_EDGE('',*,*,#2517,.T.);
#2517 = EDGE_CURVE('',#630,#2518,#2520,.T.);
#2518 = VERTEX_POINT('',#2519);
#2519 = CARTESIAN_POINT('',(-1.,11.7,18.5));
#2520 = LINE('',#2521,#2522);
#2521 = CARTESIAN_POINT('',(-3.1,11.7,18.5));
#2522 = VECTOR('',#2523,1.);
#2523 = DIRECTION('',(1.,0.,-0.));
#2524 = ORIENTED_EDGE('',*,*,#2525,.F.);
#2525 = EDGE_CURVE('',#2494,#2518,#2526,.T.);
#2526 = LINE('',#2527,#2528);
#2527 = CARTESIAN_POINT('',(-1.,4.85,18.5));
#2528 = VECTOR('',#2529,1.);
#2529 = DIRECTION('',(0.,-1.,0.));
#2530 = PLANE('',#2531);
#2531 = AXIS2_PLACEMENT_3D('',#2532,#2533,#2534);
#2532 = CARTESIAN_POINT('',(-3.1,11.7,18.5));
#2533 = DIRECTION('',(0.,0.,1.));
#2534 = DIRECTION('',(1.,0.,-0.));
#2535 = ADVANCED_FACE('',(#2536),#2547,.T.);
#2536 = FACE_BOUND('',#2537,.T.);
#2537 = EDGE_LOOP('',(#2538,#2539,#2540,#2541));
#2538 = ORIENTED_EDGE('',*,*,#2469,.F.);
#2539 = ORIENTED_EDGE('',*,*,#629,.T.);
#2540 = ORIENTED_EDGE('',*,*,#2517,.T.);
#2541 = ORIENTED_EDGE('',*,*,#2542,.F.);
#2542 = EDGE_CURVE('',#2470,#2518,#2543,.T.);
#2543 = LINE('',#2544,#2545);
#2544 = CARTESIAN_POINT('',(-1.,11.7,1.75));
#2545 = VECTOR('',#2546,1.);
#2546 = DIRECTION('',(0.,0.,1.));
#2547 = PLANE('',#2548);
#2548 = AXIS2_PLACEMENT_3D('',#2549,#2550,#2551);
#2549 = CARTESIAN_POINT('',(-3.1,11.7,7.5));
#2550 = DIRECTION('',(-0.,1.,0.));
#2551 = DIRECTION('',(0.,0.,1.));
#2552 = ADVANCED_FACE('',(#2553),#2578,.T.);
#2553 = FACE_BOUND('',#2554,.T.);
#2554 = EDGE_LOOP('',(#2555,#2563,#2564,#2572));
#2555 = ORIENTED_EDGE('',*,*,#2556,.F.);
#2556 = EDGE_CURVE('',#654,#2557,#2559,.T.);
#2557 = VERTEX_POINT('',#2558);
#2558 = CARTESIAN_POINT('',(-1.,9.9,7.5));
#2559 = LINE('',#2560,#2561);
#2560 = CARTESIAN_POINT('',(-3.1,9.9,7.5));
#2561 = VECTOR('',#2562,1.);
#2562 = DIRECTION('',(1.,0.,-0.));
#2563 = ORIENTED_EDGE('',*,*,#653,.T.);
#2564 = ORIENTED_EDGE('',*,*,#2565,.T.);
#2565 = EDGE_CURVE('',#656,#2566,#2568,.T.);
#2566 = VERTEX_POINT('',#2567);
#2567 = CARTESIAN_POINT('',(-1.,8.3,7.5));
#2568 = LINE('',#2569,#2570);
#2569 = CARTESIAN_POINT('',(-3.1,8.3,7.5));
#2570 = VECTOR('',#2571,1.);
#2571 = DIRECTION('',(1.,0.,-0.));
#2572 = ORIENTED_EDGE('',*,*,#2573,.F.);
#2573 = EDGE_CURVE('',#2557,#2566,#2574,.T.);
#2574 = LINE('',#2575,#2576);
#2575 = CARTESIAN_POINT('',(-1.,3.15,7.5));
#2576 = VECTOR('',#2577,1.);
#2577 = DIRECTION('',(0.,-1.,0.));
#2578 = PLANE('',#2579);
#2579 = AXIS2_PLACEMENT_3D('',#2580,#2581,#2582);
#2580 = CARTESIAN_POINT('',(-3.1,8.3,7.5));
#2581 = DIRECTION('',(0.,0.,1.));
#2582 = DIRECTION('',(1.,0.,-0.));
#2583 = ADVANCED_FACE('',(#2584),#2602,.F.);
#2584 = FACE_BOUND('',#2585,.F.);
#2585 = EDGE_LOOP('',(#2586,#2587,#2588,#2596));
#2586 = ORIENTED_EDGE('',*,*,#2556,.F.);
#2587 = ORIENTED_EDGE('',*,*,#679,.T.);
#2588 = ORIENTED_EDGE('',*,*,#2589,.T.);
#2589 = EDGE_CURVE('',#672,#2590,#2592,.T.);
#2590 = VERTEX_POINT('',#2591);
#2591 = CARTESIAN_POINT('',(-1.,9.9,18.5));
#2592 = LINE('',#2593,#2594);
#2593 = CARTESIAN_POINT('',(-3.1,9.9,18.5));
#2594 = VECTOR('',#2595,1.);
#2595 = DIRECTION('',(1.,0.,-0.));
#2596 = ORIENTED_EDGE('',*,*,#2597,.F.);
#2597 = EDGE_CURVE('',#2557,#2590,#2598,.T.);
#2598 = LINE('',#2599,#2600);
#2599 = CARTESIAN_POINT('',(-1.,9.9,1.75));
#2600 = VECTOR('',#2601,1.);
#2601 = DIRECTION('',(0.,0.,1.));
#2602 = PLANE('',#2603);
#2603 = AXIS2_PLACEMENT_3D('',#2604,#2605,#2606);
#2604 = CARTESIAN_POINT('',(-3.1,9.9,7.5));
#2605 = DIRECTION('',(-0.,1.,0.));
#2606 = DIRECTION('',(0.,0.,1.));
#2607 = ADVANCED_FACE('',(#2608),#2626,.F.);
#2608 = FACE_BOUND('',#2609,.F.);
#2609 = EDGE_LOOP('',(#2610,#2611,#2612,#2620));
#2610 = ORIENTED_EDGE('',*,*,#2589,.F.);
#2611 = ORIENTED_EDGE('',*,*,#671,.T.);
#2612 = ORIENTED_EDGE('',*,*,#2613,.T.);
#2613 = EDGE_CURVE('',#664,#2614,#2616,.T.);
#2614 = VERTEX_POINT('',#2615);
#2615 = CARTESIAN_POINT('',(-1.,8.3,18.5));
#2616 = LINE('',#2617,#2618);
#2617 = CARTESIAN_POINT('',(-3.1,8.3,18.5));
#2618 = VECTOR('',#2619,1.);
#2619 = DIRECTION('',(1.,0.,-0.));
#2620 = ORIENTED_EDGE('',*,*,#2621,.F.);
#2621 = EDGE_CURVE('',#2590,#2614,#2622,.T.);
#2622 = LINE('',#2623,#2624);
#2623 = CARTESIAN_POINT('',(-1.,3.15,18.5));
#2624 = VECTOR('',#2625,1.);
#2625 = DIRECTION('',(0.,-1.,0.));
#2626 = PLANE('',#2627);
#2627 = AXIS2_PLACEMENT_3D('',#2628,#2629,#2630);
#2628 = CARTESIAN_POINT('',(-3.1,8.3,18.5));
#2629 = DIRECTION('',(0.,0.,1.));
#2630 = DIRECTION('',(1.,0.,-0.));
#2631 = ADVANCED_FACE('',(#2632),#2643,.T.);
#2632 = FACE_BOUND('',#2633,.T.);
#2633 = EDGE_LOOP('',(#2634,#2635,#2636,#2637));
#2634 = ORIENTED_EDGE('',*,*,#2565,.F.);
#2635 = ORIENTED_EDGE('',*,*,#663,.T.);
#2636 = ORIENTED_EDGE('',*,*,#2613,.T.);
#2637 = ORIENTED_EDGE('',*,*,#2638,.F.);
#2638 = EDGE_CURVE('',#2566,#2614,#2639,.T.);
#2639 = LINE('',#2640,#2641);
#2640 = CARTESIAN_POINT('',(-1.,8.3,1.75));
#2641 = VECTOR('',#2642,1.);
#2642 = DIRECTION('',(0.,0.,1.));
#2643 = PLANE('',#2644);
#2644 = AXIS2_PLACEMENT_3D('',#2645,#2646,#2647);
#2645 = CARTESIAN_POINT('',(-3.1,8.3,7.5));
#2646 = DIRECTION('',(-0.,1.,0.));
#2647 = DIRECTION('',(0.,0.,1.));
#2648 = ADVANCED_FACE('',(#2649),#2674,.T.);
#2649 = FACE_BOUND('',#2650,.T.);
#2650 = EDGE_LOOP('',(#2651,#2659,#2660,#2668));
#2651 = ORIENTED_EDGE('',*,*,#2652,.F.);
#2652 = EDGE_CURVE('',#688,#2653,#2655,.T.);
#2653 = VERTEX_POINT('',#2654);
#2654 = CARTESIAN_POINT('',(-1.,6.5,7.5));
#2655 = LINE('',#2656,#2657);
#2656 = CARTESIAN_POINT('',(-3.1,6.5,7.5));
#2657 = VECTOR('',#2658,1.);
#2658 = DIRECTION('',(1.,0.,-0.));
#2659 = ORIENTED_EDGE('',*,*,#687,.T.);
#2660 = ORIENTED_EDGE('',*,*,#2661,.T.);
#2661 = EDGE_CURVE('',#690,#2662,#2664,.T.);
#2662 = VERTEX_POINT('',#2663);
#2663 = CARTESIAN_POINT('',(-1.,4.9,7.5));
#2664 = LINE('',#2665,#2666);
#2665 = CARTESIAN_POINT('',(-3.1,4.9,7.5));
#2666 = VECTOR('',#2667,1.);
#2667 = DIRECTION('',(1.,0.,-0.));
#2668 = ORIENTED_EDGE('',*,*,#2669,.F.);
#2669 = EDGE_CURVE('',#2653,#2662,#2670,.T.);
#2670 = LINE('',#2671,#2672);
#2671 = CARTESIAN_POINT('',(-1.,1.45,7.5));
#2672 = VECTOR('',#2673,1.);
#2673 = DIRECTION('',(0.,-1.,0.));
#2674 = PLANE('',#2675);
#2675 = AXIS2_PLACEMENT_3D('',#2676,#2677,#2678);
#2676 = CARTESIAN_POINT('',(-3.1,4.9,7.5));
#2677 = DIRECTION('',(0.,0.,1.));
#2678 = DIRECTION('',(1.,0.,-0.));
#2679 = ADVANCED_FACE('',(#2680),#2698,.F.);
#2680 = FACE_BOUND('',#2681,.F.);
#2681 = EDGE_LOOP('',(#2682,#2683,#2684,#2692));
#2682 = ORIENTED_EDGE('',*,*,#2652,.F.);
#2683 = ORIENTED_EDGE('',*,*,#713,.T.);
#2684 = ORIENTED_EDGE('',*,*,#2685,.T.);
#2685 = EDGE_CURVE('',#706,#2686,#2688,.T.);
#2686 = VERTEX_POINT('',#2687);
#2687 = CARTESIAN_POINT('',(-1.,6.5,18.5));
#2688 = LINE('',#2689,#2690);
#2689 = CARTESIAN_POINT('',(-3.1,6.5,18.5));
#2690 = VECTOR('',#2691,1.);
#2691 = DIRECTION('',(1.,0.,-0.));
#2692 = ORIENTED_EDGE('',*,*,#2693,.F.);
#2693 = EDGE_CURVE('',#2653,#2686,#2694,.T.);
#2694 = LINE('',#2695,#2696);
#2695 = CARTESIAN_POINT('',(-1.,6.5,1.75));
#2696 = VECTOR('',#2697,1.);
#2697 = DIRECTION('',(0.,0.,1.));
#2698 = PLANE('',#2699);
#2699 = AXIS2_PLACEMENT_3D('',#2700,#2701,#2702);
#2700 = CARTESIAN_POINT('',(-3.1,6.5,7.5));
#2701 = DIRECTION('',(-0.,1.,0.));
#2702 = DIRECTION('',(0.,0.,1.));
#2703 = ADVANCED_FACE('',(#2704),#2722,.F.);
#2704 = FACE_BOUND('',#2705,.F.);
#2705 = EDGE_LOOP('',(#2706,#2707,#2708,#2716));
#2706 = ORIENTED_EDGE('',*,*,#2685,.F.);
#2707 = ORIENTED_EDGE('',*,*,#705,.T.);
#2708 = ORIENTED_EDGE('',*,*,#2709,.T.);
#2709 = EDGE_CURVE('',#698,#2710,#2712,.T.);
#2710 = VERTEX_POINT('',#2711);
#2711 = CARTESIAN_POINT('',(-1.,4.9,18.5));
#2712 = LINE('',#2713,#2714);
#2713 = CARTESIAN_POINT('',(-3.1,4.9,18.5));
#2714 = VECTOR('',#2715,1.);
#2715 = DIRECTION('',(1.,0.,-0.));
#2716 = ORIENTED_EDGE('',*,*,#2717,.F.);
#2717 = EDGE_CURVE('',#2686,#2710,#2718,.T.);
#2718 = LINE('',#2719,#2720);
#2719 = CARTESIAN_POINT('',(-1.,1.45,18.5));
#2720 = VECTOR('',#2721,1.);
#2721 = DIRECTION('',(0.,-1.,0.));
#2722 = PLANE('',#2723);
#2723 = AXIS2_PLACEMENT_3D('',#2724,#2725,#2726);
#2724 = CARTESIAN_POINT('',(-3.1,4.9,18.5));
#2725 = DIRECTION('',(0.,0.,1.));
#2726 = DIRECTION('',(1.,0.,-0.));
#2727 = ADVANCED_FACE('',(#2728),#2739,.T.);
#2728 = FACE_BOUND('',#2729,.T.);
#2729 = EDGE_LOOP('',(#2730,#2731,#2732,#2733));
#2730 = ORIENTED_EDGE('',*,*,#2661,.F.);
#2731 = ORIENTED_EDGE('',*,*,#697,.T.);
#2732 = ORIENTED_EDGE('',*,*,#2709,.T.);
#2733 = ORIENTED_EDGE('',*,*,#2734,.F.);
#2734 = EDGE_CURVE('',#2662,#2710,#2735,.T.);
#2735 = LINE('',#2736,#2737);
#2736 = CARTESIAN_POINT('',(-1.,4.9,1.75));
#2737 = VECTOR('',#2738,1.);
#2738 = DIRECTION('',(0.,0.,1.));
#2739 = PLANE('',#2740);
#2740 = AXIS2_PLACEMENT_3D('',#2741,#2742,#2743);
#2741 = CARTESIAN_POINT('',(-3.1,4.9,7.5));
#2742 = DIRECTION('',(-0.,1.,0.));
#2743 = DIRECTION('',(0.,0.,1.));
#2744 = ADVANCED_FACE('',(#2745),#2770,.T.);
#2745 = FACE_BOUND('',#2746,.T.);
#2746 = EDGE_LOOP('',(#2747,#2755,#2756,#2764));
#2747 = ORIENTED_EDGE('',*,*,#2748,.F.);
#2748 = EDGE_CURVE('',#722,#2749,#2751,.T.);
#2749 = VERTEX_POINT('',#2750);
#2750 = CARTESIAN_POINT('',(-1.,3.1,7.5));
#2751 = LINE('',#2752,#2753);
#2752 = CARTESIAN_POINT('',(-3.1,3.1,7.5));
#2753 = VECTOR('',#2754,1.);
#2754 = DIRECTION('',(1.,0.,-0.));
#2755 = ORIENTED_EDGE('',*,*,#721,.T.);
#2756 = ORIENTED_EDGE('',*,*,#2757,.T.);
#2757 = EDGE_CURVE('',#724,#2758,#2760,.T.);
#2758 = VERTEX_POINT('',#2759);
#2759 = CARTESIAN_POINT('',(-1.,1.5,7.5));
#2760 = LINE('',#2761,#2762);
#2761 = CARTESIAN_POINT('',(-3.1,1.5,7.5));
#2762 = VECTOR('',#2763,1.);
#2763 = DIRECTION('',(1.,0.,-0.));
#2764 = ORIENTED_EDGE('',*,*,#2765,.F.);
#2765 = EDGE_CURVE('',#2749,#2758,#2766,.T.);
#2766 = LINE('',#2767,#2768);
#2767 = CARTESIAN_POINT('',(-1.,-0.25,7.5));
#2768 = VECTOR('',#2769,1.);
#2769 = DIRECTION('',(0.,-1.,0.));
#2770 = PLANE('',#2771);
#2771 = AXIS2_PLACEMENT_3D('',#2772,#2773,#2774);
#2772 = CARTESIAN_POINT('',(-3.1,1.5,7.5));
#2773 = DIRECTION('',(0.,0.,1.));
#2774 = DIRECTION('',(1.,0.,-0.));
#2775 = ADVANCED_FACE('',(#2776),#2794,.F.);
#2776 = FACE_BOUND('',#2777,.F.);
#2777 = EDGE_LOOP('',(#2778,#2779,#2780,#2788));
#2778 = ORIENTED_EDGE('',*,*,#2748,.F.);
#2779 = ORIENTED_EDGE('',*,*,#747,.T.);
#2780 = ORIENTED_EDGE('',*,*,#2781,.T.);
#2781 = EDGE_CURVE('',#740,#2782,#2784,.T.);
#2782 = VERTEX_POINT('',#2783);
#2783 = CARTESIAN_POINT('',(-1.,3.1,18.5));
#2784 = LINE('',#2785,#2786);
#2785 = CARTESIAN_POINT('',(-3.1,3.1,18.5));
#2786 = VECTOR('',#2787,1.);
#2787 = DIRECTION('',(1.,0.,-0.));
#2788 = ORIENTED_EDGE('',*,*,#2789,.F.);
#2789 = EDGE_CURVE('',#2749,#2782,#2790,.T.);
#2790 = LINE('',#2791,#2792);
#2791 = CARTESIAN_POINT('',(-1.,3.1,1.75));
#2792 = VECTOR('',#2793,1.);
#2793 = DIRECTION('',(0.,0.,1.));
#2794 = PLANE('',#2795);
#2795 = AXIS2_PLACEMENT_3D('',#2796,#2797,#2798);
#2796 = CARTESIAN_POINT('',(-3.1,3.1,7.5));
#2797 = DIRECTION('',(-0.,1.,0.));
#2798 = DIRECTION('',(0.,0.,1.));
#2799 = ADVANCED_FACE('',(#2800),#2818,.F.);
#2800 = FACE_BOUND('',#2801,.F.);
#2801 = EDGE_LOOP('',(#2802,#2803,#2804,#2812));
#2802 = ORIENTED_EDGE('',*,*,#2781,.F.);
#2803 = ORIENTED_EDGE('',*,*,#739,.T.);
#2804 = ORIENTED_EDGE('',*,*,#2805,.T.);
#2805 = EDGE_CURVE('',#732,#2806,#2808,.T.);
#2806 = VERTEX_POINT('',#2807);
#2807 = CARTESIAN_POINT('',(-1.,1.5,18.5));
#2808 = LINE('',#2809,#2810);
#2809 = CARTESIAN_POINT('',(-3.1,1.5,18.5));
#2810 = VECTOR('',#2811,1.);
#2811 = DIRECTION('',(1.,0.,-0.));
#2812 = ORIENTED_EDGE('',*,*,#2813,.F.);
#2813 = EDGE_CURVE('',#2782,#2806,#2814,.T.);
#2814 = LINE('',#2815,#2816);
#2815 = CARTESIAN_POINT('',(-1.,-0.25,18.5));
#2816 = VECTOR('',#2817,1.);
#2817 = DIRECTION('',(0.,-1.,0.));
#2818 = PLANE('',#2819);
#2819 = AXIS2_PLACEMENT_3D('',#2820,#2821,#2822);
#2820 = CARTESIAN_POINT('',(-3.1,1.5,18.5));
#2821 = DIRECTION('',(0.,0.,1.));
#2822 = DIRECTION('',(1.,0.,-0.));
#2823 = ADVANCED_FACE('',(#2824),#2835,.T.);
#2824 = FACE_BOUND('',#2825,.T.);
#2825 = EDGE_LOOP('',(#2826,#2827,#2828,#2829));
#2826 = ORIENTED_EDGE('',*,*,#2757,.F.);
#2827 = ORIENTED_EDGE('',*,*,#731,.T.);
#2828 = ORIENTED_EDGE('',*,*,#2805,.T.);
#2829 = ORIENTED_EDGE('',*,*,#2830,.F.);
#2830 = EDGE_CURVE('',#2758,#2806,#2831,.T.);
#2831 = LINE('',#2832,#2833);
#2832 = CARTESIAN_POINT('',(-1.,1.5,1.75));
#2833 = VECTOR('',#2834,1.);
#2834 = DIRECTION('',(0.,0.,1.));
#2835 = PLANE('',#2836);
#2836 = AXIS2_PLACEMENT_3D('',#2837,#2838,#2839);
#2837 = CARTESIAN_POINT('',(-3.1,1.5,7.5));
#2838 = DIRECTION('',(-0.,1.,0.));
#2839 = DIRECTION('',(0.,0.,1.));
#2840 = ADVANCED_FACE('',(#2841),#2860,.T.);
#2841 = FACE_BOUND('',#2842,.T.);
#2842 = EDGE_LOOP('',(#2843,#2851,#2852,#2853));
#2843 = ORIENTED_EDGE('',*,*,#2844,.F.);
#2844 = EDGE_CURVE('',#763,#2845,#2847,.T.);
#2845 = VERTEX_POINT('',#2846);
#2846 = CARTESIAN_POINT('',(1.,-3.2,-6.));
#2847 = LINE('',#2848,#2849);
#2848 = CARTESIAN_POINT('',(1.,-3.6,-5.6));
#2849 = VECTOR('',#2850,1.);
#2850 = DIRECTION('',(-0.,0.707106781187,-0.707106781187));
#2851 = ORIENTED_EDGE('',*,*,#762,.T.);
#2852 = ORIENTED_EDGE('',*,*,#810,.T.);
#2853 = ORIENTED_EDGE('',*,*,#2854,.F.);
#2854 = EDGE_CURVE('',#2845,#811,#2855,.T.);
#2855 = CIRCLE('',#2856,3.2);
#2856 = AXIS2_PLACEMENT_3D('',#2857,#2858,#2859);
#2857 = CARTESIAN_POINT('',(1.,-8.881784197001E-16,-6.));
#2858 = DIRECTION('',(-0.,0.,-1.));
#2859 = DIRECTION('',(-2.498001805407E-16,-1.,0.));
#2860 = CONICAL_SURFACE('',#2861,4.,0.785398163397);
#2861 = AXIS2_PLACEMENT_3D('',#2862,#2863,#2864);
#2862 = CARTESIAN_POINT('',(1.,-8.881784197001E-16,-5.2));
#2863 = DIRECTION('',(0.,0.,1.));
#2864 = DIRECTION('',(-2.498001805407E-16,-1.,0.));
#2865 = ADVANCED_FACE('',(#2866,#2914,#2984,#3054,#3088,#3122,#3156,
    #3190,#3224,#3258,#3292,#3326,#3396,#3466,#3500,#3534,#3568),#3602,
  .F.);
#2866 = FACE_BOUND('',#2867,.F.);
#2867 = EDGE_LOOP('',(#2868,#2876,#2877,#2885,#2893,#2899,#2900,#2908));
#2868 = ORIENTED_EDGE('',*,*,#2869,.T.);
#2869 = EDGE_CURVE('',#2870,#763,#2872,.T.);
#2870 = VERTEX_POINT('',#2871);
#2871 = CARTESIAN_POINT('',(84.,-4.,-5.2));
#2872 = LINE('',#2873,#2874);
#2873 = CARTESIAN_POINT('',(84.,-4.,-5.2));
#2874 = VECTOR('',#2875,1.);
#2875 = DIRECTION('',(-1.,-0.,0.));
#2876 = ORIENTED_EDGE('',*,*,#771,.T.);
#2877 = ORIENTED_EDGE('',*,*,#2878,.T.);
#2878 = EDGE_CURVE('',#772,#2879,#2881,.T.);
#2879 = VERTEX_POINT('',#2880);
#2880 = CARTESIAN_POINT('',(2.6,-4.,8.));
#2881 = LINE('',#2882,#2883);
#2882 = CARTESIAN_POINT('',(-1.,-4.,8.));
#2883 = VECTOR('',#2884,1.);
#2884 = DIRECTION('',(1.,0.,-0.));
#2885 = ORIENTED_EDGE('',*,*,#2886,.F.);
#2886 = EDGE_CURVE('',#2887,#2879,#2889,.T.);
#2887 = VERTEX_POINT('',#2888);
#2888 = CARTESIAN_POINT('',(2.6,-4.,14.5));
#2889 = LINE('',#2890,#2891);
#2890 = CARTESIAN_POINT('',(2.6,-4.,1.));
#2891 = VECTOR('',#2892,1.);
#2892 = DIRECTION('',(-0.,0.,-1.));
#2893 = ORIENTED_EDGE('',*,*,#2894,.F.);
#2894 = EDGE_CURVE('',#780,#2887,#2895,.T.);
#2895 = LINE('',#2896,#2897);
#2896 = CARTESIAN_POINT('',(-1.,-4.,14.5));
#2897 = VECTOR('',#2898,1.);
#2898 = DIRECTION('',(1.,0.,-0.));
#2899 = ORIENTED_EDGE('',*,*,#787,.T.);
#2900 = ORIENTED_EDGE('',*,*,#2901,.T.);
#2901 = EDGE_CURVE('',#788,#2902,#2904,.T.);
#2902 = VERTEX_POINT('',#2903);
#2903 = CARTESIAN_POINT('',(84.,-4.,20.));
#2904 = LINE('',#2905,#2906);
#2905 = CARTESIAN_POINT('',(-3.,-4.,20.));
#2906 = VECTOR('',#2907,1.);
#2907 = DIRECTION('',(1.,0.,-0.));
#2908 = ORIENTED_EDGE('',*,*,#2909,.F.);
#2909 = EDGE_CURVE('',#2870,#2902,#2910,.T.);
#2910 = LINE('',#2911,#2912);
#2911 = CARTESIAN_POINT('',(84.,-4.,-6.));
#2912 = VECTOR('',#2913,1.);
#2913 = DIRECTION('',(0.,0.,1.));
#2914 = FACE_BOUND('',#2915,.F.);
#2915 = EDGE_LOOP('',(#2916,#2927,#2935,#2944,#2952,#2961,#2969,#2978));
#2916 = ORIENTED_EDGE('',*,*,#2917,.F.);
#2917 = EDGE_CURVE('',#2918,#2920,#2922,.T.);
#2918 = VERTEX_POINT('',#2919);
#2919 = CARTESIAN_POINT('',(4.7,-4.,4.38));
#2920 = VERTEX_POINT('',#2921);
#2921 = CARTESIAN_POINT('',(6.9,-4.,6.58));
#2922 = CIRCLE('',#2923,2.2);
#2923 = AXIS2_PLACEMENT_3D('',#2924,#2925,#2926);
#2924 = CARTESIAN_POINT('',(6.9,-4.,4.38));
#2925 = DIRECTION('',(-0.,1.,0.));
#2926 = DIRECTION('',(-1.,-0.,0.));
#2927 = ORIENTED_EDGE('',*,*,#2928,.T.);
#2928 = EDGE_CURVE('',#2918,#2929,#2931,.T.);
#2929 = VERTEX_POINT('',#2930);
#2930 = CARTESIAN_POINT('',(4.7,-4.,1.38));
#2931 = LINE('',#2932,#2933);
#2932 = CARTESIAN_POINT('',(4.7,-4.,-3.41));
#2933 = VECTOR('',#2934,1.);
#2934 = DIRECTION('',(-0.,0.,-1.));
#2935 = ORIENTED_EDGE('',*,*,#2936,.F.);
#2936 = EDGE_CURVE('',#2937,#2929,#2939,.T.);
#2937 = VERTEX_POINT('',#2938);
#2938 = CARTESIAN_POINT('',(6.9,-4.,-0.82));
#2939 = CIRCLE('',#2940,2.2);
#2940 = AXIS2_PLACEMENT_3D('',#2941,#2942,#2943);
#2941 = CARTESIAN_POINT('',(6.9,-4.,1.38));
#2942 = DIRECTION('',(-0.,1.,0.));
#2943 = DIRECTION('',(-1.,-0.,0.));
#2944 = ORIENTED_EDGE('',*,*,#2945,.T.);
#2945 = EDGE_CURVE('',#2937,#2946,#2948,.T.);
#2946 = VERTEX_POINT('',#2947);
#2947 = CARTESIAN_POINT('',(15.5,-4.,-0.82));
#2948 = LINE('',#2949,#2950);
#2949 = CARTESIAN_POINT('',(0.85,-4.,-0.82));
#2950 = VECTOR('',#2951,1.);
#2951 = DIRECTION('',(1.,0.,-0.));
#2952 = ORIENTED_EDGE('',*,*,#2953,.F.);
#2953 = EDGE_CURVE('',#2954,#2946,#2956,.T.);
#2954 = VERTEX_POINT('',#2955);
#2955 = CARTESIAN_POINT('',(17.7,-4.,1.38));
#2956 = CIRCLE('',#2957,2.2);
#2957 = AXIS2_PLACEMENT_3D('',#2958,#2959,#2960);
#2958 = CARTESIAN_POINT('',(15.5,-4.,1.38));
#2959 = DIRECTION('',(0.,1.,0.));
#2960 = DIRECTION('',(1.,0.,-0.));
#2961 = ORIENTED_EDGE('',*,*,#2962,.F.);
#2962 = EDGE_CURVE('',#2963,#2954,#2965,.T.);
#2963 = VERTEX_POINT('',#2964);
#2964 = CARTESIAN_POINT('',(17.7,-4.,4.38));
#2965 = LINE('',#2966,#2967);
#2966 = CARTESIAN_POINT('',(17.7,-4.,-3.41));
#2967 = VECTOR('',#2968,1.);
#2968 = DIRECTION('',(-0.,0.,-1.));
#2969 = ORIENTED_EDGE('',*,*,#2970,.F.);
#2970 = EDGE_CURVE('',#2971,#2963,#2973,.T.);
#2971 = VERTEX_POINT('',#2972);
#2972 = CARTESIAN_POINT('',(15.5,-4.,6.58));
#2973 = CIRCLE('',#2974,2.2);
#2974 = AXIS2_PLACEMENT_3D('',#2975,#2976,#2977);
#2975 = CARTESIAN_POINT('',(15.5,-4.,4.38));
#2976 = DIRECTION('',(0.,1.,0.));
#2977 = DIRECTION('',(1.,0.,-0.));
#2978 = ORIENTED_EDGE('',*,*,#2979,.F.);
#2979 = EDGE_CURVE('',#2920,#2971,#2980,.T.);
#2980 = LINE('',#2981,#2982);
#2981 = CARTESIAN_POINT('',(0.85,-4.,6.58));
#2982 = VECTOR('',#2983,1.);
#2983 = DIRECTION('',(1.,0.,-0.));
#2984 = FACE_BOUND('',#2985,.F.);
#2985 = EDGE_LOOP('',(#2986,#2997,#3005,#3014,#3022,#3031,#3039,#3048));
#2986 = ORIENTED_EDGE('',*,*,#2987,.F.);
#2987 = EDGE_CURVE('',#2988,#2990,#2992,.T.);
#2988 = VERTEX_POINT('',#2989);
#2989 = CARTESIAN_POINT('',(20.3,-4.,4.75));
#2990 = VERTEX_POINT('',#2991);
#2991 = CARTESIAN_POINT('',(22.3,-4.,6.75));
#2992 = CIRCLE('',#2993,2.);
#2993 = AXIS2_PLACEMENT_3D('',#2994,#2995,#2996);
#2994 = CARTESIAN_POINT('',(22.3,-4.,4.75));
#2995 = DIRECTION('',(-0.,1.,0.));
#2996 = DIRECTION('',(-1.,-0.,0.));
#2997 = ORIENTED_EDGE('',*,*,#2998,.T.);
#2998 = EDGE_CURVE('',#2988,#2999,#3001,.T.);
#2999 = VERTEX_POINT('',#3000);
#3000 = CARTESIAN_POINT('',(20.3,-4.,1.15));
#3001 = LINE('',#3002,#3003);
#3002 = CARTESIAN_POINT('',(20.3,-4.,-3.425));
#3003 = VECTOR('',#3004,1.);
#3004 = DIRECTION('',(-0.,0.,-1.));
#3005 = ORIENTED_EDGE('',*,*,#3006,.F.);
#3006 = EDGE_CURVE('',#3007,#2999,#3009,.T.);
#3007 = VERTEX_POINT('',#3008);
#3008 = CARTESIAN_POINT('',(22.3,-4.,-0.85));
#3009 = CIRCLE('',#3010,2.);
#3010 = AXIS2_PLACEMENT_3D('',#3011,#3012,#3013);
#3011 = CARTESIAN_POINT('',(22.3,-4.,1.15));
#3012 = DIRECTION('',(-0.,1.,0.));
#3013 = DIRECTION('',(-1.,-0.,0.));
#3014 = ORIENTED_EDGE('',*,*,#3015,.T.);
#3015 = EDGE_CURVE('',#3007,#3016,#3018,.T.);
#3016 = VERTEX_POINT('',#3017);
#3017 = CARTESIAN_POINT('',(29.7,-4.,-0.85));
#3018 = LINE('',#3019,#3020);
#3019 = CARTESIAN_POINT('',(8.65,-4.,-0.85));
#3020 = VECTOR('',#3021,1.);
#3021 = DIRECTION('',(1.,0.,-0.));
#3022 = ORIENTED_EDGE('',*,*,#3023,.F.);
#3023 = EDGE_CURVE('',#3024,#3016,#3026,.T.);
#3024 = VERTEX_POINT('',#3025);
#3025 = CARTESIAN_POINT('',(31.7,-4.,1.15));
#3026 = CIRCLE('',#3027,2.);
#3027 = AXIS2_PLACEMENT_3D('',#3028,#3029,#3030);
#3028 = CARTESIAN_POINT('',(29.7,-4.,1.15));
#3029 = DIRECTION('',(0.,1.,0.));
#3030 = DIRECTION('',(1.,0.,-0.));
#3031 = ORIENTED_EDGE('',*,*,#3032,.F.);
#3032 = EDGE_CURVE('',#3033,#3024,#3035,.T.);
#3033 = VERTEX_POINT('',#3034);
#3034 = CARTESIAN_POINT('',(31.7,-4.,4.75));
#3035 = LINE('',#3036,#3037);
#3036 = CARTESIAN_POINT('',(31.7,-4.,-3.425));
#3037 = VECTOR('',#3038,1.);
#3038 = DIRECTION('',(-0.,0.,-1.));
#3039 = ORIENTED_EDGE('',*,*,#3040,.F.);
#3040 = EDGE_CURVE('',#3041,#3033,#3043,.T.);
#3041 = VERTEX_POINT('',#3042);
#3042 = CARTESIAN_POINT('',(29.7,-4.,6.75));
#3043 = CIRCLE('',#3044,2.);
#3044 = AXIS2_PLACEMENT_3D('',#3045,#3046,#3047);
#3045 = CARTESIAN_POINT('',(29.7,-4.,4.75));
#3046 = DIRECTION('',(0.,1.,0.));
#3047 = DIRECTION('',(1.,0.,-0.));
#3048 = ORIENTED_EDGE('',*,*,#3049,.F.);
#3049 = EDGE_CURVE('',#2990,#3041,#3050,.T.);
#3050 = LINE('',#3051,#3052);
#3051 = CARTESIAN_POINT('',(8.65,-4.,6.75));
#3052 = VECTOR('',#3053,1.);
#3053 = DIRECTION('',(1.,0.,-0.));
#3054 = FACE_BOUND('',#3055,.F.);
#3055 = EDGE_LOOP('',(#3056,#3066,#3074,#3082));
#3056 = ORIENTED_EDGE('',*,*,#3057,.F.);
#3057 = EDGE_CURVE('',#3058,#3060,#3062,.T.);
#3058 = VERTEX_POINT('',#3059);
#3059 = CARTESIAN_POINT('',(4.4,-4.,14.5));
#3060 = VERTEX_POINT('',#3061);
#3061 = CARTESIAN_POINT('',(6.,-4.,14.5));
#3062 = LINE('',#3063,#3064);
#3063 = CARTESIAN_POINT('',(0.7,-4.,14.5));
#3064 = VECTOR('',#3065,1.);
#3065 = DIRECTION('',(1.,0.,-0.));
#3066 = ORIENTED_EDGE('',*,*,#3067,.T.);
#3067 = EDGE_CURVE('',#3058,#3068,#3070,.T.);
#3068 = VERTEX_POINT('',#3069);
#3069 = CARTESIAN_POINT('',(4.4,-4.,8.));
#3070 = LINE('',#3071,#3072);
#3071 = CARTESIAN_POINT('',(4.4,-4.,1.));
#3072 = VECTOR('',#3073,1.);
#3073 = DIRECTION('',(-0.,0.,-1.));
#3074 = ORIENTED_EDGE('',*,*,#3075,.T.);
#3075 = EDGE_CURVE('',#3068,#3076,#3078,.T.);
#3076 = VERTEX_POINT('',#3077);
#3077 = CARTESIAN_POINT('',(6.,-4.,8.));
#3078 = LINE('',#3079,#3080);
#3079 = CARTESIAN_POINT('',(0.7,-4.,8.));
#3080 = VECTOR('',#3081,1.);
#3081 = DIRECTION('',(1.,0.,-0.));
#3082 = ORIENTED_EDGE('',*,*,#3083,.F.);
#3083 = EDGE_CURVE('',#3060,#3076,#3084,.T.);
#3084 = LINE('',#3085,#3086);
#3085 = CARTESIAN_POINT('',(6.,-4.,1.));
#3086 = VECTOR('',#3087,1.);
#3087 = DIRECTION('',(-0.,0.,-1.));
#3088 = FACE_BOUND('',#3089,.F.);
#3089 = EDGE_LOOP('',(#3090,#3100,#3108,#3116));
#3090 = ORIENTED_EDGE('',*,*,#3091,.F.);
#3091 = EDGE_CURVE('',#3092,#3094,#3096,.T.);
#3092 = VERTEX_POINT('',#3093);
#3093 = CARTESIAN_POINT('',(7.8,-4.,14.5));
#3094 = VERTEX_POINT('',#3095);
#3095 = CARTESIAN_POINT('',(9.4,-4.,14.5));
#3096 = LINE('',#3097,#3098);
#3097 = CARTESIAN_POINT('',(2.4,-4.,14.5));
#3098 = VECTOR('',#3099,1.);
#3099 = DIRECTION('',(1.,0.,-0.));
#3100 = ORIENTED_EDGE('',*,*,#3101,.T.);
#3101 = EDGE_CURVE('',#3092,#3102,#3104,.T.);
#3102 = VERTEX_POINT('',#3103);
#3103 = CARTESIAN_POINT('',(7.8,-4.,8.));
#3104 = LINE('',#3105,#3106);
#3105 = CARTESIAN_POINT('',(7.8,-4.,1.));
#3106 = VECTOR('',#3107,1.);
#3107 = DIRECTION('',(-0.,0.,-1.));
#3108 = ORIENTED_EDGE('',*,*,#3109,.T.);
#3109 = EDGE_CURVE('',#3102,#3110,#3112,.T.);
#3110 = VERTEX_POINT('',#3111);
#3111 = CARTESIAN_POINT('',(9.4,-4.,8.));
#3112 = LINE('',#3113,#3114);
#3113 = CARTESIAN_POINT('',(2.4,-4.,8.));
#3114 = VECTOR('',#3115,1.);
#3115 = DIRECTION('',(1.,0.,-0.));
#3116 = ORIENTED_EDGE('',*,*,#3117,.F.);
#3117 = EDGE_CURVE('',#3094,#3110,#3118,.T.);
#3118 = LINE('',#3119,#3120);
#3119 = CARTESIAN_POINT('',(9.4,-4.,1.));
#3120 = VECTOR('',#3121,1.);
#3121 = DIRECTION('',(-0.,0.,-1.));
#3122 = FACE_BOUND('',#3123,.F.);
#3123 = EDGE_LOOP('',(#3124,#3134,#3142,#3150));
#3124 = ORIENTED_EDGE('',*,*,#3125,.F.);
#3125 = EDGE_CURVE('',#3126,#3128,#3130,.T.);
#3126 = VERTEX_POINT('',#3127);
#3127 = CARTESIAN_POINT('',(11.2,-4.,14.5));
#3128 = VERTEX_POINT('',#3129);
#3129 = CARTESIAN_POINT('',(12.8,-4.,14.5));
#3130 = LINE('',#3131,#3132);
#3131 = CARTESIAN_POINT('',(4.1,-4.,14.5));
#3132 = VECTOR('',#3133,1.);
#3133 = DIRECTION('',(1.,0.,-0.));
#3134 = ORIENTED_EDGE('',*,*,#3135,.T.);
#3135 = EDGE_CURVE('',#3126,#3136,#3138,.T.);
#3136 = VERTEX_POINT('',#3137);
#3137 = CARTESIAN_POINT('',(11.2,-4.,8.));
#3138 = LINE('',#3139,#3140);
#3139 = CARTESIAN_POINT('',(11.2,-4.,1.));
#3140 = VECTOR('',#3141,1.);
#3141 = DIRECTION('',(-0.,0.,-1.));
#3142 = ORIENTED_EDGE('',*,*,#3143,.T.);
#3143 = EDGE_CURVE('',#3136,#3144,#3146,.T.);
#3144 = VERTEX_POINT('',#3145);
#3145 = CARTESIAN_POINT('',(12.8,-4.,8.));
#3146 = LINE('',#3147,#3148);
#3147 = CARTESIAN_POINT('',(4.1,-4.,8.));
#3148 = VECTOR('',#3149,1.);
#3149 = DIRECTION('',(1.,0.,-0.));
#3150 = ORIENTED_EDGE('',*,*,#3151,.F.);
#3151 = EDGE_CURVE('',#3128,#3144,#3152,.T.);
#3152 = LINE('',#3153,#3154);
#3153 = CARTESIAN_POINT('',(12.8,-4.,1.));
#3154 = VECTOR('',#3155,1.);
#3155 = DIRECTION('',(-0.,0.,-1.));
#3156 = FACE_BOUND('',#3157,.F.);
#3157 = EDGE_LOOP('',(#3158,#3168,#3176,#3184));
#3158 = ORIENTED_EDGE('',*,*,#3159,.F.);
#3159 = EDGE_CURVE('',#3160,#3162,#3164,.T.);
#3160 = VERTEX_POINT('',#3161);
#3161 = CARTESIAN_POINT('',(14.6,-4.,14.5));
#3162 = VERTEX_POINT('',#3163);
#3163 = CARTESIAN_POINT('',(16.2,-4.,14.5));
#3164 = LINE('',#3165,#3166);
#3165 = CARTESIAN_POINT('',(5.8,-4.,14.5));
#3166 = VECTOR('',#3167,1.);
#3167 = DIRECTION('',(1.,0.,-0.));
#3168 = ORIENTED_EDGE('',*,*,#3169,.T.);
#3169 = EDGE_CURVE('',#3160,#3170,#3172,.T.);
#3170 = VERTEX_POINT('',#3171);
#3171 = CARTESIAN_POINT('',(14.6,-4.,8.));
#3172 = LINE('',#3173,#3174);
#3173 = CARTESIAN_POINT('',(14.6,-4.,1.));
#3174 = VECTOR('',#3175,1.);
#3175 = DIRECTION('',(-0.,0.,-1.));
#3176 = ORIENTED_EDGE('',*,*,#3177,.T.);
#3177 = EDGE_CURVE('',#3170,#3178,#3180,.T.);
#3178 = VERTEX_POINT('',#3179);
#3179 = CARTESIAN_POINT('',(16.2,-4.,8.));
#3180 = LINE('',#3181,#3182);
#3181 = CARTESIAN_POINT('',(5.8,-4.,8.));
#3182 = VECTOR('',#3183,1.);
#3183 = DIRECTION('',(1.,0.,-0.));
#3184 = ORIENTED_EDGE('',*,*,#3185,.F.);
#3185 = EDGE_CURVE('',#3162,#3178,#3186,.T.);
#3186 = LINE('',#3187,#3188);
#3187 = CARTESIAN_POINT('',(16.2,-4.,1.));
#3188 = VECTOR('',#3189,1.);
#3189 = DIRECTION('',(-0.,0.,-1.));
#3190 = FACE_BOUND('',#3191,.F.);
#3191 = EDGE_LOOP('',(#3192,#3202,#3210,#3218));
#3192 = ORIENTED_EDGE('',*,*,#3193,.F.);
#3193 = EDGE_CURVE('',#3194,#3196,#3198,.T.);
#3194 = VERTEX_POINT('',#3195);
#3195 = CARTESIAN_POINT('',(18.,-4.,14.5));
#3196 = VERTEX_POINT('',#3197);
#3197 = CARTESIAN_POINT('',(19.6,-4.,14.5));
#3198 = LINE('',#3199,#3200);
#3199 = CARTESIAN_POINT('',(7.5,-4.,14.5));
#3200 = VECTOR('',#3201,1.);
#3201 = DIRECTION('',(1.,0.,-0.));
#3202 = ORIENTED_EDGE('',*,*,#3203,.T.);
#3203 = EDGE_CURVE('',#3194,#3204,#3206,.T.);
#3204 = VERTEX_POINT('',#3205);
#3205 = CARTESIAN_POINT('',(18.,-4.,8.));
#3206 = LINE('',#3207,#3208);
#3207 = CARTESIAN_POINT('',(18.,-4.,1.));
#3208 = VECTOR('',#3209,1.);
#3209 = DIRECTION('',(-0.,0.,-1.));
#3210 = ORIENTED_EDGE('',*,*,#3211,.T.);
#3211 = EDGE_CURVE('',#3204,#3212,#3214,.T.);
#3212 = VERTEX_POINT('',#3213);
#3213 = CARTESIAN_POINT('',(19.6,-4.,8.));
#3214 = LINE('',#3215,#3216);
#3215 = CARTESIAN_POINT('',(7.5,-4.,8.));
#3216 = VECTOR('',#3217,1.);
#3217 = DIRECTION('',(1.,0.,-0.));
#3218 = ORIENTED_EDGE('',*,*,#3219,.F.);
#3219 = EDGE_CURVE('',#3196,#3212,#3220,.T.);
#3220 = LINE('',#3221,#3222);
#3221 = CARTESIAN_POINT('',(19.6,-4.,1.));
#3222 = VECTOR('',#3223,1.);
#3223 = DIRECTION('',(-0.,0.,-1.));
#3224 = FACE_BOUND('',#3225,.F.);
#3225 = EDGE_LOOP('',(#3226,#3236,#3244,#3252));
#3226 = ORIENTED_EDGE('',*,*,#3227,.F.);
#3227 = EDGE_CURVE('',#3228,#3230,#3232,.T.);
#3228 = VERTEX_POINT('',#3229);
#3229 = CARTESIAN_POINT('',(21.4,-4.,14.5));
#3230 = VERTEX_POINT('',#3231);
#3231 = CARTESIAN_POINT('',(23.,-4.,14.5));
#3232 = LINE('',#3233,#3234);
#3233 = CARTESIAN_POINT('',(9.2,-4.,14.5));
#3234 = VECTOR('',#3235,1.);
#3235 = DIRECTION('',(1.,0.,-0.));
#3236 = ORIENTED_EDGE('',*,*,#3237,.T.);
#3237 = EDGE_CURVE('',#3228,#3238,#3240,.T.);
#3238 = VERTEX_POINT('',#3239);
#3239 = CARTESIAN_POINT('',(21.4,-4.,8.));
#3240 = LINE('',#3241,#3242);
#3241 = CARTESIAN_POINT('',(21.4,-4.,1.));
#3242 = VECTOR('',#3243,1.);
#3243 = DIRECTION('',(-0.,0.,-1.));
#3244 = ORIENTED_EDGE('',*,*,#3245,.T.);
#3245 = EDGE_CURVE('',#3238,#3246,#3248,.T.);
#3246 = VERTEX_POINT('',#3247);
#3247 = CARTESIAN_POINT('',(23.,-4.,8.));
#3248 = LINE('',#3249,#3250);
#3249 = CARTESIAN_POINT('',(9.2,-4.,8.));
#3250 = VECTOR('',#3251,1.);
#3251 = DIRECTION('',(1.,0.,-0.));
#3252 = ORIENTED_EDGE('',*,*,#3253,.F.);
#3253 = EDGE_CURVE('',#3230,#3246,#3254,.T.);
#3254 = LINE('',#3255,#3256);
#3255 = CARTESIAN_POINT('',(23.,-4.,1.));
#3256 = VECTOR('',#3257,1.);
#3257 = DIRECTION('',(-0.,0.,-1.));
#3258 = FACE_BOUND('',#3259,.F.);
#3259 = EDGE_LOOP('',(#3260,#3270,#3278,#3286));
#3260 = ORIENTED_EDGE('',*,*,#3261,.F.);
#3261 = EDGE_CURVE('',#3262,#3264,#3266,.T.);
#3262 = VERTEX_POINT('',#3263);
#3263 = CARTESIAN_POINT('',(24.8,-4.,14.5));
#3264 = VERTEX_POINT('',#3265);
#3265 = CARTESIAN_POINT('',(26.4,-4.,14.5));
#3266 = LINE('',#3267,#3268);
#3267 = CARTESIAN_POINT('',(10.9,-4.,14.5));
#3268 = VECTOR('',#3269,1.);
#3269 = DIRECTION('',(1.,0.,-0.));
#3270 = ORIENTED_EDGE('',*,*,#3271,.T.);
#3271 = EDGE_CURVE('',#3262,#3272,#3274,.T.);
#3272 = VERTEX_POINT('',#3273);
#3273 = CARTESIAN_POINT('',(24.8,-4.,8.));
#3274 = LINE('',#3275,#3276);
#3275 = CARTESIAN_POINT('',(24.8,-4.,1.));
#3276 = VECTOR('',#3277,1.);
#3277 = DIRECTION('',(-0.,0.,-1.));
#3278 = ORIENTED_EDGE('',*,*,#3279,.T.);
#3279 = EDGE_CURVE('',#3272,#3280,#3282,.T.);
#3280 = VERTEX_POINT('',#3281);
#3281 = CARTESIAN_POINT('',(26.4,-4.,8.));
#3282 = LINE('',#3283,#3284);
#3283 = CARTESIAN_POINT('',(10.9,-4.,8.));
#3284 = VECTOR('',#3285,1.);
#3285 = DIRECTION('',(1.,0.,-0.));
#3286 = ORIENTED_EDGE('',*,*,#3287,.F.);
#3287 = EDGE_CURVE('',#3264,#3280,#3288,.T.);
#3288 = LINE('',#3289,#3290);
#3289 = CARTESIAN_POINT('',(26.4,-4.,1.));
#3290 = VECTOR('',#3291,1.);
#3291 = DIRECTION('',(-0.,0.,-1.));
#3292 = FACE_BOUND('',#3293,.F.);
#3293 = EDGE_LOOP('',(#3294,#3304,#3312,#3320));
#3294 = ORIENTED_EDGE('',*,*,#3295,.F.);
#3295 = EDGE_CURVE('',#3296,#3298,#3300,.T.);
#3296 = VERTEX_POINT('',#3297);
#3297 = CARTESIAN_POINT('',(28.2,-4.,14.5));
#3298 = VERTEX_POINT('',#3299);
#3299 = CARTESIAN_POINT('',(29.8,-4.,14.5));
#3300 = LINE('',#3301,#3302);
#3301 = CARTESIAN_POINT('',(12.6,-4.,14.5));
#3302 = VECTOR('',#3303,1.);
#3303 = DIRECTION('',(1.,0.,-0.));
#3304 = ORIENTED_EDGE('',*,*,#3305,.T.);
#3305 = EDGE_CURVE('',#3296,#3306,#3308,.T.);
#3306 = VERTEX_POINT('',#3307);
#3307 = CARTESIAN_POINT('',(28.2,-4.,8.));
#3308 = LINE('',#3309,#3310);
#3309 = CARTESIAN_POINT('',(28.2,-4.,1.));
#3310 = VECTOR('',#3311,1.);
#3311 = DIRECTION('',(-0.,0.,-1.));
#3312 = ORIENTED_EDGE('',*,*,#3313,.T.);
#3313 = EDGE_CURVE('',#3306,#3314,#3316,.T.);
#3314 = VERTEX_POINT('',#3315);
#3315 = CARTESIAN_POINT('',(29.8,-4.,8.));
#3316 = LINE('',#3317,#3318);
#3317 = CARTESIAN_POINT('',(12.6,-4.,8.));
#3318 = VECTOR('',#3319,1.);
#3319 = DIRECTION('',(1.,0.,-0.));
#3320 = ORIENTED_EDGE('',*,*,#3321,.F.);
#3321 = EDGE_CURVE('',#3298,#3314,#3322,.T.);
#3322 = LINE('',#3323,#3324);
#3323 = CARTESIAN_POINT('',(29.8,-4.,1.));
#3324 = VECTOR('',#3325,1.);
#3325 = DIRECTION('',(-0.,0.,-1.));
#3326 = FACE_BOUND('',#3327,.F.);
#3327 = EDGE_LOOP('',(#3328,#3339,#3347,#3356,#3364,#3373,#3381,#3390));
#3328 = ORIENTED_EDGE('',*,*,#3329,.F.);
#3329 = EDGE_CURVE('',#3330,#3332,#3334,.T.);
#3330 = VERTEX_POINT('',#3331);
#3331 = CARTESIAN_POINT('',(33.8,-4.,4.75));
#3332 = VERTEX_POINT('',#3333);
#3333 = CARTESIAN_POINT('',(35.8,-4.,6.75));
#3334 = CIRCLE('',#3335,2.);
#3335 = AXIS2_PLACEMENT_3D('',#3336,#3337,#3338);
#3336 = CARTESIAN_POINT('',(35.8,-4.,4.75));
#3337 = DIRECTION('',(-0.,1.,0.));
#3338 = DIRECTION('',(-1.,-0.,0.));
#3339 = ORIENTED_EDGE('',*,*,#3340,.T.);
#3340 = EDGE_CURVE('',#3330,#3341,#3343,.T.);
#3341 = VERTEX_POINT('',#3342);
#3342 = CARTESIAN_POINT('',(33.8,-4.,1.15));
#3343 = LINE('',#3344,#3345);
#3344 = CARTESIAN_POINT('',(33.8,-4.,-3.425));
#3345 = VECTOR('',#3346,1.);
#3346 = DIRECTION('',(-0.,0.,-1.));
#3347 = ORIENTED_EDGE('',*,*,#3348,.F.);
#3348 = EDGE_CURVE('',#3349,#3341,#3351,.T.);
#3349 = VERTEX_POINT('',#3350);
#3350 = CARTESIAN_POINT('',(35.8,-4.,-0.85));
#3351 = CIRCLE('',#3352,2.);
#3352 = AXIS2_PLACEMENT_3D('',#3353,#3354,#3355);
#3353 = CARTESIAN_POINT('',(35.8,-4.,1.15));
#3354 = DIRECTION('',(-0.,1.,0.));
#3355 = DIRECTION('',(-1.,-0.,0.));
#3356 = ORIENTED_EDGE('',*,*,#3357,.T.);
#3357 = EDGE_CURVE('',#3349,#3358,#3360,.T.);
#3358 = VERTEX_POINT('',#3359);
#3359 = CARTESIAN_POINT('',(43.2,-4.,-0.85));
#3360 = LINE('',#3361,#3362);
#3361 = CARTESIAN_POINT('',(15.4,-4.,-0.85));
#3362 = VECTOR('',#3363,1.);
#3363 = DIRECTION('',(1.,0.,-0.));
#3364 = ORIENTED_EDGE('',*,*,#3365,.F.);
#3365 = EDGE_CURVE('',#3366,#3358,#3368,.T.);
#3366 = VERTEX_POINT('',#3367);
#3367 = CARTESIAN_POINT('',(45.2,-4.,1.15));
#3368 = CIRCLE('',#3369,2.);
#3369 = AXIS2_PLACEMENT_3D('',#3370,#3371,#3372);
#3370 = CARTESIAN_POINT('',(43.2,-4.,1.15));
#3371 = DIRECTION('',(0.,1.,0.));
#3372 = DIRECTION('',(1.,0.,-0.));
#3373 = ORIENTED_EDGE('',*,*,#3374,.F.);
#3374 = EDGE_CURVE('',#3375,#3366,#3377,.T.);
#3375 = VERTEX_POINT('',#3376);
#3376 = CARTESIAN_POINT('',(45.2,-4.,4.75));
#3377 = LINE('',#3378,#3379);
#3378 = CARTESIAN_POINT('',(45.2,-4.,-3.425));
#3379 = VECTOR('',#3380,1.);
#3380 = DIRECTION('',(-0.,0.,-1.));
#3381 = ORIENTED_EDGE('',*,*,#3382,.F.);
#3382 = EDGE_CURVE('',#3383,#3375,#3385,.T.);
#3383 = VERTEX_POINT('',#3384);
#3384 = CARTESIAN_POINT('',(43.2,-4.,6.75));
#3385 = CIRCLE('',#3386,2.);
#3386 = AXIS2_PLACEMENT_3D('',#3387,#3388,#3389);
#3387 = CARTESIAN_POINT('',(43.2,-4.,4.75));
#3388 = DIRECTION('',(0.,1.,0.));
#3389 = DIRECTION('',(1.,0.,-0.));
#3390 = ORIENTED_EDGE('',*,*,#3391,.F.);
#3391 = EDGE_CURVE('',#3332,#3383,#3392,.T.);
#3392 = LINE('',#3393,#3394);
#3393 = CARTESIAN_POINT('',(15.4,-4.,6.75));
#3394 = VECTOR('',#3395,1.);
#3395 = DIRECTION('',(1.,0.,-0.));
#3396 = FACE_BOUND('',#3397,.F.);
#3397 = EDGE_LOOP('',(#3398,#3409,#3417,#3426,#3434,#3443,#3451,#3460));
#3398 = ORIENTED_EDGE('',*,*,#3399,.F.);
#3399 = EDGE_CURVE('',#3400,#3402,#3404,.T.);
#3400 = VERTEX_POINT('',#3401);
#3401 = CARTESIAN_POINT('',(50.1,-4.,6.88));
#3402 = VERTEX_POINT('',#3403);
#3403 = CARTESIAN_POINT('',(51.6,-4.,8.38));
#3404 = CIRCLE('',#3405,1.5);
#3405 = AXIS2_PLACEMENT_3D('',#3406,#3407,#3408);
#3406 = CARTESIAN_POINT('',(51.6,-4.,6.88));
#3407 = DIRECTION('',(-0.,1.,0.));
#3408 = DIRECTION('',(-1.,-0.,0.));
#3409 = ORIENTED_EDGE('',*,*,#3410,.T.);
#3410 = EDGE_CURVE('',#3400,#3411,#3413,.T.);
#3411 = VERTEX_POINT('',#3412);
#3412 = CARTESIAN_POINT('',(50.1,-4.,1.98));
#3413 = LINE('',#3414,#3415);
#3414 = CARTESIAN_POINT('',(50.1,-4.,-2.76));
#3415 = VECTOR('',#3416,1.);
#3416 = DIRECTION('',(-0.,0.,-1.));
#3417 = ORIENTED_EDGE('',*,*,#3418,.F.);
#3418 = EDGE_CURVE('',#3419,#3411,#3421,.T.);
#3419 = VERTEX_POINT('',#3420);
#3420 = CARTESIAN_POINT('',(51.6,-4.,0.48));
#3421 = CIRCLE('',#3422,1.5);
#3422 = AXIS2_PLACEMENT_3D('',#3423,#3424,#3425);
#3423 = CARTESIAN_POINT('',(51.6,-4.,1.98));
#3424 = DIRECTION('',(-0.,1.,0.));
#3425 = DIRECTION('',(-1.,-0.,0.));
#3426 = ORIENTED_EDGE('',*,*,#3427,.T.);
#3427 = EDGE_CURVE('',#3419,#3428,#3430,.T.);
#3428 = VERTEX_POINT('',#3429);
#3429 = CARTESIAN_POINT('',(56.4,-4.,0.48));
#3430 = LINE('',#3431,#3432);
#3431 = CARTESIAN_POINT('',(23.55,-4.,0.48));
#3432 = VECTOR('',#3433,1.);
#3433 = DIRECTION('',(1.,0.,-0.));
#3434 = ORIENTED_EDGE('',*,*,#3435,.F.);
#3435 = EDGE_CURVE('',#3436,#3428,#3438,.T.);
#3436 = VERTEX_POINT('',#3437);
#3437 = CARTESIAN_POINT('',(57.9,-4.,1.98));
#3438 = CIRCLE('',#3439,1.5);
#3439 = AXIS2_PLACEMENT_3D('',#3440,#3441,#3442);
#3440 = CARTESIAN_POINT('',(56.4,-4.,1.98));
#3441 = DIRECTION('',(0.,1.,0.));
#3442 = DIRECTION('',(1.,0.,-0.));
#3443 = ORIENTED_EDGE('',*,*,#3444,.F.);
#3444 = EDGE_CURVE('',#3445,#3436,#3447,.T.);
#3445 = VERTEX_POINT('',#3446);
#3446 = CARTESIAN_POINT('',(57.9,-4.,6.88));
#3447 = LINE('',#3448,#3449);
#3448 = CARTESIAN_POINT('',(57.9,-4.,-2.76));
#3449 = VECTOR('',#3450,1.);
#3450 = DIRECTION('',(-0.,0.,-1.));
#3451 = ORIENTED_EDGE('',*,*,#3452,.F.);
#3452 = EDGE_CURVE('',#3453,#3445,#3455,.T.);
#3453 = VERTEX_POINT('',#3454);
#3454 = CARTESIAN_POINT('',(56.4,-4.,8.38));
#3455 = CIRCLE('',#3456,1.5);
#3456 = AXIS2_PLACEMENT_3D('',#3457,#3458,#3459);
#3457 = CARTESIAN_POINT('',(56.4,-4.,6.88));
#3458 = DIRECTION('',(0.,1.,0.));
#3459 = DIRECTION('',(1.,0.,-0.));
#3460 = ORIENTED_EDGE('',*,*,#3461,.F.);
#3461 = EDGE_CURVE('',#3402,#3453,#3462,.T.);
#3462 = LINE('',#3463,#3464);
#3463 = CARTESIAN_POINT('',(23.55,-4.,8.38));
#3464 = VECTOR('',#3465,1.);
#3465 = DIRECTION('',(1.,0.,-0.));
#3466 = FACE_BOUND('',#3467,.F.);
#3467 = EDGE_LOOP('',(#3468,#3478,#3486,#3494));
#3468 = ORIENTED_EDGE('',*,*,#3469,.F.);
#3469 = EDGE_CURVE('',#3470,#3472,#3474,.T.);
#3470 = VERTEX_POINT('',#3471);
#3471 = CARTESIAN_POINT('',(31.6,-4.,14.5));
#3472 = VERTEX_POINT('',#3473);
#3473 = CARTESIAN_POINT('',(33.2,-4.,14.5));
#3474 = LINE('',#3475,#3476);
#3475 = CARTESIAN_POINT('',(14.3,-4.,14.5));
#3476 = VECTOR('',#3477,1.);
#3477 = DIRECTION('',(1.,0.,-0.));
#3478 = ORIENTED_EDGE('',*,*,#3479,.T.);
#3479 = EDGE_CURVE('',#3470,#3480,#3482,.T.);
#3480 = VERTEX_POINT('',#3481);
#3481 = CARTESIAN_POINT('',(31.6,-4.,8.));
#3482 = LINE('',#3483,#3484);
#3483 = CARTESIAN_POINT('',(31.6,-4.,1.));
#3484 = VECTOR('',#3485,1.);
#3485 = DIRECTION('',(-0.,0.,-1.));
#3486 = ORIENTED_EDGE('',*,*,#3487,.T.);
#3487 = EDGE_CURVE('',#3480,#3488,#3490,.T.);
#3488 = VERTEX_POINT('',#3489);
#3489 = CARTESIAN_POINT('',(33.2,-4.,8.));
#3490 = LINE('',#3491,#3492);
#3491 = CARTESIAN_POINT('',(14.3,-4.,8.));
#3492 = VECTOR('',#3493,1.);
#3493 = DIRECTION('',(1.,0.,-0.));
#3494 = ORIENTED_EDGE('',*,*,#3495,.F.);
#3495 = EDGE_CURVE('',#3472,#3488,#3496,.T.);
#3496 = LINE('',#3497,#3498);
#3497 = CARTESIAN_POINT('',(33.2,-4.,1.));
#3498 = VECTOR('',#3499,1.);
#3499 = DIRECTION('',(-0.,0.,-1.));
#3500 = FACE_BOUND('',#3501,.F.);
#3501 = EDGE_LOOP('',(#3502,#3512,#3520,#3528));
#3502 = ORIENTED_EDGE('',*,*,#3503,.F.);
#3503 = EDGE_CURVE('',#3504,#3506,#3508,.T.);
#3504 = VERTEX_POINT('',#3505);
#3505 = CARTESIAN_POINT('',(35.,-4.,14.5));
#3506 = VERTEX_POINT('',#3507);
#3507 = CARTESIAN_POINT('',(36.6,-4.,14.5));
#3508 = LINE('',#3509,#3510);
#3509 = CARTESIAN_POINT('',(16.,-4.,14.5));
#3510 = VECTOR('',#3511,1.);
#3511 = DIRECTION('',(1.,0.,-0.));
#3512 = ORIENTED_EDGE('',*,*,#3513,.T.);
#3513 = EDGE_CURVE('',#3504,#3514,#3516,.T.);
#3514 = VERTEX_POINT('',#3515);
#3515 = CARTESIAN_POINT('',(35.,-4.,8.));
#3516 = LINE('',#3517,#3518);
#3517 = CARTESIAN_POINT('',(35.,-4.,1.));
#3518 = VECTOR('',#3519,1.);
#3519 = DIRECTION('',(-0.,0.,-1.));
#3520 = ORIENTED_EDGE('',*,*,#3521,.T.);
#3521 = EDGE_CURVE('',#3514,#3522,#3524,.T.);
#3522 = VERTEX_POINT('',#3523);
#3523 = CARTESIAN_POINT('',(36.6,-4.,8.));
#3524 = LINE('',#3525,#3526);
#3525 = CARTESIAN_POINT('',(16.,-4.,8.));
#3526 = VECTOR('',#3527,1.);
#3527 = DIRECTION('',(1.,0.,-0.));
#3528 = ORIENTED_EDGE('',*,*,#3529,.F.);
#3529 = EDGE_CURVE('',#3506,#3522,#3530,.T.);
#3530 = LINE('',#3531,#3532);
#3531 = CARTESIAN_POINT('',(36.6,-4.,1.));
#3532 = VECTOR('',#3533,1.);
#3533 = DIRECTION('',(-0.,0.,-1.));
#3534 = FACE_BOUND('',#3535,.F.);
#3535 = EDGE_LOOP('',(#3536,#3546,#3554,#3562));
#3536 = ORIENTED_EDGE('',*,*,#3537,.F.);
#3537 = EDGE_CURVE('',#3538,#3540,#3542,.T.);
#3538 = VERTEX_POINT('',#3539);
#3539 = CARTESIAN_POINT('',(38.4,-4.,14.5));
#3540 = VERTEX_POINT('',#3541);
#3541 = CARTESIAN_POINT('',(40.,-4.,14.5));
#3542 = LINE('',#3543,#3544);
#3543 = CARTESIAN_POINT('',(17.7,-4.,14.5));
#3544 = VECTOR('',#3545,1.);
#3545 = DIRECTION('',(1.,0.,-0.));
#3546 = ORIENTED_EDGE('',*,*,#3547,.T.);
#3547 = EDGE_CURVE('',#3538,#3548,#3550,.T.);
#3548 = VERTEX_POINT('',#3549);
#3549 = CARTESIAN_POINT('',(38.4,-4.,8.));
#3550 = LINE('',#3551,#3552);
#3551 = CARTESIAN_POINT('',(38.4,-4.,1.));
#3552 = VECTOR('',#3553,1.);
#3553 = DIRECTION('',(-0.,0.,-1.));
#3554 = ORIENTED_EDGE('',*,*,#3555,.T.);
#3555 = EDGE_CURVE('',#3548,#3556,#3558,.T.);
#3556 = VERTEX_POINT('',#3557);
#3557 = CARTESIAN_POINT('',(40.,-4.,8.));
#3558 = LINE('',#3559,#3560);
#3559 = CARTESIAN_POINT('',(17.7,-4.,8.));
#3560 = VECTOR('',#3561,1.);
#3561 = DIRECTION('',(1.,0.,-0.));
#3562 = ORIENTED_EDGE('',*,*,#3563,.F.);
#3563 = EDGE_CURVE('',#3540,#3556,#3564,.T.);
#3564 = LINE('',#3565,#3566);
#3565 = CARTESIAN_POINT('',(40.,-4.,1.));
#3566 = VECTOR('',#3567,1.);
#3567 = DIRECTION('',(-0.,0.,-1.));
#3568 = FACE_BOUND('',#3569,.F.);
#3569 = EDGE_LOOP('',(#3570,#3580,#3588,#3596));
#3570 = ORIENTED_EDGE('',*,*,#3571,.F.);
#3571 = EDGE_CURVE('',#3572,#3574,#3576,.T.);
#3572 = VERTEX_POINT('',#3573);
#3573 = CARTESIAN_POINT('',(41.8,-4.,14.5));
#3574 = VERTEX_POINT('',#3575);
#3575 = CARTESIAN_POINT('',(43.4,-4.,14.5));
#3576 = LINE('',#3577,#3578);
#3577 = CARTESIAN_POINT('',(19.4,-4.,14.5));
#3578 = VECTOR('',#3579,1.);
#3579 = DIRECTION('',(1.,0.,-0.));
#3580 = ORIENTED_EDGE('',*,*,#3581,.T.);
#3581 = EDGE_CURVE('',#3572,#3582,#3584,.T.);
#3582 = VERTEX_POINT('',#3583);
#3583 = CARTESIAN_POINT('',(41.8,-4.,8.));
#3584 = LINE('',#3585,#3586);
#3585 = CARTESIAN_POINT('',(41.8,-4.,1.));
#3586 = VECTOR('',#3587,1.);
#3587 = DIRECTION('',(-0.,0.,-1.));
#3588 = ORIENTED_EDGE('',*,*,#3589,.T.);
#3589 = EDGE_CURVE('',#3582,#3590,#3592,.T.);
#3590 = VERTEX_POINT('',#3591);
#3591 = CARTESIAN_POINT('',(43.4,-4.,8.));
#3592 = LINE('',#3593,#3594);
#3593 = CARTESIAN_POINT('',(19.4,-4.,8.));
#3594 = VECTOR('',#3595,1.);
#3595 = DIRECTION('',(1.,0.,-0.));
#3596 = ORIENTED_EDGE('',*,*,#3597,.F.);
#3597 = EDGE_CURVE('',#3574,#3590,#3598,.T.);
#3598 = LINE('',#3599,#3600);
#3599 = CARTESIAN_POINT('',(43.4,-4.,1.));
#3600 = VECTOR('',#3601,1.);
#3601 = DIRECTION('',(-0.,0.,-1.));
#3602 = PLANE('',#3603);
#3603 = AXIS2_PLACEMENT_3D('',#3604,#3605,#3606);
#3604 = CARTESIAN_POINT('',(-3.,-4.,-6.));
#3605 = DIRECTION('',(-0.,1.,0.));
#3606 = DIRECTION('',(0.,0.,1.));
#3607 = ADVANCED_FACE('',(#3608),#3633,.T.);
#3608 = FACE_BOUND('',#3609,.T.);
#3609 = EDGE_LOOP('',(#3610,#3618,#3619,#3627));
#3610 = ORIENTED_EDGE('',*,*,#3611,.F.);
#3611 = EDGE_CURVE('',#780,#3612,#3614,.T.);
#3612 = VERTEX_POINT('',#3613);
#3613 = CARTESIAN_POINT('',(1.,-2.,14.5));
#3614 = LINE('',#3615,#3616);
#3615 = CARTESIAN_POINT('',(1.,-4.1,14.5));
#3616 = VECTOR('',#3617,1.);
#3617 = DIRECTION('',(-0.,1.,0.));
#3618 = ORIENTED_EDGE('',*,*,#779,.F.);
#3619 = ORIENTED_EDGE('',*,*,#3620,.T.);
#3620 = EDGE_CURVE('',#772,#3621,#3623,.T.);
#3621 = VERTEX_POINT('',#3622);
#3622 = CARTESIAN_POINT('',(1.,-2.,8.));
#3623 = LINE('',#3624,#3625);
#3624 = CARTESIAN_POINT('',(1.,-4.1,8.));
#3625 = VECTOR('',#3626,1.);
#3626 = DIRECTION('',(-0.,1.,0.));
#3627 = ORIENTED_EDGE('',*,*,#3628,.T.);
#3628 = EDGE_CURVE('',#3621,#3612,#3629,.T.);
#3629 = LINE('',#3630,#3631);
#3630 = CARTESIAN_POINT('',(1.,-2.,-4.));
#3631 = VECTOR('',#3632,1.);
#3632 = DIRECTION('',(0.,0.,1.));
#3633 = PLANE('',#3634);
#3634 = AXIS2_PLACEMENT_3D('',#3635,#3636,#3637);
#3635 = CARTESIAN_POINT('',(1.,-4.1,8.));
#3636 = DIRECTION('',(1.,0.,-0.));
#3637 = DIRECTION('',(0.,0.,1.));
#3638 = ADVANCED_FACE('',(#3639,#3692,#3703,#3714,#3748,#3782,#3816,
    #3850,#3884,#3895,#3929,#3963,#3997,#4031,#4065,#4099,#4133),#4144,
  .F.);
#3639 = FACE_BOUND('',#3640,.F.);
#3640 = EDGE_LOOP('',(#3641,#3642,#3643,#3651,#3660,#3668,#3677,#3685));
#3641 = ORIENTED_EDGE('',*,*,#827,.F.);
#3642 = ORIENTED_EDGE('',*,*,#2854,.F.);
#3643 = ORIENTED_EDGE('',*,*,#3644,.F.);
#3644 = EDGE_CURVE('',#3645,#2845,#3647,.T.);
#3645 = VERTEX_POINT('',#3646);
#3646 = CARTESIAN_POINT('',(84.,-3.2,-6.));
#3647 = LINE('',#3648,#3649);
#3648 = CARTESIAN_POINT('',(84.,-3.2,-6.));
#3649 = VECTOR('',#3650,1.);
#3650 = DIRECTION('',(-1.,-0.,0.));
#3651 = ORIENTED_EDGE('',*,*,#3652,.F.);
#3652 = EDGE_CURVE('',#3653,#3645,#3655,.T.);
#3653 = VERTEX_POINT('',#3654);
#3654 = CARTESIAN_POINT('',(87.2,0.,-6.));
#3655 = CIRCLE('',#3656,3.2);
#3656 = AXIS2_PLACEMENT_3D('',#3657,#3658,#3659);
#3657 = CARTESIAN_POINT('',(84.,-8.881784197001E-16,-6.));
#3658 = DIRECTION('',(0.,-0.,-1.));
#3659 = DIRECTION('',(1.,1.836970198721E-16,-0.));
#3660 = ORIENTED_EDGE('',*,*,#3661,.F.);
#3661 = EDGE_CURVE('',#3662,#3653,#3664,.T.);
#3662 = VERTEX_POINT('',#3663);
#3663 = CARTESIAN_POINT('',(87.2,61.5,-6.));
#3664 = LINE('',#3665,#3666);
#3665 = CARTESIAN_POINT('',(87.2,61.5,-6.));
#3666 = VECTOR('',#3667,1.);
#3667 = DIRECTION('',(0.,-1.,-0.));
#3668 = ORIENTED_EDGE('',*,*,#3669,.F.);
#3669 = EDGE_CURVE('',#3670,#3662,#3672,.T.);
#3670 = VERTEX_POINT('',#3671);
#3671 = CARTESIAN_POINT('',(84.,64.7,-6.));
#3672 = CIRCLE('',#3673,3.2);
#3673 = AXIS2_PLACEMENT_3D('',#3674,#3675,#3676);
#3674 = CARTESIAN_POINT('',(84.,61.5,-6.));
#3675 = DIRECTION('',(0.,-0.,-1.));
#3676 = DIRECTION('',(0.,1.,-0.));
#3677 = ORIENTED_EDGE('',*,*,#3678,.F.);
#3678 = EDGE_CURVE('',#3679,#3670,#3681,.T.);
#3679 = VERTEX_POINT('',#3680);
#3680 = CARTESIAN_POINT('',(1.,64.7,-6.));
#3681 = LINE('',#3682,#3683);
#3682 = CARTESIAN_POINT('',(1.,64.7,-6.));
#3683 = VECTOR('',#3684,1.);
#3684 = DIRECTION('',(1.,0.,-0.));
#3685 = ORIENTED_EDGE('',*,*,#3686,.F.);
#3686 = EDGE_CURVE('',#820,#3679,#3687,.T.);
#3687 = CIRCLE('',#3688,3.2);
#3688 = AXIS2_PLACEMENT_3D('',#3689,#3690,#3691);
#3689 = CARTESIAN_POINT('',(1.,61.5,-6.));
#3690 = DIRECTION('',(-0.,0.,-1.));
#3691 = DIRECTION('',(-1.,0.,0.));
#3692 = FACE_BOUND('',#3693,.F.);
#3693 = EDGE_LOOP('',(#3694));
#3694 = ORIENTED_EDGE('',*,*,#3695,.F.);
#3695 = EDGE_CURVE('',#3696,#3696,#3698,.T.);
#3696 = VERTEX_POINT('',#3697);
#3697 = CARTESIAN_POINT('',(6.1,3.5,-6.));
#3698 = CIRCLE('',#3699,2.6);
#3699 = AXIS2_PLACEMENT_3D('',#3700,#3701,#3702);
#3700 = CARTESIAN_POINT('',(3.5,3.5,-6.));
#3701 = DIRECTION('',(0.,0.,1.));
#3702 = DIRECTION('',(1.,0.,-0.));
#3703 = FACE_BOUND('',#3704,.F.);
#3704 = EDGE_LOOP('',(#3705));
#3705 = ORIENTED_EDGE('',*,*,#3706,.F.);
#3706 = EDGE_CURVE('',#3707,#3707,#3709,.T.);
#3707 = VERTEX_POINT('',#3708);
#3708 = CARTESIAN_POINT('',(64.1,3.5,-6.));
#3709 = CIRCLE('',#3710,2.6);
#3710 = AXIS2_PLACEMENT_3D('',#3711,#3712,#3713);
#3711 = CARTESIAN_POINT('',(61.5,3.5,-6.));
#3712 = DIRECTION('',(0.,0.,1.));
#3713 = DIRECTION('',(1.,0.,-0.));
#3714 = FACE_BOUND('',#3715,.F.);
#3715 = EDGE_LOOP('',(#3716,#3726,#3734,#3742));
#3716 = ORIENTED_EDGE('',*,*,#3717,.T.);
#3717 = EDGE_CURVE('',#3718,#3720,#3722,.T.);
#3718 = VERTEX_POINT('',#3719);
#3719 = CARTESIAN_POINT('',(14.,13.,-6.));
#3720 = VERTEX_POINT('',#3721);
#3721 = CARTESIAN_POINT('',(12.,13.,-6.));
#3722 = LINE('',#3723,#3724);
#3723 = CARTESIAN_POINT('',(4.5,13.,-6.));
#3724 = VECTOR('',#3725,1.);
#3725 = DIRECTION('',(-1.,-0.,0.));
#3726 = ORIENTED_EDGE('',*,*,#3727,.T.);
#3727 = EDGE_CURVE('',#3720,#3728,#3730,.T.);
#3728 = VERTEX_POINT('',#3729);
#3729 = CARTESIAN_POINT('',(12.,43.,-6.));
#3730 = LINE('',#3731,#3732);
#3731 = CARTESIAN_POINT('',(12.,4.5,-6.));
#3732 = VECTOR('',#3733,1.);
#3733 = DIRECTION('',(-0.,1.,0.));
#3734 = ORIENTED_EDGE('',*,*,#3735,.F.);
#3735 = EDGE_CURVE('',#3736,#3728,#3738,.T.);
#3736 = VERTEX_POINT('',#3737);
#3737 = CARTESIAN_POINT('',(14.,43.,-6.));
#3738 = LINE('',#3739,#3740);
#3739 = CARTESIAN_POINT('',(4.5,43.,-6.));
#3740 = VECTOR('',#3741,1.);
#3741 = DIRECTION('',(-1.,-0.,0.));
#3742 = ORIENTED_EDGE('',*,*,#3743,.F.);
#3743 = EDGE_CURVE('',#3718,#3736,#3744,.T.);
#3744 = LINE('',#3745,#3746);
#3745 = CARTESIAN_POINT('',(14.,4.5,-6.));
#3746 = VECTOR('',#3747,1.);
#3747 = DIRECTION('',(-0.,1.,0.));
#3748 = FACE_BOUND('',#3749,.F.);
#3749 = EDGE_LOOP('',(#3750,#3760,#3768,#3776));
#3750 = ORIENTED_EDGE('',*,*,#3751,.T.);
#3751 = EDGE_CURVE('',#3752,#3754,#3756,.T.);
#3752 = VERTEX_POINT('',#3753);
#3753 = CARTESIAN_POINT('',(18.,13.,-6.));
#3754 = VERTEX_POINT('',#3755);
#3755 = CARTESIAN_POINT('',(16.,13.,-6.));
#3756 = LINE('',#3757,#3758);
#3757 = CARTESIAN_POINT('',(6.5,13.,-6.));
#3758 = VECTOR('',#3759,1.);
#3759 = DIRECTION('',(-1.,-0.,0.));
#3760 = ORIENTED_EDGE('',*,*,#3761,.T.);
#3761 = EDGE_CURVE('',#3754,#3762,#3764,.T.);
#3762 = VERTEX_POINT('',#3763);
#3763 = CARTESIAN_POINT('',(16.,43.,-6.));
#3764 = LINE('',#3765,#3766);
#3765 = CARTESIAN_POINT('',(16.,4.5,-6.));
#3766 = VECTOR('',#3767,1.);
#3767 = DIRECTION('',(-0.,1.,0.));
#3768 = ORIENTED_EDGE('',*,*,#3769,.F.);
#3769 = EDGE_CURVE('',#3770,#3762,#3772,.T.);
#3770 = VERTEX_POINT('',#3771);
#3771 = CARTESIAN_POINT('',(18.,43.,-6.));
#3772 = LINE('',#3773,#3774);
#3773 = CARTESIAN_POINT('',(6.5,43.,-6.));
#3774 = VECTOR('',#3775,1.);
#3775 = DIRECTION('',(-1.,-0.,0.));
#3776 = ORIENTED_EDGE('',*,*,#3777,.F.);
#3777 = EDGE_CURVE('',#3752,#3770,#3778,.T.);
#3778 = LINE('',#3779,#3780);
#3779 = CARTESIAN_POINT('',(18.,4.5,-6.));
#3780 = VECTOR('',#3781,1.);
#3781 = DIRECTION('',(-0.,1.,0.));
#3782 = FACE_BOUND('',#3783,.F.);
#3783 = EDGE_LOOP('',(#3784,#3794,#3802,#3810));
#3784 = ORIENTED_EDGE('',*,*,#3785,.T.);
#3785 = EDGE_CURVE('',#3786,#3788,#3790,.T.);
#3786 = VERTEX_POINT('',#3787);
#3787 = CARTESIAN_POINT('',(22.,13.,-6.));
#3788 = VERTEX_POINT('',#3789);
#3789 = CARTESIAN_POINT('',(20.,13.,-6.));
#3790 = LINE('',#3791,#3792);
#3791 = CARTESIAN_POINT('',(8.5,13.,-6.));
#3792 = VECTOR('',#3793,1.);
#3793 = DIRECTION('',(-1.,-0.,0.));
#3794 = ORIENTED_EDGE('',*,*,#3795,.T.);
#3795 = EDGE_CURVE('',#3788,#3796,#3798,.T.);
#3796 = VERTEX_POINT('',#3797);
#3797 = CARTESIAN_POINT('',(20.,43.,-6.));
#3798 = LINE('',#3799,#3800);
#3799 = CARTESIAN_POINT('',(20.,4.5,-6.));
#3800 = VECTOR('',#3801,1.);
#3801 = DIRECTION('',(-0.,1.,0.));
#3802 = ORIENTED_EDGE('',*,*,#3803,.F.);
#3803 = EDGE_CURVE('',#3804,#3796,#3806,.T.);
#3804 = VERTEX_POINT('',#3805);
#3805 = CARTESIAN_POINT('',(22.,43.,-6.));
#3806 = LINE('',#3807,#3808);
#3807 = CARTESIAN_POINT('',(8.5,43.,-6.));
#3808 = VECTOR('',#3809,1.);
#3809 = DIRECTION('',(-1.,-0.,0.));
#3810 = ORIENTED_EDGE('',*,*,#3811,.F.);
#3811 = EDGE_CURVE('',#3786,#3804,#3812,.T.);
#3812 = LINE('',#3813,#3814);
#3813 = CARTESIAN_POINT('',(22.,4.5,-6.));
#3814 = VECTOR('',#3815,1.);
#3815 = DIRECTION('',(-0.,1.,0.));
#3816 = FACE_BOUND('',#3817,.F.);
#3817 = EDGE_LOOP('',(#3818,#3828,#3836,#3844));
#3818 = ORIENTED_EDGE('',*,*,#3819,.T.);
#3819 = EDGE_CURVE('',#3820,#3822,#3824,.T.);
#3820 = VERTEX_POINT('',#3821);
#3821 = CARTESIAN_POINT('',(26.,13.,-6.));
#3822 = VERTEX_POINT('',#3823);
#3823 = CARTESIAN_POINT('',(24.,13.,-6.));
#3824 = LINE('',#3825,#3826);
#3825 = CARTESIAN_POINT('',(10.5,13.,-6.));
#3826 = VECTOR('',#3827,1.);
#3827 = DIRECTION('',(-1.,-0.,0.));
#3828 = ORIENTED_EDGE('',*,*,#3829,.T.);
#3829 = EDGE_CURVE('',#3822,#3830,#3832,.T.);
#3830 = VERTEX_POINT('',#3831);
#3831 = CARTESIAN_POINT('',(24.,43.,-6.));
#3832 = LINE('',#3833,#3834);
#3833 = CARTESIAN_POINT('',(24.,4.5,-6.));
#3834 = VECTOR('',#3835,1.);
#3835 = DIRECTION('',(-0.,1.,0.));
#3836 = ORIENTED_EDGE('',*,*,#3837,.F.);
#3837 = EDGE_CURVE('',#3838,#3830,#3840,.T.);
#3838 = VERTEX_POINT('',#3839);
#3839 = CARTESIAN_POINT('',(26.,43.,-6.));
#3840 = LINE('',#3841,#3842);
#3841 = CARTESIAN_POINT('',(10.5,43.,-6.));
#3842 = VECTOR('',#3843,1.);
#3843 = DIRECTION('',(-1.,-0.,0.));
#3844 = ORIENTED_EDGE('',*,*,#3845,.F.);
#3845 = EDGE_CURVE('',#3820,#3838,#3846,.T.);
#3846 = LINE('',#3847,#3848);
#3847 = CARTESIAN_POINT('',(26.,4.5,-6.));
#3848 = VECTOR('',#3849,1.);
#3849 = DIRECTION('',(-0.,1.,0.));
#3850 = FACE_BOUND('',#3851,.F.);
#3851 = EDGE_LOOP('',(#3852,#3862,#3870,#3878));
#3852 = ORIENTED_EDGE('',*,*,#3853,.T.);
#3853 = EDGE_CURVE('',#3854,#3856,#3858,.T.);
#3854 = VERTEX_POINT('',#3855);
#3855 = CARTESIAN_POINT('',(30.,13.,-6.));
#3856 = VERTEX_POINT('',#3857);
#3857 = CARTESIAN_POINT('',(28.,13.,-6.));
#3858 = LINE('',#3859,#3860);
#3859 = CARTESIAN_POINT('',(12.5,13.,-6.));
#3860 = VECTOR('',#3861,1.);
#3861 = DIRECTION('',(-1.,-0.,0.));
#3862 = ORIENTED_EDGE('',*,*,#3863,.T.);
#3863 = EDGE_CURVE('',#3856,#3864,#3866,.T.);
#3864 = VERTEX_POINT('',#3865);
#3865 = CARTESIAN_POINT('',(28.,43.,-6.));
#3866 = LINE('',#3867,#3868);
#3867 = CARTESIAN_POINT('',(28.,4.5,-6.));
#3868 = VECTOR('',#3869,1.);
#3869 = DIRECTION('',(-0.,1.,0.));
#3870 = ORIENTED_EDGE('',*,*,#3871,.F.);
#3871 = EDGE_CURVE('',#3872,#3864,#3874,.T.);
#3872 = VERTEX_POINT('',#3873);
#3873 = CARTESIAN_POINT('',(30.,43.,-6.));
#3874 = LINE('',#3875,#3876);
#3875 = CARTESIAN_POINT('',(12.5,43.,-6.));
#3876 = VECTOR('',#3877,1.);
#3877 = DIRECTION('',(-1.,-0.,0.));
#3878 = ORIENTED_EDGE('',*,*,#3879,.F.);
#3879 = EDGE_CURVE('',#3854,#3872,#3880,.T.);
#3880 = LINE('',#3881,#3882);
#3881 = CARTESIAN_POINT('',(30.,4.5,-6.));
#3882 = VECTOR('',#3883,1.);
#3883 = DIRECTION('',(-0.,1.,0.));
#3884 = FACE_BOUND('',#3885,.F.);
#3885 = EDGE_LOOP('',(#3886));
#3886 = ORIENTED_EDGE('',*,*,#3887,.F.);
#3887 = EDGE_CURVE('',#3888,#3888,#3890,.T.);
#3888 = VERTEX_POINT('',#3889);
#3889 = CARTESIAN_POINT('',(6.1,52.5,-6.));
#3890 = CIRCLE('',#3891,2.6);
#3891 = AXIS2_PLACEMENT_3D('',#3892,#3893,#3894);
#3892 = CARTESIAN_POINT('',(3.5,52.5,-6.));
#3893 = DIRECTION('',(0.,0.,1.));
#3894 = DIRECTION('',(1.,0.,-0.));
#3895 = FACE_BOUND('',#3896,.F.);
#3896 = EDGE_LOOP('',(#3897,#3907,#3915,#3923));
#3897 = ORIENTED_EDGE('',*,*,#3898,.T.);
#3898 = EDGE_CURVE('',#3899,#3901,#3903,.T.);
#3899 = VERTEX_POINT('',#3900);
#3900 = CARTESIAN_POINT('',(34.,13.,-6.));
#3901 = VERTEX_POINT('',#3902);
#3902 = CARTESIAN_POINT('',(32.,13.,-6.));
#3903 = LINE('',#3904,#3905);
#3904 = CARTESIAN_POINT('',(14.5,13.,-6.));
#3905 = VECTOR('',#3906,1.);
#3906 = DIRECTION('',(-1.,-0.,0.));
#3907 = ORIENTED_EDGE('',*,*,#3908,.T.);
#3908 = EDGE_CURVE('',#3901,#3909,#3911,.T.);
#3909 = VERTEX_POINT('',#3910);
#3910 = CARTESIAN_POINT('',(32.,43.,-6.));
#3911 = LINE('',#3912,#3913);
#3912 = CARTESIAN_POINT('',(32.,4.5,-6.));
#3913 = VECTOR('',#3914,1.);
#3914 = DIRECTION('',(-0.,1.,0.));
#3915 = ORIENTED_EDGE('',*,*,#3916,.F.);
#3916 = EDGE_CURVE('',#3917,#3909,#3919,.T.);
#3917 = VERTEX_POINT('',#3918);
#3918 = CARTESIAN_POINT('',(34.,43.,-6.));
#3919 = LINE('',#3920,#3921);
#3920 = CARTESIAN_POINT('',(14.5,43.,-6.));
#3921 = VECTOR('',#3922,1.);
#3922 = DIRECTION('',(-1.,-0.,0.));
#3923 = ORIENTED_EDGE('',*,*,#3924,.F.);
#3924 = EDGE_CURVE('',#3899,#3917,#3925,.T.);
#3925 = LINE('',#3926,#3927);
#3926 = CARTESIAN_POINT('',(34.,4.5,-6.));
#3927 = VECTOR('',#3928,1.);
#3928 = DIRECTION('',(-0.,1.,0.));
#3929 = FACE_BOUND('',#3930,.F.);
#3930 = EDGE_LOOP('',(#3931,#3941,#3949,#3957));
#3931 = ORIENTED_EDGE('',*,*,#3932,.T.);
#3932 = EDGE_CURVE('',#3933,#3935,#3937,.T.);
#3933 = VERTEX_POINT('',#3934);
#3934 = CARTESIAN_POINT('',(38.,13.,-6.));
#3935 = VERTEX_POINT('',#3936);
#3936 = CARTESIAN_POINT('',(36.,13.,-6.));
#3937 = LINE('',#3938,#3939);
#3938 = CARTESIAN_POINT('',(16.5,13.,-6.));
#3939 = VECTOR('',#3940,1.);
#3940 = DIRECTION('',(-1.,-0.,0.));
#3941 = ORIENTED_EDGE('',*,*,#3942,.T.);
#3942 = EDGE_CURVE('',#3935,#3943,#3945,.T.);
#3943 = VERTEX_POINT('',#3944);
#3944 = CARTESIAN_POINT('',(36.,43.,-6.));
#3945 = LINE('',#3946,#3947);
#3946 = CARTESIAN_POINT('',(36.,4.5,-6.));
#3947 = VECTOR('',#3948,1.);
#3948 = DIRECTION('',(-0.,1.,0.));
#3949 = ORIENTED_EDGE('',*,*,#3950,.F.);
#3950 = EDGE_CURVE('',#3951,#3943,#3953,.T.);
#3951 = VERTEX_POINT('',#3952);
#3952 = CARTESIAN_POINT('',(38.,43.,-6.));
#3953 = LINE('',#3954,#3955);
#3954 = CARTESIAN_POINT('',(16.5,43.,-6.));
#3955 = VECTOR('',#3956,1.);
#3956 = DIRECTION('',(-1.,-0.,0.));
#3957 = ORIENTED_EDGE('',*,*,#3958,.F.);
#3958 = EDGE_CURVE('',#3933,#3951,#3959,.T.);
#3959 = LINE('',#3960,#3961);
#3960 = CARTESIAN_POINT('',(38.,4.5,-6.));
#3961 = VECTOR('',#3962,1.);
#3962 = DIRECTION('',(-0.,1.,0.));
#3963 = FACE_BOUND('',#3964,.F.);
#3964 = EDGE_LOOP('',(#3965,#3975,#3983,#3991));
#3965 = ORIENTED_EDGE('',*,*,#3966,.T.);
#3966 = EDGE_CURVE('',#3967,#3969,#3971,.T.);
#3967 = VERTEX_POINT('',#3968);
#3968 = CARTESIAN_POINT('',(42.,13.,-6.));
#3969 = VERTEX_POINT('',#3970);
#3970 = CARTESIAN_POINT('',(40.,13.,-6.));
#3971 = LINE('',#3972,#3973);
#3972 = CARTESIAN_POINT('',(18.5,13.,-6.));
#3973 = VECTOR('',#3974,1.);
#3974 = DIRECTION('',(-1.,-0.,0.));
#3975 = ORIENTED_EDGE('',*,*,#3976,.T.);
#3976 = EDGE_CURVE('',#3969,#3977,#3979,.T.);
#3977 = VERTEX_POINT('',#3978);
#3978 = CARTESIAN_POINT('',(40.,43.,-6.));
#3979 = LINE('',#3980,#3981);
#3980 = CARTESIAN_POINT('',(40.,4.5,-6.));
#3981 = VECTOR('',#3982,1.);
#3982 = DIRECTION('',(-0.,1.,0.));
#3983 = ORIENTED_EDGE('',*,*,#3984,.F.);
#3984 = EDGE_CURVE('',#3985,#3977,#3987,.T.);
#3985 = VERTEX_POINT('',#3986);
#3986 = CARTESIAN_POINT('',(42.,43.,-6.));
#3987 = LINE('',#3988,#3989);
#3988 = CARTESIAN_POINT('',(18.5,43.,-6.));
#3989 = VECTOR('',#3990,1.);
#3990 = DIRECTION('',(-1.,-0.,0.));
#3991 = ORIENTED_EDGE('',*,*,#3992,.F.);
#3992 = EDGE_CURVE('',#3967,#3985,#3993,.T.);
#3993 = LINE('',#3994,#3995);
#3994 = CARTESIAN_POINT('',(42.,4.5,-6.));
#3995 = VECTOR('',#3996,1.);
#3996 = DIRECTION('',(-0.,1.,0.));
#3997 = FACE_BOUND('',#3998,.F.);
#3998 = EDGE_LOOP('',(#3999,#4009,#4017,#4025));
#3999 = ORIENTED_EDGE('',*,*,#4000,.T.);
#4000 = EDGE_CURVE('',#4001,#4003,#4005,.T.);
#4001 = VERTEX_POINT('',#4002);
#4002 = CARTESIAN_POINT('',(46.,13.,-6.));
#4003 = VERTEX_POINT('',#4004);
#4004 = CARTESIAN_POINT('',(44.,13.,-6.));
#4005 = LINE('',#4006,#4007);
#4006 = CARTESIAN_POINT('',(20.5,13.,-6.));
#4007 = VECTOR('',#4008,1.);
#4008 = DIRECTION('',(-1.,-0.,0.));
#4009 = ORIENTED_EDGE('',*,*,#4010,.T.);
#4010 = EDGE_CURVE('',#4003,#4011,#4013,.T.);
#4011 = VERTEX_POINT('',#4012);
#4012 = CARTESIAN_POINT('',(44.,43.,-6.));
#4013 = LINE('',#4014,#4015);
#4014 = CARTESIAN_POINT('',(44.,4.5,-6.));
#4015 = VECTOR('',#4016,1.);
#4016 = DIRECTION('',(-0.,1.,0.));
#4017 = ORIENTED_EDGE('',*,*,#4018,.F.);
#4018 = EDGE_CURVE('',#4019,#4011,#4021,.T.);
#4019 = VERTEX_POINT('',#4020);
#4020 = CARTESIAN_POINT('',(46.,43.,-6.));
#4021 = LINE('',#4022,#4023);
#4022 = CARTESIAN_POINT('',(20.5,43.,-6.));
#4023 = VECTOR('',#4024,1.);
#4024 = DIRECTION('',(-1.,-0.,0.));
#4025 = ORIENTED_EDGE('',*,*,#4026,.F.);
#4026 = EDGE_CURVE('',#4001,#4019,#4027,.T.);
#4027 = LINE('',#4028,#4029);
#4028 = CARTESIAN_POINT('',(46.,4.5,-6.));
#4029 = VECTOR('',#4030,1.);
#4030 = DIRECTION('',(-0.,1.,0.));
#4031 = FACE_BOUND('',#4032,.F.);
#4032 = EDGE_LOOP('',(#4033,#4043,#4051,#4059));
#4033 = ORIENTED_EDGE('',*,*,#4034,.T.);
#4034 = EDGE_CURVE('',#4035,#4037,#4039,.T.);
#4035 = VERTEX_POINT('',#4036);
#4036 = CARTESIAN_POINT('',(50.,13.,-6.));
#4037 = VERTEX_POINT('',#4038);
#4038 = CARTESIAN_POINT('',(48.,13.,-6.));
#4039 = LINE('',#4040,#4041);
#4040 = CARTESIAN_POINT('',(22.5,13.,-6.));
#4041 = VECTOR('',#4042,1.);
#4042 = DIRECTION('',(-1.,-0.,0.));
#4043 = ORIENTED_EDGE('',*,*,#4044,.T.);
#4044 = EDGE_CURVE('',#4037,#4045,#4047,.T.);
#4045 = VERTEX_POINT('',#4046);
#4046 = CARTESIAN_POINT('',(48.,43.,-6.));
#4047 = LINE('',#4048,#4049);
#4048 = CARTESIAN_POINT('',(48.,4.5,-6.));
#4049 = VECTOR('',#4050,1.);
#4050 = DIRECTION('',(-0.,1.,0.));
#4051 = ORIENTED_EDGE('',*,*,#4052,.F.);
#4052 = EDGE_CURVE('',#4053,#4045,#4055,.T.);
#4053 = VERTEX_POINT('',#4054);
#4054 = CARTESIAN_POINT('',(50.,43.,-6.));
#4055 = LINE('',#4056,#4057);
#4056 = CARTESIAN_POINT('',(22.5,43.,-6.));
#4057 = VECTOR('',#4058,1.);
#4058 = DIRECTION('',(-1.,-0.,0.));
#4059 = ORIENTED_EDGE('',*,*,#4060,.F.);
#4060 = EDGE_CURVE('',#4035,#4053,#4061,.T.);
#4061 = LINE('',#4062,#4063);
#4062 = CARTESIAN_POINT('',(50.,4.5,-6.));
#4063 = VECTOR('',#4064,1.);
#4064 = DIRECTION('',(-0.,1.,0.));
#4065 = FACE_BOUND('',#4066,.F.);
#4066 = EDGE_LOOP('',(#4067,#4077,#4085,#4093));
#4067 = ORIENTED_EDGE('',*,*,#4068,.T.);
#4068 = EDGE_CURVE('',#4069,#4071,#4073,.T.);
#4069 = VERTEX_POINT('',#4070);
#4070 = CARTESIAN_POINT('',(54.,13.,-6.));
#4071 = VERTEX_POINT('',#4072);
#4072 = CARTESIAN_POINT('',(52.,13.,-6.));
#4073 = LINE('',#4074,#4075);
#4074 = CARTESIAN_POINT('',(24.5,13.,-6.));
#4075 = VECTOR('',#4076,1.);
#4076 = DIRECTION('',(-1.,-0.,0.));
#4077 = ORIENTED_EDGE('',*,*,#4078,.T.);
#4078 = EDGE_CURVE('',#4071,#4079,#4081,.T.);
#4079 = VERTEX_POINT('',#4080);
#4080 = CARTESIAN_POINT('',(52.,43.,-6.));
#4081 = LINE('',#4082,#4083);
#4082 = CARTESIAN_POINT('',(52.,4.5,-6.));
#4083 = VECTOR('',#4084,1.);
#4084 = DIRECTION('',(-0.,1.,0.));
#4085 = ORIENTED_EDGE('',*,*,#4086,.F.);
#4086 = EDGE_CURVE('',#4087,#4079,#4089,.T.);
#4087 = VERTEX_POINT('',#4088);
#4088 = CARTESIAN_POINT('',(54.,43.,-6.));
#4089 = LINE('',#4090,#4091);
#4090 = CARTESIAN_POINT('',(24.5,43.,-6.));
#4091 = VECTOR('',#4092,1.);
#4092 = DIRECTION('',(-1.,-0.,0.));
#4093 = ORIENTED_EDGE('',*,*,#4094,.F.);
#4094 = EDGE_CURVE('',#4069,#4087,#4095,.T.);
#4095 = LINE('',#4096,#4097);
#4096 = CARTESIAN_POINT('',(54.,4.5,-6.));
#4097 = VECTOR('',#4098,1.);
#4098 = DIRECTION('',(-0.,1.,0.));
#4099 = FACE_BOUND('',#4100,.F.);
#4100 = EDGE_LOOP('',(#4101,#4111,#4119,#4127));
#4101 = ORIENTED_EDGE('',*,*,#4102,.T.);
#4102 = EDGE_CURVE('',#4103,#4105,#4107,.T.);
#4103 = VERTEX_POINT('',#4104);
#4104 = CARTESIAN_POINT('',(58.,13.,-6.));
#4105 = VERTEX_POINT('',#4106);
#4106 = CARTESIAN_POINT('',(56.,13.,-6.));
#4107 = LINE('',#4108,#4109);
#4108 = CARTESIAN_POINT('',(26.5,13.,-6.));
#4109 = VECTOR('',#4110,1.);
#4110 = DIRECTION('',(-1.,-0.,0.));
#4111 = ORIENTED_EDGE('',*,*,#4112,.T.);
#4112 = EDGE_CURVE('',#4105,#4113,#4115,.T.);
#4113 = VERTEX_POINT('',#4114);
#4114 = CARTESIAN_POINT('',(56.,43.,-6.));
#4115 = LINE('',#4116,#4117);
#4116 = CARTESIAN_POINT('',(56.,4.5,-6.));
#4117 = VECTOR('',#4118,1.);
#4118 = DIRECTION('',(-0.,1.,0.));
#4119 = ORIENTED_EDGE('',*,*,#4120,.F.);
#4120 = EDGE_CURVE('',#4121,#4113,#4123,.T.);
#4121 = VERTEX_POINT('',#4122);
#4122 = CARTESIAN_POINT('',(58.,43.,-6.));
#4123 = LINE('',#4124,#4125);
#4124 = CARTESIAN_POINT('',(26.5,43.,-6.));
#4125 = VECTOR('',#4126,1.);
#4126 = DIRECTION('',(-1.,-0.,0.));
#4127 = ORIENTED_EDGE('',*,*,#4128,.F.);
#4128 = EDGE_CURVE('',#4103,#4121,#4129,.T.);
#4129 = LINE('',#4130,#4131);
#4130 = CARTESIAN_POINT('',(58.,4.5,-6.));
#4131 = VECTOR('',#4132,1.);
#4132 = DIRECTION('',(-0.,1.,0.));
#4133 = FACE_BOUND('',#4134,.F.);
#4134 = EDGE_LOOP('',(#4135));
#4135 = ORIENTED_EDGE('',*,*,#4136,.F.);
#4136 = EDGE_CURVE('',#4137,#4137,#4139,.T.);
#4137 = VERTEX_POINT('',#4138);
#4138 = CARTESIAN_POINT('',(64.1,52.5,-6.));
#4139 = CIRCLE('',#4140,2.6);
#4140 = AXIS2_PLACEMENT_3D('',#4141,#4142,#4143);
#4141 = CARTESIAN_POINT('',(61.5,52.5,-6.));
#4142 = DIRECTION('',(0.,0.,1.));
#4143 = DIRECTION('',(1.,0.,-0.));
#4144 = PLANE('',#4145);
#4145 = AXIS2_PLACEMENT_3D('',#4146,#4147,#4148);
#4146 = CARTESIAN_POINT('',(-3.,-4.,-6.));
#4147 = DIRECTION('',(0.,0.,1.));
#4148 = DIRECTION('',(1.,0.,-0.));
#4149 = ADVANCED_FACE('',(#4150),#4161,.T.);
#4150 = FACE_BOUND('',#4151,.T.);
#4151 = EDGE_LOOP('',(#4152,#4153,#4154,#4160));
#4152 = ORIENTED_EDGE('',*,*,#819,.F.);
#4153 = ORIENTED_EDGE('',*,*,#842,.T.);
#4154 = ORIENTED_EDGE('',*,*,#4155,.T.);
#4155 = EDGE_CURVE('',#843,#3679,#4156,.T.);
#4156 = LINE('',#4157,#4158);
#4157 = CARTESIAN_POINT('',(1.,65.5,-5.2));
#4158 = VECTOR('',#4159,1.);
#4159 = DIRECTION('',(4.329780281177E-17,-0.707106781187,-0.707106781187
    ));
#4160 = ORIENTED_EDGE('',*,*,#3686,.F.);
#4161 = CONICAL_SURFACE('',#4162,4.,0.785398163397);
#4162 = AXIS2_PLACEMENT_3D('',#4163,#4164,#4165);
#4163 = CARTESIAN_POINT('',(1.,61.5,-5.2));
#4164 = DIRECTION('',(0.,0.,1.));
#4165 = DIRECTION('',(-1.,0.,0.));
#4166 = ADVANCED_FACE('',(#4167,#4192),#4219,.T.);
#4167 = FACE_BOUND('',#4168,.T.);
#4168 = EDGE_LOOP('',(#4169,#4170,#4178,#4186));
#4169 = ORIENTED_EDGE('',*,*,#851,.T.);
#4170 = ORIENTED_EDGE('',*,*,#4171,.T.);
#4171 = EDGE_CURVE('',#852,#4172,#4174,.T.);
#4172 = VERTEX_POINT('',#4173);
#4173 = CARTESIAN_POINT('',(84.,65.5,20.));
#4174 = LINE('',#4175,#4176);
#4175 = CARTESIAN_POINT('',(-3.,65.5,20.));
#4176 = VECTOR('',#4177,1.);
#4177 = DIRECTION('',(1.,0.,-0.));
#4178 = ORIENTED_EDGE('',*,*,#4179,.F.);
#4179 = EDGE_CURVE('',#4180,#4172,#4182,.T.);
#4180 = VERTEX_POINT('',#4181);
#4181 = CARTESIAN_POINT('',(84.,65.5,-5.2));
#4182 = LINE('',#4183,#4184);
#4183 = CARTESIAN_POINT('',(84.,65.5,-6.));
#4184 = VECTOR('',#4185,1.);
#4185 = DIRECTION('',(0.,0.,1.));
#4186 = ORIENTED_EDGE('',*,*,#4187,.F.);
#4187 = EDGE_CURVE('',#843,#4180,#4188,.T.);
#4188 = LINE('',#4189,#4190);
#4189 = CARTESIAN_POINT('',(1.,65.5,-5.2));
#4190 = VECTOR('',#4191,1.);
#4191 = DIRECTION('',(1.,0.,-0.));
#4192 = FACE_BOUND('',#4193,.T.);
#4193 = EDGE_LOOP('',(#4194,#4205,#4213));
#4194 = ORIENTED_EDGE('',*,*,#4195,.F.);
#4195 = EDGE_CURVE('',#4196,#4198,#4200,.T.);
#4196 = VERTEX_POINT('',#4197);
#4197 = CARTESIAN_POINT('',(43.136756909406,65.5,14.100858524544));
#4198 = VERTEX_POINT('',#4199);
#4199 = CARTESIAN_POINT('',(41.863243090594,65.5,14.100858524544));
#4200 = CIRCLE('',#4201,4.15);
#4201 = AXIS2_PLACEMENT_3D('',#4202,#4203,#4204);
#4202 = CARTESIAN_POINT('',(42.5,65.5,10.));
#4203 = DIRECTION('',(0.,1.,0.));
#4204 = DIRECTION('',(0.,-0.,1.));
#4205 = ORIENTED_EDGE('',*,*,#4206,.F.);
#4206 = EDGE_CURVE('',#4207,#4196,#4209,.T.);
#4207 = VERTEX_POINT('',#4208);
#4208 = CARTESIAN_POINT('',(42.5,65.5,14.73761543395));
#4209 = LINE('',#4210,#4211);
#4210 = CARTESIAN_POINT('',(37.493807716975,65.5,19.743807716975));
#4211 = VECTOR('',#4212,1.);
#4212 = DIRECTION('',(0.707106781187,0.,-0.707106781187));
#4213 = ORIENTED_EDGE('',*,*,#4214,.F.);
#4214 = EDGE_CURVE('',#4198,#4207,#4215,.T.);
#4215 = LINE('',#4216,#4217);
#4216 = CARTESIAN_POINT('',(25.940596141513,65.5,-1.821788424538));
#4217 = VECTOR('',#4218,1.);
#4218 = DIRECTION('',(0.707106781187,0.,0.707106781187));
#4219 = PLANE('',#4220);
#4220 = AXIS2_PLACEMENT_3D('',#4221,#4222,#4223);
#4221 = CARTESIAN_POINT('',(-3.,65.5,-6.));
#4222 = DIRECTION('',(-0.,1.,0.));
#4223 = DIRECTION('',(0.,0.,1.));
#4224 = ADVANCED_FACE('',(#4225),#4252,.T.);
#4225 = FACE_BOUND('',#4226,.F.);
#4226 = EDGE_LOOP('',(#4227,#4237,#4244,#4245));
#4227 = ORIENTED_EDGE('',*,*,#4228,.F.);
#4228 = EDGE_CURVE('',#4229,#4231,#4233,.T.);
#4229 = VERTEX_POINT('',#4230);
#4230 = CARTESIAN_POINT('',(88.,0.,-5.2));
#4231 = VERTEX_POINT('',#4232);
#4232 = CARTESIAN_POINT('',(88.,-8.881784197001E-16,20.));
#4233 = LINE('',#4234,#4235);
#4234 = CARTESIAN_POINT('',(88.,-8.881784197001E-16,-6.));
#4235 = VECTOR('',#4236,1.);
#4236 = DIRECTION('',(0.,0.,1.));
#4237 = ORIENTED_EDGE('',*,*,#4238,.T.);
#4238 = EDGE_CURVE('',#4229,#2870,#4239,.T.);
#4239 = CIRCLE('',#4240,4.);
#4240 = AXIS2_PLACEMENT_3D('',#4241,#4242,#4243);
#4241 = CARTESIAN_POINT('',(84.,-8.881784197001E-16,-5.2));
#4242 = DIRECTION('',(0.,-0.,-1.));
#4243 = DIRECTION('',(1.,1.836970198721E-16,-0.));
#4244 = ORIENTED_EDGE('',*,*,#2909,.T.);
#4245 = ORIENTED_EDGE('',*,*,#4246,.F.);
#4246 = EDGE_CURVE('',#4231,#2902,#4247,.T.);
#4247 = CIRCLE('',#4248,4.);
#4248 = AXIS2_PLACEMENT_3D('',#4249,#4250,#4251);
#4249 = CARTESIAN_POINT('',(84.,-8.881784197001E-16,20.));
#4250 = DIRECTION('',(-0.,-0.,-1.));
#4251 = DIRECTION('',(0.,-1.,0.));
#4252 = CYLINDRICAL_SURFACE('',#4253,4.);
#4253 = AXIS2_PLACEMENT_3D('',#4254,#4255,#4256);
#4254 = CARTESIAN_POINT('',(84.,-8.881784197001E-16,-6.));
#4255 = DIRECTION('',(0.,0.,1.));
#4256 = DIRECTION('',(1.,0.,-0.));
#4257 = ADVANCED_FACE('',(#4258),#4285,.T.);
#4258 = FACE_BOUND('',#4259,.T.);
#4259 = EDGE_LOOP('',(#4260,#4270,#4277,#4278));
#4260 = ORIENTED_EDGE('',*,*,#4261,.F.);
#4261 = EDGE_CURVE('',#4262,#4264,#4266,.T.);
#4262 = VERTEX_POINT('',#4263);
#4263 = CARTESIAN_POINT('',(88.,61.5,-5.2));
#4264 = VERTEX_POINT('',#4265);
#4265 = CARTESIAN_POINT('',(88.,61.5,20.));
#4266 = LINE('',#4267,#4268);
#4267 = CARTESIAN_POINT('',(88.,61.5,-6.));
#4268 = VECTOR('',#4269,1.);
#4269 = DIRECTION('',(0.,0.,1.));
#4270 = ORIENTED_EDGE('',*,*,#4271,.F.);
#4271 = EDGE_CURVE('',#4180,#4262,#4272,.T.);
#4272 = CIRCLE('',#4273,4.);
#4273 = AXIS2_PLACEMENT_3D('',#4274,#4275,#4276);
#4274 = CARTESIAN_POINT('',(84.,61.5,-5.2));
#4275 = DIRECTION('',(0.,-0.,-1.));
#4276 = DIRECTION('',(0.,1.,-0.));
#4277 = ORIENTED_EDGE('',*,*,#4179,.T.);
#4278 = ORIENTED_EDGE('',*,*,#4279,.F.);
#4279 = EDGE_CURVE('',#4264,#4172,#4280,.T.);
#4280 = CIRCLE('',#4281,4.);
#4281 = AXIS2_PLACEMENT_3D('',#4282,#4283,#4284);
#4282 = CARTESIAN_POINT('',(84.,61.5,20.));
#4283 = DIRECTION('',(0.,0.,1.));
#4284 = DIRECTION('',(0.,-1.,0.));
#4285 = CYLINDRICAL_SURFACE('',#4286,4.);
#4286 = AXIS2_PLACEMENT_3D('',#4287,#4288,#4289);
#4287 = CARTESIAN_POINT('',(84.,61.5,-6.));
#4288 = DIRECTION('',(0.,0.,1.));
#4289 = DIRECTION('',(1.,0.,-0.));
#4290 = ADVANCED_FACE('',(#4291,#4307,#4377,#4447),#4517,.T.);
#4291 = FACE_BOUND('',#4292,.T.);
#4292 = EDGE_LOOP('',(#4293,#4294,#4300,#4301));
#4293 = ORIENTED_EDGE('',*,*,#4228,.F.);
#4294 = ORIENTED_EDGE('',*,*,#4295,.F.);
#4295 = EDGE_CURVE('',#4262,#4229,#4296,.T.);
#4296 = LINE('',#4297,#4298);
#4297 = CARTESIAN_POINT('',(88.,61.5,-5.2));
#4298 = VECTOR('',#4299,1.);
#4299 = DIRECTION('',(0.,-1.,-0.));
#4300 = ORIENTED_EDGE('',*,*,#4261,.T.);
#4301 = ORIENTED_EDGE('',*,*,#4302,.F.);
#4302 = EDGE_CURVE('',#4231,#4264,#4303,.T.);
#4303 = LINE('',#4304,#4305);
#4304 = CARTESIAN_POINT('',(88.,-4.,20.));
#4305 = VECTOR('',#4306,1.);
#4306 = DIRECTION('',(-0.,1.,0.));
#4307 = FACE_BOUND('',#4308,.T.);
#4308 = EDGE_LOOP('',(#4309,#4320,#4328,#4337,#4345,#4354,#4362,#4371));
#4309 = ORIENTED_EDGE('',*,*,#4310,.F.);
#4310 = EDGE_CURVE('',#4311,#4313,#4315,.T.);
#4311 = VERTEX_POINT('',#4312);
#4312 = CARTESIAN_POINT('',(88.,37.2,-1.5));
#4313 = VERTEX_POINT('',#4314);
#4314 = CARTESIAN_POINT('',(88.,38.,-2.3));
#4315 = CIRCLE('',#4316,0.8);
#4316 = AXIS2_PLACEMENT_3D('',#4317,#4318,#4319);
#4317 = CARTESIAN_POINT('',(88.,38.,-1.5));
#4318 = DIRECTION('',(1.,0.,0.));
#4319 = DIRECTION('',(0.,-1.,0.));
#4320 = ORIENTED_EDGE('',*,*,#4321,.T.);
#4321 = EDGE_CURVE('',#4311,#4322,#4324,.T.);
#4322 = VERTEX_POINT('',#4323);
#4323 = CARTESIAN_POINT('',(88.,37.2,15.));
#4324 = LINE('',#4325,#4326);
#4325 = CARTESIAN_POINT('',(88.,37.2,-4.15));
#4326 = VECTOR('',#4327,1.);
#4327 = DIRECTION('',(0.,0.,1.));
#4328 = ORIENTED_EDGE('',*,*,#4329,.F.);
#4329 = EDGE_CURVE('',#4330,#4322,#4332,.T.);
#4330 = VERTEX_POINT('',#4331);
#4331 = CARTESIAN_POINT('',(88.,38.,15.8));
#4332 = CIRCLE('',#4333,0.8);
#4333 = AXIS2_PLACEMENT_3D('',#4334,#4335,#4336);
#4334 = CARTESIAN_POINT('',(88.,38.,15.));
#4335 = DIRECTION('',(1.,0.,0.));
#4336 = DIRECTION('',(0.,-1.,0.));
#4337 = ORIENTED_EDGE('',*,*,#4338,.F.);
#4338 = EDGE_CURVE('',#4339,#4330,#4341,.T.);
#4339 = VERTEX_POINT('',#4340);
#4340 = CARTESIAN_POINT('',(88.,53.5,15.8));
#4341 = LINE('',#4342,#4343);
#4342 = CARTESIAN_POINT('',(88.,16.6,15.8));
#4343 = VECTOR('',#4344,1.);
#4344 = DIRECTION('',(0.,-1.,0.));
#4345 = ORIENTED_EDGE('',*,*,#4346,.F.);
#4346 = EDGE_CURVE('',#4347,#4339,#4349,.T.);
#4347 = VERTEX_POINT('',#4348);
#4348 = CARTESIAN_POINT('',(88.,54.3,15.));
#4349 = CIRCLE('',#4350,0.8);
#4350 = AXIS2_PLACEMENT_3D('',#4351,#4352,#4353);
#4351 = CARTESIAN_POINT('',(88.,53.5,15.));
#4352 = DIRECTION('',(1.,0.,-0.));
#4353 = DIRECTION('',(0.,1.,0.));
#4354 = ORIENTED_EDGE('',*,*,#4355,.F.);
#4355 = EDGE_CURVE('',#4356,#4347,#4358,.T.);
#4356 = VERTEX_POINT('',#4357);
#4357 = CARTESIAN_POINT('',(88.,54.3,-1.5));
#4358 = LINE('',#4359,#4360);
#4359 = CARTESIAN_POINT('',(88.,54.3,-4.15));
#4360 = VECTOR('',#4361,1.);
#4361 = DIRECTION('',(0.,0.,1.));
#4362 = ORIENTED_EDGE('',*,*,#4363,.F.);
#4363 = EDGE_CURVE('',#4364,#4356,#4366,.T.);
#4364 = VERTEX_POINT('',#4365);
#4365 = CARTESIAN_POINT('',(88.,53.5,-2.3));
#4366 = CIRCLE('',#4367,0.8);
#4367 = AXIS2_PLACEMENT_3D('',#4368,#4369,#4370);
#4368 = CARTESIAN_POINT('',(88.,53.5,-1.5));
#4369 = DIRECTION('',(1.,0.,-0.));
#4370 = DIRECTION('',(0.,1.,0.));
#4371 = ORIENTED_EDGE('',*,*,#4372,.T.);
#4372 = EDGE_CURVE('',#4364,#4313,#4373,.T.);
#4373 = LINE('',#4374,#4375);
#4374 = CARTESIAN_POINT('',(88.,16.6,-2.3));
#4375 = VECTOR('',#4376,1.);
#4376 = DIRECTION('',(0.,-1.,0.));
#4377 = FACE_BOUND('',#4378,.T.);
#4378 = EDGE_LOOP('',(#4379,#4390,#4398,#4407,#4415,#4424,#4432,#4441));
#4379 = ORIENTED_EDGE('',*,*,#4380,.F.);
#4380 = EDGE_CURVE('',#4381,#4383,#4385,.T.);
#4381 = VERTEX_POINT('',#4382);
#4382 = CARTESIAN_POINT('',(88.,0.83,-1.5));
#4383 = VERTEX_POINT('',#4384);
#4384 = CARTESIAN_POINT('',(88.,1.63,-2.3));
#4385 = CIRCLE('',#4386,0.8);
#4386 = AXIS2_PLACEMENT_3D('',#4387,#4388,#4389);
#4387 = CARTESIAN_POINT('',(88.,1.63,-1.5));
#4388 = DIRECTION('',(1.,0.,0.));
#4389 = DIRECTION('',(0.,-1.,0.));
#4390 = ORIENTED_EDGE('',*,*,#4391,.T.);
#4391 = EDGE_CURVE('',#4381,#4392,#4394,.T.);
#4392 = VERTEX_POINT('',#4393);
#4393 = CARTESIAN_POINT('',(88.,0.83,17.35));
#4394 = LINE('',#4395,#4396);
#4395 = CARTESIAN_POINT('',(88.,0.83,-4.15));
#4396 = VECTOR('',#4397,1.);
#4397 = DIRECTION('',(0.,0.,1.));
#4398 = ORIENTED_EDGE('',*,*,#4399,.F.);
#4399 = EDGE_CURVE('',#4400,#4392,#4402,.T.);
#4400 = VERTEX_POINT('',#4401);
#4401 = CARTESIAN_POINT('',(88.,1.63,18.15));
#4402 = CIRCLE('',#4403,0.8);
#4403 = AXIS2_PLACEMENT_3D('',#4404,#4405,#4406);
#4404 = CARTESIAN_POINT('',(88.,1.63,17.35));
#4405 = DIRECTION('',(1.,0.,0.));
#4406 = DIRECTION('',(0.,-1.,0.));
#4407 = ORIENTED_EDGE('',*,*,#4408,.F.);
#4408 = EDGE_CURVE('',#4409,#4400,#4411,.T.);
#4409 = VERTEX_POINT('',#4410);
#4410 = CARTESIAN_POINT('',(88.,16.37,18.15));
#4411 = LINE('',#4412,#4413);
#4412 = CARTESIAN_POINT('',(88.,-1.585,18.15));
#4413 = VECTOR('',#4414,1.);
#4414 = DIRECTION('',(0.,-1.,0.));
#4415 = ORIENTED_EDGE('',*,*,#4416,.F.);
#4416 = EDGE_CURVE('',#4417,#4409,#4419,.T.);
#4417 = VERTEX_POINT('',#4418);
#4418 = CARTESIAN_POINT('',(88.,17.17,17.35));
#4419 = CIRCLE('',#4420,0.8);
#4420 = AXIS2_PLACEMENT_3D('',#4421,#4422,#4423);
#4421 = CARTESIAN_POINT('',(88.,16.37,17.35));
#4422 = DIRECTION('',(1.,0.,-0.));
#4423 = DIRECTION('',(0.,1.,0.));
#4424 = ORIENTED_EDGE('',*,*,#4425,.F.);
#4425 = EDGE_CURVE('',#4426,#4417,#4428,.T.);
#4426 = VERTEX_POINT('',#4427);
#4427 = CARTESIAN_POINT('',(88.,17.17,-1.5));
#4428 = LINE('',#4429,#4430);
#4429 = CARTESIAN_POINT('',(88.,17.17,-4.15));
#4430 = VECTOR('',#4431,1.);
#4431 = DIRECTION('',(0.,0.,1.));
#4432 = ORIENTED_EDGE('',*,*,#4433,.F.);
#4433 = EDGE_CURVE('',#4434,#4426,#4436,.T.);
#4434 = VERTEX_POINT('',#4435);
#4435 = CARTESIAN_POINT('',(88.,16.37,-2.3));
#4436 = CIRCLE('',#4437,0.8);
#4437 = AXIS2_PLACEMENT_3D('',#4438,#4439,#4440);
#4438 = CARTESIAN_POINT('',(88.,16.37,-1.5));
#4439 = DIRECTION('',(1.,0.,-0.));
#4440 = DIRECTION('',(0.,1.,0.));
#4441 = ORIENTED_EDGE('',*,*,#4442,.T.);
#4442 = EDGE_CURVE('',#4434,#4383,#4443,.T.);
#4443 = LINE('',#4444,#4445);
#4444 = CARTESIAN_POINT('',(88.,-1.585,-2.3));
#4445 = VECTOR('',#4446,1.);
#4446 = DIRECTION('',(0.,-1.,0.));
#4447 = FACE_BOUND('',#4448,.T.);
#4448 = EDGE_LOOP('',(#4449,#4460,#4468,#4477,#4485,#4494,#4502,#4511));
#4449 = ORIENTED_EDGE('',*,*,#4450,.F.);
#4450 = EDGE_CURVE('',#4451,#4453,#4455,.T.);
#4451 = VERTEX_POINT('',#4452);
#4452 = CARTESIAN_POINT('',(88.,18.7,-1.13));
#4453 = VERTEX_POINT('',#4454);
#4454 = CARTESIAN_POINT('',(88.,19.5,-1.93));
#4455 = CIRCLE('',#4456,0.8);
#4456 = AXIS2_PLACEMENT_3D('',#4457,#4458,#4459);
#4457 = CARTESIAN_POINT('',(88.,19.5,-1.13));
#4458 = DIRECTION('',(1.,0.,0.));
#4459 = DIRECTION('',(0.,-1.,0.));
#4460 = ORIENTED_EDGE('',*,*,#4461,.T.);
#4461 = EDGE_CURVE('',#4451,#4462,#4464,.T.);
#4462 = VERTEX_POINT('',#4463);
#4463 = CARTESIAN_POINT('',(88.,18.7,17.69));
#4464 = LINE('',#4465,#4466);
#4465 = CARTESIAN_POINT('',(88.,18.7,-3.965));
#4466 = VECTOR('',#4467,1.);
#4467 = DIRECTION('',(0.,0.,1.));
#4468 = ORIENTED_EDGE('',*,*,#4469,.F.);
#4469 = EDGE_CURVE('',#4470,#4462,#4472,.T.);
#4470 = VERTEX_POINT('',#4471);
#4471 = CARTESIAN_POINT('',(88.,19.5,18.49));
#4472 = CIRCLE('',#4473,0.8);
#4473 = AXIS2_PLACEMENT_3D('',#4474,#4475,#4476);
#4474 = CARTESIAN_POINT('',(88.,19.5,17.69));
#4475 = DIRECTION('',(1.,0.,0.));
#4476 = DIRECTION('',(0.,-1.,0.));
#4477 = ORIENTED_EDGE('',*,*,#4478,.F.);
#4478 = EDGE_CURVE('',#4479,#4470,#4481,.T.);
#4479 = VERTEX_POINT('',#4480);
#4480 = CARTESIAN_POINT('',(88.,34.5,18.49));
#4481 = LINE('',#4482,#4483);
#4482 = CARTESIAN_POINT('',(88.,7.35,18.49));
#4483 = VECTOR('',#4484,1.);
#4484 = DIRECTION('',(0.,-1.,0.));
#4485 = ORIENTED_EDGE('',*,*,#4486,.F.);
#4486 = EDGE_CURVE('',#4487,#4479,#4489,.T.);
#4487 = VERTEX_POINT('',#4488);
#4488 = CARTESIAN_POINT('',(88.,35.3,17.69));
#4489 = CIRCLE('',#4490,0.8);
#4490 = AXIS2_PLACEMENT_3D('',#4491,#4492,#4493);
#4491 = CARTESIAN_POINT('',(88.,34.5,17.69));
#4492 = DIRECTION('',(1.,0.,-0.));
#4493 = DIRECTION('',(0.,1.,0.));
#4494 = ORIENTED_EDGE('',*,*,#4495,.F.);
#4495 = EDGE_CURVE('',#4496,#4487,#4498,.T.);
#4496 = VERTEX_POINT('',#4497);
#4497 = CARTESIAN_POINT('',(88.,35.3,-1.13));
#4498 = LINE('',#4499,#4500);
#4499 = CARTESIAN_POINT('',(88.,35.3,-3.965));
#4500 = VECTOR('',#4501,1.);
#4501 = DIRECTION('',(0.,0.,1.));
#4502 = ORIENTED_EDGE('',*,*,#4503,.F.);
#4503 = EDGE_CURVE('',#4504,#4496,#4506,.T.);
#4504 = VERTEX_POINT('',#4505);
#4505 = CARTESIAN_POINT('',(88.,34.5,-1.93));
#4506 = CIRCLE('',#4507,0.8);
#4507 = AXIS2_PLACEMENT_3D('',#4508,#4509,#4510);
#4508 = CARTESIAN_POINT('',(88.,34.5,-1.13));
#4509 = DIRECTION('',(1.,0.,-0.));
#4510 = DIRECTION('',(0.,1.,0.));
#4511 = ORIENTED_EDGE('',*,*,#4512,.T.);
#4512 = EDGE_CURVE('',#4504,#4453,#4513,.T.);
#4513 = LINE('',#4514,#4515);
#4514 = CARTESIAN_POINT('',(88.,7.35,-1.93));
#4515 = VECTOR('',#4516,1.);
#4516 = DIRECTION('',(0.,-1.,0.));
#4517 = PLANE('',#4518);
#4518 = AXIS2_PLACEMENT_3D('',#4519,#4520,#4521);
#4519 = CARTESIAN_POINT('',(88.,-4.,-6.));
#4520 = DIRECTION('',(1.,0.,-0.));
#4521 = DIRECTION('',(0.,0.,1.));
#4522 = ADVANCED_FACE('',(#4523),#4566,.F.);
#4523 = FACE_BOUND('',#4524,.F.);
#4524 = EDGE_LOOP('',(#4525,#4535,#4544,#4550,#4551,#4559));
#4525 = ORIENTED_EDGE('',*,*,#4526,.F.);
#4526 = EDGE_CURVE('',#4527,#4529,#4531,.T.);
#4527 = VERTEX_POINT('',#4528);
#4528 = CARTESIAN_POINT('',(-1.,-4.440892098501E-16,-4.));
#4529 = VERTEX_POINT('',#4530);
#4530 = CARTESIAN_POINT('',(-1.,-4.440892098501E-16,20.));
#4531 = LINE('',#4532,#4533);
#4532 = CARTESIAN_POINT('',(-1.,-4.440892098501E-16,-4.));
#4533 = VECTOR('',#4534,1.);
#4534 = DIRECTION('',(0.,0.,1.));
#4535 = ORIENTED_EDGE('',*,*,#4536,.T.);
#4536 = EDGE_CURVE('',#4527,#4537,#4539,.T.);
#4537 = VERTEX_POINT('',#4538);
#4538 = CARTESIAN_POINT('',(1.,-2.,-4.));
#4539 = CIRCLE('',#4540,2.);
#4540 = AXIS2_PLACEMENT_3D('',#4541,#4542,#4543);
#4541 = CARTESIAN_POINT('',(1.,-4.440892098501E-16,-4.));
#4542 = DIRECTION('',(0.,0.,1.));
#4543 = DIRECTION('',(0.,-1.,0.));
#4544 = ORIENTED_EDGE('',*,*,#4545,.T.);
#4545 = EDGE_CURVE('',#4537,#3621,#4546,.T.);
#4546 = LINE('',#4547,#4548);
#4547 = CARTESIAN_POINT('',(1.,-2.,-4.));
#4548 = VECTOR('',#4549,1.);
#4549 = DIRECTION('',(0.,0.,1.));
#4550 = ORIENTED_EDGE('',*,*,#3628,.T.);
#4551 = ORIENTED_EDGE('',*,*,#4552,.T.);
#4552 = EDGE_CURVE('',#3612,#4553,#4555,.T.);
#4553 = VERTEX_POINT('',#4554);
#4554 = CARTESIAN_POINT('',(1.,-2.,20.));
#4555 = LINE('',#4556,#4557);
#4556 = CARTESIAN_POINT('',(1.,-2.,-4.));
#4557 = VECTOR('',#4558,1.);
#4558 = DIRECTION('',(0.,0.,1.));
#4559 = ORIENTED_EDGE('',*,*,#4560,.F.);
#4560 = EDGE_CURVE('',#4529,#4553,#4561,.T.);
#4561 = CIRCLE('',#4562,2.);
#4562 = AXIS2_PLACEMENT_3D('',#4563,#4564,#4565);
#4563 = CARTESIAN_POINT('',(1.,-4.440892098501E-16,20.));
#4564 = DIRECTION('',(0.,0.,1.));
#4565 = DIRECTION('',(-1.,-0.,0.));
#4566 = CYLINDRICAL_SURFACE('',#4567,2.);
#4567 = AXIS2_PLACEMENT_3D('',#4568,#4569,#4570);
#4568 = CARTESIAN_POINT('',(1.,-4.440892098501E-16,-4.));
#4569 = DIRECTION('',(0.,0.,1.));
#4570 = DIRECTION('',(-1.,-0.,0.));
#4571 = ADVANCED_FACE('',(#4572,#4620,#4690,#4760,#4794,#4828,#4862,
    #4896,#4930,#4964,#4998,#5032,#5102,#5172,#5206,#5240,#5274),#5308,
  .T.);
#4572 = FACE_BOUND('',#4573,.T.);
#4573 = EDGE_LOOP('',(#4574,#4582,#4583,#4591,#4599,#4605,#4606,#4614));
#4574 = ORIENTED_EDGE('',*,*,#4575,.F.);
#4575 = EDGE_CURVE('',#4537,#4576,#4578,.T.);
#4576 = VERTEX_POINT('',#4577);
#4577 = CARTESIAN_POINT('',(84.,-2.,-4.));
#4578 = LINE('',#4579,#4580);
#4579 = CARTESIAN_POINT('',(-1.,-2.,-4.));
#4580 = VECTOR('',#4581,1.);
#4581 = DIRECTION('',(1.,0.,-0.));
#4582 = ORIENTED_EDGE('',*,*,#4545,.T.);
#4583 = ORIENTED_EDGE('',*,*,#4584,.T.);
#4584 = EDGE_CURVE('',#3621,#4585,#4587,.T.);
#4585 = VERTEX_POINT('',#4586);
#4586 = CARTESIAN_POINT('',(2.6,-2.,8.));
#4587 = LINE('',#4588,#4589);
#4588 = CARTESIAN_POINT('',(0.,-2.,8.));
#4589 = VECTOR('',#4590,1.);
#4590 = DIRECTION('',(1.,0.,-0.));
#4591 = ORIENTED_EDGE('',*,*,#4592,.F.);
#4592 = EDGE_CURVE('',#4593,#4585,#4595,.T.);
#4593 = VERTEX_POINT('',#4594);
#4594 = CARTESIAN_POINT('',(2.6,-2.,14.5));
#4595 = LINE('',#4596,#4597);
#4596 = CARTESIAN_POINT('',(2.6,-2.,2.));
#4597 = VECTOR('',#4598,1.);
#4598 = DIRECTION('',(-0.,0.,-1.));
#4599 = ORIENTED_EDGE('',*,*,#4600,.F.);
#4600 = EDGE_CURVE('',#3612,#4593,#4601,.T.);
#4601 = LINE('',#4602,#4603);
#4602 = CARTESIAN_POINT('',(0.,-2.,14.5));
#4603 = VECTOR('',#4604,1.);
#4604 = DIRECTION('',(1.,0.,-0.));
#4605 = ORIENTED_EDGE('',*,*,#4552,.T.);
#4606 = ORIENTED_EDGE('',*,*,#4607,.F.);
#4607 = EDGE_CURVE('',#4608,#4553,#4610,.T.);
#4608 = VERTEX_POINT('',#4609);
#4609 = CARTESIAN_POINT('',(84.,-2.,20.));
#4610 = LINE('',#4611,#4612);
#4611 = CARTESIAN_POINT('',(-2.,-2.,20.));
#4612 = VECTOR('',#4613,1.);
#4613 = DIRECTION('',(-1.,-0.,0.));
#4614 = ORIENTED_EDGE('',*,*,#4615,.F.);
#4615 = EDGE_CURVE('',#4576,#4608,#4616,.T.);
#4616 = LINE('',#4617,#4618);
#4617 = CARTESIAN_POINT('',(84.,-2.,-4.));
#4618 = VECTOR('',#4619,1.);
#4619 = DIRECTION('',(0.,0.,1.));
#4620 = FACE_BOUND('',#4621,.T.);
#4621 = EDGE_LOOP('',(#4622,#4633,#4641,#4650,#4658,#4667,#4675,#4684));
#4622 = ORIENTED_EDGE('',*,*,#4623,.F.);
#4623 = EDGE_CURVE('',#4624,#4626,#4628,.T.);
#4624 = VERTEX_POINT('',#4625);
#4625 = CARTESIAN_POINT('',(4.7,-2.,4.38));
#4626 = VERTEX_POINT('',#4627);
#4627 = CARTESIAN_POINT('',(6.9,-2.,6.58));
#4628 = CIRCLE('',#4629,2.2);
#4629 = AXIS2_PLACEMENT_3D('',#4630,#4631,#4632);
#4630 = CARTESIAN_POINT('',(6.9,-2.,4.38));
#4631 = DIRECTION('',(-0.,1.,0.));
#4632 = DIRECTION('',(-1.,-0.,0.));
#4633 = ORIENTED_EDGE('',*,*,#4634,.T.);
#4634 = EDGE_CURVE('',#4624,#4635,#4637,.T.);
#4635 = VERTEX_POINT('',#4636);
#4636 = CARTESIAN_POINT('',(4.7,-2.,1.38));
#4637 = LINE('',#4638,#4639);
#4638 = CARTESIAN_POINT('',(4.7,-2.,-2.41));
#4639 = VECTOR('',#4640,1.);
#4640 = DIRECTION('',(-0.,0.,-1.));
#4641 = ORIENTED_EDGE('',*,*,#4642,.F.);
#4642 = EDGE_CURVE('',#4643,#4635,#4645,.T.);
#4643 = VERTEX_POINT('',#4644);
#4644 = CARTESIAN_POINT('',(6.9,-2.,-0.82));
#4645 = CIRCLE('',#4646,2.2);
#4646 = AXIS2_PLACEMENT_3D('',#4647,#4648,#4649);
#4647 = CARTESIAN_POINT('',(6.9,-2.,1.38));
#4648 = DIRECTION('',(-0.,1.,0.));
#4649 = DIRECTION('',(-1.,-0.,0.));
#4650 = ORIENTED_EDGE('',*,*,#4651,.T.);
#4651 = EDGE_CURVE('',#4643,#4652,#4654,.T.);
#4652 = VERTEX_POINT('',#4653);
#4653 = CARTESIAN_POINT('',(15.5,-2.,-0.82));
#4654 = LINE('',#4655,#4656);
#4655 = CARTESIAN_POINT('',(1.85,-2.,-0.82));
#4656 = VECTOR('',#4657,1.);
#4657 = DIRECTION('',(1.,0.,-0.));
#4658 = ORIENTED_EDGE('',*,*,#4659,.F.);
#4659 = EDGE_CURVE('',#4660,#4652,#4662,.T.);
#4660 = VERTEX_POINT('',#4661);
#4661 = CARTESIAN_POINT('',(17.7,-2.,1.38));
#4662 = CIRCLE('',#4663,2.2);
#4663 = AXIS2_PLACEMENT_3D('',#4664,#4665,#4666);
#4664 = CARTESIAN_POINT('',(15.5,-2.,1.38));
#4665 = DIRECTION('',(0.,1.,0.));
#4666 = DIRECTION('',(1.,0.,-0.));
#4667 = ORIENTED_EDGE('',*,*,#4668,.F.);
#4668 = EDGE_CURVE('',#4669,#4660,#4671,.T.);
#4669 = VERTEX_POINT('',#4670);
#4670 = CARTESIAN_POINT('',(17.7,-2.,4.38));
#4671 = LINE('',#4672,#4673);
#4672 = CARTESIAN_POINT('',(17.7,-2.,-2.41));
#4673 = VECTOR('',#4674,1.);
#4674 = DIRECTION('',(-0.,0.,-1.));
#4675 = ORIENTED_EDGE('',*,*,#4676,.F.);
#4676 = EDGE_CURVE('',#4677,#4669,#4679,.T.);
#4677 = VERTEX_POINT('',#4678);
#4678 = CARTESIAN_POINT('',(15.5,-2.,6.58));
#4679 = CIRCLE('',#4680,2.2);
#4680 = AXIS2_PLACEMENT_3D('',#4681,#4682,#4683);
#4681 = CARTESIAN_POINT('',(15.5,-2.,4.38));
#4682 = DIRECTION('',(0.,1.,0.));
#4683 = DIRECTION('',(1.,0.,-0.));
#4684 = ORIENTED_EDGE('',*,*,#4685,.F.);
#4685 = EDGE_CURVE('',#4626,#4677,#4686,.T.);
#4686 = LINE('',#4687,#4688);
#4687 = CARTESIAN_POINT('',(1.85,-2.,6.58));
#4688 = VECTOR('',#4689,1.);
#4689 = DIRECTION('',(1.,0.,-0.));
#4690 = FACE_BOUND('',#4691,.T.);
#4691 = EDGE_LOOP('',(#4692,#4703,#4711,#4720,#4728,#4737,#4745,#4754));
#4692 = ORIENTED_EDGE('',*,*,#4693,.F.);
#4693 = EDGE_CURVE('',#4694,#4696,#4698,.T.);
#4694 = VERTEX_POINT('',#4695);
#4695 = CARTESIAN_POINT('',(20.3,-2.,4.75));
#4696 = VERTEX_POINT('',#4697);
#4697 = CARTESIAN_POINT('',(22.3,-2.,6.75));
#4698 = CIRCLE('',#4699,2.);
#4699 = AXIS2_PLACEMENT_3D('',#4700,#4701,#4702);
#4700 = CARTESIAN_POINT('',(22.3,-2.,4.75));
#4701 = DIRECTION('',(-0.,1.,0.));
#4702 = DIRECTION('',(-1.,-0.,0.));
#4703 = ORIENTED_EDGE('',*,*,#4704,.T.);
#4704 = EDGE_CURVE('',#4694,#4705,#4707,.T.);
#4705 = VERTEX_POINT('',#4706);
#4706 = CARTESIAN_POINT('',(20.3,-2.,1.15));
#4707 = LINE('',#4708,#4709);
#4708 = CARTESIAN_POINT('',(20.3,-2.,-2.425));
#4709 = VECTOR('',#4710,1.);
#4710 = DIRECTION('',(-0.,0.,-1.));
#4711 = ORIENTED_EDGE('',*,*,#4712,.F.);
#4712 = EDGE_CURVE('',#4713,#4705,#4715,.T.);
#4713 = VERTEX_POINT('',#4714);
#4714 = CARTESIAN_POINT('',(22.3,-2.,-0.85));
#4715 = CIRCLE('',#4716,2.);
#4716 = AXIS2_PLACEMENT_3D('',#4717,#4718,#4719);
#4717 = CARTESIAN_POINT('',(22.3,-2.,1.15));
#4718 = DIRECTION('',(-0.,1.,0.));
#4719 = DIRECTION('',(-1.,-0.,0.));
#4720 = ORIENTED_EDGE('',*,*,#4721,.T.);
#4721 = EDGE_CURVE('',#4713,#4722,#4724,.T.);
#4722 = VERTEX_POINT('',#4723);
#4723 = CARTESIAN_POINT('',(29.7,-2.,-0.85));
#4724 = LINE('',#4725,#4726);
#4725 = CARTESIAN_POINT('',(9.65,-2.,-0.85));
#4726 = VECTOR('',#4727,1.);
#4727 = DIRECTION('',(1.,0.,-0.));
#4728 = ORIENTED_EDGE('',*,*,#4729,.F.);
#4729 = EDGE_CURVE('',#4730,#4722,#4732,.T.);
#4730 = VERTEX_POINT('',#4731);
#4731 = CARTESIAN_POINT('',(31.7,-2.,1.15));
#4732 = CIRCLE('',#4733,2.);
#4733 = AXIS2_PLACEMENT_3D('',#4734,#4735,#4736);
#4734 = CARTESIAN_POINT('',(29.7,-2.,1.15));
#4735 = DIRECTION('',(0.,1.,0.));
#4736 = DIRECTION('',(1.,0.,-0.));
#4737 = ORIENTED_EDGE('',*,*,#4738,.F.);
#4738 = EDGE_CURVE('',#4739,#4730,#4741,.T.);
#4739 = VERTEX_POINT('',#4740);
#4740 = CARTESIAN_POINT('',(31.7,-2.,4.75));
#4741 = LINE('',#4742,#4743);
#4742 = CARTESIAN_POINT('',(31.7,-2.,-2.425));
#4743 = VECTOR('',#4744,1.);
#4744 = DIRECTION('',(-0.,0.,-1.));
#4745 = ORIENTED_EDGE('',*,*,#4746,.F.);
#4746 = EDGE_CURVE('',#4747,#4739,#4749,.T.);
#4747 = VERTEX_POINT('',#4748);
#4748 = CARTESIAN_POINT('',(29.7,-2.,6.75));
#4749 = CIRCLE('',#4750,2.);
#4750 = AXIS2_PLACEMENT_3D('',#4751,#4752,#4753);
#4751 = CARTESIAN_POINT('',(29.7,-2.,4.75));
#4752 = DIRECTION('',(0.,1.,0.));
#4753 = DIRECTION('',(1.,0.,-0.));
#4754 = ORIENTED_EDGE('',*,*,#4755,.F.);
#4755 = EDGE_CURVE('',#4696,#4747,#4756,.T.);
#4756 = LINE('',#4757,#4758);
#4757 = CARTESIAN_POINT('',(9.65,-2.,6.75));
#4758 = VECTOR('',#4759,1.);
#4759 = DIRECTION('',(1.,0.,-0.));
#4760 = FACE_BOUND('',#4761,.T.);
#4761 = EDGE_LOOP('',(#4762,#4772,#4780,#4788));
#4762 = ORIENTED_EDGE('',*,*,#4763,.F.);
#4763 = EDGE_CURVE('',#4764,#4766,#4768,.T.);
#4764 = VERTEX_POINT('',#4765);
#4765 = CARTESIAN_POINT('',(4.4,-2.,14.5));
#4766 = VERTEX_POINT('',#4767);
#4767 = CARTESIAN_POINT('',(6.,-2.,14.5));
#4768 = LINE('',#4769,#4770);
#4769 = CARTESIAN_POINT('',(1.7,-2.,14.5));
#4770 = VECTOR('',#4771,1.);
#4771 = DIRECTION('',(1.,0.,-0.));
#4772 = ORIENTED_EDGE('',*,*,#4773,.T.);
#4773 = EDGE_CURVE('',#4764,#4774,#4776,.T.);
#4774 = VERTEX_POINT('',#4775);
#4775 = CARTESIAN_POINT('',(4.4,-2.,8.));
#4776 = LINE('',#4777,#4778);
#4777 = CARTESIAN_POINT('',(4.4,-2.,2.));
#4778 = VECTOR('',#4779,1.);
#4779 = DIRECTION('',(-0.,0.,-1.));
#4780 = ORIENTED_EDGE('',*,*,#4781,.T.);
#4781 = EDGE_CURVE('',#4774,#4782,#4784,.T.);
#4782 = VERTEX_POINT('',#4783);
#4783 = CARTESIAN_POINT('',(6.,-2.,8.));
#4784 = LINE('',#4785,#4786);
#4785 = CARTESIAN_POINT('',(1.7,-2.,8.));
#4786 = VECTOR('',#4787,1.);
#4787 = DIRECTION('',(1.,0.,-0.));
#4788 = ORIENTED_EDGE('',*,*,#4789,.F.);
#4789 = EDGE_CURVE('',#4766,#4782,#4790,.T.);
#4790 = LINE('',#4791,#4792);
#4791 = CARTESIAN_POINT('',(6.,-2.,2.));
#4792 = VECTOR('',#4793,1.);
#4793 = DIRECTION('',(-0.,0.,-1.));
#4794 = FACE_BOUND('',#4795,.T.);
#4795 = EDGE_LOOP('',(#4796,#4806,#4814,#4822));
#4796 = ORIENTED_EDGE('',*,*,#4797,.F.);
#4797 = EDGE_CURVE('',#4798,#4800,#4802,.T.);
#4798 = VERTEX_POINT('',#4799);
#4799 = CARTESIAN_POINT('',(7.8,-2.,14.5));
#4800 = VERTEX_POINT('',#4801);
#4801 = CARTESIAN_POINT('',(9.4,-2.,14.5));
#4802 = LINE('',#4803,#4804);
#4803 = CARTESIAN_POINT('',(3.4,-2.,14.5));
#4804 = VECTOR('',#4805,1.);
#4805 = DIRECTION('',(1.,0.,-0.));
#4806 = ORIENTED_EDGE('',*,*,#4807,.T.);
#4807 = EDGE_CURVE('',#4798,#4808,#4810,.T.);
#4808 = VERTEX_POINT('',#4809);
#4809 = CARTESIAN_POINT('',(7.8,-2.,8.));
#4810 = LINE('',#4811,#4812);
#4811 = CARTESIAN_POINT('',(7.8,-2.,2.));
#4812 = VECTOR('',#4813,1.);
#4813 = DIRECTION('',(-0.,0.,-1.));
#4814 = ORIENTED_EDGE('',*,*,#4815,.T.);
#4815 = EDGE_CURVE('',#4808,#4816,#4818,.T.);
#4816 = VERTEX_POINT('',#4817);
#4817 = CARTESIAN_POINT('',(9.4,-2.,8.));
#4818 = LINE('',#4819,#4820);
#4819 = CARTESIAN_POINT('',(3.4,-2.,8.));
#4820 = VECTOR('',#4821,1.);
#4821 = DIRECTION('',(1.,0.,-0.));
#4822 = ORIENTED_EDGE('',*,*,#4823,.F.);
#4823 = EDGE_CURVE('',#4800,#4816,#4824,.T.);
#4824 = LINE('',#4825,#4826);
#4825 = CARTESIAN_POINT('',(9.4,-2.,2.));
#4826 = VECTOR('',#4827,1.);
#4827 = DIRECTION('',(-0.,0.,-1.));
#4828 = FACE_BOUND('',#4829,.T.);
#4829 = EDGE_LOOP('',(#4830,#4840,#4848,#4856));
#4830 = ORIENTED_EDGE('',*,*,#4831,.F.);
#4831 = EDGE_CURVE('',#4832,#4834,#4836,.T.);
#4832 = VERTEX_POINT('',#4833);
#4833 = CARTESIAN_POINT('',(11.2,-2.,14.5));
#4834 = VERTEX_POINT('',#4835);
#4835 = CARTESIAN_POINT('',(12.8,-2.,14.5));
#4836 = LINE('',#4837,#4838);
#4837 = CARTESIAN_POINT('',(5.1,-2.,14.5));
#4838 = VECTOR('',#4839,1.);
#4839 = DIRECTION('',(1.,0.,-0.));
#4840 = ORIENTED_EDGE('',*,*,#4841,.T.);
#4841 = EDGE_CURVE('',#4832,#4842,#4844,.T.);
#4842 = VERTEX_POINT('',#4843);
#4843 = CARTESIAN_POINT('',(11.2,-2.,8.));
#4844 = LINE('',#4845,#4846);
#4845 = CARTESIAN_POINT('',(11.2,-2.,2.));
#4846 = VECTOR('',#4847,1.);
#4847 = DIRECTION('',(-0.,0.,-1.));
#4848 = ORIENTED_EDGE('',*,*,#4849,.T.);
#4849 = EDGE_CURVE('',#4842,#4850,#4852,.T.);
#4850 = VERTEX_POINT('',#4851);
#4851 = CARTESIAN_POINT('',(12.8,-2.,8.));
#4852 = LINE('',#4853,#4854);
#4853 = CARTESIAN_POINT('',(5.1,-2.,8.));
#4854 = VECTOR('',#4855,1.);
#4855 = DIRECTION('',(1.,0.,-0.));
#4856 = ORIENTED_EDGE('',*,*,#4857,.F.);
#4857 = EDGE_CURVE('',#4834,#4850,#4858,.T.);
#4858 = LINE('',#4859,#4860);
#4859 = CARTESIAN_POINT('',(12.8,-2.,2.));
#4860 = VECTOR('',#4861,1.);
#4861 = DIRECTION('',(-0.,0.,-1.));
#4862 = FACE_BOUND('',#4863,.T.);
#4863 = EDGE_LOOP('',(#4864,#4874,#4882,#4890));
#4864 = ORIENTED_EDGE('',*,*,#4865,.F.);
#4865 = EDGE_CURVE('',#4866,#4868,#4870,.T.);
#4866 = VERTEX_POINT('',#4867);
#4867 = CARTESIAN_POINT('',(14.6,-2.,14.5));
#4868 = VERTEX_POINT('',#4869);
#4869 = CARTESIAN_POINT('',(16.2,-2.,14.5));
#4870 = LINE('',#4871,#4872);
#4871 = CARTESIAN_POINT('',(6.8,-2.,14.5));
#4872 = VECTOR('',#4873,1.);
#4873 = DIRECTION('',(1.,0.,-0.));
#4874 = ORIENTED_EDGE('',*,*,#4875,.T.);
#4875 = EDGE_CURVE('',#4866,#4876,#4878,.T.);
#4876 = VERTEX_POINT('',#4877);
#4877 = CARTESIAN_POINT('',(14.6,-2.,8.));
#4878 = LINE('',#4879,#4880);
#4879 = CARTESIAN_POINT('',(14.6,-2.,2.));
#4880 = VECTOR('',#4881,1.);
#4881 = DIRECTION('',(-0.,0.,-1.));
#4882 = ORIENTED_EDGE('',*,*,#4883,.T.);
#4883 = EDGE_CURVE('',#4876,#4884,#4886,.T.);
#4884 = VERTEX_POINT('',#4885);
#4885 = CARTESIAN_POINT('',(16.2,-2.,8.));
#4886 = LINE('',#4887,#4888);
#4887 = CARTESIAN_POINT('',(6.8,-2.,8.));
#4888 = VECTOR('',#4889,1.);
#4889 = DIRECTION('',(1.,0.,-0.));
#4890 = ORIENTED_EDGE('',*,*,#4891,.F.);
#4891 = EDGE_CURVE('',#4868,#4884,#4892,.T.);
#4892 = LINE('',#4893,#4894);
#4893 = CARTESIAN_POINT('',(16.2,-2.,2.));
#4894 = VECTOR('',#4895,1.);
#4895 = DIRECTION('',(-0.,0.,-1.));
#4896 = FACE_BOUND('',#4897,.T.);
#4897 = EDGE_LOOP('',(#4898,#4908,#4916,#4924));
#4898 = ORIENTED_EDGE('',*,*,#4899,.F.);
#4899 = EDGE_CURVE('',#4900,#4902,#4904,.T.);
#4900 = VERTEX_POINT('',#4901);
#4901 = CARTESIAN_POINT('',(18.,-2.,14.5));
#4902 = VERTEX_POINT('',#4903);
#4903 = CARTESIAN_POINT('',(19.6,-2.,14.5));
#4904 = LINE('',#4905,#4906);
#4905 = CARTESIAN_POINT('',(8.5,-2.,14.5));
#4906 = VECTOR('',#4907,1.);
#4907 = DIRECTION('',(1.,0.,-0.));
#4908 = ORIENTED_EDGE('',*,*,#4909,.T.);
#4909 = EDGE_CURVE('',#4900,#4910,#4912,.T.);
#4910 = VERTEX_POINT('',#4911);
#4911 = CARTESIAN_POINT('',(18.,-2.,8.));
#4912 = LINE('',#4913,#4914);
#4913 = CARTESIAN_POINT('',(18.,-2.,2.));
#4914 = VECTOR('',#4915,1.);
#4915 = DIRECTION('',(-0.,0.,-1.));
#4916 = ORIENTED_EDGE('',*,*,#4917,.T.);
#4917 = EDGE_CURVE('',#4910,#4918,#4920,.T.);
#4918 = VERTEX_POINT('',#4919);
#4919 = CARTESIAN_POINT('',(19.6,-2.,8.));
#4920 = LINE('',#4921,#4922);
#4921 = CARTESIAN_POINT('',(8.5,-2.,8.));
#4922 = VECTOR('',#4923,1.);
#4923 = DIRECTION('',(1.,0.,-0.));
#4924 = ORIENTED_EDGE('',*,*,#4925,.F.);
#4925 = EDGE_CURVE('',#4902,#4918,#4926,.T.);
#4926 = LINE('',#4927,#4928);
#4927 = CARTESIAN_POINT('',(19.6,-2.,2.));
#4928 = VECTOR('',#4929,1.);
#4929 = DIRECTION('',(-0.,0.,-1.));
#4930 = FACE_BOUND('',#4931,.T.);
#4931 = EDGE_LOOP('',(#4932,#4942,#4950,#4958));
#4932 = ORIENTED_EDGE('',*,*,#4933,.F.);
#4933 = EDGE_CURVE('',#4934,#4936,#4938,.T.);
#4934 = VERTEX_POINT('',#4935);
#4935 = CARTESIAN_POINT('',(21.4,-2.,14.5));
#4936 = VERTEX_POINT('',#4937);
#4937 = CARTESIAN_POINT('',(23.,-2.,14.5));
#4938 = LINE('',#4939,#4940);
#4939 = CARTESIAN_POINT('',(10.2,-2.,14.5));
#4940 = VECTOR('',#4941,1.);
#4941 = DIRECTION('',(1.,0.,-0.));
#4942 = ORIENTED_EDGE('',*,*,#4943,.T.);
#4943 = EDGE_CURVE('',#4934,#4944,#4946,.T.);
#4944 = VERTEX_POINT('',#4945);
#4945 = CARTESIAN_POINT('',(21.4,-2.,8.));
#4946 = LINE('',#4947,#4948);
#4947 = CARTESIAN_POINT('',(21.4,-2.,2.));
#4948 = VECTOR('',#4949,1.);
#4949 = DIRECTION('',(-0.,0.,-1.));
#4950 = ORIENTED_EDGE('',*,*,#4951,.T.);
#4951 = EDGE_CURVE('',#4944,#4952,#4954,.T.);
#4952 = VERTEX_POINT('',#4953);
#4953 = CARTESIAN_POINT('',(23.,-2.,8.));
#4954 = LINE('',#4955,#4956);
#4955 = CARTESIAN_POINT('',(10.2,-2.,8.));
#4956 = VECTOR('',#4957,1.);
#4957 = DIRECTION('',(1.,0.,-0.));
#4958 = ORIENTED_EDGE('',*,*,#4959,.F.);
#4959 = EDGE_CURVE('',#4936,#4952,#4960,.T.);
#4960 = LINE('',#4961,#4962);
#4961 = CARTESIAN_POINT('',(23.,-2.,2.));
#4962 = VECTOR('',#4963,1.);
#4963 = DIRECTION('',(-0.,0.,-1.));
#4964 = FACE_BOUND('',#4965,.T.);
#4965 = EDGE_LOOP('',(#4966,#4976,#4984,#4992));
#4966 = ORIENTED_EDGE('',*,*,#4967,.F.);
#4967 = EDGE_CURVE('',#4968,#4970,#4972,.T.);
#4968 = VERTEX_POINT('',#4969);
#4969 = CARTESIAN_POINT('',(24.8,-2.,14.5));
#4970 = VERTEX_POINT('',#4971);
#4971 = CARTESIAN_POINT('',(26.4,-2.,14.5));
#4972 = LINE('',#4973,#4974);
#4973 = CARTESIAN_POINT('',(11.9,-2.,14.5));
#4974 = VECTOR('',#4975,1.);
#4975 = DIRECTION('',(1.,0.,-0.));
#4976 = ORIENTED_EDGE('',*,*,#4977,.T.);
#4977 = EDGE_CURVE('',#4968,#4978,#4980,.T.);
#4978 = VERTEX_POINT('',#4979);
#4979 = CARTESIAN_POINT('',(24.8,-2.,8.));
#4980 = LINE('',#4981,#4982);
#4981 = CARTESIAN_POINT('',(24.8,-2.,2.));
#4982 = VECTOR('',#4983,1.);
#4983 = DIRECTION('',(-0.,0.,-1.));
#4984 = ORIENTED_EDGE('',*,*,#4985,.T.);
#4985 = EDGE_CURVE('',#4978,#4986,#4988,.T.);
#4986 = VERTEX_POINT('',#4987);
#4987 = CARTESIAN_POINT('',(26.4,-2.,8.));
#4988 = LINE('',#4989,#4990);
#4989 = CARTESIAN_POINT('',(11.9,-2.,8.));
#4990 = VECTOR('',#4991,1.);
#4991 = DIRECTION('',(1.,0.,-0.));
#4992 = ORIENTED_EDGE('',*,*,#4993,.F.);
#4993 = EDGE_CURVE('',#4970,#4986,#4994,.T.);
#4994 = LINE('',#4995,#4996);
#4995 = CARTESIAN_POINT('',(26.4,-2.,2.));
#4996 = VECTOR('',#4997,1.);
#4997 = DIRECTION('',(-0.,0.,-1.));
#4998 = FACE_BOUND('',#4999,.T.);
#4999 = EDGE_LOOP('',(#5000,#5010,#5018,#5026));
#5000 = ORIENTED_EDGE('',*,*,#5001,.F.);
#5001 = EDGE_CURVE('',#5002,#5004,#5006,.T.);
#5002 = VERTEX_POINT('',#5003);
#5003 = CARTESIAN_POINT('',(28.2,-2.,14.5));
#5004 = VERTEX_POINT('',#5005);
#5005 = CARTESIAN_POINT('',(29.8,-2.,14.5));
#5006 = LINE('',#5007,#5008);
#5007 = CARTESIAN_POINT('',(13.6,-2.,14.5));
#5008 = VECTOR('',#5009,1.);
#5009 = DIRECTION('',(1.,0.,-0.));
#5010 = ORIENTED_EDGE('',*,*,#5011,.T.);
#5011 = EDGE_CURVE('',#5002,#5012,#5014,.T.);
#5012 = VERTEX_POINT('',#5013);
#5013 = CARTESIAN_POINT('',(28.2,-2.,8.));
#5014 = LINE('',#5015,#5016);
#5015 = CARTESIAN_POINT('',(28.2,-2.,2.));
#5016 = VECTOR('',#5017,1.);
#5017 = DIRECTION('',(-0.,0.,-1.));
#5018 = ORIENTED_EDGE('',*,*,#5019,.T.);
#5019 = EDGE_CURVE('',#5012,#5020,#5022,.T.);
#5020 = VERTEX_POINT('',#5021);
#5021 = CARTESIAN_POINT('',(29.8,-2.,8.));
#5022 = LINE('',#5023,#5024);
#5023 = CARTESIAN_POINT('',(13.6,-2.,8.));
#5024 = VECTOR('',#5025,1.);
#5025 = DIRECTION('',(1.,0.,-0.));
#5026 = ORIENTED_EDGE('',*,*,#5027,.F.);
#5027 = EDGE_CURVE('',#5004,#5020,#5028,.T.);
#5028 = LINE('',#5029,#5030);
#5029 = CARTESIAN_POINT('',(29.8,-2.,2.));
#5030 = VECTOR('',#5031,1.);
#5031 = DIRECTION('',(-0.,0.,-1.));
#5032 = FACE_BOUND('',#5033,.T.);
#5033 = EDGE_LOOP('',(#5034,#5045,#5053,#5062,#5070,#5079,#5087,#5096));
#5034 = ORIENTED_EDGE('',*,*,#5035,.F.);
#5035 = EDGE_CURVE('',#5036,#5038,#5040,.T.);
#5036 = VERTEX_POINT('',#5037);
#5037 = CARTESIAN_POINT('',(33.8,-2.,4.75));
#5038 = VERTEX_POINT('',#5039);
#5039 = CARTESIAN_POINT('',(35.8,-2.,6.75));
#5040 = CIRCLE('',#5041,2.);
#5041 = AXIS2_PLACEMENT_3D('',#5042,#5043,#5044);
#5042 = CARTESIAN_POINT('',(35.8,-2.,4.75));
#5043 = DIRECTION('',(-0.,1.,0.));
#5044 = DIRECTION('',(-1.,-0.,0.));
#5045 = ORIENTED_EDGE('',*,*,#5046,.T.);
#5046 = EDGE_CURVE('',#5036,#5047,#5049,.T.);
#5047 = VERTEX_POINT('',#5048);
#5048 = CARTESIAN_POINT('',(33.8,-2.,1.15));
#5049 = LINE('',#5050,#5051);
#5050 = CARTESIAN_POINT('',(33.8,-2.,-2.425));
#5051 = VECTOR('',#5052,1.);
#5052 = DIRECTION('',(-0.,0.,-1.));
#5053 = ORIENTED_EDGE('',*,*,#5054,.F.);
#5054 = EDGE_CURVE('',#5055,#5047,#5057,.T.);
#5055 = VERTEX_POINT('',#5056);
#5056 = CARTESIAN_POINT('',(35.8,-2.,-0.85));
#5057 = CIRCLE('',#5058,2.);
#5058 = AXIS2_PLACEMENT_3D('',#5059,#5060,#5061);
#5059 = CARTESIAN_POINT('',(35.8,-2.,1.15));
#5060 = DIRECTION('',(-0.,1.,0.));
#5061 = DIRECTION('',(-1.,-0.,0.));
#5062 = ORIENTED_EDGE('',*,*,#5063,.T.);
#5063 = EDGE_CURVE('',#5055,#5064,#5066,.T.);
#5064 = VERTEX_POINT('',#5065);
#5065 = CARTESIAN_POINT('',(43.2,-2.,-0.85));
#5066 = LINE('',#5067,#5068);
#5067 = CARTESIAN_POINT('',(16.4,-2.,-0.85));
#5068 = VECTOR('',#5069,1.);
#5069 = DIRECTION('',(1.,0.,-0.));
#5070 = ORIENTED_EDGE('',*,*,#5071,.F.);
#5071 = EDGE_CURVE('',#5072,#5064,#5074,.T.);
#5072 = VERTEX_POINT('',#5073);
#5073 = CARTESIAN_POINT('',(45.2,-2.,1.15));
#5074 = CIRCLE('',#5075,2.);
#5075 = AXIS2_PLACEMENT_3D('',#5076,#5077,#5078);
#5076 = CARTESIAN_POINT('',(43.2,-2.,1.15));
#5077 = DIRECTION('',(0.,1.,0.));
#5078 = DIRECTION('',(1.,0.,-0.));
#5079 = ORIENTED_EDGE('',*,*,#5080,.F.);
#5080 = EDGE_CURVE('',#5081,#5072,#5083,.T.);
#5081 = VERTEX_POINT('',#5082);
#5082 = CARTESIAN_POINT('',(45.2,-2.,4.75));
#5083 = LINE('',#5084,#5085);
#5084 = CARTESIAN_POINT('',(45.2,-2.,-2.425));
#5085 = VECTOR('',#5086,1.);
#5086 = DIRECTION('',(-0.,0.,-1.));
#5087 = ORIENTED_EDGE('',*,*,#5088,.F.);
#5088 = EDGE_CURVE('',#5089,#5081,#5091,.T.);
#5089 = VERTEX_POINT('',#5090);
#5090 = CARTESIAN_POINT('',(43.2,-2.,6.75));
#5091 = CIRCLE('',#5092,2.);
#5092 = AXIS2_PLACEMENT_3D('',#5093,#5094,#5095);
#5093 = CARTESIAN_POINT('',(43.2,-2.,4.75));
#5094 = DIRECTION('',(0.,1.,0.));
#5095 = DIRECTION('',(1.,0.,-0.));
#5096 = ORIENTED_EDGE('',*,*,#5097,.F.);
#5097 = EDGE_CURVE('',#5038,#5089,#5098,.T.);
#5098 = LINE('',#5099,#5100);
#5099 = CARTESIAN_POINT('',(16.4,-2.,6.75));
#5100 = VECTOR('',#5101,1.);
#5101 = DIRECTION('',(1.,0.,-0.));
#5102 = FACE_BOUND('',#5103,.T.);
#5103 = EDGE_LOOP('',(#5104,#5115,#5123,#5132,#5140,#5149,#5157,#5166));
#5104 = ORIENTED_EDGE('',*,*,#5105,.F.);
#5105 = EDGE_CURVE('',#5106,#5108,#5110,.T.);
#5106 = VERTEX_POINT('',#5107);
#5107 = CARTESIAN_POINT('',(50.1,-2.,6.88));
#5108 = VERTEX_POINT('',#5109);
#5109 = CARTESIAN_POINT('',(51.6,-2.,8.38));
#5110 = CIRCLE('',#5111,1.5);
#5111 = AXIS2_PLACEMENT_3D('',#5112,#5113,#5114);
#5112 = CARTESIAN_POINT('',(51.6,-2.,6.88));
#5113 = DIRECTION('',(-0.,1.,0.));
#5114 = DIRECTION('',(-1.,-0.,0.));
#5115 = ORIENTED_EDGE('',*,*,#5116,.T.);
#5116 = EDGE_CURVE('',#5106,#5117,#5119,.T.);
#5117 = VERTEX_POINT('',#5118);
#5118 = CARTESIAN_POINT('',(50.1,-2.,1.98));
#5119 = LINE('',#5120,#5121);
#5120 = CARTESIAN_POINT('',(50.1,-2.,-1.76));
#5121 = VECTOR('',#5122,1.);
#5122 = DIRECTION('',(-0.,0.,-1.));
#5123 = ORIENTED_EDGE('',*,*,#5124,.F.);
#5124 = EDGE_CURVE('',#5125,#5117,#5127,.T.);
#5125 = VERTEX_POINT('',#5126);
#5126 = CARTESIAN_POINT('',(51.6,-2.,0.48));
#5127 = CIRCLE('',#5128,1.5);
#5128 = AXIS2_PLACEMENT_3D('',#5129,#5130,#5131);
#5129 = CARTESIAN_POINT('',(51.6,-2.,1.98));
#5130 = DIRECTION('',(-0.,1.,0.));
#5131 = DIRECTION('',(-1.,-0.,0.));
#5132 = ORIENTED_EDGE('',*,*,#5133,.T.);
#5133 = EDGE_CURVE('',#5125,#5134,#5136,.T.);
#5134 = VERTEX_POINT('',#5135);
#5135 = CARTESIAN_POINT('',(56.4,-2.,0.48));
#5136 = LINE('',#5137,#5138);
#5137 = CARTESIAN_POINT('',(24.55,-2.,0.48));
#5138 = VECTOR('',#5139,1.);
#5139 = DIRECTION('',(1.,0.,-0.));
#5140 = ORIENTED_EDGE('',*,*,#5141,.F.);
#5141 = EDGE_CURVE('',#5142,#5134,#5144,.T.);
#5142 = VERTEX_POINT('',#5143);
#5143 = CARTESIAN_POINT('',(57.9,-2.,1.98));
#5144 = CIRCLE('',#5145,1.5);
#5145 = AXIS2_PLACEMENT_3D('',#5146,#5147,#5148);
#5146 = CARTESIAN_POINT('',(56.4,-2.,1.98));
#5147 = DIRECTION('',(0.,1.,0.));
#5148 = DIRECTION('',(1.,0.,-0.));
#5149 = ORIENTED_EDGE('',*,*,#5150,.F.);
#5150 = EDGE_CURVE('',#5151,#5142,#5153,.T.);
#5151 = VERTEX_POINT('',#5152);
#5152 = CARTESIAN_POINT('',(57.9,-2.,6.88));
#5153 = LINE('',#5154,#5155);
#5154 = CARTESIAN_POINT('',(57.9,-2.,-1.76));
#5155 = VECTOR('',#5156,1.);
#5156 = DIRECTION('',(-0.,0.,-1.));
#5157 = ORIENTED_EDGE('',*,*,#5158,.F.);
#5158 = EDGE_CURVE('',#5159,#5151,#5161,.T.);
#5159 = VERTEX_POINT('',#5160);
#5160 = CARTESIAN_POINT('',(56.4,-2.,8.38));
#5161 = CIRCLE('',#5162,1.5);
#5162 = AXIS2_PLACEMENT_3D('',#5163,#5164,#5165);
#5163 = CARTESIAN_POINT('',(56.4,-2.,6.88));
#5164 = DIRECTION('',(0.,1.,0.));
#5165 = DIRECTION('',(1.,0.,-0.));
#5166 = ORIENTED_EDGE('',*,*,#5167,.F.);
#5167 = EDGE_CURVE('',#5108,#5159,#5168,.T.);
#5168 = LINE('',#5169,#5170);
#5169 = CARTESIAN_POINT('',(24.55,-2.,8.38));
#5170 = VECTOR('',#5171,1.);
#5171 = DIRECTION('',(1.,0.,-0.));
#5172 = FACE_BOUND('',#5173,.T.);
#5173 = EDGE_LOOP('',(#5174,#5184,#5192,#5200));
#5174 = ORIENTED_EDGE('',*,*,#5175,.F.);
#5175 = EDGE_CURVE('',#5176,#5178,#5180,.T.);
#5176 = VERTEX_POINT('',#5177);
#5177 = CARTESIAN_POINT('',(31.6,-2.,14.5));
#5178 = VERTEX_POINT('',#5179);
#5179 = CARTESIAN_POINT('',(33.2,-2.,14.5));
#5180 = LINE('',#5181,#5182);
#5181 = CARTESIAN_POINT('',(15.3,-2.,14.5));
#5182 = VECTOR('',#5183,1.);
#5183 = DIRECTION('',(1.,0.,-0.));
#5184 = ORIENTED_EDGE('',*,*,#5185,.T.);
#5185 = EDGE_CURVE('',#5176,#5186,#5188,.T.);
#5186 = VERTEX_POINT('',#5187);
#5187 = CARTESIAN_POINT('',(31.6,-2.,8.));
#5188 = LINE('',#5189,#5190);
#5189 = CARTESIAN_POINT('',(31.6,-2.,2.));
#5190 = VECTOR('',#5191,1.);
#5191 = DIRECTION('',(-0.,0.,-1.));
#5192 = ORIENTED_EDGE('',*,*,#5193,.T.);
#5193 = EDGE_CURVE('',#5186,#5194,#5196,.T.);
#5194 = VERTEX_POINT('',#5195);
#5195 = CARTESIAN_POINT('',(33.2,-2.,8.));
#5196 = LINE('',#5197,#5198);
#5197 = CARTESIAN_POINT('',(15.3,-2.,8.));
#5198 = VECTOR('',#5199,1.);
#5199 = DIRECTION('',(1.,0.,-0.));
#5200 = ORIENTED_EDGE('',*,*,#5201,.F.);
#5201 = EDGE_CURVE('',#5178,#5194,#5202,.T.);
#5202 = LINE('',#5203,#5204);
#5203 = CARTESIAN_POINT('',(33.2,-2.,2.));
#5204 = VECTOR('',#5205,1.);
#5205 = DIRECTION('',(-0.,0.,-1.));
#5206 = FACE_BOUND('',#5207,.T.);
#5207 = EDGE_LOOP('',(#5208,#5218,#5226,#5234));
#5208 = ORIENTED_EDGE('',*,*,#5209,.F.);
#5209 = EDGE_CURVE('',#5210,#5212,#5214,.T.);
#5210 = VERTEX_POINT('',#5211);
#5211 = CARTESIAN_POINT('',(35.,-2.,14.5));
#5212 = VERTEX_POINT('',#5213);
#5213 = CARTESIAN_POINT('',(36.6,-2.,14.5));
#5214 = LINE('',#5215,#5216);
#5215 = CARTESIAN_POINT('',(17.,-2.,14.5));
#5216 = VECTOR('',#5217,1.);
#5217 = DIRECTION('',(1.,0.,-0.));
#5218 = ORIENTED_EDGE('',*,*,#5219,.T.);
#5219 = EDGE_CURVE('',#5210,#5220,#5222,.T.);
#5220 = VERTEX_POINT('',#5221);
#5221 = CARTESIAN_POINT('',(35.,-2.,8.));
#5222 = LINE('',#5223,#5224);
#5223 = CARTESIAN_POINT('',(35.,-2.,2.));
#5224 = VECTOR('',#5225,1.);
#5225 = DIRECTION('',(-0.,0.,-1.));
#5226 = ORIENTED_EDGE('',*,*,#5227,.T.);
#5227 = EDGE_CURVE('',#5220,#5228,#5230,.T.);
#5228 = VERTEX_POINT('',#5229);
#5229 = CARTESIAN_POINT('',(36.6,-2.,8.));
#5230 = LINE('',#5231,#5232);
#5231 = CARTESIAN_POINT('',(17.,-2.,8.));
#5232 = VECTOR('',#5233,1.);
#5233 = DIRECTION('',(1.,0.,-0.));
#5234 = ORIENTED_EDGE('',*,*,#5235,.F.);
#5235 = EDGE_CURVE('',#5212,#5228,#5236,.T.);
#5236 = LINE('',#5237,#5238);
#5237 = CARTESIAN_POINT('',(36.6,-2.,2.));
#5238 = VECTOR('',#5239,1.);
#5239 = DIRECTION('',(-0.,0.,-1.));
#5240 = FACE_BOUND('',#5241,.T.);
#5241 = EDGE_LOOP('',(#5242,#5252,#5260,#5268));
#5242 = ORIENTED_EDGE('',*,*,#5243,.F.);
#5243 = EDGE_CURVE('',#5244,#5246,#5248,.T.);
#5244 = VERTEX_POINT('',#5245);
#5245 = CARTESIAN_POINT('',(38.4,-2.,14.5));
#5246 = VERTEX_POINT('',#5247);
#5247 = CARTESIAN_POINT('',(40.,-2.,14.5));
#5248 = LINE('',#5249,#5250);
#5249 = CARTESIAN_POINT('',(18.7,-2.,14.5));
#5250 = VECTOR('',#5251,1.);
#5251 = DIRECTION('',(1.,0.,-0.));
#5252 = ORIENTED_EDGE('',*,*,#5253,.T.);
#5253 = EDGE_CURVE('',#5244,#5254,#5256,.T.);
#5254 = VERTEX_POINT('',#5255);
#5255 = CARTESIAN_POINT('',(38.4,-2.,8.));
#5256 = LINE('',#5257,#5258);
#5257 = CARTESIAN_POINT('',(38.4,-2.,2.));
#5258 = VECTOR('',#5259,1.);
#5259 = DIRECTION('',(-0.,0.,-1.));
#5260 = ORIENTED_EDGE('',*,*,#5261,.T.);
#5261 = EDGE_CURVE('',#5254,#5262,#5264,.T.);
#5262 = VERTEX_POINT('',#5263);
#5263 = CARTESIAN_POINT('',(40.,-2.,8.));
#5264 = LINE('',#5265,#5266);
#5265 = CARTESIAN_POINT('',(18.7,-2.,8.));
#5266 = VECTOR('',#5267,1.);
#5267 = DIRECTION('',(1.,0.,-0.));
#5268 = ORIENTED_EDGE('',*,*,#5269,.F.);
#5269 = EDGE_CURVE('',#5246,#5262,#5270,.T.);
#5270 = LINE('',#5271,#5272);
#5271 = CARTESIAN_POINT('',(40.,-2.,2.));
#5272 = VECTOR('',#5273,1.);
#5273 = DIRECTION('',(-0.,0.,-1.));
#5274 = FACE_BOUND('',#5275,.T.);
#5275 = EDGE_LOOP('',(#5276,#5286,#5294,#5302));
#5276 = ORIENTED_EDGE('',*,*,#5277,.F.);
#5277 = EDGE_CURVE('',#5278,#5280,#5282,.T.);
#5278 = VERTEX_POINT('',#5279);
#5279 = CARTESIAN_POINT('',(41.8,-2.,14.5));
#5280 = VERTEX_POINT('',#5281);
#5281 = CARTESIAN_POINT('',(43.4,-2.,14.5));
#5282 = LINE('',#5283,#5284);
#5283 = CARTESIAN_POINT('',(20.4,-2.,14.5));
#5284 = VECTOR('',#5285,1.);
#5285 = DIRECTION('',(1.,0.,-0.));
#5286 = ORIENTED_EDGE('',*,*,#5287,.T.);
#5287 = EDGE_CURVE('',#5278,#5288,#5290,.T.);
#5288 = VERTEX_POINT('',#5289);
#5289 = CARTESIAN_POINT('',(41.8,-2.,8.));
#5290 = LINE('',#5291,#5292);
#5291 = CARTESIAN_POINT('',(41.8,-2.,2.));
#5292 = VECTOR('',#5293,1.);
#5293 = DIRECTION('',(-0.,0.,-1.));
#5294 = ORIENTED_EDGE('',*,*,#5295,.T.);
#5295 = EDGE_CURVE('',#5288,#5296,#5298,.T.);
#5296 = VERTEX_POINT('',#5297);
#5297 = CARTESIAN_POINT('',(43.4,-2.,8.));
#5298 = LINE('',#5299,#5300);
#5299 = CARTESIAN_POINT('',(20.4,-2.,8.));
#5300 = VECTOR('',#5301,1.);
#5301 = DIRECTION('',(1.,0.,-0.));
#5302 = ORIENTED_EDGE('',*,*,#5303,.F.);
#5303 = EDGE_CURVE('',#5280,#5296,#5304,.T.);
#5304 = LINE('',#5305,#5306);
#5305 = CARTESIAN_POINT('',(43.4,-2.,2.));
#5306 = VECTOR('',#5307,1.);
#5307 = DIRECTION('',(-0.,0.,-1.));
#5308 = PLANE('',#5309);
#5309 = AXIS2_PLACEMENT_3D('',#5310,#5311,#5312);
#5310 = CARTESIAN_POINT('',(-1.,-2.,-4.));
#5311 = DIRECTION('',(-0.,1.,0.));
#5312 = DIRECTION('',(0.,0.,1.));
#5313 = ADVANCED_FACE('',(#5314),#5341,.F.);
#5314 = FACE_BOUND('',#5315,.T.);
#5315 = EDGE_LOOP('',(#5316,#5326,#5333,#5334));
#5316 = ORIENTED_EDGE('',*,*,#5317,.F.);
#5317 = EDGE_CURVE('',#5318,#5320,#5322,.T.);
#5318 = VERTEX_POINT('',#5319);
#5319 = CARTESIAN_POINT('',(86.,-4.440892098501E-16,-4.));
#5320 = VERTEX_POINT('',#5321);
#5321 = CARTESIAN_POINT('',(86.,-4.440892098501E-16,20.));
#5322 = LINE('',#5323,#5324);
#5323 = CARTESIAN_POINT('',(86.,-4.440892098501E-16,-4.));
#5324 = VECTOR('',#5325,1.);
#5325 = DIRECTION('',(0.,0.,1.));
#5326 = ORIENTED_EDGE('',*,*,#5327,.T.);
#5327 = EDGE_CURVE('',#5318,#4576,#5328,.T.);
#5328 = CIRCLE('',#5329,2.);
#5329 = AXIS2_PLACEMENT_3D('',#5330,#5331,#5332);
#5330 = CARTESIAN_POINT('',(84.,-4.440892098501E-16,-4.));
#5331 = DIRECTION('',(-0.,-0.,-1.));
#5332 = DIRECTION('',(0.,-1.,0.));
#5333 = ORIENTED_EDGE('',*,*,#4615,.T.);
#5334 = ORIENTED_EDGE('',*,*,#5335,.T.);
#5335 = EDGE_CURVE('',#4608,#5320,#5336,.T.);
#5336 = CIRCLE('',#5337,2.);
#5337 = AXIS2_PLACEMENT_3D('',#5338,#5339,#5340);
#5338 = CARTESIAN_POINT('',(84.,-4.440892098501E-16,20.));
#5339 = DIRECTION('',(0.,0.,1.));
#5340 = DIRECTION('',(1.,0.,-0.));
#5341 = CYLINDRICAL_SURFACE('',#5342,2.);
#5342 = AXIS2_PLACEMENT_3D('',#5343,#5344,#5345);
#5343 = CARTESIAN_POINT('',(84.,-4.440892098501E-16,-4.));
#5344 = DIRECTION('',(0.,0.,1.));
#5345 = DIRECTION('',(1.,0.,-0.));
#5346 = ADVANCED_FACE('',(#5347,#5372,#5442,#5512),#5582,.F.);
#5347 = FACE_BOUND('',#5348,.F.);
#5348 = EDGE_LOOP('',(#5349,#5357,#5358,#5366));
#5349 = ORIENTED_EDGE('',*,*,#5350,.F.);
#5350 = EDGE_CURVE('',#5320,#5351,#5353,.T.);
#5351 = VERTEX_POINT('',#5352);
#5352 = CARTESIAN_POINT('',(86.,61.5,20.));
#5353 = LINE('',#5354,#5355);
#5354 = CARTESIAN_POINT('',(86.,-3.,20.));
#5355 = VECTOR('',#5356,1.);
#5356 = DIRECTION('',(-0.,1.,0.));
#5357 = ORIENTED_EDGE('',*,*,#5317,.F.);
#5358 = ORIENTED_EDGE('',*,*,#5359,.T.);
#5359 = EDGE_CURVE('',#5318,#5360,#5362,.T.);
#5360 = VERTEX_POINT('',#5361);
#5361 = CARTESIAN_POINT('',(86.,61.5,-4.));
#5362 = LINE('',#5363,#5364);
#5363 = CARTESIAN_POINT('',(86.,-2.,-4.));
#5364 = VECTOR('',#5365,1.);
#5365 = DIRECTION('',(-0.,1.,0.));
#5366 = ORIENTED_EDGE('',*,*,#5367,.T.);
#5367 = EDGE_CURVE('',#5360,#5351,#5368,.T.);
#5368 = LINE('',#5369,#5370);
#5369 = CARTESIAN_POINT('',(86.,61.5,-4.));
#5370 = VECTOR('',#5371,1.);
#5371 = DIRECTION('',(0.,0.,1.));
#5372 = FACE_BOUND('',#5373,.F.);
#5373 = EDGE_LOOP('',(#5374,#5385,#5393,#5402,#5410,#5419,#5427,#5436));
#5374 = ORIENTED_EDGE('',*,*,#5375,.F.);
#5375 = EDGE_CURVE('',#5376,#5378,#5380,.T.);
#5376 = VERTEX_POINT('',#5377);
#5377 = CARTESIAN_POINT('',(86.,37.2,-1.5));
#5378 = VERTEX_POINT('',#5379);
#5379 = CARTESIAN_POINT('',(86.,38.,-2.3));
#5380 = CIRCLE('',#5381,0.8);
#5381 = AXIS2_PLACEMENT_3D('',#5382,#5383,#5384);
#5382 = CARTESIAN_POINT('',(86.,38.,-1.5));
#5383 = DIRECTION('',(1.,0.,0.));
#5384 = DIRECTION('',(0.,-1.,0.));
#5385 = ORIENTED_EDGE('',*,*,#5386,.T.);
#5386 = EDGE_CURVE('',#5376,#5387,#5389,.T.);
#5387 = VERTEX_POINT('',#5388);
#5388 = CARTESIAN_POINT('',(86.,37.2,15.));
#5389 = LINE('',#5390,#5391);
#5390 = CARTESIAN_POINT('',(86.,37.2,-3.15));
#5391 = VECTOR('',#5392,1.);
#5392 = DIRECTION('',(0.,0.,1.));
#5393 = ORIENTED_EDGE('',*,*,#5394,.F.);
#5394 = EDGE_CURVE('',#5395,#5387,#5397,.T.);
#5395 = VERTEX_POINT('',#5396);
#5396 = CARTESIAN_POINT('',(86.,38.,15.8));
#5397 = CIRCLE('',#5398,0.8);
#5398 = AXIS2_PLACEMENT_3D('',#5399,#5400,#5401);
#5399 = CARTESIAN_POINT('',(86.,38.,15.));
#5400 = DIRECTION('',(1.,0.,0.));
#5401 = DIRECTION('',(0.,-1.,0.));
#5402 = ORIENTED_EDGE('',*,*,#5403,.F.);
#5403 = EDGE_CURVE('',#5404,#5395,#5406,.T.);
#5404 = VERTEX_POINT('',#5405);
#5405 = CARTESIAN_POINT('',(86.,53.5,15.8));
#5406 = LINE('',#5407,#5408);
#5407 = CARTESIAN_POINT('',(86.,17.6,15.8));
#5408 = VECTOR('',#5409,1.);
#5409 = DIRECTION('',(0.,-1.,0.));
#5410 = ORIENTED_EDGE('',*,*,#5411,.F.);
#5411 = EDGE_CURVE('',#5412,#5404,#5414,.T.);
#5412 = VERTEX_POINT('',#5413);
#5413 = CARTESIAN_POINT('',(86.,54.3,15.));
#5414 = CIRCLE('',#5415,0.8);
#5415 = AXIS2_PLACEMENT_3D('',#5416,#5417,#5418);
#5416 = CARTESIAN_POINT('',(86.,53.5,15.));
#5417 = DIRECTION('',(1.,0.,-0.));
#5418 = DIRECTION('',(0.,1.,0.));
#5419 = ORIENTED_EDGE('',*,*,#5420,.F.);
#5420 = EDGE_CURVE('',#5421,#5412,#5423,.T.);
#5421 = VERTEX_POINT('',#5422);
#5422 = CARTESIAN_POINT('',(86.,54.3,-1.5));
#5423 = LINE('',#5424,#5425);
#5424 = CARTESIAN_POINT('',(86.,54.3,-3.15));
#5425 = VECTOR('',#5426,1.);
#5426 = DIRECTION('',(0.,0.,1.));
#5427 = ORIENTED_EDGE('',*,*,#5428,.F.);
#5428 = EDGE_CURVE('',#5429,#5421,#5431,.T.);
#5429 = VERTEX_POINT('',#5430);
#5430 = CARTESIAN_POINT('',(86.,53.5,-2.3));
#5431 = CIRCLE('',#5432,0.8);
#5432 = AXIS2_PLACEMENT_3D('',#5433,#5434,#5435);
#5433 = CARTESIAN_POINT('',(86.,53.5,-1.5));
#5434 = DIRECTION('',(1.,0.,-0.));
#5435 = DIRECTION('',(0.,1.,0.));
#5436 = ORIENTED_EDGE('',*,*,#5437,.T.);
#5437 = EDGE_CURVE('',#5429,#5378,#5438,.T.);
#5438 = LINE('',#5439,#5440);
#5439 = CARTESIAN_POINT('',(86.,17.6,-2.3));
#5440 = VECTOR('',#5441,1.);
#5441 = DIRECTION('',(0.,-1.,0.));
#5442 = FACE_BOUND('',#5443,.F.);
#5443 = EDGE_LOOP('',(#5444,#5455,#5463,#5472,#5480,#5489,#5497,#5506));
#5444 = ORIENTED_EDGE('',*,*,#5445,.F.);
#5445 = EDGE_CURVE('',#5446,#5448,#5450,.T.);
#5446 = VERTEX_POINT('',#5447);
#5447 = CARTESIAN_POINT('',(86.,0.83,-1.5));
#5448 = VERTEX_POINT('',#5449);
#5449 = CARTESIAN_POINT('',(86.,1.63,-2.3));
#5450 = CIRCLE('',#5451,0.8);
#5451 = AXIS2_PLACEMENT_3D('',#5452,#5453,#5454);
#5452 = CARTESIAN_POINT('',(86.,1.63,-1.5));
#5453 = DIRECTION('',(1.,0.,0.));
#5454 = DIRECTION('',(0.,-1.,0.));
#5455 = ORIENTED_EDGE('',*,*,#5456,.T.);
#5456 = EDGE_CURVE('',#5446,#5457,#5459,.T.);
#5457 = VERTEX_POINT('',#5458);
#5458 = CARTESIAN_POINT('',(86.,0.83,17.35));
#5459 = LINE('',#5460,#5461);
#5460 = CARTESIAN_POINT('',(86.,0.83,-3.15));
#5461 = VECTOR('',#5462,1.);
#5462 = DIRECTION('',(0.,0.,1.));
#5463 = ORIENTED_EDGE('',*,*,#5464,.F.);
#5464 = EDGE_CURVE('',#5465,#5457,#5467,.T.);
#5465 = VERTEX_POINT('',#5466);
#5466 = CARTESIAN_POINT('',(86.,1.63,18.15));
#5467 = CIRCLE('',#5468,0.8);
#5468 = AXIS2_PLACEMENT_3D('',#5469,#5470,#5471);
#5469 = CARTESIAN_POINT('',(86.,1.63,17.35));
#5470 = DIRECTION('',(1.,0.,0.));
#5471 = DIRECTION('',(0.,-1.,0.));
#5472 = ORIENTED_EDGE('',*,*,#5473,.F.);
#5473 = EDGE_CURVE('',#5474,#5465,#5476,.T.);
#5474 = VERTEX_POINT('',#5475);
#5475 = CARTESIAN_POINT('',(86.,16.37,18.15));
#5476 = LINE('',#5477,#5478);
#5477 = CARTESIAN_POINT('',(86.,-0.585,18.15));
#5478 = VECTOR('',#5479,1.);
#5479 = DIRECTION('',(0.,-1.,0.));
#5480 = ORIENTED_EDGE('',*,*,#5481,.F.);
#5481 = EDGE_CURVE('',#5482,#5474,#5484,.T.);
#5482 = VERTEX_POINT('',#5483);
#5483 = CARTESIAN_POINT('',(86.,17.17,17.35));
#5484 = CIRCLE('',#5485,0.8);
#5485 = AXIS2_PLACEMENT_3D('',#5486,#5487,#5488);
#5486 = CARTESIAN_POINT('',(86.,16.37,17.35));
#5487 = DIRECTION('',(1.,0.,-0.));
#5488 = DIRECTION('',(0.,1.,0.));
#5489 = ORIENTED_EDGE('',*,*,#5490,.F.);
#5490 = EDGE_CURVE('',#5491,#5482,#5493,.T.);
#5491 = VERTEX_POINT('',#5492);
#5492 = CARTESIAN_POINT('',(86.,17.17,-1.5));
#5493 = LINE('',#5494,#5495);
#5494 = CARTESIAN_POINT('',(86.,17.17,-3.15));
#5495 = VECTOR('',#5496,1.);
#5496 = DIRECTION('',(0.,0.,1.));
#5497 = ORIENTED_EDGE('',*,*,#5498,.F.);
#5498 = EDGE_CURVE('',#5499,#5491,#5501,.T.);
#5499 = VERTEX_POINT('',#5500);
#5500 = CARTESIAN_POINT('',(86.,16.37,-2.3));
#5501 = CIRCLE('',#5502,0.8);
#5502 = AXIS2_PLACEMENT_3D('',#5503,#5504,#5505);
#5503 = CARTESIAN_POINT('',(86.,16.37,-1.5));
#5504 = DIRECTION('',(1.,0.,-0.));
#5505 = DIRECTION('',(0.,1.,0.));
#5506 = ORIENTED_EDGE('',*,*,#5507,.T.);
#5507 = EDGE_CURVE('',#5499,#5448,#5508,.T.);
#5508 = LINE('',#5509,#5510);
#5509 = CARTESIAN_POINT('',(86.,-0.585,-2.3));
#5510 = VECTOR('',#5511,1.);
#5511 = DIRECTION('',(0.,-1.,0.));
#5512 = FACE_BOUND('',#5513,.F.);
#5513 = EDGE_LOOP('',(#5514,#5525,#5533,#5542,#5550,#5559,#5567,#5576));
#5514 = ORIENTED_EDGE('',*,*,#5515,.F.);
#5515 = EDGE_CURVE('',#5516,#5518,#5520,.T.);
#5516 = VERTEX_POINT('',#5517);
#5517 = CARTESIAN_POINT('',(86.,18.7,-1.13));
#5518 = VERTEX_POINT('',#5519);
#5519 = CARTESIAN_POINT('',(86.,19.5,-1.93));
#5520 = CIRCLE('',#5521,0.8);
#5521 = AXIS2_PLACEMENT_3D('',#5522,#5523,#5524);
#5522 = CARTESIAN_POINT('',(86.,19.5,-1.13));
#5523 = DIRECTION('',(1.,0.,0.));
#5524 = DIRECTION('',(0.,-1.,0.));
#5525 = ORIENTED_EDGE('',*,*,#5526,.T.);
#5526 = EDGE_CURVE('',#5516,#5527,#5529,.T.);
#5527 = VERTEX_POINT('',#5528);
#5528 = CARTESIAN_POINT('',(86.,18.7,17.69));
#5529 = LINE('',#5530,#5531);
#5530 = CARTESIAN_POINT('',(86.,18.7,-2.965));
#5531 = VECTOR('',#5532,1.);
#5532 = DIRECTION('',(0.,0.,1.));
#5533 = ORIENTED_EDGE('',*,*,#5534,.F.);
#5534 = EDGE_CURVE('',#5535,#5527,#5537,.T.);
#5535 = VERTEX_POINT('',#5536);
#5536 = CARTESIAN_POINT('',(86.,19.5,18.49));
#5537 = CIRCLE('',#5538,0.8);
#5538 = AXIS2_PLACEMENT_3D('',#5539,#5540,#5541);
#5539 = CARTESIAN_POINT('',(86.,19.5,17.69));
#5540 = DIRECTION('',(1.,0.,0.));
#5541 = DIRECTION('',(0.,-1.,0.));
#5542 = ORIENTED_EDGE('',*,*,#5543,.F.);
#5543 = EDGE_CURVE('',#5544,#5535,#5546,.T.);
#5544 = VERTEX_POINT('',#5545);
#5545 = CARTESIAN_POINT('',(86.,34.5,18.49));
#5546 = LINE('',#5547,#5548);
#5547 = CARTESIAN_POINT('',(86.,8.35,18.49));
#5548 = VECTOR('',#5549,1.);
#5549 = DIRECTION('',(0.,-1.,0.));
#5550 = ORIENTED_EDGE('',*,*,#5551,.F.);
#5551 = EDGE_CURVE('',#5552,#5544,#5554,.T.);
#5552 = VERTEX_POINT('',#5553);
#5553 = CARTESIAN_POINT('',(86.,35.3,17.69));
#5554 = CIRCLE('',#5555,0.8);
#5555 = AXIS2_PLACEMENT_3D('',#5556,#5557,#5558);
#5556 = CARTESIAN_POINT('',(86.,34.5,17.69));
#5557 = DIRECTION('',(1.,0.,-0.));
#5558 = DIRECTION('',(0.,1.,0.));
#5559 = ORIENTED_EDGE('',*,*,#5560,.F.);
#5560 = EDGE_CURVE('',#5561,#5552,#5563,.T.);
#5561 = VERTEX_POINT('',#5562);
#5562 = CARTESIAN_POINT('',(86.,35.3,-1.13));
#5563 = LINE('',#5564,#5565);
#5564 = CARTESIAN_POINT('',(86.,35.3,-2.965));
#5565 = VECTOR('',#5566,1.);
#5566 = DIRECTION('',(0.,0.,1.));
#5567 = ORIENTED_EDGE('',*,*,#5568,.F.);
#5568 = EDGE_CURVE('',#5569,#5561,#5571,.T.);
#5569 = VERTEX_POINT('',#5570);
#5570 = CARTESIAN_POINT('',(86.,34.5,-1.93));
#5571 = CIRCLE('',#5572,0.8);
#5572 = AXIS2_PLACEMENT_3D('',#5573,#5574,#5575);
#5573 = CARTESIAN_POINT('',(86.,34.5,-1.13));
#5574 = DIRECTION('',(1.,0.,-0.));
#5575 = DIRECTION('',(0.,1.,0.));
#5576 = ORIENTED_EDGE('',*,*,#5577,.T.);
#5577 = EDGE_CURVE('',#5569,#5518,#5578,.T.);
#5578 = LINE('',#5579,#5580);
#5579 = CARTESIAN_POINT('',(86.,8.35,-1.93));
#5580 = VECTOR('',#5581,1.);
#5581 = DIRECTION('',(0.,-1.,0.));
#5582 = PLANE('',#5583);
#5583 = AXIS2_PLACEMENT_3D('',#5584,#5585,#5586);
#5584 = CARTESIAN_POINT('',(86.,-2.,-4.));
#5585 = DIRECTION('',(1.,0.,-0.));
#5586 = DIRECTION('',(0.,0.,1.));
#5587 = ADVANCED_FACE('',(#5588),#5615,.F.);
#5588 = FACE_BOUND('',#5589,.F.);
#5589 = EDGE_LOOP('',(#5590,#5591,#5600,#5608));
#5590 = ORIENTED_EDGE('',*,*,#5367,.F.);
#5591 = ORIENTED_EDGE('',*,*,#5592,.T.);
#5592 = EDGE_CURVE('',#5360,#5593,#5595,.T.);
#5593 = VERTEX_POINT('',#5594);
#5594 = CARTESIAN_POINT('',(84.,63.5,-4.));
#5595 = CIRCLE('',#5596,2.);
#5596 = AXIS2_PLACEMENT_3D('',#5597,#5598,#5599);
#5597 = CARTESIAN_POINT('',(84.,61.5,-4.));
#5598 = DIRECTION('',(0.,0.,1.));
#5599 = DIRECTION('',(0.,-1.,0.));
#5600 = ORIENTED_EDGE('',*,*,#5601,.T.);
#5601 = EDGE_CURVE('',#5593,#5602,#5604,.T.);
#5602 = VERTEX_POINT('',#5603);
#5603 = CARTESIAN_POINT('',(84.,63.5,20.));
#5604 = LINE('',#5605,#5606);
#5605 = CARTESIAN_POINT('',(84.,63.5,-4.));
#5606 = VECTOR('',#5607,1.);
#5607 = DIRECTION('',(0.,0.,1.));
#5608 = ORIENTED_EDGE('',*,*,#5609,.F.);
#5609 = EDGE_CURVE('',#5351,#5602,#5610,.T.);
#5610 = CIRCLE('',#5611,2.);
#5611 = AXIS2_PLACEMENT_3D('',#5612,#5613,#5614);
#5612 = CARTESIAN_POINT('',(84.,61.5,20.));
#5613 = DIRECTION('',(0.,0.,1.));
#5614 = DIRECTION('',(1.,0.,-0.));
#5615 = CYLINDRICAL_SURFACE('',#5616,2.);
#5616 = AXIS2_PLACEMENT_3D('',#5617,#5618,#5619);
#5617 = CARTESIAN_POINT('',(84.,61.5,-4.));
#5618 = DIRECTION('',(0.,0.,1.));
#5619 = DIRECTION('',(1.,0.,-0.));
#5620 = ADVANCED_FACE('',(#5621),#5646,.F.);
#5621 = FACE_BOUND('',#5622,.F.);
#5622 = EDGE_LOOP('',(#5623,#5631,#5639,#5645));
#5623 = ORIENTED_EDGE('',*,*,#5624,.F.);
#5624 = EDGE_CURVE('',#5625,#5593,#5627,.T.);
#5625 = VERTEX_POINT('',#5626);
#5626 = CARTESIAN_POINT('',(50.2,63.5,-4.));
#5627 = LINE('',#5628,#5629);
#5628 = CARTESIAN_POINT('',(-1.,63.5,-4.));
#5629 = VECTOR('',#5630,1.);
#5630 = DIRECTION('',(1.,0.,-0.));
#5631 = ORIENTED_EDGE('',*,*,#5632,.F.);
#5632 = EDGE_CURVE('',#5633,#5625,#5635,.T.);
#5633 = VERTEX_POINT('',#5634);
#5634 = CARTESIAN_POINT('',(50.2,63.5,20.));
#5635 = LINE('',#5636,#5637);
#5636 = CARTESIAN_POINT('',(50.2,63.5,-4.005));
#5637 = VECTOR('',#5638,1.);
#5638 = DIRECTION('',(-0.,0.,-1.));
#5639 = ORIENTED_EDGE('',*,*,#5640,.F.);
#5640 = EDGE_CURVE('',#5602,#5633,#5641,.T.);
#5641 = LINE('',#5642,#5643);
#5642 = CARTESIAN_POINT('',(-2.,63.5,20.));
#5643 = VECTOR('',#5644,1.);
#5644 = DIRECTION('',(-1.,-0.,0.));
#5645 = ORIENTED_EDGE('',*,*,#5601,.F.);
#5646 = PLANE('',#5647);
#5647 = AXIS2_PLACEMENT_3D('',#5648,#5649,#5650);
#5648 = CARTESIAN_POINT('',(-1.,63.5,-4.));
#5649 = DIRECTION('',(-0.,1.,0.));
#5650 = DIRECTION('',(0.,0.,1.));
#5651 = ADVANCED_FACE('',(#5652,#5677,#5683,#5689,#5695,#5701,#5707,
    #5713,#5719,#5725,#5731,#5737,#5742,#5747,#5753,#5759,#5765,#5771,
    #5777,#5783,#5789,#5795),#5801,.T.);
#5652 = FACE_BOUND('',#5653,.T.);
#5653 = EDGE_LOOP('',(#5654,#5662,#5663,#5671));
#5654 = ORIENTED_EDGE('',*,*,#5655,.F.);
#5655 = EDGE_CURVE('',#4529,#5656,#5658,.T.);
#5656 = VERTEX_POINT('',#5657);
#5657 = CARTESIAN_POINT('',(-1.,61.5,20.));
#5658 = LINE('',#5659,#5660);
#5659 = CARTESIAN_POINT('',(-1.,-3.,20.));
#5660 = VECTOR('',#5661,1.);
#5661 = DIRECTION('',(-0.,1.,0.));
#5662 = ORIENTED_EDGE('',*,*,#4526,.F.);
#5663 = ORIENTED_EDGE('',*,*,#5664,.T.);
#5664 = EDGE_CURVE('',#4527,#5665,#5667,.T.);
#5665 = VERTEX_POINT('',#5666);
#5666 = CARTESIAN_POINT('',(-1.,61.5,-4.));
#5667 = LINE('',#5668,#5669);
#5668 = CARTESIAN_POINT('',(-1.,-2.,-4.));
#5669 = VECTOR('',#5670,1.);
#5670 = DIRECTION('',(-0.,1.,0.));
#5671 = ORIENTED_EDGE('',*,*,#5672,.T.);
#5672 = EDGE_CURVE('',#5665,#5656,#5673,.T.);
#5673 = LINE('',#5674,#5675);
#5674 = CARTESIAN_POINT('',(-1.,61.5,-4.));
#5675 = VECTOR('',#5676,1.);
#5676 = DIRECTION('',(0.,0.,1.));
#5677 = FACE_BOUND('',#5678,.T.);
#5678 = EDGE_LOOP('',(#5679,#5680,#5681,#5682));
#5679 = ORIENTED_EDGE('',*,*,#891,.T.);
#5680 = ORIENTED_EDGE('',*,*,#956,.T.);
#5681 = ORIENTED_EDGE('',*,*,#939,.F.);
#5682 = ORIENTED_EDGE('',*,*,#915,.F.);
#5683 = FACE_BOUND('',#5684,.T.);
#5684 = EDGE_LOOP('',(#5685,#5686,#5687,#5688));
#5685 = ORIENTED_EDGE('',*,*,#987,.T.);
#5686 = ORIENTED_EDGE('',*,*,#1052,.T.);
#5687 = ORIENTED_EDGE('',*,*,#1035,.F.);
#5688 = ORIENTED_EDGE('',*,*,#1011,.F.);
#5689 = FACE_BOUND('',#5690,.T.);
#5690 = EDGE_LOOP('',(#5691,#5692,#5693,#5694));
#5691 = ORIENTED_EDGE('',*,*,#1083,.T.);
#5692 = ORIENTED_EDGE('',*,*,#1148,.T.);
#5693 = ORIENTED_EDGE('',*,*,#1131,.F.);
#5694 = ORIENTED_EDGE('',*,*,#1107,.F.);
#5695 = FACE_BOUND('',#5696,.T.);
#5696 = EDGE_LOOP('',(#5697,#5698,#5699,#5700));
#5697 = ORIENTED_EDGE('',*,*,#1179,.T.);
#5698 = ORIENTED_EDGE('',*,*,#1244,.T.);
#5699 = ORIENTED_EDGE('',*,*,#1227,.F.);
#5700 = ORIENTED_EDGE('',*,*,#1203,.F.);
#5701 = FACE_BOUND('',#5702,.T.);
#5702 = EDGE_LOOP('',(#5703,#5704,#5705,#5706));
#5703 = ORIENTED_EDGE('',*,*,#1275,.T.);
#5704 = ORIENTED_EDGE('',*,*,#1340,.T.);
#5705 = ORIENTED_EDGE('',*,*,#1323,.F.);
#5706 = ORIENTED_EDGE('',*,*,#1299,.F.);
#5707 = FACE_BOUND('',#5708,.T.);
#5708 = EDGE_LOOP('',(#5709,#5710,#5711,#5712));
#5709 = ORIENTED_EDGE('',*,*,#1371,.T.);
#5710 = ORIENTED_EDGE('',*,*,#1436,.T.);
#5711 = ORIENTED_EDGE('',*,*,#1419,.F.);
#5712 = ORIENTED_EDGE('',*,*,#1395,.F.);
#5713 = FACE_BOUND('',#5714,.T.);
#5714 = EDGE_LOOP('',(#5715,#5716,#5717,#5718));
#5715 = ORIENTED_EDGE('',*,*,#1467,.T.);
#5716 = ORIENTED_EDGE('',*,*,#1532,.T.);
#5717 = ORIENTED_EDGE('',*,*,#1515,.F.);
#5718 = ORIENTED_EDGE('',*,*,#1491,.F.);
#5719 = FACE_BOUND('',#5720,.T.);
#5720 = EDGE_LOOP('',(#5721,#5722,#5723,#5724));
#5721 = ORIENTED_EDGE('',*,*,#1563,.T.);
#5722 = ORIENTED_EDGE('',*,*,#1628,.T.);
#5723 = ORIENTED_EDGE('',*,*,#1611,.F.);
#5724 = ORIENTED_EDGE('',*,*,#1587,.F.);
#5725 = FACE_BOUND('',#5726,.T.);
#5726 = EDGE_LOOP('',(#5727,#5728,#5729,#5730));
#5727 = ORIENTED_EDGE('',*,*,#1659,.T.);
#5728 = ORIENTED_EDGE('',*,*,#1724,.T.);
#5729 = ORIENTED_EDGE('',*,*,#1707,.F.);
#5730 = ORIENTED_EDGE('',*,*,#1683,.F.);
#5731 = FACE_BOUND('',#5732,.T.);
#5732 = EDGE_LOOP('',(#5733,#5734,#5735,#5736));
#5733 = ORIENTED_EDGE('',*,*,#1755,.T.);
#5734 = ORIENTED_EDGE('',*,*,#1820,.T.);
#5735 = ORIENTED_EDGE('',*,*,#1803,.F.);
#5736 = ORIENTED_EDGE('',*,*,#1779,.F.);
#5737 = FACE_BOUND('',#5738,.T.);
#5738 = EDGE_LOOP('',(#5739,#5740,#5741));
#5739 = ORIENTED_EDGE('',*,*,#1834,.F.);
#5740 = ORIENTED_EDGE('',*,*,#1892,.T.);
#5741 = ORIENTED_EDGE('',*,*,#1868,.T.);
#5742 = FACE_BOUND('',#5743,.T.);
#5743 = EDGE_LOOP('',(#5744,#5745,#5746));
#5744 = ORIENTED_EDGE('',*,*,#1907,.F.);
#5745 = ORIENTED_EDGE('',*,*,#1965,.T.);
#5746 = ORIENTED_EDGE('',*,*,#1941,.T.);
#5747 = FACE_BOUND('',#5748,.T.);
#5748 = EDGE_LOOP('',(#5749,#5750,#5751,#5752));
#5749 = ORIENTED_EDGE('',*,*,#1997,.T.);
#5750 = ORIENTED_EDGE('',*,*,#2062,.T.);
#5751 = ORIENTED_EDGE('',*,*,#2045,.F.);
#5752 = ORIENTED_EDGE('',*,*,#2021,.F.);
#5753 = FACE_BOUND('',#5754,.T.);
#5754 = EDGE_LOOP('',(#5755,#5756,#5757,#5758));
#5755 = ORIENTED_EDGE('',*,*,#2093,.T.);
#5756 = ORIENTED_EDGE('',*,*,#2158,.T.);
#5757 = ORIENTED_EDGE('',*,*,#2141,.F.);
#5758 = ORIENTED_EDGE('',*,*,#2117,.F.);
#5759 = FACE_BOUND('',#5760,.T.);
#5760 = EDGE_LOOP('',(#5761,#5762,#5763,#5764));
#5761 = ORIENTED_EDGE('',*,*,#2189,.T.);
#5762 = ORIENTED_EDGE('',*,*,#2254,.T.);
#5763 = ORIENTED_EDGE('',*,*,#2237,.F.);
#5764 = ORIENTED_EDGE('',*,*,#2213,.F.);
#5765 = FACE_BOUND('',#5766,.T.);
#5766 = EDGE_LOOP('',(#5767,#5768,#5769,#5770));
#5767 = ORIENTED_EDGE('',*,*,#2285,.T.);
#5768 = ORIENTED_EDGE('',*,*,#2350,.T.);
#5769 = ORIENTED_EDGE('',*,*,#2333,.F.);
#5770 = ORIENTED_EDGE('',*,*,#2309,.F.);
#5771 = FACE_BOUND('',#5772,.T.);
#5772 = EDGE_LOOP('',(#5773,#5774,#5775,#5776));
#5773 = ORIENTED_EDGE('',*,*,#2381,.T.);
#5774 = ORIENTED_EDGE('',*,*,#2446,.T.);
#5775 = ORIENTED_EDGE('',*,*,#2429,.F.);
#5776 = ORIENTED_EDGE('',*,*,#2405,.F.);
#5777 = FACE_BOUND('',#5778,.T.);
#5778 = EDGE_LOOP('',(#5779,#5780,#5781,#5782));
#5779 = ORIENTED_EDGE('',*,*,#2477,.T.);
#5780 = ORIENTED_EDGE('',*,*,#2542,.T.);
#5781 = ORIENTED_EDGE('',*,*,#2525,.F.);
#5782 = ORIENTED_EDGE('',*,*,#2501,.F.);
#5783 = FACE_BOUND('',#5784,.T.);
#5784 = EDGE_LOOP('',(#5785,#5786,#5787,#5788));
#5785 = ORIENTED_EDGE('',*,*,#2573,.T.);
#5786 = ORIENTED_EDGE('',*,*,#2638,.T.);
#5787 = ORIENTED_EDGE('',*,*,#2621,.F.);
#5788 = ORIENTED_EDGE('',*,*,#2597,.F.);
#5789 = FACE_BOUND('',#5790,.T.);
#5790 = EDGE_LOOP('',(#5791,#5792,#5793,#5794));
#5791 = ORIENTED_EDGE('',*,*,#2669,.T.);
#5792 = ORIENTED_EDGE('',*,*,#2734,.T.);
#5793 = ORIENTED_EDGE('',*,*,#2717,.F.);
#5794 = ORIENTED_EDGE('',*,*,#2693,.F.);
#5795 = FACE_BOUND('',#5796,.T.);
#5796 = EDGE_LOOP('',(#5797,#5798,#5799,#5800));
#5797 = ORIENTED_EDGE('',*,*,#2765,.T.);
#5798 = ORIENTED_EDGE('',*,*,#2830,.T.);
#5799 = ORIENTED_EDGE('',*,*,#2813,.F.);
#5800 = ORIENTED_EDGE('',*,*,#2789,.F.);
#5801 = PLANE('',#5802);
#5802 = AXIS2_PLACEMENT_3D('',#5803,#5804,#5805);
#5803 = CARTESIAN_POINT('',(-1.,-2.,-4.));
#5804 = DIRECTION('',(1.,0.,-0.));
#5805 = DIRECTION('',(0.,0.,1.));
#5806 = ADVANCED_FACE('',(#5807),#5841,.F.);
#5807 = FACE_BOUND('',#5808,.F.);
#5808 = EDGE_LOOP('',(#5809,#5819,#5827,#5835));
#5809 = ORIENTED_EDGE('',*,*,#5810,.F.);
#5810 = EDGE_CURVE('',#5811,#5813,#5815,.T.);
#5811 = VERTEX_POINT('',#5812);
#5812 = CARTESIAN_POINT('',(1.,63.5,-4.));
#5813 = VERTEX_POINT('',#5814);
#5814 = CARTESIAN_POINT('',(34.8,63.5,-4.));
#5815 = LINE('',#5816,#5817);
#5816 = CARTESIAN_POINT('',(-1.,63.5,-4.));
#5817 = VECTOR('',#5818,1.);
#5818 = DIRECTION('',(1.,0.,-0.));
#5819 = ORIENTED_EDGE('',*,*,#5820,.T.);
#5820 = EDGE_CURVE('',#5811,#5821,#5823,.T.);
#5821 = VERTEX_POINT('',#5822);
#5822 = CARTESIAN_POINT('',(1.,63.5,20.));
#5823 = LINE('',#5824,#5825);
#5824 = CARTESIAN_POINT('',(1.,63.5,-4.));
#5825 = VECTOR('',#5826,1.);
#5826 = DIRECTION('',(0.,0.,1.));
#5827 = ORIENTED_EDGE('',*,*,#5828,.F.);
#5828 = EDGE_CURVE('',#5829,#5821,#5831,.T.);
#5829 = VERTEX_POINT('',#5830);
#5830 = CARTESIAN_POINT('',(34.8,63.5,20.));
#5831 = LINE('',#5832,#5833);
#5832 = CARTESIAN_POINT('',(-2.,63.5,20.));
#5833 = VECTOR('',#5834,1.);
#5834 = DIRECTION('',(-1.,-0.,0.));
#5835 = ORIENTED_EDGE('',*,*,#5836,.T.);
#5836 = EDGE_CURVE('',#5829,#5813,#5837,.T.);
#5837 = LINE('',#5838,#5839);
#5838 = CARTESIAN_POINT('',(34.8,63.5,-4.005));
#5839 = VECTOR('',#5840,1.);
#5840 = DIRECTION('',(-0.,0.,-1.));
#5841 = PLANE('',#5842);
#5842 = AXIS2_PLACEMENT_3D('',#5843,#5844,#5845);
#5843 = CARTESIAN_POINT('',(-1.,63.5,-4.));
#5844 = DIRECTION('',(-0.,1.,0.));
#5845 = DIRECTION('',(0.,0.,1.));
#5846 = ADVANCED_FACE('',(#5847),#5865,.F.);
#5847 = FACE_BOUND('',#5848,.T.);
#5848 = EDGE_LOOP('',(#5849,#5850,#5857,#5858));
#5849 = ORIENTED_EDGE('',*,*,#5672,.F.);
#5850 = ORIENTED_EDGE('',*,*,#5851,.T.);
#5851 = EDGE_CURVE('',#5665,#5811,#5852,.T.);
#5852 = CIRCLE('',#5853,2.);
#5853 = AXIS2_PLACEMENT_3D('',#5854,#5855,#5856);
#5854 = CARTESIAN_POINT('',(1.,61.5,-4.));
#5855 = DIRECTION('',(-0.,-0.,-1.));
#5856 = DIRECTION('',(0.,-1.,0.));
#5857 = ORIENTED_EDGE('',*,*,#5820,.T.);
#5858 = ORIENTED_EDGE('',*,*,#5859,.T.);
#5859 = EDGE_CURVE('',#5821,#5656,#5860,.T.);
#5860 = CIRCLE('',#5861,2.);
#5861 = AXIS2_PLACEMENT_3D('',#5862,#5863,#5864);
#5862 = CARTESIAN_POINT('',(1.,61.5,20.));
#5863 = DIRECTION('',(0.,0.,1.));
#5864 = DIRECTION('',(-1.,-0.,0.));
#5865 = CYLINDRICAL_SURFACE('',#5866,2.);
#5866 = AXIS2_PLACEMENT_3D('',#5867,#5868,#5869);
#5867 = CARTESIAN_POINT('',(1.,61.5,-4.));
#5868 = DIRECTION('',(0.,0.,1.));
#5869 = DIRECTION('',(-1.,-0.,0.));
#5870 = ADVANCED_FACE('',(#5871),#5882,.T.);
#5871 = FACE_BOUND('',#5872,.T.);
#5872 = EDGE_LOOP('',(#5873,#5879,#5880,#5881));
#5873 = ORIENTED_EDGE('',*,*,#5874,.F.);
#5874 = EDGE_CURVE('',#2870,#3645,#5875,.T.);
#5875 = LINE('',#5876,#5877);
#5876 = CARTESIAN_POINT('',(84.,-4.,-5.2));
#5877 = VECTOR('',#5878,1.);
#5878 = DIRECTION('',(-1.731912112471E-16,0.707106781187,-0.707106781187
    ));
#5879 = ORIENTED_EDGE('',*,*,#2869,.T.);
#5880 = ORIENTED_EDGE('',*,*,#2844,.T.);
#5881 = ORIENTED_EDGE('',*,*,#3644,.F.);
#5882 = PLANE('',#5883);
#5883 = AXIS2_PLACEMENT_3D('',#5884,#5885,#5886);
#5884 = CARTESIAN_POINT('',(84.,-3.6,-5.6));
#5885 = DIRECTION('',(0.,-0.707106781187,-0.707106781187));
#5886 = DIRECTION('',(-1.,-0.,0.));
#5887 = ADVANCED_FACE('',(#5888),#5899,.F.);
#5888 = FACE_BOUND('',#5889,.F.);
#5889 = EDGE_LOOP('',(#5890,#5891,#5892,#5898));
#5890 = ORIENTED_EDGE('',*,*,#3611,.F.);
#5891 = ORIENTED_EDGE('',*,*,#2894,.T.);
#5892 = ORIENTED_EDGE('',*,*,#5893,.T.);
#5893 = EDGE_CURVE('',#2887,#4593,#5894,.T.);
#5894 = LINE('',#5895,#5896);
#5895 = CARTESIAN_POINT('',(2.6,-4.1,14.5));
#5896 = VECTOR('',#5897,1.);
#5897 = DIRECTION('',(-0.,1.,0.));
#5898 = ORIENTED_EDGE('',*,*,#4600,.F.);
#5899 = PLANE('',#5900);
#5900 = AXIS2_PLACEMENT_3D('',#5901,#5902,#5903);
#5901 = CARTESIAN_POINT('',(1.,-4.1,14.5));
#5902 = DIRECTION('',(0.,0.,1.));
#5903 = DIRECTION('',(1.,0.,-0.));
#5904 = ADVANCED_FACE('',(#5905),#5916,.F.);
#5905 = FACE_BOUND('',#5906,.F.);
#5906 = EDGE_LOOP('',(#5907,#5908,#5909,#5915));
#5907 = ORIENTED_EDGE('',*,*,#5893,.F.);
#5908 = ORIENTED_EDGE('',*,*,#2886,.T.);
#5909 = ORIENTED_EDGE('',*,*,#5910,.T.);
#5910 = EDGE_CURVE('',#2879,#4585,#5911,.T.);
#5911 = LINE('',#5912,#5913);
#5912 = CARTESIAN_POINT('',(2.6,-4.1,8.));
#5913 = VECTOR('',#5914,1.);
#5914 = DIRECTION('',(-0.,1.,0.));
#5915 = ORIENTED_EDGE('',*,*,#4592,.F.);
#5916 = PLANE('',#5917);
#5917 = AXIS2_PLACEMENT_3D('',#5918,#5919,#5920);
#5918 = CARTESIAN_POINT('',(2.6,-4.1,8.));
#5919 = DIRECTION('',(1.,0.,-0.));
#5920 = DIRECTION('',(0.,0.,1.));
#5921 = ADVANCED_FACE('',(#5922),#5928,.T.);
#5922 = FACE_BOUND('',#5923,.T.);
#5923 = EDGE_LOOP('',(#5924,#5925,#5926,#5927));
#5924 = ORIENTED_EDGE('',*,*,#3620,.F.);
#5925 = ORIENTED_EDGE('',*,*,#2878,.T.);
#5926 = ORIENTED_EDGE('',*,*,#5910,.T.);
#5927 = ORIENTED_EDGE('',*,*,#4584,.F.);
#5928 = PLANE('',#5929);
#5929 = AXIS2_PLACEMENT_3D('',#5930,#5931,#5932);
#5930 = CARTESIAN_POINT('',(1.,-4.1,8.));
#5931 = DIRECTION('',(0.,0.,1.));
#5932 = DIRECTION('',(1.,0.,-0.));
#5933 = ADVANCED_FACE('',(#5934),#5950,.F.);
#5934 = FACE_BOUND('',#5935,.F.);
#5935 = EDGE_LOOP('',(#5936,#5942,#5943,#5949));
#5936 = ORIENTED_EDGE('',*,*,#5937,.F.);
#5937 = EDGE_CURVE('',#2918,#4624,#5938,.T.);
#5938 = LINE('',#5939,#5940);
#5939 = CARTESIAN_POINT('',(4.7,-4.1,4.38));
#5940 = VECTOR('',#5941,1.);
#5941 = DIRECTION('',(-0.,1.,0.));
#5942 = ORIENTED_EDGE('',*,*,#2917,.T.);
#5943 = ORIENTED_EDGE('',*,*,#5944,.T.);
#5944 = EDGE_CURVE('',#2920,#4626,#5945,.T.);
#5945 = LINE('',#5946,#5947);
#5946 = CARTESIAN_POINT('',(6.9,-4.1,6.58));
#5947 = VECTOR('',#5948,1.);
#5948 = DIRECTION('',(-0.,1.,0.));
#5949 = ORIENTED_EDGE('',*,*,#4623,.F.);
#5950 = CYLINDRICAL_SURFACE('',#5951,2.2);
#5951 = AXIS2_PLACEMENT_3D('',#5952,#5953,#5954);
#5952 = CARTESIAN_POINT('',(6.9,-4.1,4.38));
#5953 = DIRECTION('',(-0.,1.,0.));
#5954 = DIRECTION('',(-1.,-0.,0.));
#5955 = ADVANCED_FACE('',(#5956),#5967,.F.);
#5956 = FACE_BOUND('',#5957,.F.);
#5957 = EDGE_LOOP('',(#5958,#5959,#5960,#5961));
#5958 = ORIENTED_EDGE('',*,*,#4685,.F.);
#5959 = ORIENTED_EDGE('',*,*,#5944,.F.);
#5960 = ORIENTED_EDGE('',*,*,#2979,.T.);
#5961 = ORIENTED_EDGE('',*,*,#5962,.T.);
#5962 = EDGE_CURVE('',#2971,#4677,#5963,.T.);
#5963 = LINE('',#5964,#5965);
#5964 = CARTESIAN_POINT('',(15.5,-4.1,6.58));
#5965 = VECTOR('',#5966,1.);
#5966 = DIRECTION('',(-0.,1.,0.));
#5967 = PLANE('',#5968);
#5968 = AXIS2_PLACEMENT_3D('',#5969,#5970,#5971);
#5969 = CARTESIAN_POINT('',(4.7,-4.1,6.58));
#5970 = DIRECTION('',(0.,0.,1.));
#5971 = DIRECTION('',(1.,0.,-0.));
#5972 = ADVANCED_FACE('',(#5973),#5984,.F.);
#5973 = FACE_BOUND('',#5974,.T.);
#5974 = EDGE_LOOP('',(#5975,#5981,#5982,#5983));
#5975 = ORIENTED_EDGE('',*,*,#5976,.F.);
#5976 = EDGE_CURVE('',#2963,#4669,#5977,.T.);
#5977 = LINE('',#5978,#5979);
#5978 = CARTESIAN_POINT('',(17.7,-4.1,4.38));
#5979 = VECTOR('',#5980,1.);
#5980 = DIRECTION('',(-0.,1.,0.));
#5981 = ORIENTED_EDGE('',*,*,#2970,.F.);
#5982 = ORIENTED_EDGE('',*,*,#5962,.T.);
#5983 = ORIENTED_EDGE('',*,*,#4676,.T.);
#5984 = CYLINDRICAL_SURFACE('',#5985,2.2);
#5985 = AXIS2_PLACEMENT_3D('',#5986,#5987,#5988);
#5986 = CARTESIAN_POINT('',(15.5,-4.1,4.38));
#5987 = DIRECTION('',(-0.,1.,0.));
#5988 = DIRECTION('',(1.,0.,-0.));
#5989 = ADVANCED_FACE('',(#5990),#6001,.F.);
#5990 = FACE_BOUND('',#5991,.F.);
#5991 = EDGE_LOOP('',(#5992,#5993,#5999,#6000));
#5992 = ORIENTED_EDGE('',*,*,#2962,.T.);
#5993 = ORIENTED_EDGE('',*,*,#5994,.T.);
#5994 = EDGE_CURVE('',#2954,#4660,#5995,.T.);
#5995 = LINE('',#5996,#5997);
#5996 = CARTESIAN_POINT('',(17.7,-4.1,1.38));
#5997 = VECTOR('',#5998,1.);
#5998 = DIRECTION('',(-0.,1.,0.));
#5999 = ORIENTED_EDGE('',*,*,#4668,.F.);
#6000 = ORIENTED_EDGE('',*,*,#5976,.F.);
#6001 = PLANE('',#6002);
#6002 = AXIS2_PLACEMENT_3D('',#6003,#6004,#6005);
#6003 = CARTESIAN_POINT('',(17.7,-4.1,-0.82));
#6004 = DIRECTION('',(1.,0.,-0.));
#6005 = DIRECTION('',(0.,0.,1.));
#6006 = ADVANCED_FACE('',(#6007),#6018,.F.);
#6007 = FACE_BOUND('',#6008,.F.);
#6008 = EDGE_LOOP('',(#6009,#6010,#6011,#6017));
#6009 = ORIENTED_EDGE('',*,*,#5994,.F.);
#6010 = ORIENTED_EDGE('',*,*,#2953,.T.);
#6011 = ORIENTED_EDGE('',*,*,#6012,.T.);
#6012 = EDGE_CURVE('',#2946,#4652,#6013,.T.);
#6013 = LINE('',#6014,#6015);
#6014 = CARTESIAN_POINT('',(15.5,-4.1,-0.82));
#6015 = VECTOR('',#6016,1.);
#6016 = DIRECTION('',(-0.,1.,0.));
#6017 = ORIENTED_EDGE('',*,*,#4659,.F.);
#6018 = CYLINDRICAL_SURFACE('',#6019,2.2);
#6019 = AXIS2_PLACEMENT_3D('',#6020,#6021,#6022);
#6020 = CARTESIAN_POINT('',(15.5,-4.1,1.38));
#6021 = DIRECTION('',(-0.,1.,0.));
#6022 = DIRECTION('',(1.,0.,-0.));
#6023 = ADVANCED_FACE('',(#6024),#6035,.T.);
#6024 = FACE_BOUND('',#6025,.T.);
#6025 = EDGE_LOOP('',(#6026,#6027,#6033,#6034));
#6026 = ORIENTED_EDGE('',*,*,#4651,.F.);
#6027 = ORIENTED_EDGE('',*,*,#6028,.F.);
#6028 = EDGE_CURVE('',#2937,#4643,#6029,.T.);
#6029 = LINE('',#6030,#6031);
#6030 = CARTESIAN_POINT('',(6.9,-4.1,-0.82));
#6031 = VECTOR('',#6032,1.);
#6032 = DIRECTION('',(-0.,1.,0.));
#6033 = ORIENTED_EDGE('',*,*,#2945,.T.);
#6034 = ORIENTED_EDGE('',*,*,#6012,.T.);
#6035 = PLANE('',#6036);
#6036 = AXIS2_PLACEMENT_3D('',#6037,#6038,#6039);
#6037 = CARTESIAN_POINT('',(4.7,-4.1,-0.82));
#6038 = DIRECTION('',(0.,0.,1.));
#6039 = DIRECTION('',(1.,0.,-0.));
#6040 = ADVANCED_FACE('',(#6041),#6052,.F.);
#6041 = FACE_BOUND('',#6042,.T.);
#6042 = EDGE_LOOP('',(#6043,#6049,#6050,#6051));
#6043 = ORIENTED_EDGE('',*,*,#6044,.F.);
#6044 = EDGE_CURVE('',#2929,#4635,#6045,.T.);
#6045 = LINE('',#6046,#6047);
#6046 = CARTESIAN_POINT('',(4.7,-4.1,1.38));
#6047 = VECTOR('',#6048,1.);
#6048 = DIRECTION('',(-0.,1.,0.));
#6049 = ORIENTED_EDGE('',*,*,#2936,.F.);
#6050 = ORIENTED_EDGE('',*,*,#6028,.T.);
#6051 = ORIENTED_EDGE('',*,*,#4642,.T.);
#6052 = CYLINDRICAL_SURFACE('',#6053,2.2);
#6053 = AXIS2_PLACEMENT_3D('',#6054,#6055,#6056);
#6054 = CARTESIAN_POINT('',(6.9,-4.1,1.38));
#6055 = DIRECTION('',(-0.,1.,0.));
#6056 = DIRECTION('',(-1.,-0.,0.));
#6057 = ADVANCED_FACE('',(#6058),#6064,.T.);
#6058 = FACE_BOUND('',#6059,.T.);
#6059 = EDGE_LOOP('',(#6060,#6061,#6062,#6063));
#6060 = ORIENTED_EDGE('',*,*,#2928,.T.);
#6061 = ORIENTED_EDGE('',*,*,#6044,.T.);
#6062 = ORIENTED_EDGE('',*,*,#4634,.F.);
#6063 = ORIENTED_EDGE('',*,*,#5937,.F.);
#6064 = PLANE('',#6065);
#6065 = AXIS2_PLACEMENT_3D('',#6066,#6067,#6068);
#6066 = CARTESIAN_POINT('',(4.7,-4.1,-0.82));
#6067 = DIRECTION('',(1.,0.,-0.));
#6068 = DIRECTION('',(0.,0.,1.));
#6069 = ADVANCED_FACE('',(#6070),#6086,.F.);
#6070 = FACE_BOUND('',#6071,.F.);
#6071 = EDGE_LOOP('',(#6072,#6078,#6079,#6085));
#6072 = ORIENTED_EDGE('',*,*,#6073,.F.);
#6073 = EDGE_CURVE('',#2988,#4694,#6074,.T.);
#6074 = LINE('',#6075,#6076);
#6075 = CARTESIAN_POINT('',(20.3,-4.1,4.75));
#6076 = VECTOR('',#6077,1.);
#6077 = DIRECTION('',(-0.,1.,0.));
#6078 = ORIENTED_EDGE('',*,*,#2987,.T.);
#6079 = ORIENTED_EDGE('',*,*,#6080,.T.);
#6080 = EDGE_CURVE('',#2990,#4696,#6081,.T.);
#6081 = LINE('',#6082,#6083);
#6082 = CARTESIAN_POINT('',(22.3,-4.1,6.75));
#6083 = VECTOR('',#6084,1.);
#6084 = DIRECTION('',(-0.,1.,0.));
#6085 = ORIENTED_EDGE('',*,*,#4693,.F.);
#6086 = CYLINDRICAL_SURFACE('',#6087,2.);
#6087 = AXIS2_PLACEMENT_3D('',#6088,#6089,#6090);
#6088 = CARTESIAN_POINT('',(22.3,-4.1,4.75));
#6089 = DIRECTION('',(-0.,1.,0.));
#6090 = DIRECTION('',(-1.,-0.,0.));
#6091 = ADVANCED_FACE('',(#6092),#6103,.F.);
#6092 = FACE_BOUND('',#6093,.F.);
#6093 = EDGE_LOOP('',(#6094,#6095,#6096,#6097));
#6094 = ORIENTED_EDGE('',*,*,#4755,.F.);
#6095 = ORIENTED_EDGE('',*,*,#6080,.F.);
#6096 = ORIENTED_EDGE('',*,*,#3049,.T.);
#6097 = ORIENTED_EDGE('',*,*,#6098,.T.);
#6098 = EDGE_CURVE('',#3041,#4747,#6099,.T.);
#6099 = LINE('',#6100,#6101);
#6100 = CARTESIAN_POINT('',(29.7,-4.1,6.75));
#6101 = VECTOR('',#6102,1.);
#6102 = DIRECTION('',(-0.,1.,0.));
#6103 = PLANE('',#6104);
#6104 = AXIS2_PLACEMENT_3D('',#6105,#6106,#6107);
#6105 = CARTESIAN_POINT('',(20.3,-4.1,6.75));
#6106 = DIRECTION('',(0.,0.,1.));
#6107 = DIRECTION('',(1.,0.,-0.));
#6108 = ADVANCED_FACE('',(#6109),#6120,.F.);
#6109 = FACE_BOUND('',#6110,.T.);
#6110 = EDGE_LOOP('',(#6111,#6117,#6118,#6119));
#6111 = ORIENTED_EDGE('',*,*,#6112,.F.);
#6112 = EDGE_CURVE('',#3033,#4739,#6113,.T.);
#6113 = LINE('',#6114,#6115);
#6114 = CARTESIAN_POINT('',(31.7,-4.1,4.75));
#6115 = VECTOR('',#6116,1.);
#6116 = DIRECTION('',(-0.,1.,0.));
#6117 = ORIENTED_EDGE('',*,*,#3040,.F.);
#6118 = ORIENTED_EDGE('',*,*,#6098,.T.);
#6119 = ORIENTED_EDGE('',*,*,#4746,.T.);
#6120 = CYLINDRICAL_SURFACE('',#6121,2.);
#6121 = AXIS2_PLACEMENT_3D('',#6122,#6123,#6124);
#6122 = CARTESIAN_POINT('',(29.7,-4.1,4.75));
#6123 = DIRECTION('',(-0.,1.,0.));
#6124 = DIRECTION('',(1.,0.,-0.));
#6125 = ADVANCED_FACE('',(#6126),#6137,.F.);
#6126 = FACE_BOUND('',#6127,.F.);
#6127 = EDGE_LOOP('',(#6128,#6129,#6135,#6136));
#6128 = ORIENTED_EDGE('',*,*,#3032,.T.);
#6129 = ORIENTED_EDGE('',*,*,#6130,.T.);
#6130 = EDGE_CURVE('',#3024,#4730,#6131,.T.);
#6131 = LINE('',#6132,#6133);
#6132 = CARTESIAN_POINT('',(31.7,-4.1,1.15));
#6133 = VECTOR('',#6134,1.);
#6134 = DIRECTION('',(-0.,1.,0.));
#6135 = ORIENTED_EDGE('',*,*,#4738,.F.);
#6136 = ORIENTED_EDGE('',*,*,#6112,.F.);
#6137 = PLANE('',#6138);
#6138 = AXIS2_PLACEMENT_3D('',#6139,#6140,#6141);
#6139 = CARTESIAN_POINT('',(31.7,-4.1,-0.85));
#6140 = DIRECTION('',(1.,0.,-0.));
#6141 = DIRECTION('',(0.,0.,1.));
#6142 = ADVANCED_FACE('',(#6143),#6154,.F.);
#6143 = FACE_BOUND('',#6144,.F.);
#6144 = EDGE_LOOP('',(#6145,#6146,#6147,#6153));
#6145 = ORIENTED_EDGE('',*,*,#6130,.F.);
#6146 = ORIENTED_EDGE('',*,*,#3023,.T.);
#6147 = ORIENTED_EDGE('',*,*,#6148,.T.);
#6148 = EDGE_CURVE('',#3016,#4722,#6149,.T.);
#6149 = LINE('',#6150,#6151);
#6150 = CARTESIAN_POINT('',(29.7,-4.1,-0.85));
#6151 = VECTOR('',#6152,1.);
#6152 = DIRECTION('',(-0.,1.,0.));
#6153 = ORIENTED_EDGE('',*,*,#4729,.F.);
#6154 = CYLINDRICAL_SURFACE('',#6155,2.);
#6155 = AXIS2_PLACEMENT_3D('',#6156,#6157,#6158);
#6156 = CARTESIAN_POINT('',(29.7,-4.1,1.15));
#6157 = DIRECTION('',(-0.,1.,0.));
#6158 = DIRECTION('',(1.,0.,-0.));
#6159 = ADVANCED_FACE('',(#6160),#6171,.T.);
#6160 = FACE_BOUND('',#6161,.T.);
#6161 = EDGE_LOOP('',(#6162,#6163,#6169,#6170));
#6162 = ORIENTED_EDGE('',*,*,#4721,.F.);
#6163 = ORIENTED_EDGE('',*,*,#6164,.F.);
#6164 = EDGE_CURVE('',#3007,#4713,#6165,.T.);
#6165 = LINE('',#6166,#6167);
#6166 = CARTESIAN_POINT('',(22.3,-4.1,-0.85));
#6167 = VECTOR('',#6168,1.);
#6168 = DIRECTION('',(-0.,1.,0.));
#6169 = ORIENTED_EDGE('',*,*,#3015,.T.);
#6170 = ORIENTED_EDGE('',*,*,#6148,.T.);
#6171 = PLANE('',#6172);
#6172 = AXIS2_PLACEMENT_3D('',#6173,#6174,#6175);
#6173 = CARTESIAN_POINT('',(20.3,-4.1,-0.85));
#6174 = DIRECTION('',(0.,0.,1.));
#6175 = DIRECTION('',(1.,0.,-0.));
#6176 = ADVANCED_FACE('',(#6177),#6188,.F.);
#6177 = FACE_BOUND('',#6178,.T.);
#6178 = EDGE_LOOP('',(#6179,#6185,#6186,#6187));
#6179 = ORIENTED_EDGE('',*,*,#6180,.F.);
#6180 = EDGE_CURVE('',#2999,#4705,#6181,.T.);
#6181 = LINE('',#6182,#6183);
#6182 = CARTESIAN_POINT('',(20.3,-4.1,1.15));
#6183 = VECTOR('',#6184,1.);
#6184 = DIRECTION('',(-0.,1.,0.));
#6185 = ORIENTED_EDGE('',*,*,#3006,.F.);
#6186 = ORIENTED_EDGE('',*,*,#6164,.T.);
#6187 = ORIENTED_EDGE('',*,*,#4712,.T.);
#6188 = CYLINDRICAL_SURFACE('',#6189,2.);
#6189 = AXIS2_PLACEMENT_3D('',#6190,#6191,#6192);
#6190 = CARTESIAN_POINT('',(22.3,-4.1,1.15));
#6191 = DIRECTION('',(-0.,1.,0.));
#6192 = DIRECTION('',(-1.,-0.,0.));
#6193 = ADVANCED_FACE('',(#6194),#6200,.T.);
#6194 = FACE_BOUND('',#6195,.T.);
#6195 = EDGE_LOOP('',(#6196,#6197,#6198,#6199));
#6196 = ORIENTED_EDGE('',*,*,#2998,.T.);
#6197 = ORIENTED_EDGE('',*,*,#6180,.T.);
#6198 = ORIENTED_EDGE('',*,*,#4704,.F.);
#6199 = ORIENTED_EDGE('',*,*,#6073,.F.);
#6200 = PLANE('',#6201);
#6201 = AXIS2_PLACEMENT_3D('',#6202,#6203,#6204);
#6202 = CARTESIAN_POINT('',(20.3,-4.1,-0.85));
#6203 = DIRECTION('',(1.,0.,-0.));
#6204 = DIRECTION('',(0.,0.,1.));
#6205 = ADVANCED_FACE('',(#6206),#6222,.F.);
#6206 = FACE_BOUND('',#6207,.F.);
#6207 = EDGE_LOOP('',(#6208,#6214,#6215,#6221));
#6208 = ORIENTED_EDGE('',*,*,#6209,.F.);
#6209 = EDGE_CURVE('',#3058,#4764,#6210,.T.);
#6210 = LINE('',#6211,#6212);
#6211 = CARTESIAN_POINT('',(4.4,-4.1,14.5));
#6212 = VECTOR('',#6213,1.);
#6213 = DIRECTION('',(-0.,1.,0.));
#6214 = ORIENTED_EDGE('',*,*,#3057,.T.);
#6215 = ORIENTED_EDGE('',*,*,#6216,.T.);
#6216 = EDGE_CURVE('',#3060,#4766,#6217,.T.);
#6217 = LINE('',#6218,#6219);
#6218 = CARTESIAN_POINT('',(6.,-4.1,14.5));
#6219 = VECTOR('',#6220,1.);
#6220 = DIRECTION('',(-0.,1.,0.));
#6221 = ORIENTED_EDGE('',*,*,#4763,.F.);
#6222 = PLANE('',#6223);
#6223 = AXIS2_PLACEMENT_3D('',#6224,#6225,#6226);
#6224 = CARTESIAN_POINT('',(4.4,-4.1,14.5));
#6225 = DIRECTION('',(0.,0.,1.));
#6226 = DIRECTION('',(1.,0.,-0.));
#6227 = ADVANCED_FACE('',(#6228),#6239,.F.);
#6228 = FACE_BOUND('',#6229,.F.);
#6229 = EDGE_LOOP('',(#6230,#6231,#6232,#6238));
#6230 = ORIENTED_EDGE('',*,*,#6216,.F.);
#6231 = ORIENTED_EDGE('',*,*,#3083,.T.);
#6232 = ORIENTED_EDGE('',*,*,#6233,.T.);
#6233 = EDGE_CURVE('',#3076,#4782,#6234,.T.);
#6234 = LINE('',#6235,#6236);
#6235 = CARTESIAN_POINT('',(6.,-4.1,8.));
#6236 = VECTOR('',#6237,1.);
#6237 = DIRECTION('',(-0.,1.,0.));
#6238 = ORIENTED_EDGE('',*,*,#4789,.F.);
#6239 = PLANE('',#6240);
#6240 = AXIS2_PLACEMENT_3D('',#6241,#6242,#6243);
#6241 = CARTESIAN_POINT('',(6.,-4.1,8.));
#6242 = DIRECTION('',(1.,0.,-0.));
#6243 = DIRECTION('',(0.,0.,1.));
#6244 = ADVANCED_FACE('',(#6245),#6256,.T.);
#6245 = FACE_BOUND('',#6246,.T.);
#6246 = EDGE_LOOP('',(#6247,#6253,#6254,#6255));
#6247 = ORIENTED_EDGE('',*,*,#6248,.F.);
#6248 = EDGE_CURVE('',#3068,#4774,#6249,.T.);
#6249 = LINE('',#6250,#6251);
#6250 = CARTESIAN_POINT('',(4.4,-4.1,8.));
#6251 = VECTOR('',#6252,1.);
#6252 = DIRECTION('',(-0.,1.,0.));
#6253 = ORIENTED_EDGE('',*,*,#3075,.T.);
#6254 = ORIENTED_EDGE('',*,*,#6233,.T.);
#6255 = ORIENTED_EDGE('',*,*,#4781,.F.);
#6256 = PLANE('',#6257);
#6257 = AXIS2_PLACEMENT_3D('',#6258,#6259,#6260);
#6258 = CARTESIAN_POINT('',(4.4,-4.1,8.));
#6259 = DIRECTION('',(0.,0.,1.));
#6260 = DIRECTION('',(1.,0.,-0.));
#6261 = ADVANCED_FACE('',(#6262),#6268,.T.);
#6262 = FACE_BOUND('',#6263,.T.);
#6263 = EDGE_LOOP('',(#6264,#6265,#6266,#6267));
#6264 = ORIENTED_EDGE('',*,*,#6209,.F.);
#6265 = ORIENTED_EDGE('',*,*,#3067,.T.);
#6266 = ORIENTED_EDGE('',*,*,#6248,.T.);
#6267 = ORIENTED_EDGE('',*,*,#4773,.F.);
#6268 = PLANE('',#6269);
#6269 = AXIS2_PLACEMENT_3D('',#6270,#6271,#6272);
#6270 = CARTESIAN_POINT('',(4.4,-4.1,8.));
#6271 = DIRECTION('',(1.,0.,-0.));
#6272 = DIRECTION('',(0.,0.,1.));
#6273 = ADVANCED_FACE('',(#6274),#6290,.F.);
#6274 = FACE_BOUND('',#6275,.F.);
#6275 = EDGE_LOOP('',(#6276,#6282,#6283,#6289));
#6276 = ORIENTED_EDGE('',*,*,#6277,.F.);
#6277 = EDGE_CURVE('',#3092,#4798,#6278,.T.);
#6278 = LINE('',#6279,#6280);
#6279 = CARTESIAN_POINT('',(7.8,-4.1,14.5));
#6280 = VECTOR('',#6281,1.);
#6281 = DIRECTION('',(-0.,1.,0.));
#6282 = ORIENTED_EDGE('',*,*,#3091,.T.);
#6283 = ORIENTED_EDGE('',*,*,#6284,.T.);
#6284 = EDGE_CURVE('',#3094,#4800,#6285,.T.);
#6285 = LINE('',#6286,#6287);
#6286 = CARTESIAN_POINT('',(9.4,-4.1,14.5));
#6287 = VECTOR('',#6288,1.);
#6288 = DIRECTION('',(-0.,1.,0.));
#6289 = ORIENTED_EDGE('',*,*,#4797,.F.);
#6290 = PLANE('',#6291);
#6291 = AXIS2_PLACEMENT_3D('',#6292,#6293,#6294);
#6292 = CARTESIAN_POINT('',(7.8,-4.1,14.5));
#6293 = DIRECTION('',(0.,0.,1.));
#6294 = DIRECTION('',(1.,0.,-0.));
#6295 = ADVANCED_FACE('',(#6296),#6307,.F.);
#6296 = FACE_BOUND('',#6297,.F.);
#6297 = EDGE_LOOP('',(#6298,#6299,#6300,#6306));
#6298 = ORIENTED_EDGE('',*,*,#6284,.F.);
#6299 = ORIENTED_EDGE('',*,*,#3117,.T.);
#6300 = ORIENTED_EDGE('',*,*,#6301,.T.);
#6301 = EDGE_CURVE('',#3110,#4816,#6302,.T.);
#6302 = LINE('',#6303,#6304);
#6303 = CARTESIAN_POINT('',(9.4,-4.1,8.));
#6304 = VECTOR('',#6305,1.);
#6305 = DIRECTION('',(-0.,1.,0.));
#6306 = ORIENTED_EDGE('',*,*,#4823,.F.);
#6307 = PLANE('',#6308);
#6308 = AXIS2_PLACEMENT_3D('',#6309,#6310,#6311);
#6309 = CARTESIAN_POINT('',(9.4,-4.1,8.));
#6310 = DIRECTION('',(1.,0.,-0.));
#6311 = DIRECTION('',(0.,0.,1.));
#6312 = ADVANCED_FACE('',(#6313),#6324,.T.);
#6313 = FACE_BOUND('',#6314,.T.);
#6314 = EDGE_LOOP('',(#6315,#6321,#6322,#6323));
#6315 = ORIENTED_EDGE('',*,*,#6316,.F.);
#6316 = EDGE_CURVE('',#3102,#4808,#6317,.T.);
#6317 = LINE('',#6318,#6319);
#6318 = CARTESIAN_POINT('',(7.8,-4.1,8.));
#6319 = VECTOR('',#6320,1.);
#6320 = DIRECTION('',(-0.,1.,0.));
#6321 = ORIENTED_EDGE('',*,*,#3109,.T.);
#6322 = ORIENTED_EDGE('',*,*,#6301,.T.);
#6323 = ORIENTED_EDGE('',*,*,#4815,.F.);
#6324 = PLANE('',#6325);
#6325 = AXIS2_PLACEMENT_3D('',#6326,#6327,#6328);
#6326 = CARTESIAN_POINT('',(7.8,-4.1,8.));
#6327 = DIRECTION('',(0.,0.,1.));
#6328 = DIRECTION('',(1.,0.,-0.));
#6329 = ADVANCED_FACE('',(#6330),#6336,.T.);
#6330 = FACE_BOUND('',#6331,.T.);
#6331 = EDGE_LOOP('',(#6332,#6333,#6334,#6335));
#6332 = ORIENTED_EDGE('',*,*,#6277,.F.);
#6333 = ORIENTED_EDGE('',*,*,#3101,.T.);
#6334 = ORIENTED_EDGE('',*,*,#6316,.T.);
#6335 = ORIENTED_EDGE('',*,*,#4807,.F.);
#6336 = PLANE('',#6337);
#6337 = AXIS2_PLACEMENT_3D('',#6338,#6339,#6340);
#6338 = CARTESIAN_POINT('',(7.8,-4.1,8.));
#6339 = DIRECTION('',(1.,0.,-0.));
#6340 = DIRECTION('',(0.,0.,1.));
#6341 = ADVANCED_FACE('',(#6342),#6358,.F.);
#6342 = FACE_BOUND('',#6343,.F.);
#6343 = EDGE_LOOP('',(#6344,#6350,#6351,#6357));
#6344 = ORIENTED_EDGE('',*,*,#6345,.F.);
#6345 = EDGE_CURVE('',#3126,#4832,#6346,.T.);
#6346 = LINE('',#6347,#6348);
#6347 = CARTESIAN_POINT('',(11.2,-4.1,14.5));
#6348 = VECTOR('',#6349,1.);
#6349 = DIRECTION('',(-0.,1.,0.));
#6350 = ORIENTED_EDGE('',*,*,#3125,.T.);
#6351 = ORIENTED_EDGE('',*,*,#6352,.T.);
#6352 = EDGE_CURVE('',#3128,#4834,#6353,.T.);
#6353 = LINE('',#6354,#6355);
#6354 = CARTESIAN_POINT('',(12.8,-4.1,14.5));
#6355 = VECTOR('',#6356,1.);
#6356 = DIRECTION('',(-0.,1.,0.));
#6357 = ORIENTED_EDGE('',*,*,#4831,.F.);
#6358 = PLANE('',#6359);
#6359 = AXIS2_PLACEMENT_3D('',#6360,#6361,#6362);
#6360 = CARTESIAN_POINT('',(11.2,-4.1,14.5));
#6361 = DIRECTION('',(0.,0.,1.));
#6362 = DIRECTION('',(1.,0.,-0.));
#6363 = ADVANCED_FACE('',(#6364),#6375,.F.);
#6364 = FACE_BOUND('',#6365,.F.);
#6365 = EDGE_LOOP('',(#6366,#6367,#6368,#6374));
#6366 = ORIENTED_EDGE('',*,*,#6352,.F.);
#6367 = ORIENTED_EDGE('',*,*,#3151,.T.);
#6368 = ORIENTED_EDGE('',*,*,#6369,.T.);
#6369 = EDGE_CURVE('',#3144,#4850,#6370,.T.);
#6370 = LINE('',#6371,#6372);
#6371 = CARTESIAN_POINT('',(12.8,-4.1,8.));
#6372 = VECTOR('',#6373,1.);
#6373 = DIRECTION('',(-0.,1.,0.));
#6374 = ORIENTED_EDGE('',*,*,#4857,.F.);
#6375 = PLANE('',#6376);
#6376 = AXIS2_PLACEMENT_3D('',#6377,#6378,#6379);
#6377 = CARTESIAN_POINT('',(12.8,-4.1,8.));
#6378 = DIRECTION('',(1.,0.,-0.));
#6379 = DIRECTION('',(0.,0.,1.));
#6380 = ADVANCED_FACE('',(#6381),#6392,.T.);
#6381 = FACE_BOUND('',#6382,.T.);
#6382 = EDGE_LOOP('',(#6383,#6389,#6390,#6391));
#6383 = ORIENTED_EDGE('',*,*,#6384,.F.);
#6384 = EDGE_CURVE('',#3136,#4842,#6385,.T.);
#6385 = LINE('',#6386,#6387);
#6386 = CARTESIAN_POINT('',(11.2,-4.1,8.));
#6387 = VECTOR('',#6388,1.);
#6388 = DIRECTION('',(-0.,1.,0.));
#6389 = ORIENTED_EDGE('',*,*,#3143,.T.);
#6390 = ORIENTED_EDGE('',*,*,#6369,.T.);
#6391 = ORIENTED_EDGE('',*,*,#4849,.F.);
#6392 = PLANE('',#6393);
#6393 = AXIS2_PLACEMENT_3D('',#6394,#6395,#6396);
#6394 = CARTESIAN_POINT('',(11.2,-4.1,8.));
#6395 = DIRECTION('',(0.,0.,1.));
#6396 = DIRECTION('',(1.,0.,-0.));
#6397 = ADVANCED_FACE('',(#6398),#6404,.T.);
#6398 = FACE_BOUND('',#6399,.T.);
#6399 = EDGE_LOOP('',(#6400,#6401,#6402,#6403));
#6400 = ORIENTED_EDGE('',*,*,#6345,.F.);
#6401 = ORIENTED_EDGE('',*,*,#3135,.T.);
#6402 = ORIENTED_EDGE('',*,*,#6384,.T.);
#6403 = ORIENTED_EDGE('',*,*,#4841,.F.);
#6404 = PLANE('',#6405);
#6405 = AXIS2_PLACEMENT_3D('',#6406,#6407,#6408);
#6406 = CARTESIAN_POINT('',(11.2,-4.1,8.));
#6407 = DIRECTION('',(1.,0.,-0.));
#6408 = DIRECTION('',(0.,0.,1.));
#6409 = ADVANCED_FACE('',(#6410),#6426,.F.);
#6410 = FACE_BOUND('',#6411,.F.);
#6411 = EDGE_LOOP('',(#6412,#6418,#6419,#6425));
#6412 = ORIENTED_EDGE('',*,*,#6413,.F.);
#6413 = EDGE_CURVE('',#3160,#4866,#6414,.T.);
#6414 = LINE('',#6415,#6416);
#6415 = CARTESIAN_POINT('',(14.6,-4.1,14.5));
#6416 = VECTOR('',#6417,1.);
#6417 = DIRECTION('',(-0.,1.,0.));
#6418 = ORIENTED_EDGE('',*,*,#3159,.T.);
#6419 = ORIENTED_EDGE('',*,*,#6420,.T.);
#6420 = EDGE_CURVE('',#3162,#4868,#6421,.T.);
#6421 = LINE('',#6422,#6423);
#6422 = CARTESIAN_POINT('',(16.2,-4.1,14.5));
#6423 = VECTOR('',#6424,1.);
#6424 = DIRECTION('',(-0.,1.,0.));
#6425 = ORIENTED_EDGE('',*,*,#4865,.F.);
#6426 = PLANE('',#6427);
#6427 = AXIS2_PLACEMENT_3D('',#6428,#6429,#6430);
#6428 = CARTESIAN_POINT('',(14.6,-4.1,14.5));
#6429 = DIRECTION('',(0.,0.,1.));
#6430 = DIRECTION('',(1.,0.,-0.));
#6431 = ADVANCED_FACE('',(#6432),#6443,.F.);
#6432 = FACE_BOUND('',#6433,.F.);
#6433 = EDGE_LOOP('',(#6434,#6435,#6436,#6442));
#6434 = ORIENTED_EDGE('',*,*,#6420,.F.);
#6435 = ORIENTED_EDGE('',*,*,#3185,.T.);
#6436 = ORIENTED_EDGE('',*,*,#6437,.T.);
#6437 = EDGE_CURVE('',#3178,#4884,#6438,.T.);
#6438 = LINE('',#6439,#6440);
#6439 = CARTESIAN_POINT('',(16.2,-4.1,8.));
#6440 = VECTOR('',#6441,1.);
#6441 = DIRECTION('',(-0.,1.,0.));
#6442 = ORIENTED_EDGE('',*,*,#4891,.F.);
#6443 = PLANE('',#6444);
#6444 = AXIS2_PLACEMENT_3D('',#6445,#6446,#6447);
#6445 = CARTESIAN_POINT('',(16.2,-4.1,8.));
#6446 = DIRECTION('',(1.,0.,-0.));
#6447 = DIRECTION('',(0.,0.,1.));
#6448 = ADVANCED_FACE('',(#6449),#6460,.T.);
#6449 = FACE_BOUND('',#6450,.T.);
#6450 = EDGE_LOOP('',(#6451,#6457,#6458,#6459));
#6451 = ORIENTED_EDGE('',*,*,#6452,.F.);
#6452 = EDGE_CURVE('',#3170,#4876,#6453,.T.);
#6453 = LINE('',#6454,#6455);
#6454 = CARTESIAN_POINT('',(14.6,-4.1,8.));
#6455 = VECTOR('',#6456,1.);
#6456 = DIRECTION('',(-0.,1.,0.));
#6457 = ORIENTED_EDGE('',*,*,#3177,.T.);
#6458 = ORIENTED_EDGE('',*,*,#6437,.T.);
#6459 = ORIENTED_EDGE('',*,*,#4883,.F.);
#6460 = PLANE('',#6461);
#6461 = AXIS2_PLACEMENT_3D('',#6462,#6463,#6464);
#6462 = CARTESIAN_POINT('',(14.6,-4.1,8.));
#6463 = DIRECTION('',(0.,0.,1.));
#6464 = DIRECTION('',(1.,0.,-0.));
#6465 = ADVANCED_FACE('',(#6466),#6472,.T.);
#6466 = FACE_BOUND('',#6467,.T.);
#6467 = EDGE_LOOP('',(#6468,#6469,#6470,#6471));
#6468 = ORIENTED_EDGE('',*,*,#6413,.F.);
#6469 = ORIENTED_EDGE('',*,*,#3169,.T.);
#6470 = ORIENTED_EDGE('',*,*,#6452,.T.);
#6471 = ORIENTED_EDGE('',*,*,#4875,.F.);
#6472 = PLANE('',#6473);
#6473 = AXIS2_PLACEMENT_3D('',#6474,#6475,#6476);
#6474 = CARTESIAN_POINT('',(14.6,-4.1,8.));
#6475 = DIRECTION('',(1.,0.,-0.));
#6476 = DIRECTION('',(0.,0.,1.));
#6477 = ADVANCED_FACE('',(#6478),#6494,.F.);
#6478 = FACE_BOUND('',#6479,.F.);
#6479 = EDGE_LOOP('',(#6480,#6486,#6487,#6493));
#6480 = ORIENTED_EDGE('',*,*,#6481,.F.);
#6481 = EDGE_CURVE('',#3194,#4900,#6482,.T.);
#6482 = LINE('',#6483,#6484);
#6483 = CARTESIAN_POINT('',(18.,-4.1,14.5));
#6484 = VECTOR('',#6485,1.);
#6485 = DIRECTION('',(-0.,1.,0.));
#6486 = ORIENTED_EDGE('',*,*,#3193,.T.);
#6487 = ORIENTED_EDGE('',*,*,#6488,.T.);
#6488 = EDGE_CURVE('',#3196,#4902,#6489,.T.);
#6489 = LINE('',#6490,#6491);
#6490 = CARTESIAN_POINT('',(19.6,-4.1,14.5));
#6491 = VECTOR('',#6492,1.);
#6492 = DIRECTION('',(-0.,1.,0.));
#6493 = ORIENTED_EDGE('',*,*,#4899,.F.);
#6494 = PLANE('',#6495);
#6495 = AXIS2_PLACEMENT_3D('',#6496,#6497,#6498);
#6496 = CARTESIAN_POINT('',(18.,-4.1,14.5));
#6497 = DIRECTION('',(0.,0.,1.));
#6498 = DIRECTION('',(1.,0.,-0.));
#6499 = ADVANCED_FACE('',(#6500),#6511,.F.);
#6500 = FACE_BOUND('',#6501,.F.);
#6501 = EDGE_LOOP('',(#6502,#6503,#6504,#6510));
#6502 = ORIENTED_EDGE('',*,*,#6488,.F.);
#6503 = ORIENTED_EDGE('',*,*,#3219,.T.);
#6504 = ORIENTED_EDGE('',*,*,#6505,.T.);
#6505 = EDGE_CURVE('',#3212,#4918,#6506,.T.);
#6506 = LINE('',#6507,#6508);
#6507 = CARTESIAN_POINT('',(19.6,-4.1,8.));
#6508 = VECTOR('',#6509,1.);
#6509 = DIRECTION('',(-0.,1.,0.));
#6510 = ORIENTED_EDGE('',*,*,#4925,.F.);
#6511 = PLANE('',#6512);
#6512 = AXIS2_PLACEMENT_3D('',#6513,#6514,#6515);
#6513 = CARTESIAN_POINT('',(19.6,-4.1,8.));
#6514 = DIRECTION('',(1.,0.,-0.));
#6515 = DIRECTION('',(0.,0.,1.));
#6516 = ADVANCED_FACE('',(#6517),#6528,.T.);
#6517 = FACE_BOUND('',#6518,.T.);
#6518 = EDGE_LOOP('',(#6519,#6525,#6526,#6527));
#6519 = ORIENTED_EDGE('',*,*,#6520,.F.);
#6520 = EDGE_CURVE('',#3204,#4910,#6521,.T.);
#6521 = LINE('',#6522,#6523);
#6522 = CARTESIAN_POINT('',(18.,-4.1,8.));
#6523 = VECTOR('',#6524,1.);
#6524 = DIRECTION('',(-0.,1.,0.));
#6525 = ORIENTED_EDGE('',*,*,#3211,.T.);
#6526 = ORIENTED_EDGE('',*,*,#6505,.T.);
#6527 = ORIENTED_EDGE('',*,*,#4917,.F.);
#6528 = PLANE('',#6529);
#6529 = AXIS2_PLACEMENT_3D('',#6530,#6531,#6532);
#6530 = CARTESIAN_POINT('',(18.,-4.1,8.));
#6531 = DIRECTION('',(0.,0.,1.));
#6532 = DIRECTION('',(1.,0.,-0.));
#6533 = ADVANCED_FACE('',(#6534),#6540,.T.);
#6534 = FACE_BOUND('',#6535,.T.);
#6535 = EDGE_LOOP('',(#6536,#6537,#6538,#6539));
#6536 = ORIENTED_EDGE('',*,*,#6481,.F.);
#6537 = ORIENTED_EDGE('',*,*,#3203,.T.);
#6538 = ORIENTED_EDGE('',*,*,#6520,.T.);
#6539 = ORIENTED_EDGE('',*,*,#4909,.F.);
#6540 = PLANE('',#6541);
#6541 = AXIS2_PLACEMENT_3D('',#6542,#6543,#6544);
#6542 = CARTESIAN_POINT('',(18.,-4.1,8.));
#6543 = DIRECTION('',(1.,0.,-0.));
#6544 = DIRECTION('',(0.,0.,1.));
#6545 = ADVANCED_FACE('',(#6546),#6562,.F.);
#6546 = FACE_BOUND('',#6547,.F.);
#6547 = EDGE_LOOP('',(#6548,#6554,#6555,#6561));
#6548 = ORIENTED_EDGE('',*,*,#6549,.F.);
#6549 = EDGE_CURVE('',#3228,#4934,#6550,.T.);
#6550 = LINE('',#6551,#6552);
#6551 = CARTESIAN_POINT('',(21.4,-4.1,14.5));
#6552 = VECTOR('',#6553,1.);
#6553 = DIRECTION('',(-0.,1.,0.));
#6554 = ORIENTED_EDGE('',*,*,#3227,.T.);
#6555 = ORIENTED_EDGE('',*,*,#6556,.T.);
#6556 = EDGE_CURVE('',#3230,#4936,#6557,.T.);
#6557 = LINE('',#6558,#6559);
#6558 = CARTESIAN_POINT('',(23.,-4.1,14.5));
#6559 = VECTOR('',#6560,1.);
#6560 = DIRECTION('',(-0.,1.,0.));
#6561 = ORIENTED_EDGE('',*,*,#4933,.F.);
#6562 = PLANE('',#6563);
#6563 = AXIS2_PLACEMENT_3D('',#6564,#6565,#6566);
#6564 = CARTESIAN_POINT('',(21.4,-4.1,14.5));
#6565 = DIRECTION('',(0.,0.,1.));
#6566 = DIRECTION('',(1.,0.,-0.));
#6567 = ADVANCED_FACE('',(#6568),#6579,.F.);
#6568 = FACE_BOUND('',#6569,.F.);
#6569 = EDGE_LOOP('',(#6570,#6571,#6572,#6578));
#6570 = ORIENTED_EDGE('',*,*,#6556,.F.);
#6571 = ORIENTED_EDGE('',*,*,#3253,.T.);
#6572 = ORIENTED_EDGE('',*,*,#6573,.T.);
#6573 = EDGE_CURVE('',#3246,#4952,#6574,.T.);
#6574 = LINE('',#6575,#6576);
#6575 = CARTESIAN_POINT('',(23.,-4.1,8.));
#6576 = VECTOR('',#6577,1.);
#6577 = DIRECTION('',(-0.,1.,0.));
#6578 = ORIENTED_EDGE('',*,*,#4959,.F.);
#6579 = PLANE('',#6580);
#6580 = AXIS2_PLACEMENT_3D('',#6581,#6582,#6583);
#6581 = CARTESIAN_POINT('',(23.,-4.1,8.));
#6582 = DIRECTION('',(1.,0.,-0.));
#6583 = DIRECTION('',(0.,0.,1.));
#6584 = ADVANCED_FACE('',(#6585),#6596,.T.);
#6585 = FACE_BOUND('',#6586,.T.);
#6586 = EDGE_LOOP('',(#6587,#6593,#6594,#6595));
#6587 = ORIENTED_EDGE('',*,*,#6588,.F.);
#6588 = EDGE_CURVE('',#3238,#4944,#6589,.T.);
#6589 = LINE('',#6590,#6591);
#6590 = CARTESIAN_POINT('',(21.4,-4.1,8.));
#6591 = VECTOR('',#6592,1.);
#6592 = DIRECTION('',(-0.,1.,0.));
#6593 = ORIENTED_EDGE('',*,*,#3245,.T.);
#6594 = ORIENTED_EDGE('',*,*,#6573,.T.);
#6595 = ORIENTED_EDGE('',*,*,#4951,.F.);
#6596 = PLANE('',#6597);
#6597 = AXIS2_PLACEMENT_3D('',#6598,#6599,#6600);
#6598 = CARTESIAN_POINT('',(21.4,-4.1,8.));
#6599 = DIRECTION('',(0.,0.,1.));
#6600 = DIRECTION('',(1.,0.,-0.));
#6601 = ADVANCED_FACE('',(#6602),#6608,.T.);
#6602 = FACE_BOUND('',#6603,.T.);
#6603 = EDGE_LOOP('',(#6604,#6605,#6606,#6607));
#6604 = ORIENTED_EDGE('',*,*,#6549,.F.);
#6605 = ORIENTED_EDGE('',*,*,#3237,.T.);
#6606 = ORIENTED_EDGE('',*,*,#6588,.T.);
#6607 = ORIENTED_EDGE('',*,*,#4943,.F.);
#6608 = PLANE('',#6609);
#6609 = AXIS2_PLACEMENT_3D('',#6610,#6611,#6612);
#6610 = CARTESIAN_POINT('',(21.4,-4.1,8.));
#6611 = DIRECTION('',(1.,0.,-0.));
#6612 = DIRECTION('',(0.,0.,1.));
#6613 = ADVANCED_FACE('',(#6614),#6630,.F.);
#6614 = FACE_BOUND('',#6615,.F.);
#6615 = EDGE_LOOP('',(#6616,#6622,#6623,#6629));
#6616 = ORIENTED_EDGE('',*,*,#6617,.F.);
#6617 = EDGE_CURVE('',#3262,#4968,#6618,.T.);
#6618 = LINE('',#6619,#6620);
#6619 = CARTESIAN_POINT('',(24.8,-4.1,14.5));
#6620 = VECTOR('',#6621,1.);
#6621 = DIRECTION('',(-0.,1.,0.));
#6622 = ORIENTED_EDGE('',*,*,#3261,.T.);
#6623 = ORIENTED_EDGE('',*,*,#6624,.T.);
#6624 = EDGE_CURVE('',#3264,#4970,#6625,.T.);
#6625 = LINE('',#6626,#6627);
#6626 = CARTESIAN_POINT('',(26.4,-4.1,14.5));
#6627 = VECTOR('',#6628,1.);
#6628 = DIRECTION('',(-0.,1.,0.));
#6629 = ORIENTED_EDGE('',*,*,#4967,.F.);
#6630 = PLANE('',#6631);
#6631 = AXIS2_PLACEMENT_3D('',#6632,#6633,#6634);
#6632 = CARTESIAN_POINT('',(24.8,-4.1,14.5));
#6633 = DIRECTION('',(0.,0.,1.));
#6634 = DIRECTION('',(1.,0.,-0.));
#6635 = ADVANCED_FACE('',(#6636),#6647,.F.);
#6636 = FACE_BOUND('',#6637,.F.);
#6637 = EDGE_LOOP('',(#6638,#6639,#6640,#6646));
#6638 = ORIENTED_EDGE('',*,*,#6624,.F.);
#6639 = ORIENTED_EDGE('',*,*,#3287,.T.);
#6640 = ORIENTED_EDGE('',*,*,#6641,.T.);
#6641 = EDGE_CURVE('',#3280,#4986,#6642,.T.);
#6642 = LINE('',#6643,#6644);
#6643 = CARTESIAN_POINT('',(26.4,-4.1,8.));
#6644 = VECTOR('',#6645,1.);
#6645 = DIRECTION('',(-0.,1.,0.));
#6646 = ORIENTED_EDGE('',*,*,#4993,.F.);
#6647 = PLANE('',#6648);
#6648 = AXIS2_PLACEMENT_3D('',#6649,#6650,#6651);
#6649 = CARTESIAN_POINT('',(26.4,-4.1,8.));
#6650 = DIRECTION('',(1.,0.,-0.));
#6651 = DIRECTION('',(0.,0.,1.));
#6652 = ADVANCED_FACE('',(#6653),#6664,.T.);
#6653 = FACE_BOUND('',#6654,.T.);
#6654 = EDGE_LOOP('',(#6655,#6661,#6662,#6663));
#6655 = ORIENTED_EDGE('',*,*,#6656,.F.);
#6656 = EDGE_CURVE('',#3272,#4978,#6657,.T.);
#6657 = LINE('',#6658,#6659);
#6658 = CARTESIAN_POINT('',(24.8,-4.1,8.));
#6659 = VECTOR('',#6660,1.);
#6660 = DIRECTION('',(-0.,1.,0.));
#6661 = ORIENTED_EDGE('',*,*,#3279,.T.);
#6662 = ORIENTED_EDGE('',*,*,#6641,.T.);
#6663 = ORIENTED_EDGE('',*,*,#4985,.F.);
#6664 = PLANE('',#6665);
#6665 = AXIS2_PLACEMENT_3D('',#6666,#6667,#6668);
#6666 = CARTESIAN_POINT('',(24.8,-4.1,8.));
#6667 = DIRECTION('',(0.,0.,1.));
#6668 = DIRECTION('',(1.,0.,-0.));
#6669 = ADVANCED_FACE('',(#6670),#6676,.T.);
#6670 = FACE_BOUND('',#6671,.T.);
#6671 = EDGE_LOOP('',(#6672,#6673,#6674,#6675));
#6672 = ORIENTED_EDGE('',*,*,#6617,.F.);
#6673 = ORIENTED_EDGE('',*,*,#3271,.T.);
#6674 = ORIENTED_EDGE('',*,*,#6656,.T.);
#6675 = ORIENTED_EDGE('',*,*,#4977,.F.);
#6676 = PLANE('',#6677);
#6677 = AXIS2_PLACEMENT_3D('',#6678,#6679,#6680);
#6678 = CARTESIAN_POINT('',(24.8,-4.1,8.));
#6679 = DIRECTION('',(1.,0.,-0.));
#6680 = DIRECTION('',(0.,0.,1.));
#6681 = ADVANCED_FACE('',(#6682),#6698,.F.);
#6682 = FACE_BOUND('',#6683,.F.);
#6683 = EDGE_LOOP('',(#6684,#6690,#6691,#6697));
#6684 = ORIENTED_EDGE('',*,*,#6685,.F.);
#6685 = EDGE_CURVE('',#3296,#5002,#6686,.T.);
#6686 = LINE('',#6687,#6688);
#6687 = CARTESIAN_POINT('',(28.2,-4.1,14.5));
#6688 = VECTOR('',#6689,1.);
#6689 = DIRECTION('',(-0.,1.,0.));
#6690 = ORIENTED_EDGE('',*,*,#3295,.T.);
#6691 = ORIENTED_EDGE('',*,*,#6692,.T.);
#6692 = EDGE_CURVE('',#3298,#5004,#6693,.T.);
#6693 = LINE('',#6694,#6695);
#6694 = CARTESIAN_POINT('',(29.8,-4.1,14.5));
#6695 = VECTOR('',#6696,1.);
#6696 = DIRECTION('',(-0.,1.,0.));
#6697 = ORIENTED_EDGE('',*,*,#5001,.F.);
#6698 = PLANE('',#6699);
#6699 = AXIS2_PLACEMENT_3D('',#6700,#6701,#6702);
#6700 = CARTESIAN_POINT('',(28.2,-4.1,14.5));
#6701 = DIRECTION('',(0.,0.,1.));
#6702 = DIRECTION('',(1.,0.,-0.));
#6703 = ADVANCED_FACE('',(#6704),#6715,.F.);
#6704 = FACE_BOUND('',#6705,.F.);
#6705 = EDGE_LOOP('',(#6706,#6707,#6708,#6714));
#6706 = ORIENTED_EDGE('',*,*,#6692,.F.);
#6707 = ORIENTED_EDGE('',*,*,#3321,.T.);
#6708 = ORIENTED_EDGE('',*,*,#6709,.T.);
#6709 = EDGE_CURVE('',#3314,#5020,#6710,.T.);
#6710 = LINE('',#6711,#6712);
#6711 = CARTESIAN_POINT('',(29.8,-4.1,8.));
#6712 = VECTOR('',#6713,1.);
#6713 = DIRECTION('',(-0.,1.,0.));
#6714 = ORIENTED_EDGE('',*,*,#5027,.F.);
#6715 = PLANE('',#6716);
#6716 = AXIS2_PLACEMENT_3D('',#6717,#6718,#6719);
#6717 = CARTESIAN_POINT('',(29.8,-4.1,8.));
#6718 = DIRECTION('',(1.,0.,-0.));
#6719 = DIRECTION('',(0.,0.,1.));
#6720 = ADVANCED_FACE('',(#6721),#6732,.T.);
#6721 = FACE_BOUND('',#6722,.T.);
#6722 = EDGE_LOOP('',(#6723,#6729,#6730,#6731));
#6723 = ORIENTED_EDGE('',*,*,#6724,.F.);
#6724 = EDGE_CURVE('',#3306,#5012,#6725,.T.);
#6725 = LINE('',#6726,#6727);
#6726 = CARTESIAN_POINT('',(28.2,-4.1,8.));
#6727 = VECTOR('',#6728,1.);
#6728 = DIRECTION('',(-0.,1.,0.));
#6729 = ORIENTED_EDGE('',*,*,#3313,.T.);
#6730 = ORIENTED_EDGE('',*,*,#6709,.T.);
#6731 = ORIENTED_EDGE('',*,*,#5019,.F.);
#6732 = PLANE('',#6733);
#6733 = AXIS2_PLACEMENT_3D('',#6734,#6735,#6736);
#6734 = CARTESIAN_POINT('',(28.2,-4.1,8.));
#6735 = DIRECTION('',(0.,0.,1.));
#6736 = DIRECTION('',(1.,0.,-0.));
#6737 = ADVANCED_FACE('',(#6738),#6744,.T.);
#6738 = FACE_BOUND('',#6739,.T.);
#6739 = EDGE_LOOP('',(#6740,#6741,#6742,#6743));
#6740 = ORIENTED_EDGE('',*,*,#6685,.F.);
#6741 = ORIENTED_EDGE('',*,*,#3305,.T.);
#6742 = ORIENTED_EDGE('',*,*,#6724,.T.);
#6743 = ORIENTED_EDGE('',*,*,#5011,.F.);
#6744 = PLANE('',#6745);
#6745 = AXIS2_PLACEMENT_3D('',#6746,#6747,#6748);
#6746 = CARTESIAN_POINT('',(28.2,-4.1,8.));
#6747 = DIRECTION('',(1.,0.,-0.));
#6748 = DIRECTION('',(0.,0.,1.));
#6749 = ADVANCED_FACE('',(#6750),#6766,.F.);
#6750 = FACE_BOUND('',#6751,.F.);
#6751 = EDGE_LOOP('',(#6752,#6758,#6759,#6765));
#6752 = ORIENTED_EDGE('',*,*,#6753,.F.);
#6753 = EDGE_CURVE('',#3330,#5036,#6754,.T.);
#6754 = LINE('',#6755,#6756);
#6755 = CARTESIAN_POINT('',(33.8,-4.1,4.75));
#6756 = VECTOR('',#6757,1.);
#6757 = DIRECTION('',(-0.,1.,0.));
#6758 = ORIENTED_EDGE('',*,*,#3329,.T.);
#6759 = ORIENTED_EDGE('',*,*,#6760,.T.);
#6760 = EDGE_CURVE('',#3332,#5038,#6761,.T.);
#6761 = LINE('',#6762,#6763);
#6762 = CARTESIAN_POINT('',(35.8,-4.1,6.75));
#6763 = VECTOR('',#6764,1.);
#6764 = DIRECTION('',(-0.,1.,0.));
#6765 = ORIENTED_EDGE('',*,*,#5035,.F.);
#6766 = CYLINDRICAL_SURFACE('',#6767,2.);
#6767 = AXIS2_PLACEMENT_3D('',#6768,#6769,#6770);
#6768 = CARTESIAN_POINT('',(35.8,-4.1,4.75));
#6769 = DIRECTION('',(-0.,1.,0.));
#6770 = DIRECTION('',(-1.,-0.,0.));
#6771 = ADVANCED_FACE('',(#6772),#6783,.F.);
#6772 = FACE_BOUND('',#6773,.F.);
#6773 = EDGE_LOOP('',(#6774,#6775,#6776,#6777));
#6774 = ORIENTED_EDGE('',*,*,#5097,.F.);
#6775 = ORIENTED_EDGE('',*,*,#6760,.F.);
#6776 = ORIENTED_EDGE('',*,*,#3391,.T.);
#6777 = ORIENTED_EDGE('',*,*,#6778,.T.);
#6778 = EDGE_CURVE('',#3383,#5089,#6779,.T.);
#6779 = LINE('',#6780,#6781);
#6780 = CARTESIAN_POINT('',(43.2,-4.1,6.75));
#6781 = VECTOR('',#6782,1.);
#6782 = DIRECTION('',(-0.,1.,0.));
#6783 = PLANE('',#6784);
#6784 = AXIS2_PLACEMENT_3D('',#6785,#6786,#6787);
#6785 = CARTESIAN_POINT('',(33.8,-4.1,6.75));
#6786 = DIRECTION('',(0.,0.,1.));
#6787 = DIRECTION('',(1.,0.,-0.));
#6788 = ADVANCED_FACE('',(#6789),#6800,.F.);
#6789 = FACE_BOUND('',#6790,.T.);
#6790 = EDGE_LOOP('',(#6791,#6797,#6798,#6799));
#6791 = ORIENTED_EDGE('',*,*,#6792,.F.);
#6792 = EDGE_CURVE('',#3375,#5081,#6793,.T.);
#6793 = LINE('',#6794,#6795);
#6794 = CARTESIAN_POINT('',(45.2,-4.1,4.75));
#6795 = VECTOR('',#6796,1.);
#6796 = DIRECTION('',(-0.,1.,0.));
#6797 = ORIENTED_EDGE('',*,*,#3382,.F.);
#6798 = ORIENTED_EDGE('',*,*,#6778,.T.);
#6799 = ORIENTED_EDGE('',*,*,#5088,.T.);
#6800 = CYLINDRICAL_SURFACE('',#6801,2.);
#6801 = AXIS2_PLACEMENT_3D('',#6802,#6803,#6804);
#6802 = CARTESIAN_POINT('',(43.2,-4.1,4.75));
#6803 = DIRECTION('',(-0.,1.,0.));
#6804 = DIRECTION('',(1.,0.,-0.));
#6805 = ADVANCED_FACE('',(#6806),#6817,.F.);
#6806 = FACE_BOUND('',#6807,.F.);
#6807 = EDGE_LOOP('',(#6808,#6809,#6815,#6816));
#6808 = ORIENTED_EDGE('',*,*,#3374,.T.);
#6809 = ORIENTED_EDGE('',*,*,#6810,.T.);
#6810 = EDGE_CURVE('',#3366,#5072,#6811,.T.);
#6811 = LINE('',#6812,#6813);
#6812 = CARTESIAN_POINT('',(45.2,-4.1,1.15));
#6813 = VECTOR('',#6814,1.);
#6814 = DIRECTION('',(-0.,1.,0.));
#6815 = ORIENTED_EDGE('',*,*,#5080,.F.);
#6816 = ORIENTED_EDGE('',*,*,#6792,.F.);
#6817 = PLANE('',#6818);
#6818 = AXIS2_PLACEMENT_3D('',#6819,#6820,#6821);
#6819 = CARTESIAN_POINT('',(45.2,-4.1,-0.85));
#6820 = DIRECTION('',(1.,0.,-0.));
#6821 = DIRECTION('',(0.,0.,1.));
#6822 = ADVANCED_FACE('',(#6823),#6834,.F.);
#6823 = FACE_BOUND('',#6824,.F.);
#6824 = EDGE_LOOP('',(#6825,#6826,#6827,#6833));
#6825 = ORIENTED_EDGE('',*,*,#6810,.F.);
#6826 = ORIENTED_EDGE('',*,*,#3365,.T.);
#6827 = ORIENTED_EDGE('',*,*,#6828,.T.);
#6828 = EDGE_CURVE('',#3358,#5064,#6829,.T.);
#6829 = LINE('',#6830,#6831);
#6830 = CARTESIAN_POINT('',(43.2,-4.1,-0.85));
#6831 = VECTOR('',#6832,1.);
#6832 = DIRECTION('',(-0.,1.,0.));
#6833 = ORIENTED_EDGE('',*,*,#5071,.F.);
#6834 = CYLINDRICAL_SURFACE('',#6835,2.);
#6835 = AXIS2_PLACEMENT_3D('',#6836,#6837,#6838);
#6836 = CARTESIAN_POINT('',(43.2,-4.1,1.15));
#6837 = DIRECTION('',(-0.,1.,0.));
#6838 = DIRECTION('',(1.,0.,-0.));
#6839 = ADVANCED_FACE('',(#6840),#6851,.T.);
#6840 = FACE_BOUND('',#6841,.T.);
#6841 = EDGE_LOOP('',(#6842,#6843,#6849,#6850));
#6842 = ORIENTED_EDGE('',*,*,#5063,.F.);
#6843 = ORIENTED_EDGE('',*,*,#6844,.F.);
#6844 = EDGE_CURVE('',#3349,#5055,#6845,.T.);
#6845 = LINE('',#6846,#6847);
#6846 = CARTESIAN_POINT('',(35.8,-4.1,-0.85));
#6847 = VECTOR('',#6848,1.);
#6848 = DIRECTION('',(-0.,1.,0.));
#6849 = ORIENTED_EDGE('',*,*,#3357,.T.);
#6850 = ORIENTED_EDGE('',*,*,#6828,.T.);
#6851 = PLANE('',#6852);
#6852 = AXIS2_PLACEMENT_3D('',#6853,#6854,#6855);
#6853 = CARTESIAN_POINT('',(33.8,-4.1,-0.85));
#6854 = DIRECTION('',(0.,0.,1.));
#6855 = DIRECTION('',(1.,0.,-0.));
#6856 = ADVANCED_FACE('',(#6857),#6868,.F.);
#6857 = FACE_BOUND('',#6858,.T.);
#6858 = EDGE_LOOP('',(#6859,#6865,#6866,#6867));
#6859 = ORIENTED_EDGE('',*,*,#6860,.F.);
#6860 = EDGE_CURVE('',#3341,#5047,#6861,.T.);
#6861 = LINE('',#6862,#6863);
#6862 = CARTESIAN_POINT('',(33.8,-4.1,1.15));
#6863 = VECTOR('',#6864,1.);
#6864 = DIRECTION('',(-0.,1.,0.));
#6865 = ORIENTED_EDGE('',*,*,#3348,.F.);
#6866 = ORIENTED_EDGE('',*,*,#6844,.T.);
#6867 = ORIENTED_EDGE('',*,*,#5054,.T.);
#6868 = CYLINDRICAL_SURFACE('',#6869,2.);
#6869 = AXIS2_PLACEMENT_3D('',#6870,#6871,#6872);
#6870 = CARTESIAN_POINT('',(35.8,-4.1,1.15));
#6871 = DIRECTION('',(-0.,1.,0.));
#6872 = DIRECTION('',(-1.,-0.,0.));
#6873 = ADVANCED_FACE('',(#6874),#6880,.T.);
#6874 = FACE_BOUND('',#6875,.T.);
#6875 = EDGE_LOOP('',(#6876,#6877,#6878,#6879));
#6876 = ORIENTED_EDGE('',*,*,#3340,.T.);
#6877 = ORIENTED_EDGE('',*,*,#6860,.T.);
#6878 = ORIENTED_EDGE('',*,*,#5046,.F.);
#6879 = ORIENTED_EDGE('',*,*,#6753,.F.);
#6880 = PLANE('',#6881);
#6881 = AXIS2_PLACEMENT_3D('',#6882,#6883,#6884);
#6882 = CARTESIAN_POINT('',(33.8,-4.1,-0.85));
#6883 = DIRECTION('',(1.,0.,-0.));
#6884 = DIRECTION('',(0.,0.,1.));
#6885 = ADVANCED_FACE('',(#6886),#6902,.F.);
#6886 = FACE_BOUND('',#6887,.F.);
#6887 = EDGE_LOOP('',(#6888,#6894,#6895,#6901));
#6888 = ORIENTED_EDGE('',*,*,#6889,.F.);
#6889 = EDGE_CURVE('',#3400,#5106,#6890,.T.);
#6890 = LINE('',#6891,#6892);
#6891 = CARTESIAN_POINT('',(50.1,-4.1,6.88));
#6892 = VECTOR('',#6893,1.);
#6893 = DIRECTION('',(-0.,1.,0.));
#6894 = ORIENTED_EDGE('',*,*,#3399,.T.);
#6895 = ORIENTED_EDGE('',*,*,#6896,.T.);
#6896 = EDGE_CURVE('',#3402,#5108,#6897,.T.);
#6897 = LINE('',#6898,#6899);
#6898 = CARTESIAN_POINT('',(51.6,-4.1,8.38));
#6899 = VECTOR('',#6900,1.);
#6900 = DIRECTION('',(-0.,1.,0.));
#6901 = ORIENTED_EDGE('',*,*,#5105,.F.);
#6902 = CYLINDRICAL_SURFACE('',#6903,1.5);
#6903 = AXIS2_PLACEMENT_3D('',#6904,#6905,#6906);
#6904 = CARTESIAN_POINT('',(51.6,-4.1,6.88));
#6905 = DIRECTION('',(-0.,1.,0.));
#6906 = DIRECTION('',(-1.,-0.,0.));
#6907 = ADVANCED_FACE('',(#6908),#6919,.F.);
#6908 = FACE_BOUND('',#6909,.F.);
#6909 = EDGE_LOOP('',(#6910,#6911,#6912,#6913));
#6910 = ORIENTED_EDGE('',*,*,#5167,.F.);
#6911 = ORIENTED_EDGE('',*,*,#6896,.F.);
#6912 = ORIENTED_EDGE('',*,*,#3461,.T.);
#6913 = ORIENTED_EDGE('',*,*,#6914,.T.);
#6914 = EDGE_CURVE('',#3453,#5159,#6915,.T.);
#6915 = LINE('',#6916,#6917);
#6916 = CARTESIAN_POINT('',(56.4,-4.1,8.38));
#6917 = VECTOR('',#6918,1.);
#6918 = DIRECTION('',(-0.,1.,0.));
#6919 = PLANE('',#6920);
#6920 = AXIS2_PLACEMENT_3D('',#6921,#6922,#6923);
#6921 = CARTESIAN_POINT('',(50.1,-4.1,8.38));
#6922 = DIRECTION('',(0.,0.,1.));
#6923 = DIRECTION('',(1.,0.,-0.));
#6924 = ADVANCED_FACE('',(#6925),#6936,.F.);
#6925 = FACE_BOUND('',#6926,.T.);
#6926 = EDGE_LOOP('',(#6927,#6933,#6934,#6935));
#6927 = ORIENTED_EDGE('',*,*,#6928,.F.);
#6928 = EDGE_CURVE('',#3445,#5151,#6929,.T.);
#6929 = LINE('',#6930,#6931);
#6930 = CARTESIAN_POINT('',(57.9,-4.1,6.88));
#6931 = VECTOR('',#6932,1.);
#6932 = DIRECTION('',(-0.,1.,0.));
#6933 = ORIENTED_EDGE('',*,*,#3452,.F.);
#6934 = ORIENTED_EDGE('',*,*,#6914,.T.);
#6935 = ORIENTED_EDGE('',*,*,#5158,.T.);
#6936 = CYLINDRICAL_SURFACE('',#6937,1.5);
#6937 = AXIS2_PLACEMENT_3D('',#6938,#6939,#6940);
#6938 = CARTESIAN_POINT('',(56.4,-4.1,6.88));
#6939 = DIRECTION('',(-0.,1.,0.));
#6940 = DIRECTION('',(1.,0.,-0.));
#6941 = ADVANCED_FACE('',(#6942),#6953,.F.);
#6942 = FACE_BOUND('',#6943,.F.);
#6943 = EDGE_LOOP('',(#6944,#6945,#6951,#6952));
#6944 = ORIENTED_EDGE('',*,*,#3444,.T.);
#6945 = ORIENTED_EDGE('',*,*,#6946,.T.);
#6946 = EDGE_CURVE('',#3436,#5142,#6947,.T.);
#6947 = LINE('',#6948,#6949);
#6948 = CARTESIAN_POINT('',(57.9,-4.1,1.98));
#6949 = VECTOR('',#6950,1.);
#6950 = DIRECTION('',(-0.,1.,0.));
#6951 = ORIENTED_EDGE('',*,*,#5150,.F.);
#6952 = ORIENTED_EDGE('',*,*,#6928,.F.);
#6953 = PLANE('',#6954);
#6954 = AXIS2_PLACEMENT_3D('',#6955,#6956,#6957);
#6955 = CARTESIAN_POINT('',(57.9,-4.1,0.48));
#6956 = DIRECTION('',(1.,0.,-0.));
#6957 = DIRECTION('',(0.,0.,1.));
#6958 = ADVANCED_FACE('',(#6959),#6970,.F.);
#6959 = FACE_BOUND('',#6960,.F.);
#6960 = EDGE_LOOP('',(#6961,#6962,#6963,#6969));
#6961 = ORIENTED_EDGE('',*,*,#6946,.F.);
#6962 = ORIENTED_EDGE('',*,*,#3435,.T.);
#6963 = ORIENTED_EDGE('',*,*,#6964,.T.);
#6964 = EDGE_CURVE('',#3428,#5134,#6965,.T.);
#6965 = LINE('',#6966,#6967);
#6966 = CARTESIAN_POINT('',(56.4,-4.1,0.48));
#6967 = VECTOR('',#6968,1.);
#6968 = DIRECTION('',(-0.,1.,0.));
#6969 = ORIENTED_EDGE('',*,*,#5141,.F.);
#6970 = CYLINDRICAL_SURFACE('',#6971,1.5);
#6971 = AXIS2_PLACEMENT_3D('',#6972,#6973,#6974);
#6972 = CARTESIAN_POINT('',(56.4,-4.1,1.98));
#6973 = DIRECTION('',(-0.,1.,0.));
#6974 = DIRECTION('',(1.,0.,-0.));
#6975 = ADVANCED_FACE('',(#6976),#6987,.T.);
#6976 = FACE_BOUND('',#6977,.T.);
#6977 = EDGE_LOOP('',(#6978,#6979,#6985,#6986));
#6978 = ORIENTED_EDGE('',*,*,#5133,.F.);
#6979 = ORIENTED_EDGE('',*,*,#6980,.F.);
#6980 = EDGE_CURVE('',#3419,#5125,#6981,.T.);
#6981 = LINE('',#6982,#6983);
#6982 = CARTESIAN_POINT('',(51.6,-4.1,0.48));
#6983 = VECTOR('',#6984,1.);
#6984 = DIRECTION('',(-0.,1.,0.));
#6985 = ORIENTED_EDGE('',*,*,#3427,.T.);
#6986 = ORIENTED_EDGE('',*,*,#6964,.T.);
#6987 = PLANE('',#6988);
#6988 = AXIS2_PLACEMENT_3D('',#6989,#6990,#6991);
#6989 = CARTESIAN_POINT('',(50.1,-4.1,0.48));
#6990 = DIRECTION('',(0.,0.,1.));
#6991 = DIRECTION('',(1.,0.,-0.));
#6992 = ADVANCED_FACE('',(#6993),#7004,.F.);
#6993 = FACE_BOUND('',#6994,.T.);
#6994 = EDGE_LOOP('',(#6995,#7001,#7002,#7003));
#6995 = ORIENTED_EDGE('',*,*,#6996,.F.);
#6996 = EDGE_CURVE('',#3411,#5117,#6997,.T.);
#6997 = LINE('',#6998,#6999);
#6998 = CARTESIAN_POINT('',(50.1,-4.1,1.98));
#6999 = VECTOR('',#7000,1.);
#7000 = DIRECTION('',(-0.,1.,0.));
#7001 = ORIENTED_EDGE('',*,*,#3418,.F.);
#7002 = ORIENTED_EDGE('',*,*,#6980,.T.);
#7003 = ORIENTED_EDGE('',*,*,#5124,.T.);
#7004 = CYLINDRICAL_SURFACE('',#7005,1.5);
#7005 = AXIS2_PLACEMENT_3D('',#7006,#7007,#7008);
#7006 = CARTESIAN_POINT('',(51.6,-4.1,1.98));
#7007 = DIRECTION('',(-0.,1.,0.));
#7008 = DIRECTION('',(-1.,-0.,0.));
#7009 = ADVANCED_FACE('',(#7010),#7016,.T.);
#7010 = FACE_BOUND('',#7011,.T.);
#7011 = EDGE_LOOP('',(#7012,#7013,#7014,#7015));
#7012 = ORIENTED_EDGE('',*,*,#3410,.T.);
#7013 = ORIENTED_EDGE('',*,*,#6996,.T.);
#7014 = ORIENTED_EDGE('',*,*,#5116,.F.);
#7015 = ORIENTED_EDGE('',*,*,#6889,.F.);
#7016 = PLANE('',#7017);
#7017 = AXIS2_PLACEMENT_3D('',#7018,#7019,#7020);
#7018 = CARTESIAN_POINT('',(50.1,-4.1,0.48));
#7019 = DIRECTION('',(1.,0.,-0.));
#7020 = DIRECTION('',(0.,0.,1.));
#7021 = ADVANCED_FACE('',(#7022),#7038,.F.);
#7022 = FACE_BOUND('',#7023,.F.);
#7023 = EDGE_LOOP('',(#7024,#7030,#7031,#7037));
#7024 = ORIENTED_EDGE('',*,*,#7025,.F.);
#7025 = EDGE_CURVE('',#3470,#5176,#7026,.T.);
#7026 = LINE('',#7027,#7028);
#7027 = CARTESIAN_POINT('',(31.6,-4.1,14.5));
#7028 = VECTOR('',#7029,1.);
#7029 = DIRECTION('',(-0.,1.,0.));
#7030 = ORIENTED_EDGE('',*,*,#3469,.T.);
#7031 = ORIENTED_EDGE('',*,*,#7032,.T.);
#7032 = EDGE_CURVE('',#3472,#5178,#7033,.T.);
#7033 = LINE('',#7034,#7035);
#7034 = CARTESIAN_POINT('',(33.2,-4.1,14.5));
#7035 = VECTOR('',#7036,1.);
#7036 = DIRECTION('',(-0.,1.,0.));
#7037 = ORIENTED_EDGE('',*,*,#5175,.F.);
#7038 = PLANE('',#7039);
#7039 = AXIS2_PLACEMENT_3D('',#7040,#7041,#7042);
#7040 = CARTESIAN_POINT('',(31.6,-4.1,14.5));
#7041 = DIRECTION('',(0.,0.,1.));
#7042 = DIRECTION('',(1.,0.,-0.));
#7043 = ADVANCED_FACE('',(#7044),#7055,.F.);
#7044 = FACE_BOUND('',#7045,.F.);
#7045 = EDGE_LOOP('',(#7046,#7047,#7048,#7054));
#7046 = ORIENTED_EDGE('',*,*,#7032,.F.);
#7047 = ORIENTED_EDGE('',*,*,#3495,.T.);
#7048 = ORIENTED_EDGE('',*,*,#7049,.T.);
#7049 = EDGE_CURVE('',#3488,#5194,#7050,.T.);
#7050 = LINE('',#7051,#7052);
#7051 = CARTESIAN_POINT('',(33.2,-4.1,8.));
#7052 = VECTOR('',#7053,1.);
#7053 = DIRECTION('',(-0.,1.,0.));
#7054 = ORIENTED_EDGE('',*,*,#5201,.F.);
#7055 = PLANE('',#7056);
#7056 = AXIS2_PLACEMENT_3D('',#7057,#7058,#7059);
#7057 = CARTESIAN_POINT('',(33.2,-4.1,8.));
#7058 = DIRECTION('',(1.,0.,-0.));
#7059 = DIRECTION('',(0.,0.,1.));
#7060 = ADVANCED_FACE('',(#7061),#7072,.T.);
#7061 = FACE_BOUND('',#7062,.T.);
#7062 = EDGE_LOOP('',(#7063,#7069,#7070,#7071));
#7063 = ORIENTED_EDGE('',*,*,#7064,.F.);
#7064 = EDGE_CURVE('',#3480,#5186,#7065,.T.);
#7065 = LINE('',#7066,#7067);
#7066 = CARTESIAN_POINT('',(31.6,-4.1,8.));
#7067 = VECTOR('',#7068,1.);
#7068 = DIRECTION('',(-0.,1.,0.));
#7069 = ORIENTED_EDGE('',*,*,#3487,.T.);
#7070 = ORIENTED_EDGE('',*,*,#7049,.T.);
#7071 = ORIENTED_EDGE('',*,*,#5193,.F.);
#7072 = PLANE('',#7073);
#7073 = AXIS2_PLACEMENT_3D('',#7074,#7075,#7076);
#7074 = CARTESIAN_POINT('',(31.6,-4.1,8.));
#7075 = DIRECTION('',(0.,0.,1.));
#7076 = DIRECTION('',(1.,0.,-0.));
#7077 = ADVANCED_FACE('',(#7078),#7084,.T.);
#7078 = FACE_BOUND('',#7079,.T.);
#7079 = EDGE_LOOP('',(#7080,#7081,#7082,#7083));
#7080 = ORIENTED_EDGE('',*,*,#7025,.F.);
#7081 = ORIENTED_EDGE('',*,*,#3479,.T.);
#7082 = ORIENTED_EDGE('',*,*,#7064,.T.);
#7083 = ORIENTED_EDGE('',*,*,#5185,.F.);
#7084 = PLANE('',#7085);
#7085 = AXIS2_PLACEMENT_3D('',#7086,#7087,#7088);
#7086 = CARTESIAN_POINT('',(31.6,-4.1,8.));
#7087 = DIRECTION('',(1.,0.,-0.));
#7088 = DIRECTION('',(0.,0.,1.));
#7089 = ADVANCED_FACE('',(#7090),#7106,.F.);
#7090 = FACE_BOUND('',#7091,.F.);
#7091 = EDGE_LOOP('',(#7092,#7098,#7099,#7105));
#7092 = ORIENTED_EDGE('',*,*,#7093,.F.);
#7093 = EDGE_CURVE('',#3504,#5210,#7094,.T.);
#7094 = LINE('',#7095,#7096);
#7095 = CARTESIAN_POINT('',(35.,-4.1,14.5));
#7096 = VECTOR('',#7097,1.);
#7097 = DIRECTION('',(-0.,1.,0.));
#7098 = ORIENTED_EDGE('',*,*,#3503,.T.);
#7099 = ORIENTED_EDGE('',*,*,#7100,.T.);
#7100 = EDGE_CURVE('',#3506,#5212,#7101,.T.);
#7101 = LINE('',#7102,#7103);
#7102 = CARTESIAN_POINT('',(36.6,-4.1,14.5));
#7103 = VECTOR('',#7104,1.);
#7104 = DIRECTION('',(-0.,1.,0.));
#7105 = ORIENTED_EDGE('',*,*,#5209,.F.);
#7106 = PLANE('',#7107);
#7107 = AXIS2_PLACEMENT_3D('',#7108,#7109,#7110);
#7108 = CARTESIAN_POINT('',(35.,-4.1,14.5));
#7109 = DIRECTION('',(0.,0.,1.));
#7110 = DIRECTION('',(1.,0.,-0.));
#7111 = ADVANCED_FACE('',(#7112),#7123,.F.);
#7112 = FACE_BOUND('',#7113,.F.);
#7113 = EDGE_LOOP('',(#7114,#7115,#7116,#7122));
#7114 = ORIENTED_EDGE('',*,*,#7100,.F.);
#7115 = ORIENTED_EDGE('',*,*,#3529,.T.);
#7116 = ORIENTED_EDGE('',*,*,#7117,.T.);
#7117 = EDGE_CURVE('',#3522,#5228,#7118,.T.);
#7118 = LINE('',#7119,#7120);
#7119 = CARTESIAN_POINT('',(36.6,-4.1,8.));
#7120 = VECTOR('',#7121,1.);
#7121 = DIRECTION('',(-0.,1.,0.));
#7122 = ORIENTED_EDGE('',*,*,#5235,.F.);
#7123 = PLANE('',#7124);
#7124 = AXIS2_PLACEMENT_3D('',#7125,#7126,#7127);
#7125 = CARTESIAN_POINT('',(36.6,-4.1,8.));
#7126 = DIRECTION('',(1.,0.,-0.));
#7127 = DIRECTION('',(0.,0.,1.));
#7128 = ADVANCED_FACE('',(#7129),#7140,.T.);
#7129 = FACE_BOUND('',#7130,.T.);
#7130 = EDGE_LOOP('',(#7131,#7137,#7138,#7139));
#7131 = ORIENTED_EDGE('',*,*,#7132,.F.);
#7132 = EDGE_CURVE('',#3514,#5220,#7133,.T.);
#7133 = LINE('',#7134,#7135);
#7134 = CARTESIAN_POINT('',(35.,-4.1,8.));
#7135 = VECTOR('',#7136,1.);
#7136 = DIRECTION('',(-0.,1.,0.));
#7137 = ORIENTED_EDGE('',*,*,#3521,.T.);
#7138 = ORIENTED_EDGE('',*,*,#7117,.T.);
#7139 = ORIENTED_EDGE('',*,*,#5227,.F.);
#7140 = PLANE('',#7141);
#7141 = AXIS2_PLACEMENT_3D('',#7142,#7143,#7144);
#7142 = CARTESIAN_POINT('',(35.,-4.1,8.));
#7143 = DIRECTION('',(0.,0.,1.));
#7144 = DIRECTION('',(1.,0.,-0.));
#7145 = ADVANCED_FACE('',(#7146),#7152,.T.);
#7146 = FACE_BOUND('',#7147,.T.);
#7147 = EDGE_LOOP('',(#7148,#7149,#7150,#7151));
#7148 = ORIENTED_EDGE('',*,*,#7093,.F.);
#7149 = ORIENTED_EDGE('',*,*,#3513,.T.);
#7150 = ORIENTED_EDGE('',*,*,#7132,.T.);
#7151 = ORIENTED_EDGE('',*,*,#5219,.F.);
#7152 = PLANE('',#7153);
#7153 = AXIS2_PLACEMENT_3D('',#7154,#7155,#7156);
#7154 = CARTESIAN_POINT('',(35.,-4.1,8.));
#7155 = DIRECTION('',(1.,0.,-0.));
#7156 = DIRECTION('',(0.,0.,1.));
#7157 = ADVANCED_FACE('',(#7158),#7174,.F.);
#7158 = FACE_BOUND('',#7159,.F.);
#7159 = EDGE_LOOP('',(#7160,#7166,#7167,#7173));
#7160 = ORIENTED_EDGE('',*,*,#7161,.F.);
#7161 = EDGE_CURVE('',#3538,#5244,#7162,.T.);
#7162 = LINE('',#7163,#7164);
#7163 = CARTESIAN_POINT('',(38.4,-4.1,14.5));
#7164 = VECTOR('',#7165,1.);
#7165 = DIRECTION('',(-0.,1.,0.));
#7166 = ORIENTED_EDGE('',*,*,#3537,.T.);
#7167 = ORIENTED_EDGE('',*,*,#7168,.T.);
#7168 = EDGE_CURVE('',#3540,#5246,#7169,.T.);
#7169 = LINE('',#7170,#7171);
#7170 = CARTESIAN_POINT('',(40.,-4.1,14.5));
#7171 = VECTOR('',#7172,1.);
#7172 = DIRECTION('',(-0.,1.,0.));
#7173 = ORIENTED_EDGE('',*,*,#5243,.F.);
#7174 = PLANE('',#7175);
#7175 = AXIS2_PLACEMENT_3D('',#7176,#7177,#7178);
#7176 = CARTESIAN_POINT('',(38.4,-4.1,14.5));
#7177 = DIRECTION('',(0.,0.,1.));
#7178 = DIRECTION('',(1.,0.,-0.));
#7179 = ADVANCED_FACE('',(#7180),#7191,.F.);
#7180 = FACE_BOUND('',#7181,.F.);
#7181 = EDGE_LOOP('',(#7182,#7183,#7184,#7190));
#7182 = ORIENTED_EDGE('',*,*,#7168,.F.);
#7183 = ORIENTED_EDGE('',*,*,#3563,.T.);
#7184 = ORIENTED_EDGE('',*,*,#7185,.T.);
#7185 = EDGE_CURVE('',#3556,#5262,#7186,.T.);
#7186 = LINE('',#7187,#7188);
#7187 = CARTESIAN_POINT('',(40.,-4.1,8.));
#7188 = VECTOR('',#7189,1.);
#7189 = DIRECTION('',(-0.,1.,0.));
#7190 = ORIENTED_EDGE('',*,*,#5269,.F.);
#7191 = PLANE('',#7192);
#7192 = AXIS2_PLACEMENT_3D('',#7193,#7194,#7195);
#7193 = CARTESIAN_POINT('',(40.,-4.1,8.));
#7194 = DIRECTION('',(1.,0.,-0.));
#7195 = DIRECTION('',(0.,0.,1.));
#7196 = ADVANCED_FACE('',(#7197),#7208,.T.);
#7197 = FACE_BOUND('',#7198,.T.);
#7198 = EDGE_LOOP('',(#7199,#7205,#7206,#7207));
#7199 = ORIENTED_EDGE('',*,*,#7200,.F.);
#7200 = EDGE_CURVE('',#3548,#5254,#7201,.T.);
#7201 = LINE('',#7202,#7203);
#7202 = CARTESIAN_POINT('',(38.4,-4.1,8.));
#7203 = VECTOR('',#7204,1.);
#7204 = DIRECTION('',(-0.,1.,0.));
#7205 = ORIENTED_EDGE('',*,*,#3555,.T.);
#7206 = ORIENTED_EDGE('',*,*,#7185,.T.);
#7207 = ORIENTED_EDGE('',*,*,#5261,.F.);
#7208 = PLANE('',#7209);
#7209 = AXIS2_PLACEMENT_3D('',#7210,#7211,#7212);
#7210 = CARTESIAN_POINT('',(38.4,-4.1,8.));
#7211 = DIRECTION('',(0.,0.,1.));
#7212 = DIRECTION('',(1.,0.,-0.));
#7213 = ADVANCED_FACE('',(#7214),#7220,.T.);
#7214 = FACE_BOUND('',#7215,.T.);
#7215 = EDGE_LOOP('',(#7216,#7217,#7218,#7219));
#7216 = ORIENTED_EDGE('',*,*,#7161,.F.);
#7217 = ORIENTED_EDGE('',*,*,#3547,.T.);
#7218 = ORIENTED_EDGE('',*,*,#7200,.T.);
#7219 = ORIENTED_EDGE('',*,*,#5253,.F.);
#7220 = PLANE('',#7221);
#7221 = AXIS2_PLACEMENT_3D('',#7222,#7223,#7224);
#7222 = CARTESIAN_POINT('',(38.4,-4.1,8.));
#7223 = DIRECTION('',(1.,0.,-0.));
#7224 = DIRECTION('',(0.,0.,1.));
#7225 = ADVANCED_FACE('',(#7226),#7242,.F.);
#7226 = FACE_BOUND('',#7227,.F.);
#7227 = EDGE_LOOP('',(#7228,#7234,#7235,#7241));
#7228 = ORIENTED_EDGE('',*,*,#7229,.F.);
#7229 = EDGE_CURVE('',#3572,#5278,#7230,.T.);
#7230 = LINE('',#7231,#7232);
#7231 = CARTESIAN_POINT('',(41.8,-4.1,14.5));
#7232 = VECTOR('',#7233,1.);
#7233 = DIRECTION('',(-0.,1.,0.));
#7234 = ORIENTED_EDGE('',*,*,#3571,.T.);
#7235 = ORIENTED_EDGE('',*,*,#7236,.T.);
#7236 = EDGE_CURVE('',#3574,#5280,#7237,.T.);
#7237 = LINE('',#7238,#7239);
#7238 = CARTESIAN_POINT('',(43.4,-4.1,14.5));
#7239 = VECTOR('',#7240,1.);
#7240 = DIRECTION('',(-0.,1.,0.));
#7241 = ORIENTED_EDGE('',*,*,#5277,.F.);
#7242 = PLANE('',#7243);
#7243 = AXIS2_PLACEMENT_3D('',#7244,#7245,#7246);
#7244 = CARTESIAN_POINT('',(41.8,-4.1,14.5));
#7245 = DIRECTION('',(0.,0.,1.));
#7246 = DIRECTION('',(1.,0.,-0.));
#7247 = ADVANCED_FACE('',(#7248),#7259,.F.);
#7248 = FACE_BOUND('',#7249,.F.);
#7249 = EDGE_LOOP('',(#7250,#7251,#7252,#7258));
#7250 = ORIENTED_EDGE('',*,*,#7236,.F.);
#7251 = ORIENTED_EDGE('',*,*,#3597,.T.);
#7252 = ORIENTED_EDGE('',*,*,#7253,.T.);
#7253 = EDGE_CURVE('',#3590,#5296,#7254,.T.);
#7254 = LINE('',#7255,#7256);
#7255 = CARTESIAN_POINT('',(43.4,-4.1,8.));
#7256 = VECTOR('',#7257,1.);
#7257 = DIRECTION('',(-0.,1.,0.));
#7258 = ORIENTED_EDGE('',*,*,#5303,.F.);
#7259 = PLANE('',#7260);
#7260 = AXIS2_PLACEMENT_3D('',#7261,#7262,#7263);
#7261 = CARTESIAN_POINT('',(43.4,-4.1,8.));
#7262 = DIRECTION('',(1.,0.,-0.));
#7263 = DIRECTION('',(0.,0.,1.));
#7264 = ADVANCED_FACE('',(#7265),#7276,.T.);
#7265 = FACE_BOUND('',#7266,.T.);
#7266 = EDGE_LOOP('',(#7267,#7273,#7274,#7275));
#7267 = ORIENTED_EDGE('',*,*,#7268,.F.);
#7268 = EDGE_CURVE('',#3582,#5288,#7269,.T.);
#7269 = LINE('',#7270,#7271);
#7270 = CARTESIAN_POINT('',(41.8,-4.1,8.));
#7271 = VECTOR('',#7272,1.);
#7272 = DIRECTION('',(-0.,1.,0.));
#7273 = ORIENTED_EDGE('',*,*,#3589,.T.);
#7274 = ORIENTED_EDGE('',*,*,#7253,.T.);
#7275 = ORIENTED_EDGE('',*,*,#5295,.F.);
#7276 = PLANE('',#7277);
#7277 = AXIS2_PLACEMENT_3D('',#7278,#7279,#7280);
#7278 = CARTESIAN_POINT('',(41.8,-4.1,8.));
#7279 = DIRECTION('',(0.,0.,1.));
#7280 = DIRECTION('',(1.,0.,-0.));
#7281 = ADVANCED_FACE('',(#7282),#7288,.T.);
#7282 = FACE_BOUND('',#7283,.T.);
#7283 = EDGE_LOOP('',(#7284,#7285,#7286,#7287));
#7284 = ORIENTED_EDGE('',*,*,#7229,.F.);
#7285 = ORIENTED_EDGE('',*,*,#3581,.T.);
#7286 = ORIENTED_EDGE('',*,*,#7268,.T.);
#7287 = ORIENTED_EDGE('',*,*,#5287,.F.);
#7288 = PLANE('',#7289);
#7289 = AXIS2_PLACEMENT_3D('',#7290,#7291,#7292);
#7290 = CARTESIAN_POINT('',(41.8,-4.1,8.));
#7291 = DIRECTION('',(1.,0.,-0.));
#7292 = DIRECTION('',(0.,0.,1.));
#7293 = ADVANCED_FACE('',(#7294),#7305,.F.);
#7294 = FACE_BOUND('',#7295,.T.);
#7295 = EDGE_LOOP('',(#7296,#7297,#7298,#7304));
#7296 = ORIENTED_EDGE('',*,*,#4155,.F.);
#7297 = ORIENTED_EDGE('',*,*,#4187,.T.);
#7298 = ORIENTED_EDGE('',*,*,#7299,.T.);
#7299 = EDGE_CURVE('',#4180,#3670,#7300,.T.);
#7300 = LINE('',#7301,#7302);
#7301 = CARTESIAN_POINT('',(84.,65.1,-5.6));
#7302 = VECTOR('',#7303,1.);
#7303 = DIRECTION('',(-0.,-0.707106781187,-0.707106781187));
#7304 = ORIENTED_EDGE('',*,*,#3678,.F.);
#7305 = PLANE('',#7306);
#7306 = AXIS2_PLACEMENT_3D('',#7307,#7308,#7309);
#7307 = CARTESIAN_POINT('',(1.,65.1,-5.6));
#7308 = DIRECTION('',(6.983161618628E-18,-0.707106781187,0.707106781187)
  );
#7309 = DIRECTION('',(-1.,-4.937840934654E-18,4.937840934654E-18));
#7310 = ADVANCED_FACE('',(#7311),#7322,.T.);
#7311 = FACE_BOUND('',#7312,.T.);
#7312 = EDGE_LOOP('',(#7313,#7319,#7320,#7321));
#7313 = ORIENTED_EDGE('',*,*,#7314,.F.);
#7314 = EDGE_CURVE('',#4229,#3653,#7315,.T.);
#7315 = LINE('',#7316,#7317);
#7316 = CARTESIAN_POINT('',(87.6,0.,-5.6));
#7317 = VECTOR('',#7318,1.);
#7318 = DIRECTION('',(-0.707106781187,-0.,-0.707106781187));
#7319 = ORIENTED_EDGE('',*,*,#4238,.T.);
#7320 = ORIENTED_EDGE('',*,*,#5874,.T.);
#7321 = ORIENTED_EDGE('',*,*,#3652,.F.);
#7322 = CONICAL_SURFACE('',#7323,4.,0.785398163397);
#7323 = AXIS2_PLACEMENT_3D('',#7324,#7325,#7326);
#7324 = CARTESIAN_POINT('',(84.,-8.881784197001E-16,-5.2));
#7325 = DIRECTION('',(0.,0.,1.));
#7326 = DIRECTION('',(1.,1.836970198721E-16,-0.));
#7327 = ADVANCED_FACE('',(#7328),#7339,.T.);
#7328 = FACE_BOUND('',#7329,.T.);
#7329 = EDGE_LOOP('',(#7330,#7331,#7332,#7338));
#7330 = ORIENTED_EDGE('',*,*,#7299,.F.);
#7331 = ORIENTED_EDGE('',*,*,#4271,.T.);
#7332 = ORIENTED_EDGE('',*,*,#7333,.T.);
#7333 = EDGE_CURVE('',#4262,#3662,#7334,.T.);
#7334 = LINE('',#7335,#7336);
#7335 = CARTESIAN_POINT('',(88.,61.5,-5.2));
#7336 = VECTOR('',#7337,1.);
#7337 = DIRECTION('',(-0.707106781187,-4.329780281177E-17,
    -0.707106781187));
#7338 = ORIENTED_EDGE('',*,*,#3669,.F.);
#7339 = CONICAL_SURFACE('',#7340,4.,0.785398163397);
#7340 = AXIS2_PLACEMENT_3D('',#7341,#7342,#7343);
#7341 = CARTESIAN_POINT('',(84.,61.5,-5.2));
#7342 = DIRECTION('',(0.,0.,1.));
#7343 = DIRECTION('',(0.,1.,0.));
#7344 = ADVANCED_FACE('',(#7345),#7351,.F.);
#7345 = FACE_BOUND('',#7346,.T.);
#7346 = EDGE_LOOP('',(#7347,#7348,#7349,#7350));
#7347 = ORIENTED_EDGE('',*,*,#7333,.F.);
#7348 = ORIENTED_EDGE('',*,*,#4295,.T.);
#7349 = ORIENTED_EDGE('',*,*,#7314,.T.);
#7350 = ORIENTED_EDGE('',*,*,#3661,.F.);
#7351 = PLANE('',#7352);
#7352 = AXIS2_PLACEMENT_3D('',#7353,#7354,#7355);
#7353 = CARTESIAN_POINT('',(87.6,61.5,-5.6));
#7354 = DIRECTION('',(-0.707106781187,-6.983161618628E-18,0.707106781187
    ));
#7355 = DIRECTION('',(-4.937840934654E-18,1.,4.937840934654E-18));
#7356 = ADVANCED_FACE('',(#7357),#7462,.F.);
#7357 = FACE_BOUND('',#7358,.F.);
#7358 = EDGE_LOOP('',(#7359,#7367,#7376,#7384,#7393,#7402,#7410,#7419,
    #7427,#7436,#7445,#7453,#7460,#7461));
#7359 = ORIENTED_EDGE('',*,*,#7360,.T.);
#7360 = EDGE_CURVE('',#3696,#7361,#7363,.T.);
#7361 = VERTEX_POINT('',#7362);
#7362 = CARTESIAN_POINT('',(6.1,3.5,-3.3));
#7363 = LINE('',#7364,#7365);
#7364 = CARTESIAN_POINT('',(6.1,3.5,-6.1));
#7365 = VECTOR('',#7366,1.);
#7366 = DIRECTION('',(0.,0.,1.));
#7367 = ORIENTED_EDGE('',*,*,#7368,.F.);
#7368 = EDGE_CURVE('',#7369,#7361,#7371,.T.);
#7369 = VERTEX_POINT('',#7370);
#7370 = CARTESIAN_POINT('',(4.95,1.341875814509,-3.3));
#7371 = CIRCLE('',#7372,2.6);
#7372 = AXIS2_PLACEMENT_3D('',#7373,#7374,#7375);
#7373 = CARTESIAN_POINT('',(3.5,3.5,-3.3));
#7374 = DIRECTION('',(0.,0.,1.));
#7375 = DIRECTION('',(1.,0.,-0.));
#7376 = ORIENTED_EDGE('',*,*,#7377,.F.);
#7377 = EDGE_CURVE('',#7378,#7369,#7380,.T.);
#7378 = VERTEX_POINT('',#7379);
#7379 = CARTESIAN_POINT('',(4.95,1.341875814509,-3.31));
#7380 = LINE('',#7381,#7382);
#7381 = CARTESIAN_POINT('',(4.95,1.341875814509,-6.1));
#7382 = VECTOR('',#7383,1.);
#7383 = DIRECTION('',(0.,0.,1.));
#7384 = ORIENTED_EDGE('',*,*,#7385,.F.);
#7385 = EDGE_CURVE('',#7386,#7378,#7388,.T.);
#7386 = VERTEX_POINT('',#7387);
#7387 = CARTESIAN_POINT('',(3.5,0.9,-3.31));
#7388 = CIRCLE('',#7389,2.6);
#7389 = AXIS2_PLACEMENT_3D('',#7390,#7391,#7392);
#7390 = CARTESIAN_POINT('',(3.5,3.5,-3.31));
#7391 = DIRECTION('',(0.,0.,1.));
#7392 = DIRECTION('',(1.,0.,-0.));
#7393 = ORIENTED_EDGE('',*,*,#7394,.F.);
#7394 = EDGE_CURVE('',#7395,#7386,#7397,.T.);
#7395 = VERTEX_POINT('',#7396);
#7396 = CARTESIAN_POINT('',(2.05,1.341875814509,-3.31));
#7397 = CIRCLE('',#7398,2.6);
#7398 = AXIS2_PLACEMENT_3D('',#7399,#7400,#7401);
#7399 = CARTESIAN_POINT('',(3.5,3.5,-3.31));
#7400 = DIRECTION('',(0.,0.,1.));
#7401 = DIRECTION('',(1.,0.,-0.));
#7402 = ORIENTED_EDGE('',*,*,#7403,.T.);
#7403 = EDGE_CURVE('',#7395,#7404,#7406,.T.);
#7404 = VERTEX_POINT('',#7405);
#7405 = CARTESIAN_POINT('',(2.05,1.341875814509,-3.3));
#7406 = LINE('',#7407,#7408);
#7407 = CARTESIAN_POINT('',(2.05,1.341875814509,-6.1));
#7408 = VECTOR('',#7409,1.);
#7409 = DIRECTION('',(0.,0.,1.));
#7410 = ORIENTED_EDGE('',*,*,#7411,.F.);
#7411 = EDGE_CURVE('',#7412,#7404,#7414,.T.);
#7412 = VERTEX_POINT('',#7413);
#7413 = CARTESIAN_POINT('',(2.05,5.658124185491,-3.3));
#7414 = CIRCLE('',#7415,2.6);
#7415 = AXIS2_PLACEMENT_3D('',#7416,#7417,#7418);
#7416 = CARTESIAN_POINT('',(3.5,3.5,-3.3));
#7417 = DIRECTION('',(0.,0.,1.));
#7418 = DIRECTION('',(1.,0.,-0.));
#7419 = ORIENTED_EDGE('',*,*,#7420,.F.);
#7420 = EDGE_CURVE('',#7421,#7412,#7423,.T.);
#7421 = VERTEX_POINT('',#7422);
#7422 = CARTESIAN_POINT('',(2.05,5.658124185491,-3.31));
#7423 = LINE('',#7424,#7425);
#7424 = CARTESIAN_POINT('',(2.05,5.658124185491,-6.1));
#7425 = VECTOR('',#7426,1.);
#7426 = DIRECTION('',(0.,0.,1.));
#7427 = ORIENTED_EDGE('',*,*,#7428,.F.);
#7428 = EDGE_CURVE('',#7429,#7421,#7431,.T.);
#7429 = VERTEX_POINT('',#7430);
#7430 = CARTESIAN_POINT('',(3.5,6.1,-3.31));
#7431 = CIRCLE('',#7432,2.6);
#7432 = AXIS2_PLACEMENT_3D('',#7433,#7434,#7435);
#7433 = CARTESIAN_POINT('',(3.5,3.5,-3.31));
#7434 = DIRECTION('',(0.,0.,1.));
#7435 = DIRECTION('',(1.,0.,-0.));
#7436 = ORIENTED_EDGE('',*,*,#7437,.F.);
#7437 = EDGE_CURVE('',#7438,#7429,#7440,.T.);
#7438 = VERTEX_POINT('',#7439);
#7439 = CARTESIAN_POINT('',(4.95,5.658124185491,-3.31));
#7440 = CIRCLE('',#7441,2.6);
#7441 = AXIS2_PLACEMENT_3D('',#7442,#7443,#7444);
#7442 = CARTESIAN_POINT('',(3.5,3.5,-3.31));
#7443 = DIRECTION('',(0.,0.,1.));
#7444 = DIRECTION('',(1.,0.,-0.));
#7445 = ORIENTED_EDGE('',*,*,#7446,.T.);
#7446 = EDGE_CURVE('',#7438,#7447,#7449,.T.);
#7447 = VERTEX_POINT('',#7448);
#7448 = CARTESIAN_POINT('',(4.95,5.658124185491,-3.3));
#7449 = LINE('',#7450,#7451);
#7450 = CARTESIAN_POINT('',(4.95,5.658124185491,-6.1));
#7451 = VECTOR('',#7452,1.);
#7452 = DIRECTION('',(0.,0.,1.));
#7453 = ORIENTED_EDGE('',*,*,#7454,.F.);
#7454 = EDGE_CURVE('',#7361,#7447,#7455,.T.);
#7455 = CIRCLE('',#7456,2.6);
#7456 = AXIS2_PLACEMENT_3D('',#7457,#7458,#7459);
#7457 = CARTESIAN_POINT('',(3.5,3.5,-3.3));
#7458 = DIRECTION('',(0.,0.,1.));
#7459 = DIRECTION('',(1.,0.,-0.));
#7460 = ORIENTED_EDGE('',*,*,#7360,.F.);
#7461 = ORIENTED_EDGE('',*,*,#3695,.T.);
#7462 = CYLINDRICAL_SURFACE('',#7463,2.6);
#7463 = AXIS2_PLACEMENT_3D('',#7464,#7465,#7466);
#7464 = CARTESIAN_POINT('',(3.5,3.5,-6.1));
#7465 = DIRECTION('',(0.,0.,1.));
#7466 = DIRECTION('',(1.,0.,-0.));
#7467 = ADVANCED_FACE('',(#7468),#7573,.F.);
#7468 = FACE_BOUND('',#7469,.F.);
#7469 = EDGE_LOOP('',(#7470,#7478,#7487,#7495,#7504,#7513,#7521,#7530,
    #7538,#7547,#7556,#7564,#7571,#7572));
#7470 = ORIENTED_EDGE('',*,*,#7471,.T.);
#7471 = EDGE_CURVE('',#3707,#7472,#7474,.T.);
#7472 = VERTEX_POINT('',#7473);
#7473 = CARTESIAN_POINT('',(64.1,3.5,-3.3));
#7474 = LINE('',#7475,#7476);
#7475 = CARTESIAN_POINT('',(64.1,3.5,-6.1));
#7476 = VECTOR('',#7477,1.);
#7477 = DIRECTION('',(0.,0.,1.));
#7478 = ORIENTED_EDGE('',*,*,#7479,.F.);
#7479 = EDGE_CURVE('',#7480,#7472,#7482,.T.);
#7480 = VERTEX_POINT('',#7481);
#7481 = CARTESIAN_POINT('',(62.95,1.341875814509,-3.3));
#7482 = CIRCLE('',#7483,2.6);
#7483 = AXIS2_PLACEMENT_3D('',#7484,#7485,#7486);
#7484 = CARTESIAN_POINT('',(61.5,3.5,-3.3));
#7485 = DIRECTION('',(0.,0.,1.));
#7486 = DIRECTION('',(1.,0.,-0.));
#7487 = ORIENTED_EDGE('',*,*,#7488,.F.);
#7488 = EDGE_CURVE('',#7489,#7480,#7491,.T.);
#7489 = VERTEX_POINT('',#7490);
#7490 = CARTESIAN_POINT('',(62.95,1.341875814509,-3.31));
#7491 = LINE('',#7492,#7493);
#7492 = CARTESIAN_POINT('',(62.95,1.341875814509,-6.1));
#7493 = VECTOR('',#7494,1.);
#7494 = DIRECTION('',(0.,0.,1.));
#7495 = ORIENTED_EDGE('',*,*,#7496,.F.);
#7496 = EDGE_CURVE('',#7497,#7489,#7499,.T.);
#7497 = VERTEX_POINT('',#7498);
#7498 = CARTESIAN_POINT('',(61.5,0.9,-3.31));
#7499 = CIRCLE('',#7500,2.6);
#7500 = AXIS2_PLACEMENT_3D('',#7501,#7502,#7503);
#7501 = CARTESIAN_POINT('',(61.5,3.5,-3.31));
#7502 = DIRECTION('',(0.,0.,1.));
#7503 = DIRECTION('',(1.,0.,-0.));
#7504 = ORIENTED_EDGE('',*,*,#7505,.F.);
#7505 = EDGE_CURVE('',#7506,#7497,#7508,.T.);
#7506 = VERTEX_POINT('',#7507);
#7507 = CARTESIAN_POINT('',(60.05,1.341875814509,-3.31));
#7508 = CIRCLE('',#7509,2.6);
#7509 = AXIS2_PLACEMENT_3D('',#7510,#7511,#7512);
#7510 = CARTESIAN_POINT('',(61.5,3.5,-3.31));
#7511 = DIRECTION('',(0.,0.,1.));
#7512 = DIRECTION('',(1.,0.,-0.));
#7513 = ORIENTED_EDGE('',*,*,#7514,.T.);
#7514 = EDGE_CURVE('',#7506,#7515,#7517,.T.);
#7515 = VERTEX_POINT('',#7516);
#7516 = CARTESIAN_POINT('',(60.05,1.341875814509,-3.3));
#7517 = LINE('',#7518,#7519);
#7518 = CARTESIAN_POINT('',(60.05,1.341875814509,-6.1));
#7519 = VECTOR('',#7520,1.);
#7520 = DIRECTION('',(0.,0.,1.));
#7521 = ORIENTED_EDGE('',*,*,#7522,.F.);
#7522 = EDGE_CURVE('',#7523,#7515,#7525,.T.);
#7523 = VERTEX_POINT('',#7524);
#7524 = CARTESIAN_POINT('',(60.05,5.658124185491,-3.3));
#7525 = CIRCLE('',#7526,2.6);
#7526 = AXIS2_PLACEMENT_3D('',#7527,#7528,#7529);
#7527 = CARTESIAN_POINT('',(61.5,3.5,-3.3));
#7528 = DIRECTION('',(0.,0.,1.));
#7529 = DIRECTION('',(1.,0.,-0.));
#7530 = ORIENTED_EDGE('',*,*,#7531,.F.);
#7531 = EDGE_CURVE('',#7532,#7523,#7534,.T.);
#7532 = VERTEX_POINT('',#7533);
#7533 = CARTESIAN_POINT('',(60.05,5.658124185491,-3.31));
#7534 = LINE('',#7535,#7536);
#7535 = CARTESIAN_POINT('',(60.05,5.658124185491,-6.1));
#7536 = VECTOR('',#7537,1.);
#7537 = DIRECTION('',(0.,0.,1.));
#7538 = ORIENTED_EDGE('',*,*,#7539,.F.);
#7539 = EDGE_CURVE('',#7540,#7532,#7542,.T.);
#7540 = VERTEX_POINT('',#7541);
#7541 = CARTESIAN_POINT('',(61.5,6.1,-3.31));
#7542 = CIRCLE('',#7543,2.6);
#7543 = AXIS2_PLACEMENT_3D('',#7544,#7545,#7546);
#7544 = CARTESIAN_POINT('',(61.5,3.5,-3.31));
#7545 = DIRECTION('',(0.,0.,1.));
#7546 = DIRECTION('',(1.,0.,-0.));
#7547 = ORIENTED_EDGE('',*,*,#7548,.F.);
#7548 = EDGE_CURVE('',#7549,#7540,#7551,.T.);
#7549 = VERTEX_POINT('',#7550);
#7550 = CARTESIAN_POINT('',(62.95,5.658124185491,-3.31));
#7551 = CIRCLE('',#7552,2.6);
#7552 = AXIS2_PLACEMENT_3D('',#7553,#7554,#7555);
#7553 = CARTESIAN_POINT('',(61.5,3.5,-3.31));
#7554 = DIRECTION('',(0.,0.,1.));
#7555 = DIRECTION('',(1.,0.,-0.));
#7556 = ORIENTED_EDGE('',*,*,#7557,.T.);
#7557 = EDGE_CURVE('',#7549,#7558,#7560,.T.);
#7558 = VERTEX_POINT('',#7559);
#7559 = CARTESIAN_POINT('',(62.95,5.658124185491,-3.3));
#7560 = LINE('',#7561,#7562);
#7561 = CARTESIAN_POINT('',(62.95,5.658124185491,-6.1));
#7562 = VECTOR('',#7563,1.);
#7563 = DIRECTION('',(0.,0.,1.));
#7564 = ORIENTED_EDGE('',*,*,#7565,.F.);
#7565 = EDGE_CURVE('',#7472,#7558,#7566,.T.);
#7566 = CIRCLE('',#7567,2.6);
#7567 = AXIS2_PLACEMENT_3D('',#7568,#7569,#7570);
#7568 = CARTESIAN_POINT('',(61.5,3.5,-3.3));
#7569 = DIRECTION('',(0.,0.,1.));
#7570 = DIRECTION('',(1.,0.,-0.));
#7571 = ORIENTED_EDGE('',*,*,#7471,.F.);
#7572 = ORIENTED_EDGE('',*,*,#3706,.T.);
#7573 = CYLINDRICAL_SURFACE('',#7574,2.6);
#7574 = AXIS2_PLACEMENT_3D('',#7575,#7576,#7577);
#7575 = CARTESIAN_POINT('',(61.5,3.5,-6.1));
#7576 = DIRECTION('',(0.,0.,1.));
#7577 = DIRECTION('',(1.,0.,-0.));
#7578 = ADVANCED_FACE('',(#7579),#7604,.T.);
#7579 = FACE_BOUND('',#7580,.T.);
#7580 = EDGE_LOOP('',(#7581,#7589,#7590,#7598));
#7581 = ORIENTED_EDGE('',*,*,#7582,.F.);
#7582 = EDGE_CURVE('',#3718,#7583,#7585,.T.);
#7583 = VERTEX_POINT('',#7584);
#7584 = CARTESIAN_POINT('',(14.,13.,-4.));
#7585 = LINE('',#7586,#7587);
#7586 = CARTESIAN_POINT('',(14.,13.,-6.1));
#7587 = VECTOR('',#7588,1.);
#7588 = DIRECTION('',(0.,0.,1.));
#7589 = ORIENTED_EDGE('',*,*,#3717,.T.);
#7590 = ORIENTED_EDGE('',*,*,#7591,.T.);
#7591 = EDGE_CURVE('',#3720,#7592,#7594,.T.);
#7592 = VERTEX_POINT('',#7593);
#7593 = CARTESIAN_POINT('',(12.,13.,-4.));
#7594 = LINE('',#7595,#7596);
#7595 = CARTESIAN_POINT('',(12.,13.,-6.1));
#7596 = VECTOR('',#7597,1.);
#7597 = DIRECTION('',(0.,0.,1.));
#7598 = ORIENTED_EDGE('',*,*,#7599,.F.);
#7599 = EDGE_CURVE('',#7583,#7592,#7600,.T.);
#7600 = LINE('',#7601,#7602);
#7601 = CARTESIAN_POINT('',(5.5,13.,-4.));
#7602 = VECTOR('',#7603,1.);
#7603 = DIRECTION('',(-1.,-0.,0.));
#7604 = PLANE('',#7605);
#7605 = AXIS2_PLACEMENT_3D('',#7606,#7607,#7608);
#7606 = CARTESIAN_POINT('',(12.,13.,-6.1));
#7607 = DIRECTION('',(-0.,1.,0.));
#7608 = DIRECTION('',(0.,0.,1.));
#7609 = ADVANCED_FACE('',(#7610),#7628,.F.);
#7610 = FACE_BOUND('',#7611,.F.);
#7611 = EDGE_LOOP('',(#7612,#7613,#7614,#7622));
#7612 = ORIENTED_EDGE('',*,*,#7582,.F.);
#7613 = ORIENTED_EDGE('',*,*,#3743,.T.);
#7614 = ORIENTED_EDGE('',*,*,#7615,.T.);
#7615 = EDGE_CURVE('',#3736,#7616,#7618,.T.);
#7616 = VERTEX_POINT('',#7617);
#7617 = CARTESIAN_POINT('',(14.,43.,-4.));
#7618 = LINE('',#7619,#7620);
#7619 = CARTESIAN_POINT('',(14.,43.,-6.1));
#7620 = VECTOR('',#7621,1.);
#7621 = DIRECTION('',(0.,0.,1.));
#7622 = ORIENTED_EDGE('',*,*,#7623,.F.);
#7623 = EDGE_CURVE('',#7583,#7616,#7624,.T.);
#7624 = LINE('',#7625,#7626);
#7625 = CARTESIAN_POINT('',(14.,5.5,-4.));
#7626 = VECTOR('',#7627,1.);
#7627 = DIRECTION('',(-0.,1.,0.));
#7628 = PLANE('',#7629);
#7629 = AXIS2_PLACEMENT_3D('',#7630,#7631,#7632);
#7630 = CARTESIAN_POINT('',(14.,13.,-6.1));
#7631 = DIRECTION('',(1.,0.,-0.));
#7632 = DIRECTION('',(0.,0.,1.));
#7633 = ADVANCED_FACE('',(#7634),#7652,.F.);
#7634 = FACE_BOUND('',#7635,.F.);
#7635 = EDGE_LOOP('',(#7636,#7637,#7638,#7646));
#7636 = ORIENTED_EDGE('',*,*,#7615,.F.);
#7637 = ORIENTED_EDGE('',*,*,#3735,.T.);
#7638 = ORIENTED_EDGE('',*,*,#7639,.T.);
#7639 = EDGE_CURVE('',#3728,#7640,#7642,.T.);
#7640 = VERTEX_POINT('',#7641);
#7641 = CARTESIAN_POINT('',(12.,43.,-4.));
#7642 = LINE('',#7643,#7644);
#7643 = CARTESIAN_POINT('',(12.,43.,-6.1));
#7644 = VECTOR('',#7645,1.);
#7645 = DIRECTION('',(0.,0.,1.));
#7646 = ORIENTED_EDGE('',*,*,#7647,.F.);
#7647 = EDGE_CURVE('',#7616,#7640,#7648,.T.);
#7648 = LINE('',#7649,#7650);
#7649 = CARTESIAN_POINT('',(5.5,43.,-4.));
#7650 = VECTOR('',#7651,1.);
#7651 = DIRECTION('',(-1.,-0.,0.));
#7652 = PLANE('',#7653);
#7653 = AXIS2_PLACEMENT_3D('',#7654,#7655,#7656);
#7654 = CARTESIAN_POINT('',(12.,43.,-6.1));
#7655 = DIRECTION('',(-0.,1.,0.));
#7656 = DIRECTION('',(0.,0.,1.));
#7657 = ADVANCED_FACE('',(#7658),#7669,.T.);
#7658 = FACE_BOUND('',#7659,.T.);
#7659 = EDGE_LOOP('',(#7660,#7661,#7662,#7663));
#7660 = ORIENTED_EDGE('',*,*,#7591,.F.);
#7661 = ORIENTED_EDGE('',*,*,#3727,.T.);
#7662 = ORIENTED_EDGE('',*,*,#7639,.T.);
#7663 = ORIENTED_EDGE('',*,*,#7664,.F.);
#7664 = EDGE_CURVE('',#7592,#7640,#7665,.T.);
#7665 = LINE('',#7666,#7667);
#7666 = CARTESIAN_POINT('',(12.,5.5,-4.));
#7667 = VECTOR('',#7668,1.);
#7668 = DIRECTION('',(-0.,1.,0.));
#7669 = PLANE('',#7670);
#7670 = AXIS2_PLACEMENT_3D('',#7671,#7672,#7673);
#7671 = CARTESIAN_POINT('',(12.,13.,-6.1));
#7672 = DIRECTION('',(1.,0.,-0.));
#7673 = DIRECTION('',(0.,0.,1.));
#7674 = ADVANCED_FACE('',(#7675),#7700,.T.);
#7675 = FACE_BOUND('',#7676,.T.);
#7676 = EDGE_LOOP('',(#7677,#7685,#7686,#7694));
#7677 = ORIENTED_EDGE('',*,*,#7678,.F.);
#7678 = EDGE_CURVE('',#3752,#7679,#7681,.T.);
#7679 = VERTEX_POINT('',#7680);
#7680 = CARTESIAN_POINT('',(18.,13.,-4.));
#7681 = LINE('',#7682,#7683);
#7682 = CARTESIAN_POINT('',(18.,13.,-6.1));
#7683 = VECTOR('',#7684,1.);
#7684 = DIRECTION('',(0.,0.,1.));
#7685 = ORIENTED_EDGE('',*,*,#3751,.T.);
#7686 = ORIENTED_EDGE('',*,*,#7687,.T.);
#7687 = EDGE_CURVE('',#3754,#7688,#7690,.T.);
#7688 = VERTEX_POINT('',#7689);
#7689 = CARTESIAN_POINT('',(16.,13.,-4.));
#7690 = LINE('',#7691,#7692);
#7691 = CARTESIAN_POINT('',(16.,13.,-6.1));
#7692 = VECTOR('',#7693,1.);
#7693 = DIRECTION('',(0.,0.,1.));
#7694 = ORIENTED_EDGE('',*,*,#7695,.F.);
#7695 = EDGE_CURVE('',#7679,#7688,#7696,.T.);
#7696 = LINE('',#7697,#7698);
#7697 = CARTESIAN_POINT('',(7.5,13.,-4.));
#7698 = VECTOR('',#7699,1.);
#7699 = DIRECTION('',(-1.,-0.,0.));
#7700 = PLANE('',#7701);
#7701 = AXIS2_PLACEMENT_3D('',#7702,#7703,#7704);
#7702 = CARTESIAN_POINT('',(16.,13.,-6.1));
#7703 = DIRECTION('',(-0.,1.,0.));
#7704 = DIRECTION('',(0.,0.,1.));
#7705 = ADVANCED_FACE('',(#7706),#7724,.F.);
#7706 = FACE_BOUND('',#7707,.F.);
#7707 = EDGE_LOOP('',(#7708,#7709,#7710,#7718));
#7708 = ORIENTED_EDGE('',*,*,#7678,.F.);
#7709 = ORIENTED_EDGE('',*,*,#3777,.T.);
#7710 = ORIENTED_EDGE('',*,*,#7711,.T.);
#7711 = EDGE_CURVE('',#3770,#7712,#7714,.T.);
#7712 = VERTEX_POINT('',#7713);
#7713 = CARTESIAN_POINT('',(18.,43.,-4.));
#7714 = LINE('',#7715,#7716);
#7715 = CARTESIAN_POINT('',(18.,43.,-6.1));
#7716 = VECTOR('',#7717,1.);
#7717 = DIRECTION('',(0.,0.,1.));
#7718 = ORIENTED_EDGE('',*,*,#7719,.F.);
#7719 = EDGE_CURVE('',#7679,#7712,#7720,.T.);
#7720 = LINE('',#7721,#7722);
#7721 = CARTESIAN_POINT('',(18.,5.5,-4.));
#7722 = VECTOR('',#7723,1.);
#7723 = DIRECTION('',(-0.,1.,0.));
#7724 = PLANE('',#7725);
#7725 = AXIS2_PLACEMENT_3D('',#7726,#7727,#7728);
#7726 = CARTESIAN_POINT('',(18.,13.,-6.1));
#7727 = DIRECTION('',(1.,0.,-0.));
#7728 = DIRECTION('',(0.,0.,1.));
#7729 = ADVANCED_FACE('',(#7730),#7748,.F.);
#7730 = FACE_BOUND('',#7731,.F.);
#7731 = EDGE_LOOP('',(#7732,#7733,#7734,#7742));
#7732 = ORIENTED_EDGE('',*,*,#7711,.F.);
#7733 = ORIENTED_EDGE('',*,*,#3769,.T.);
#7734 = ORIENTED_EDGE('',*,*,#7735,.T.);
#7735 = EDGE_CURVE('',#3762,#7736,#7738,.T.);
#7736 = VERTEX_POINT('',#7737);
#7737 = CARTESIAN_POINT('',(16.,43.,-4.));
#7738 = LINE('',#7739,#7740);
#7739 = CARTESIAN_POINT('',(16.,43.,-6.1));
#7740 = VECTOR('',#7741,1.);
#7741 = DIRECTION('',(0.,0.,1.));
#7742 = ORIENTED_EDGE('',*,*,#7743,.F.);
#7743 = EDGE_CURVE('',#7712,#7736,#7744,.T.);
#7744 = LINE('',#7745,#7746);
#7745 = CARTESIAN_POINT('',(7.5,43.,-4.));
#7746 = VECTOR('',#7747,1.);
#7747 = DIRECTION('',(-1.,-0.,0.));
#7748 = PLANE('',#7749);
#7749 = AXIS2_PLACEMENT_3D('',#7750,#7751,#7752);
#7750 = CARTESIAN_POINT('',(16.,43.,-6.1));
#7751 = DIRECTION('',(-0.,1.,0.));
#7752 = DIRECTION('',(0.,0.,1.));
#7753 = ADVANCED_FACE('',(#7754),#7765,.T.);
#7754 = FACE_BOUND('',#7755,.T.);
#7755 = EDGE_LOOP('',(#7756,#7757,#7758,#7759));
#7756 = ORIENTED_EDGE('',*,*,#7687,.F.);
#7757 = ORIENTED_EDGE('',*,*,#3761,.T.);
#7758 = ORIENTED_EDGE('',*,*,#7735,.T.);
#7759 = ORIENTED_EDGE('',*,*,#7760,.F.);
#7760 = EDGE_CURVE('',#7688,#7736,#7761,.T.);
#7761 = LINE('',#7762,#7763);
#7762 = CARTESIAN_POINT('',(16.,5.5,-4.));
#7763 = VECTOR('',#7764,1.);
#7764 = DIRECTION('',(-0.,1.,0.));
#7765 = PLANE('',#7766);
#7766 = AXIS2_PLACEMENT_3D('',#7767,#7768,#7769);
#7767 = CARTESIAN_POINT('',(16.,13.,-6.1));
#7768 = DIRECTION('',(1.,0.,-0.));
#7769 = DIRECTION('',(0.,0.,1.));
#7770 = ADVANCED_FACE('',(#7771),#7796,.T.);
#7771 = FACE_BOUND('',#7772,.T.);
#7772 = EDGE_LOOP('',(#7773,#7781,#7782,#7790));
#7773 = ORIENTED_EDGE('',*,*,#7774,.F.);
#7774 = EDGE_CURVE('',#3786,#7775,#7777,.T.);
#7775 = VERTEX_POINT('',#7776);
#7776 = CARTESIAN_POINT('',(22.,13.,-4.));
#7777 = LINE('',#7778,#7779);
#7778 = CARTESIAN_POINT('',(22.,13.,-6.1));
#7779 = VECTOR('',#7780,1.);
#7780 = DIRECTION('',(0.,0.,1.));
#7781 = ORIENTED_EDGE('',*,*,#3785,.T.);
#7782 = ORIENTED_EDGE('',*,*,#7783,.T.);
#7783 = EDGE_CURVE('',#3788,#7784,#7786,.T.);
#7784 = VERTEX_POINT('',#7785);
#7785 = CARTESIAN_POINT('',(20.,13.,-4.));
#7786 = LINE('',#7787,#7788);
#7787 = CARTESIAN_POINT('',(20.,13.,-6.1));
#7788 = VECTOR('',#7789,1.);
#7789 = DIRECTION('',(0.,0.,1.));
#7790 = ORIENTED_EDGE('',*,*,#7791,.F.);
#7791 = EDGE_CURVE('',#7775,#7784,#7792,.T.);
#7792 = LINE('',#7793,#7794);
#7793 = CARTESIAN_POINT('',(9.5,13.,-4.));
#7794 = VECTOR('',#7795,1.);
#7795 = DIRECTION('',(-1.,-0.,0.));
#7796 = PLANE('',#7797);
#7797 = AXIS2_PLACEMENT_3D('',#7798,#7799,#7800);
#7798 = CARTESIAN_POINT('',(20.,13.,-6.1));
#7799 = DIRECTION('',(-0.,1.,0.));
#7800 = DIRECTION('',(0.,0.,1.));
#7801 = ADVANCED_FACE('',(#7802),#7820,.F.);
#7802 = FACE_BOUND('',#7803,.F.);
#7803 = EDGE_LOOP('',(#7804,#7805,#7806,#7814));
#7804 = ORIENTED_EDGE('',*,*,#7774,.F.);
#7805 = ORIENTED_EDGE('',*,*,#3811,.T.);
#7806 = ORIENTED_EDGE('',*,*,#7807,.T.);
#7807 = EDGE_CURVE('',#3804,#7808,#7810,.T.);
#7808 = VERTEX_POINT('',#7809);
#7809 = CARTESIAN_POINT('',(22.,43.,-4.));
#7810 = LINE('',#7811,#7812);
#7811 = CARTESIAN_POINT('',(22.,43.,-6.1));
#7812 = VECTOR('',#7813,1.);
#7813 = DIRECTION('',(0.,0.,1.));
#7814 = ORIENTED_EDGE('',*,*,#7815,.F.);
#7815 = EDGE_CURVE('',#7775,#7808,#7816,.T.);
#7816 = LINE('',#7817,#7818);
#7817 = CARTESIAN_POINT('',(22.,5.5,-4.));
#7818 = VECTOR('',#7819,1.);
#7819 = DIRECTION('',(-0.,1.,0.));
#7820 = PLANE('',#7821);
#7821 = AXIS2_PLACEMENT_3D('',#7822,#7823,#7824);
#7822 = CARTESIAN_POINT('',(22.,13.,-6.1));
#7823 = DIRECTION('',(1.,0.,-0.));
#7824 = DIRECTION('',(0.,0.,1.));
#7825 = ADVANCED_FACE('',(#7826),#7844,.F.);
#7826 = FACE_BOUND('',#7827,.F.);
#7827 = EDGE_LOOP('',(#7828,#7829,#7830,#7838));
#7828 = ORIENTED_EDGE('',*,*,#7807,.F.);
#7829 = ORIENTED_EDGE('',*,*,#3803,.T.);
#7830 = ORIENTED_EDGE('',*,*,#7831,.T.);
#7831 = EDGE_CURVE('',#3796,#7832,#7834,.T.);
#7832 = VERTEX_POINT('',#7833);
#7833 = CARTESIAN_POINT('',(20.,43.,-4.));
#7834 = LINE('',#7835,#7836);
#7835 = CARTESIAN_POINT('',(20.,43.,-6.1));
#7836 = VECTOR('',#7837,1.);
#7837 = DIRECTION('',(0.,0.,1.));
#7838 = ORIENTED_EDGE('',*,*,#7839,.F.);
#7839 = EDGE_CURVE('',#7808,#7832,#7840,.T.);
#7840 = LINE('',#7841,#7842);
#7841 = CARTESIAN_POINT('',(9.5,43.,-4.));
#7842 = VECTOR('',#7843,1.);
#7843 = DIRECTION('',(-1.,-0.,0.));
#7844 = PLANE('',#7845);
#7845 = AXIS2_PLACEMENT_3D('',#7846,#7847,#7848);
#7846 = CARTESIAN_POINT('',(20.,43.,-6.1));
#7847 = DIRECTION('',(-0.,1.,0.));
#7848 = DIRECTION('',(0.,0.,1.));
#7849 = ADVANCED_FACE('',(#7850),#7861,.T.);
#7850 = FACE_BOUND('',#7851,.T.);
#7851 = EDGE_LOOP('',(#7852,#7853,#7854,#7855));
#7852 = ORIENTED_EDGE('',*,*,#7783,.F.);
#7853 = ORIENTED_EDGE('',*,*,#3795,.T.);
#7854 = ORIENTED_EDGE('',*,*,#7831,.T.);
#7855 = ORIENTED_EDGE('',*,*,#7856,.F.);
#7856 = EDGE_CURVE('',#7784,#7832,#7857,.T.);
#7857 = LINE('',#7858,#7859);
#7858 = CARTESIAN_POINT('',(20.,5.5,-4.));
#7859 = VECTOR('',#7860,1.);
#7860 = DIRECTION('',(-0.,1.,0.));
#7861 = PLANE('',#7862);
#7862 = AXIS2_PLACEMENT_3D('',#7863,#7864,#7865);
#7863 = CARTESIAN_POINT('',(20.,13.,-6.1));
#7864 = DIRECTION('',(1.,0.,-0.));
#7865 = DIRECTION('',(0.,0.,1.));
#7866 = ADVANCED_FACE('',(#7867),#7892,.T.);
#7867 = FACE_BOUND('',#7868,.T.);
#7868 = EDGE_LOOP('',(#7869,#7877,#7878,#7886));
#7869 = ORIENTED_EDGE('',*,*,#7870,.F.);
#7870 = EDGE_CURVE('',#3820,#7871,#7873,.T.);
#7871 = VERTEX_POINT('',#7872);
#7872 = CARTESIAN_POINT('',(26.,13.,-4.));
#7873 = LINE('',#7874,#7875);
#7874 = CARTESIAN_POINT('',(26.,13.,-6.1));
#7875 = VECTOR('',#7876,1.);
#7876 = DIRECTION('',(0.,0.,1.));
#7877 = ORIENTED_EDGE('',*,*,#3819,.T.);
#7878 = ORIENTED_EDGE('',*,*,#7879,.T.);
#7879 = EDGE_CURVE('',#3822,#7880,#7882,.T.);
#7880 = VERTEX_POINT('',#7881);
#7881 = CARTESIAN_POINT('',(24.,13.,-4.));
#7882 = LINE('',#7883,#7884);
#7883 = CARTESIAN_POINT('',(24.,13.,-6.1));
#7884 = VECTOR('',#7885,1.);
#7885 = DIRECTION('',(0.,0.,1.));
#7886 = ORIENTED_EDGE('',*,*,#7887,.F.);
#7887 = EDGE_CURVE('',#7871,#7880,#7888,.T.);
#7888 = LINE('',#7889,#7890);
#7889 = CARTESIAN_POINT('',(11.5,13.,-4.));
#7890 = VECTOR('',#7891,1.);
#7891 = DIRECTION('',(-1.,-0.,0.));
#7892 = PLANE('',#7893);
#7893 = AXIS2_PLACEMENT_3D('',#7894,#7895,#7896);
#7894 = CARTESIAN_POINT('',(24.,13.,-6.1));
#7895 = DIRECTION('',(-0.,1.,0.));
#7896 = DIRECTION('',(0.,0.,1.));
#7897 = ADVANCED_FACE('',(#7898),#7916,.F.);
#7898 = FACE_BOUND('',#7899,.F.);
#7899 = EDGE_LOOP('',(#7900,#7901,#7902,#7910));
#7900 = ORIENTED_EDGE('',*,*,#7870,.F.);
#7901 = ORIENTED_EDGE('',*,*,#3845,.T.);
#7902 = ORIENTED_EDGE('',*,*,#7903,.T.);
#7903 = EDGE_CURVE('',#3838,#7904,#7906,.T.);
#7904 = VERTEX_POINT('',#7905);
#7905 = CARTESIAN_POINT('',(26.,43.,-4.));
#7906 = LINE('',#7907,#7908);
#7907 = CARTESIAN_POINT('',(26.,43.,-6.1));
#7908 = VECTOR('',#7909,1.);
#7909 = DIRECTION('',(0.,0.,1.));
#7910 = ORIENTED_EDGE('',*,*,#7911,.F.);
#7911 = EDGE_CURVE('',#7871,#7904,#7912,.T.);
#7912 = LINE('',#7913,#7914);
#7913 = CARTESIAN_POINT('',(26.,5.5,-4.));
#7914 = VECTOR('',#7915,1.);
#7915 = DIRECTION('',(-0.,1.,0.));
#7916 = PLANE('',#7917);
#7917 = AXIS2_PLACEMENT_3D('',#7918,#7919,#7920);
#7918 = CARTESIAN_POINT('',(26.,13.,-6.1));
#7919 = DIRECTION('',(1.,0.,-0.));
#7920 = DIRECTION('',(0.,0.,1.));
#7921 = ADVANCED_FACE('',(#7922),#7940,.F.);
#7922 = FACE_BOUND('',#7923,.F.);
#7923 = EDGE_LOOP('',(#7924,#7925,#7926,#7934));
#7924 = ORIENTED_EDGE('',*,*,#7903,.F.);
#7925 = ORIENTED_EDGE('',*,*,#3837,.T.);
#7926 = ORIENTED_EDGE('',*,*,#7927,.T.);
#7927 = EDGE_CURVE('',#3830,#7928,#7930,.T.);
#7928 = VERTEX_POINT('',#7929);
#7929 = CARTESIAN_POINT('',(24.,43.,-4.));
#7930 = LINE('',#7931,#7932);
#7931 = CARTESIAN_POINT('',(24.,43.,-6.1));
#7932 = VECTOR('',#7933,1.);
#7933 = DIRECTION('',(0.,0.,1.));
#7934 = ORIENTED_EDGE('',*,*,#7935,.F.);
#7935 = EDGE_CURVE('',#7904,#7928,#7936,.T.);
#7936 = LINE('',#7937,#7938);
#7937 = CARTESIAN_POINT('',(11.5,43.,-4.));
#7938 = VECTOR('',#7939,1.);
#7939 = DIRECTION('',(-1.,-0.,0.));
#7940 = PLANE('',#7941);
#7941 = AXIS2_PLACEMENT_3D('',#7942,#7943,#7944);
#7942 = CARTESIAN_POINT('',(24.,43.,-6.1));
#7943 = DIRECTION('',(-0.,1.,0.));
#7944 = DIRECTION('',(0.,0.,1.));
#7945 = ADVANCED_FACE('',(#7946),#7957,.T.);
#7946 = FACE_BOUND('',#7947,.T.);
#7947 = EDGE_LOOP('',(#7948,#7949,#7950,#7951));
#7948 = ORIENTED_EDGE('',*,*,#7879,.F.);
#7949 = ORIENTED_EDGE('',*,*,#3829,.T.);
#7950 = ORIENTED_EDGE('',*,*,#7927,.T.);
#7951 = ORIENTED_EDGE('',*,*,#7952,.F.);
#7952 = EDGE_CURVE('',#7880,#7928,#7953,.T.);
#7953 = LINE('',#7954,#7955);
#7954 = CARTESIAN_POINT('',(24.,5.5,-4.));
#7955 = VECTOR('',#7956,1.);
#7956 = DIRECTION('',(-0.,1.,0.));
#7957 = PLANE('',#7958);
#7958 = AXIS2_PLACEMENT_3D('',#7959,#7960,#7961);
#7959 = CARTESIAN_POINT('',(24.,13.,-6.1));
#7960 = DIRECTION('',(1.,0.,-0.));
#7961 = DIRECTION('',(0.,0.,1.));
#7962 = ADVANCED_FACE('',(#7963),#7988,.T.);
#7963 = FACE_BOUND('',#7964,.T.);
#7964 = EDGE_LOOP('',(#7965,#7973,#7974,#7982));
#7965 = ORIENTED_EDGE('',*,*,#7966,.F.);
#7966 = EDGE_CURVE('',#3854,#7967,#7969,.T.);
#7967 = VERTEX_POINT('',#7968);
#7968 = CARTESIAN_POINT('',(30.,13.,-4.));
#7969 = LINE('',#7970,#7971);
#7970 = CARTESIAN_POINT('',(30.,13.,-6.1));
#7971 = VECTOR('',#7972,1.);
#7972 = DIRECTION('',(0.,0.,1.));
#7973 = ORIENTED_EDGE('',*,*,#3853,.T.);
#7974 = ORIENTED_EDGE('',*,*,#7975,.T.);
#7975 = EDGE_CURVE('',#3856,#7976,#7978,.T.);
#7976 = VERTEX_POINT('',#7977);
#7977 = CARTESIAN_POINT('',(28.,13.,-4.));
#7978 = LINE('',#7979,#7980);
#7979 = CARTESIAN_POINT('',(28.,13.,-6.1));
#7980 = VECTOR('',#7981,1.);
#7981 = DIRECTION('',(0.,0.,1.));
#7982 = ORIENTED_EDGE('',*,*,#7983,.F.);
#7983 = EDGE_CURVE('',#7967,#7976,#7984,.T.);
#7984 = LINE('',#7985,#7986);
#7985 = CARTESIAN_POINT('',(13.5,13.,-4.));
#7986 = VECTOR('',#7987,1.);
#7987 = DIRECTION('',(-1.,-0.,0.));
#7988 = PLANE('',#7989);
#7989 = AXIS2_PLACEMENT_3D('',#7990,#7991,#7992);
#7990 = CARTESIAN_POINT('',(28.,13.,-6.1));
#7991 = DIRECTION('',(-0.,1.,0.));
#7992 = DIRECTION('',(0.,0.,1.));
#7993 = ADVANCED_FACE('',(#7994),#8012,.F.);
#7994 = FACE_BOUND('',#7995,.F.);
#7995 = EDGE_LOOP('',(#7996,#7997,#7998,#8006));
#7996 = ORIENTED_EDGE('',*,*,#7966,.F.);
#7997 = ORIENTED_EDGE('',*,*,#3879,.T.);
#7998 = ORIENTED_EDGE('',*,*,#7999,.T.);
#7999 = EDGE_CURVE('',#3872,#8000,#8002,.T.);
#8000 = VERTEX_POINT('',#8001);
#8001 = CARTESIAN_POINT('',(30.,43.,-4.));
#8002 = LINE('',#8003,#8004);
#8003 = CARTESIAN_POINT('',(30.,43.,-6.1));
#8004 = VECTOR('',#8005,1.);
#8005 = DIRECTION('',(0.,0.,1.));
#8006 = ORIENTED_EDGE('',*,*,#8007,.F.);
#8007 = EDGE_CURVE('',#7967,#8000,#8008,.T.);
#8008 = LINE('',#8009,#8010);
#8009 = CARTESIAN_POINT('',(30.,5.5,-4.));
#8010 = VECTOR('',#8011,1.);
#8011 = DIRECTION('',(-0.,1.,0.));
#8012 = PLANE('',#8013);
#8013 = AXIS2_PLACEMENT_3D('',#8014,#8015,#8016);
#8014 = CARTESIAN_POINT('',(30.,13.,-6.1));
#8015 = DIRECTION('',(1.,0.,-0.));
#8016 = DIRECTION('',(0.,0.,1.));
#8017 = ADVANCED_FACE('',(#8018),#8036,.F.);
#8018 = FACE_BOUND('',#8019,.F.);
#8019 = EDGE_LOOP('',(#8020,#8021,#8022,#8030));
#8020 = ORIENTED_EDGE('',*,*,#7999,.F.);
#8021 = ORIENTED_EDGE('',*,*,#3871,.T.);
#8022 = ORIENTED_EDGE('',*,*,#8023,.T.);
#8023 = EDGE_CURVE('',#3864,#8024,#8026,.T.);
#8024 = VERTEX_POINT('',#8025);
#8025 = CARTESIAN_POINT('',(28.,43.,-4.));
#8026 = LINE('',#8027,#8028);
#8027 = CARTESIAN_POINT('',(28.,43.,-6.1));
#8028 = VECTOR('',#8029,1.);
#8029 = DIRECTION('',(0.,0.,1.));
#8030 = ORIENTED_EDGE('',*,*,#8031,.F.);
#8031 = EDGE_CURVE('',#8000,#8024,#8032,.T.);
#8032 = LINE('',#8033,#8034);
#8033 = CARTESIAN_POINT('',(13.5,43.,-4.));
#8034 = VECTOR('',#8035,1.);
#8035 = DIRECTION('',(-1.,-0.,0.));
#8036 = PLANE('',#8037);
#8037 = AXIS2_PLACEMENT_3D('',#8038,#8039,#8040);
#8038 = CARTESIAN_POINT('',(28.,43.,-6.1));
#8039 = DIRECTION('',(-0.,1.,0.));
#8040 = DIRECTION('',(0.,0.,1.));
#8041 = ADVANCED_FACE('',(#8042),#8053,.T.);
#8042 = FACE_BOUND('',#8043,.T.);
#8043 = EDGE_LOOP('',(#8044,#8045,#8046,#8047));
#8044 = ORIENTED_EDGE('',*,*,#7975,.F.);
#8045 = ORIENTED_EDGE('',*,*,#3863,.T.);
#8046 = ORIENTED_EDGE('',*,*,#8023,.T.);
#8047 = ORIENTED_EDGE('',*,*,#8048,.F.);
#8048 = EDGE_CURVE('',#7976,#8024,#8049,.T.);
#8049 = LINE('',#8050,#8051);
#8050 = CARTESIAN_POINT('',(28.,5.5,-4.));
#8051 = VECTOR('',#8052,1.);
#8052 = DIRECTION('',(-0.,1.,0.));
#8053 = PLANE('',#8054);
#8054 = AXIS2_PLACEMENT_3D('',#8055,#8056,#8057);
#8055 = CARTESIAN_POINT('',(28.,13.,-6.1));
#8056 = DIRECTION('',(1.,0.,-0.));
#8057 = DIRECTION('',(0.,0.,1.));
#8058 = ADVANCED_FACE('',(#8059),#8164,.F.);
#8059 = FACE_BOUND('',#8060,.F.);
#8060 = EDGE_LOOP('',(#8061,#8069,#8078,#8086,#8095,#8104,#8112,#8121,
    #8129,#8138,#8147,#8155,#8162,#8163));
#8061 = ORIENTED_EDGE('',*,*,#8062,.T.);
#8062 = EDGE_CURVE('',#3888,#8063,#8065,.T.);
#8063 = VERTEX_POINT('',#8064);
#8064 = CARTESIAN_POINT('',(6.1,52.5,-3.3));
#8065 = LINE('',#8066,#8067);
#8066 = CARTESIAN_POINT('',(6.1,52.5,-6.1));
#8067 = VECTOR('',#8068,1.);
#8068 = DIRECTION('',(0.,0.,1.));
#8069 = ORIENTED_EDGE('',*,*,#8070,.F.);
#8070 = EDGE_CURVE('',#8071,#8063,#8073,.T.);
#8071 = VERTEX_POINT('',#8072);
#8072 = CARTESIAN_POINT('',(4.95,50.341875814509,-3.3));
#8073 = CIRCLE('',#8074,2.6);
#8074 = AXIS2_PLACEMENT_3D('',#8075,#8076,#8077);
#8075 = CARTESIAN_POINT('',(3.5,52.5,-3.3));
#8076 = DIRECTION('',(0.,0.,1.));
#8077 = DIRECTION('',(1.,0.,-0.));
#8078 = ORIENTED_EDGE('',*,*,#8079,.F.);
#8079 = EDGE_CURVE('',#8080,#8071,#8082,.T.);
#8080 = VERTEX_POINT('',#8081);
#8081 = CARTESIAN_POINT('',(4.95,50.341875814509,-3.31));
#8082 = LINE('',#8083,#8084);
#8083 = CARTESIAN_POINT('',(4.95,50.341875814509,-6.1));
#8084 = VECTOR('',#8085,1.);
#8085 = DIRECTION('',(0.,0.,1.));
#8086 = ORIENTED_EDGE('',*,*,#8087,.F.);
#8087 = EDGE_CURVE('',#8088,#8080,#8090,.T.);
#8088 = VERTEX_POINT('',#8089);
#8089 = CARTESIAN_POINT('',(3.5,49.9,-3.31));
#8090 = CIRCLE('',#8091,2.6);
#8091 = AXIS2_PLACEMENT_3D('',#8092,#8093,#8094);
#8092 = CARTESIAN_POINT('',(3.5,52.5,-3.31));
#8093 = DIRECTION('',(0.,0.,1.));
#8094 = DIRECTION('',(1.,0.,-0.));
#8095 = ORIENTED_EDGE('',*,*,#8096,.F.);
#8096 = EDGE_CURVE('',#8097,#8088,#8099,.T.);
#8097 = VERTEX_POINT('',#8098);
#8098 = CARTESIAN_POINT('',(2.05,50.341875814509,-3.31));
#8099 = CIRCLE('',#8100,2.6);
#8100 = AXIS2_PLACEMENT_3D('',#8101,#8102,#8103);
#8101 = CARTESIAN_POINT('',(3.5,52.5,-3.31));
#8102 = DIRECTION('',(0.,0.,1.));
#8103 = DIRECTION('',(1.,0.,-0.));
#8104 = ORIENTED_EDGE('',*,*,#8105,.T.);
#8105 = EDGE_CURVE('',#8097,#8106,#8108,.T.);
#8106 = VERTEX_POINT('',#8107);
#8107 = CARTESIAN_POINT('',(2.05,50.341875814509,-3.3));
#8108 = LINE('',#8109,#8110);
#8109 = CARTESIAN_POINT('',(2.05,50.341875814509,-6.1));
#8110 = VECTOR('',#8111,1.);
#8111 = DIRECTION('',(0.,0.,1.));
#8112 = ORIENTED_EDGE('',*,*,#8113,.F.);
#8113 = EDGE_CURVE('',#8114,#8106,#8116,.T.);
#8114 = VERTEX_POINT('',#8115);
#8115 = CARTESIAN_POINT('',(2.05,54.658124185491,-3.3));
#8116 = CIRCLE('',#8117,2.6);
#8117 = AXIS2_PLACEMENT_3D('',#8118,#8119,#8120);
#8118 = CARTESIAN_POINT('',(3.5,52.5,-3.3));
#8119 = DIRECTION('',(0.,0.,1.));
#8120 = DIRECTION('',(1.,0.,-0.));
#8121 = ORIENTED_EDGE('',*,*,#8122,.F.);
#8122 = EDGE_CURVE('',#8123,#8114,#8125,.T.);
#8123 = VERTEX_POINT('',#8124);
#8124 = CARTESIAN_POINT('',(2.05,54.658124185491,-3.31));
#8125 = LINE('',#8126,#8127);
#8126 = CARTESIAN_POINT('',(2.05,54.658124185491,-6.1));
#8127 = VECTOR('',#8128,1.);
#8128 = DIRECTION('',(0.,0.,1.));
#8129 = ORIENTED_EDGE('',*,*,#8130,.F.);
#8130 = EDGE_CURVE('',#8131,#8123,#8133,.T.);
#8131 = VERTEX_POINT('',#8132);
#8132 = CARTESIAN_POINT('',(3.5,55.1,-3.31));
#8133 = CIRCLE('',#8134,2.6);
#8134 = AXIS2_PLACEMENT_3D('',#8135,#8136,#8137);
#8135 = CARTESIAN_POINT('',(3.5,52.5,-3.31));
#8136 = DIRECTION('',(0.,0.,1.));
#8137 = DIRECTION('',(1.,0.,-0.));
#8138 = ORIENTED_EDGE('',*,*,#8139,.F.);
#8139 = EDGE_CURVE('',#8140,#8131,#8142,.T.);
#8140 = VERTEX_POINT('',#8141);
#8141 = CARTESIAN_POINT('',(4.95,54.658124185491,-3.31));
#8142 = CIRCLE('',#8143,2.6);
#8143 = AXIS2_PLACEMENT_3D('',#8144,#8145,#8146);
#8144 = CARTESIAN_POINT('',(3.5,52.5,-3.31));
#8145 = DIRECTION('',(0.,0.,1.));
#8146 = DIRECTION('',(1.,0.,-0.));
#8147 = ORIENTED_EDGE('',*,*,#8148,.T.);
#8148 = EDGE_CURVE('',#8140,#8149,#8151,.T.);
#8149 = VERTEX_POINT('',#8150);
#8150 = CARTESIAN_POINT('',(4.95,54.658124185491,-3.3));
#8151 = LINE('',#8152,#8153);
#8152 = CARTESIAN_POINT('',(4.95,54.658124185491,-6.1));
#8153 = VECTOR('',#8154,1.);
#8154 = DIRECTION('',(0.,0.,1.));
#8155 = ORIENTED_EDGE('',*,*,#8156,.F.);
#8156 = EDGE_CURVE('',#8063,#8149,#8157,.T.);
#8157 = CIRCLE('',#8158,2.6);
#8158 = AXIS2_PLACEMENT_3D('',#8159,#8160,#8161);
#8159 = CARTESIAN_POINT('',(3.5,52.5,-3.3));
#8160 = DIRECTION('',(0.,0.,1.));
#8161 = DIRECTION('',(1.,0.,-0.));
#8162 = ORIENTED_EDGE('',*,*,#8062,.F.);
#8163 = ORIENTED_EDGE('',*,*,#3887,.T.);
#8164 = CYLINDRICAL_SURFACE('',#8165,2.6);
#8165 = AXIS2_PLACEMENT_3D('',#8166,#8167,#8168);
#8166 = CARTESIAN_POINT('',(3.5,52.5,-6.1));
#8167 = DIRECTION('',(0.,0.,1.));
#8168 = DIRECTION('',(1.,0.,-0.));
#8169 = ADVANCED_FACE('',(#8170),#8195,.T.);
#8170 = FACE_BOUND('',#8171,.T.);
#8171 = EDGE_LOOP('',(#8172,#8180,#8181,#8189));
#8172 = ORIENTED_EDGE('',*,*,#8173,.F.);
#8173 = EDGE_CURVE('',#3899,#8174,#8176,.T.);
#8174 = VERTEX_POINT('',#8175);
#8175 = CARTESIAN_POINT('',(34.,13.,-4.));
#8176 = LINE('',#8177,#8178);
#8177 = CARTESIAN_POINT('',(34.,13.,-6.1));
#8178 = VECTOR('',#8179,1.);
#8179 = DIRECTION('',(0.,0.,1.));
#8180 = ORIENTED_EDGE('',*,*,#3898,.T.);
#8181 = ORIENTED_EDGE('',*,*,#8182,.T.);
#8182 = EDGE_CURVE('',#3901,#8183,#8185,.T.);
#8183 = VERTEX_POINT('',#8184);
#8184 = CARTESIAN_POINT('',(32.,13.,-4.));
#8185 = LINE('',#8186,#8187);
#8186 = CARTESIAN_POINT('',(32.,13.,-6.1));
#8187 = VECTOR('',#8188,1.);
#8188 = DIRECTION('',(0.,0.,1.));
#8189 = ORIENTED_EDGE('',*,*,#8190,.F.);
#8190 = EDGE_CURVE('',#8174,#8183,#8191,.T.);
#8191 = LINE('',#8192,#8193);
#8192 = CARTESIAN_POINT('',(15.5,13.,-4.));
#8193 = VECTOR('',#8194,1.);
#8194 = DIRECTION('',(-1.,-0.,0.));
#8195 = PLANE('',#8196);
#8196 = AXIS2_PLACEMENT_3D('',#8197,#8198,#8199);
#8197 = CARTESIAN_POINT('',(32.,13.,-6.1));
#8198 = DIRECTION('',(-0.,1.,0.));
#8199 = DIRECTION('',(0.,0.,1.));
#8200 = ADVANCED_FACE('',(#8201),#8219,.F.);
#8201 = FACE_BOUND('',#8202,.F.);
#8202 = EDGE_LOOP('',(#8203,#8204,#8205,#8213));
#8203 = ORIENTED_EDGE('',*,*,#8173,.F.);
#8204 = ORIENTED_EDGE('',*,*,#3924,.T.);
#8205 = ORIENTED_EDGE('',*,*,#8206,.T.);
#8206 = EDGE_CURVE('',#3917,#8207,#8209,.T.);
#8207 = VERTEX_POINT('',#8208);
#8208 = CARTESIAN_POINT('',(34.,43.,-4.));
#8209 = LINE('',#8210,#8211);
#8210 = CARTESIAN_POINT('',(34.,43.,-6.1));
#8211 = VECTOR('',#8212,1.);
#8212 = DIRECTION('',(0.,0.,1.));
#8213 = ORIENTED_EDGE('',*,*,#8214,.F.);
#8214 = EDGE_CURVE('',#8174,#8207,#8215,.T.);
#8215 = LINE('',#8216,#8217);
#8216 = CARTESIAN_POINT('',(34.,5.5,-4.));
#8217 = VECTOR('',#8218,1.);
#8218 = DIRECTION('',(-0.,1.,0.));
#8219 = PLANE('',#8220);
#8220 = AXIS2_PLACEMENT_3D('',#8221,#8222,#8223);
#8221 = CARTESIAN_POINT('',(34.,13.,-6.1));
#8222 = DIRECTION('',(1.,0.,-0.));
#8223 = DIRECTION('',(0.,0.,1.));
#8224 = ADVANCED_FACE('',(#8225),#8243,.F.);
#8225 = FACE_BOUND('',#8226,.F.);
#8226 = EDGE_LOOP('',(#8227,#8228,#8229,#8237));
#8227 = ORIENTED_EDGE('',*,*,#8206,.F.);
#8228 = ORIENTED_EDGE('',*,*,#3916,.T.);
#8229 = ORIENTED_EDGE('',*,*,#8230,.T.);
#8230 = EDGE_CURVE('',#3909,#8231,#8233,.T.);
#8231 = VERTEX_POINT('',#8232);
#8232 = CARTESIAN_POINT('',(32.,43.,-4.));
#8233 = LINE('',#8234,#8235);
#8234 = CARTESIAN_POINT('',(32.,43.,-6.1));
#8235 = VECTOR('',#8236,1.);
#8236 = DIRECTION('',(0.,0.,1.));
#8237 = ORIENTED_EDGE('',*,*,#8238,.F.);
#8238 = EDGE_CURVE('',#8207,#8231,#8239,.T.);
#8239 = LINE('',#8240,#8241);
#8240 = CARTESIAN_POINT('',(15.5,43.,-4.));
#8241 = VECTOR('',#8242,1.);
#8242 = DIRECTION('',(-1.,-0.,0.));
#8243 = PLANE('',#8244);
#8244 = AXIS2_PLACEMENT_3D('',#8245,#8246,#8247);
#8245 = CARTESIAN_POINT('',(32.,43.,-6.1));
#8246 = DIRECTION('',(-0.,1.,0.));
#8247 = DIRECTION('',(0.,0.,1.));
#8248 = ADVANCED_FACE('',(#8249),#8260,.T.);
#8249 = FACE_BOUND('',#8250,.T.);
#8250 = EDGE_LOOP('',(#8251,#8252,#8253,#8254));
#8251 = ORIENTED_EDGE('',*,*,#8182,.F.);
#8252 = ORIENTED_EDGE('',*,*,#3908,.T.);
#8253 = ORIENTED_EDGE('',*,*,#8230,.T.);
#8254 = ORIENTED_EDGE('',*,*,#8255,.F.);
#8255 = EDGE_CURVE('',#8183,#8231,#8256,.T.);
#8256 = LINE('',#8257,#8258);
#8257 = CARTESIAN_POINT('',(32.,5.5,-4.));
#8258 = VECTOR('',#8259,1.);
#8259 = DIRECTION('',(-0.,1.,0.));
#8260 = PLANE('',#8261);
#8261 = AXIS2_PLACEMENT_3D('',#8262,#8263,#8264);
#8262 = CARTESIAN_POINT('',(32.,13.,-6.1));
#8263 = DIRECTION('',(1.,0.,-0.));
#8264 = DIRECTION('',(0.,0.,1.));
#8265 = ADVANCED_FACE('',(#8266),#8291,.T.);
#8266 = FACE_BOUND('',#8267,.T.);
#8267 = EDGE_LOOP('',(#8268,#8276,#8277,#8285));
#8268 = ORIENTED_EDGE('',*,*,#8269,.F.);
#8269 = EDGE_CURVE('',#3933,#8270,#8272,.T.);
#8270 = VERTEX_POINT('',#8271);
#8271 = CARTESIAN_POINT('',(38.,13.,-4.));
#8272 = LINE('',#8273,#8274);
#8273 = CARTESIAN_POINT('',(38.,13.,-6.1));
#8274 = VECTOR('',#8275,1.);
#8275 = DIRECTION('',(0.,0.,1.));
#8276 = ORIENTED_EDGE('',*,*,#3932,.T.);
#8277 = ORIENTED_EDGE('',*,*,#8278,.T.);
#8278 = EDGE_CURVE('',#3935,#8279,#8281,.T.);
#8279 = VERTEX_POINT('',#8280);
#8280 = CARTESIAN_POINT('',(36.,13.,-4.));
#8281 = LINE('',#8282,#8283);
#8282 = CARTESIAN_POINT('',(36.,13.,-6.1));
#8283 = VECTOR('',#8284,1.);
#8284 = DIRECTION('',(0.,0.,1.));
#8285 = ORIENTED_EDGE('',*,*,#8286,.F.);
#8286 = EDGE_CURVE('',#8270,#8279,#8287,.T.);
#8287 = LINE('',#8288,#8289);
#8288 = CARTESIAN_POINT('',(17.5,13.,-4.));
#8289 = VECTOR('',#8290,1.);
#8290 = DIRECTION('',(-1.,-0.,0.));
#8291 = PLANE('',#8292);
#8292 = AXIS2_PLACEMENT_3D('',#8293,#8294,#8295);
#8293 = CARTESIAN_POINT('',(36.,13.,-6.1));
#8294 = DIRECTION('',(-0.,1.,0.));
#8295 = DIRECTION('',(0.,0.,1.));
#8296 = ADVANCED_FACE('',(#8297),#8315,.F.);
#8297 = FACE_BOUND('',#8298,.F.);
#8298 = EDGE_LOOP('',(#8299,#8300,#8301,#8309));
#8299 = ORIENTED_EDGE('',*,*,#8269,.F.);
#8300 = ORIENTED_EDGE('',*,*,#3958,.T.);
#8301 = ORIENTED_EDGE('',*,*,#8302,.T.);
#8302 = EDGE_CURVE('',#3951,#8303,#8305,.T.);
#8303 = VERTEX_POINT('',#8304);
#8304 = CARTESIAN_POINT('',(38.,43.,-4.));
#8305 = LINE('',#8306,#8307);
#8306 = CARTESIAN_POINT('',(38.,43.,-6.1));
#8307 = VECTOR('',#8308,1.);
#8308 = DIRECTION('',(0.,0.,1.));
#8309 = ORIENTED_EDGE('',*,*,#8310,.F.);
#8310 = EDGE_CURVE('',#8270,#8303,#8311,.T.);
#8311 = LINE('',#8312,#8313);
#8312 = CARTESIAN_POINT('',(38.,5.5,-4.));
#8313 = VECTOR('',#8314,1.);
#8314 = DIRECTION('',(-0.,1.,0.));
#8315 = PLANE('',#8316);
#8316 = AXIS2_PLACEMENT_3D('',#8317,#8318,#8319);
#8317 = CARTESIAN_POINT('',(38.,13.,-6.1));
#8318 = DIRECTION('',(1.,0.,-0.));
#8319 = DIRECTION('',(0.,0.,1.));
#8320 = ADVANCED_FACE('',(#8321),#8339,.F.);
#8321 = FACE_BOUND('',#8322,.F.);
#8322 = EDGE_LOOP('',(#8323,#8324,#8325,#8333));
#8323 = ORIENTED_EDGE('',*,*,#8302,.F.);
#8324 = ORIENTED_EDGE('',*,*,#3950,.T.);
#8325 = ORIENTED_EDGE('',*,*,#8326,.T.);
#8326 = EDGE_CURVE('',#3943,#8327,#8329,.T.);
#8327 = VERTEX_POINT('',#8328);
#8328 = CARTESIAN_POINT('',(36.,43.,-4.));
#8329 = LINE('',#8330,#8331);
#8330 = CARTESIAN_POINT('',(36.,43.,-6.1));
#8331 = VECTOR('',#8332,1.);
#8332 = DIRECTION('',(0.,0.,1.));
#8333 = ORIENTED_EDGE('',*,*,#8334,.F.);
#8334 = EDGE_CURVE('',#8303,#8327,#8335,.T.);
#8335 = LINE('',#8336,#8337);
#8336 = CARTESIAN_POINT('',(17.5,43.,-4.));
#8337 = VECTOR('',#8338,1.);
#8338 = DIRECTION('',(-1.,-0.,0.));
#8339 = PLANE('',#8340);
#8340 = AXIS2_PLACEMENT_3D('',#8341,#8342,#8343);
#8341 = CARTESIAN_POINT('',(36.,43.,-6.1));
#8342 = DIRECTION('',(-0.,1.,0.));
#8343 = DIRECTION('',(0.,0.,1.));
#8344 = ADVANCED_FACE('',(#8345),#8356,.T.);
#8345 = FACE_BOUND('',#8346,.T.);
#8346 = EDGE_LOOP('',(#8347,#8348,#8349,#8350));
#8347 = ORIENTED_EDGE('',*,*,#8278,.F.);
#8348 = ORIENTED_EDGE('',*,*,#3942,.T.);
#8349 = ORIENTED_EDGE('',*,*,#8326,.T.);
#8350 = ORIENTED_EDGE('',*,*,#8351,.F.);
#8351 = EDGE_CURVE('',#8279,#8327,#8352,.T.);
#8352 = LINE('',#8353,#8354);
#8353 = CARTESIAN_POINT('',(36.,5.5,-4.));
#8354 = VECTOR('',#8355,1.);
#8355 = DIRECTION('',(-0.,1.,0.));
#8356 = PLANE('',#8357);
#8357 = AXIS2_PLACEMENT_3D('',#8358,#8359,#8360);
#8358 = CARTESIAN_POINT('',(36.,13.,-6.1));
#8359 = DIRECTION('',(1.,0.,-0.));
#8360 = DIRECTION('',(0.,0.,1.));
#8361 = ADVANCED_FACE('',(#8362),#8387,.T.);
#8362 = FACE_BOUND('',#8363,.T.);
#8363 = EDGE_LOOP('',(#8364,#8372,#8373,#8381));
#8364 = ORIENTED_EDGE('',*,*,#8365,.F.);
#8365 = EDGE_CURVE('',#3967,#8366,#8368,.T.);
#8366 = VERTEX_POINT('',#8367);
#8367 = CARTESIAN_POINT('',(42.,13.,-4.));
#8368 = LINE('',#8369,#8370);
#8369 = CARTESIAN_POINT('',(42.,13.,-6.1));
#8370 = VECTOR('',#8371,1.);
#8371 = DIRECTION('',(0.,0.,1.));
#8372 = ORIENTED_EDGE('',*,*,#3966,.T.);
#8373 = ORIENTED_EDGE('',*,*,#8374,.T.);
#8374 = EDGE_CURVE('',#3969,#8375,#8377,.T.);
#8375 = VERTEX_POINT('',#8376);
#8376 = CARTESIAN_POINT('',(40.,13.,-4.));
#8377 = LINE('',#8378,#8379);
#8378 = CARTESIAN_POINT('',(40.,13.,-6.1));
#8379 = VECTOR('',#8380,1.);
#8380 = DIRECTION('',(0.,0.,1.));
#8381 = ORIENTED_EDGE('',*,*,#8382,.F.);
#8382 = EDGE_CURVE('',#8366,#8375,#8383,.T.);
#8383 = LINE('',#8384,#8385);
#8384 = CARTESIAN_POINT('',(19.5,13.,-4.));
#8385 = VECTOR('',#8386,1.);
#8386 = DIRECTION('',(-1.,-0.,0.));
#8387 = PLANE('',#8388);
#8388 = AXIS2_PLACEMENT_3D('',#8389,#8390,#8391);
#8389 = CARTESIAN_POINT('',(40.,13.,-6.1));
#8390 = DIRECTION('',(-0.,1.,0.));
#8391 = DIRECTION('',(0.,0.,1.));
#8392 = ADVANCED_FACE('',(#8393),#8411,.F.);
#8393 = FACE_BOUND('',#8394,.F.);
#8394 = EDGE_LOOP('',(#8395,#8396,#8397,#8405));
#8395 = ORIENTED_EDGE('',*,*,#8365,.F.);
#8396 = ORIENTED_EDGE('',*,*,#3992,.T.);
#8397 = ORIENTED_EDGE('',*,*,#8398,.T.);
#8398 = EDGE_CURVE('',#3985,#8399,#8401,.T.);
#8399 = VERTEX_POINT('',#8400);
#8400 = CARTESIAN_POINT('',(42.,43.,-4.));
#8401 = LINE('',#8402,#8403);
#8402 = CARTESIAN_POINT('',(42.,43.,-6.1));
#8403 = VECTOR('',#8404,1.);
#8404 = DIRECTION('',(0.,0.,1.));
#8405 = ORIENTED_EDGE('',*,*,#8406,.F.);
#8406 = EDGE_CURVE('',#8366,#8399,#8407,.T.);
#8407 = LINE('',#8408,#8409);
#8408 = CARTESIAN_POINT('',(42.,5.5,-4.));
#8409 = VECTOR('',#8410,1.);
#8410 = DIRECTION('',(-0.,1.,0.));
#8411 = PLANE('',#8412);
#8412 = AXIS2_PLACEMENT_3D('',#8413,#8414,#8415);
#8413 = CARTESIAN_POINT('',(42.,13.,-6.1));
#8414 = DIRECTION('',(1.,0.,-0.));
#8415 = DIRECTION('',(0.,0.,1.));
#8416 = ADVANCED_FACE('',(#8417),#8435,.F.);
#8417 = FACE_BOUND('',#8418,.F.);
#8418 = EDGE_LOOP('',(#8419,#8420,#8421,#8429));
#8419 = ORIENTED_EDGE('',*,*,#8398,.F.);
#8420 = ORIENTED_EDGE('',*,*,#3984,.T.);
#8421 = ORIENTED_EDGE('',*,*,#8422,.T.);
#8422 = EDGE_CURVE('',#3977,#8423,#8425,.T.);
#8423 = VERTEX_POINT('',#8424);
#8424 = CARTESIAN_POINT('',(40.,43.,-4.));
#8425 = LINE('',#8426,#8427);
#8426 = CARTESIAN_POINT('',(40.,43.,-6.1));
#8427 = VECTOR('',#8428,1.);
#8428 = DIRECTION('',(0.,0.,1.));
#8429 = ORIENTED_EDGE('',*,*,#8430,.F.);
#8430 = EDGE_CURVE('',#8399,#8423,#8431,.T.);
#8431 = LINE('',#8432,#8433);
#8432 = CARTESIAN_POINT('',(19.5,43.,-4.));
#8433 = VECTOR('',#8434,1.);
#8434 = DIRECTION('',(-1.,-0.,0.));
#8435 = PLANE('',#8436);
#8436 = AXIS2_PLACEMENT_3D('',#8437,#8438,#8439);
#8437 = CARTESIAN_POINT('',(40.,43.,-6.1));
#8438 = DIRECTION('',(-0.,1.,0.));
#8439 = DIRECTION('',(0.,0.,1.));
#8440 = ADVANCED_FACE('',(#8441),#8452,.T.);
#8441 = FACE_BOUND('',#8442,.T.);
#8442 = EDGE_LOOP('',(#8443,#8444,#8445,#8446));
#8443 = ORIENTED_EDGE('',*,*,#8374,.F.);
#8444 = ORIENTED_EDGE('',*,*,#3976,.T.);
#8445 = ORIENTED_EDGE('',*,*,#8422,.T.);
#8446 = ORIENTED_EDGE('',*,*,#8447,.F.);
#8447 = EDGE_CURVE('',#8375,#8423,#8448,.T.);
#8448 = LINE('',#8449,#8450);
#8449 = CARTESIAN_POINT('',(40.,5.5,-4.));
#8450 = VECTOR('',#8451,1.);
#8451 = DIRECTION('',(-0.,1.,0.));
#8452 = PLANE('',#8453);
#8453 = AXIS2_PLACEMENT_3D('',#8454,#8455,#8456);
#8454 = CARTESIAN_POINT('',(40.,13.,-6.1));
#8455 = DIRECTION('',(1.,0.,-0.));
#8456 = DIRECTION('',(0.,0.,1.));
#8457 = ADVANCED_FACE('',(#8458),#8483,.T.);
#8458 = FACE_BOUND('',#8459,.T.);
#8459 = EDGE_LOOP('',(#8460,#8468,#8469,#8477));
#8460 = ORIENTED_EDGE('',*,*,#8461,.F.);
#8461 = EDGE_CURVE('',#4001,#8462,#8464,.T.);
#8462 = VERTEX_POINT('',#8463);
#8463 = CARTESIAN_POINT('',(46.,13.,-4.));
#8464 = LINE('',#8465,#8466);
#8465 = CARTESIAN_POINT('',(46.,13.,-6.1));
#8466 = VECTOR('',#8467,1.);
#8467 = DIRECTION('',(0.,0.,1.));
#8468 = ORIENTED_EDGE('',*,*,#4000,.T.);
#8469 = ORIENTED_EDGE('',*,*,#8470,.T.);
#8470 = EDGE_CURVE('',#4003,#8471,#8473,.T.);
#8471 = VERTEX_POINT('',#8472);
#8472 = CARTESIAN_POINT('',(44.,13.,-4.));
#8473 = LINE('',#8474,#8475);
#8474 = CARTESIAN_POINT('',(44.,13.,-6.1));
#8475 = VECTOR('',#8476,1.);
#8476 = DIRECTION('',(0.,0.,1.));
#8477 = ORIENTED_EDGE('',*,*,#8478,.F.);
#8478 = EDGE_CURVE('',#8462,#8471,#8479,.T.);
#8479 = LINE('',#8480,#8481);
#8480 = CARTESIAN_POINT('',(21.5,13.,-4.));
#8481 = VECTOR('',#8482,1.);
#8482 = DIRECTION('',(-1.,-0.,0.));
#8483 = PLANE('',#8484);
#8484 = AXIS2_PLACEMENT_3D('',#8485,#8486,#8487);
#8485 = CARTESIAN_POINT('',(44.,13.,-6.1));
#8486 = DIRECTION('',(-0.,1.,0.));
#8487 = DIRECTION('',(0.,0.,1.));
#8488 = ADVANCED_FACE('',(#8489),#8507,.F.);
#8489 = FACE_BOUND('',#8490,.F.);
#8490 = EDGE_LOOP('',(#8491,#8492,#8493,#8501));
#8491 = ORIENTED_EDGE('',*,*,#8461,.F.);
#8492 = ORIENTED_EDGE('',*,*,#4026,.T.);
#8493 = ORIENTED_EDGE('',*,*,#8494,.T.);
#8494 = EDGE_CURVE('',#4019,#8495,#8497,.T.);
#8495 = VERTEX_POINT('',#8496);
#8496 = CARTESIAN_POINT('',(46.,43.,-4.));
#8497 = LINE('',#8498,#8499);
#8498 = CARTESIAN_POINT('',(46.,43.,-6.1));
#8499 = VECTOR('',#8500,1.);
#8500 = DIRECTION('',(0.,0.,1.));
#8501 = ORIENTED_EDGE('',*,*,#8502,.F.);
#8502 = EDGE_CURVE('',#8462,#8495,#8503,.T.);
#8503 = LINE('',#8504,#8505);
#8504 = CARTESIAN_POINT('',(46.,5.5,-4.));
#8505 = VECTOR('',#8506,1.);
#8506 = DIRECTION('',(-0.,1.,0.));
#8507 = PLANE('',#8508);
#8508 = AXIS2_PLACEMENT_3D('',#8509,#8510,#8511);
#8509 = CARTESIAN_POINT('',(46.,13.,-6.1));
#8510 = DIRECTION('',(1.,0.,-0.));
#8511 = DIRECTION('',(0.,0.,1.));
#8512 = ADVANCED_FACE('',(#8513),#8531,.F.);
#8513 = FACE_BOUND('',#8514,.F.);
#8514 = EDGE_LOOP('',(#8515,#8516,#8517,#8525));
#8515 = ORIENTED_EDGE('',*,*,#8494,.F.);
#8516 = ORIENTED_EDGE('',*,*,#4018,.T.);
#8517 = ORIENTED_EDGE('',*,*,#8518,.T.);
#8518 = EDGE_CURVE('',#4011,#8519,#8521,.T.);
#8519 = VERTEX_POINT('',#8520);
#8520 = CARTESIAN_POINT('',(44.,43.,-4.));
#8521 = LINE('',#8522,#8523);
#8522 = CARTESIAN_POINT('',(44.,43.,-6.1));
#8523 = VECTOR('',#8524,1.);
#8524 = DIRECTION('',(0.,0.,1.));
#8525 = ORIENTED_EDGE('',*,*,#8526,.F.);
#8526 = EDGE_CURVE('',#8495,#8519,#8527,.T.);
#8527 = LINE('',#8528,#8529);
#8528 = CARTESIAN_POINT('',(21.5,43.,-4.));
#8529 = VECTOR('',#8530,1.);
#8530 = DIRECTION('',(-1.,-0.,0.));
#8531 = PLANE('',#8532);
#8532 = AXIS2_PLACEMENT_3D('',#8533,#8534,#8535);
#8533 = CARTESIAN_POINT('',(44.,43.,-6.1));
#8534 = DIRECTION('',(-0.,1.,0.));
#8535 = DIRECTION('',(0.,0.,1.));
#8536 = ADVANCED_FACE('',(#8537),#8548,.T.);
#8537 = FACE_BOUND('',#8538,.T.);
#8538 = EDGE_LOOP('',(#8539,#8540,#8541,#8542));
#8539 = ORIENTED_EDGE('',*,*,#8470,.F.);
#8540 = ORIENTED_EDGE('',*,*,#4010,.T.);
#8541 = ORIENTED_EDGE('',*,*,#8518,.T.);
#8542 = ORIENTED_EDGE('',*,*,#8543,.F.);
#8543 = EDGE_CURVE('',#8471,#8519,#8544,.T.);
#8544 = LINE('',#8545,#8546);
#8545 = CARTESIAN_POINT('',(44.,5.5,-4.));
#8546 = VECTOR('',#8547,1.);
#8547 = DIRECTION('',(-0.,1.,0.));
#8548 = PLANE('',#8549);
#8549 = AXIS2_PLACEMENT_3D('',#8550,#8551,#8552);
#8550 = CARTESIAN_POINT('',(44.,13.,-6.1));
#8551 = DIRECTION('',(1.,0.,-0.));
#8552 = DIRECTION('',(0.,0.,1.));
#8553 = ADVANCED_FACE('',(#8554),#8579,.T.);
#8554 = FACE_BOUND('',#8555,.T.);
#8555 = EDGE_LOOP('',(#8556,#8564,#8565,#8573));
#8556 = ORIENTED_EDGE('',*,*,#8557,.F.);
#8557 = EDGE_CURVE('',#4035,#8558,#8560,.T.);
#8558 = VERTEX_POINT('',#8559);
#8559 = CARTESIAN_POINT('',(50.,13.,-4.));
#8560 = LINE('',#8561,#8562);
#8561 = CARTESIAN_POINT('',(50.,13.,-6.1));
#8562 = VECTOR('',#8563,1.);
#8563 = DIRECTION('',(0.,0.,1.));
#8564 = ORIENTED_EDGE('',*,*,#4034,.T.);
#8565 = ORIENTED_EDGE('',*,*,#8566,.T.);
#8566 = EDGE_CURVE('',#4037,#8567,#8569,.T.);
#8567 = VERTEX_POINT('',#8568);
#8568 = CARTESIAN_POINT('',(48.,13.,-4.));
#8569 = LINE('',#8570,#8571);
#8570 = CARTESIAN_POINT('',(48.,13.,-6.1));
#8571 = VECTOR('',#8572,1.);
#8572 = DIRECTION('',(0.,0.,1.));
#8573 = ORIENTED_EDGE('',*,*,#8574,.F.);
#8574 = EDGE_CURVE('',#8558,#8567,#8575,.T.);
#8575 = LINE('',#8576,#8577);
#8576 = CARTESIAN_POINT('',(23.5,13.,-4.));
#8577 = VECTOR('',#8578,1.);
#8578 = DIRECTION('',(-1.,-0.,0.));
#8579 = PLANE('',#8580);
#8580 = AXIS2_PLACEMENT_3D('',#8581,#8582,#8583);
#8581 = CARTESIAN_POINT('',(48.,13.,-6.1));
#8582 = DIRECTION('',(-0.,1.,0.));
#8583 = DIRECTION('',(0.,0.,1.));
#8584 = ADVANCED_FACE('',(#8585),#8603,.F.);
#8585 = FACE_BOUND('',#8586,.F.);
#8586 = EDGE_LOOP('',(#8587,#8588,#8589,#8597));
#8587 = ORIENTED_EDGE('',*,*,#8557,.F.);
#8588 = ORIENTED_EDGE('',*,*,#4060,.T.);
#8589 = ORIENTED_EDGE('',*,*,#8590,.T.);
#8590 = EDGE_CURVE('',#4053,#8591,#8593,.T.);
#8591 = VERTEX_POINT('',#8592);
#8592 = CARTESIAN_POINT('',(50.,43.,-4.));
#8593 = LINE('',#8594,#8595);
#8594 = CARTESIAN_POINT('',(50.,43.,-6.1));
#8595 = VECTOR('',#8596,1.);
#8596 = DIRECTION('',(0.,0.,1.));
#8597 = ORIENTED_EDGE('',*,*,#8598,.F.);
#8598 = EDGE_CURVE('',#8558,#8591,#8599,.T.);
#8599 = LINE('',#8600,#8601);
#8600 = CARTESIAN_POINT('',(50.,5.5,-4.));
#8601 = VECTOR('',#8602,1.);
#8602 = DIRECTION('',(-0.,1.,0.));
#8603 = PLANE('',#8604);
#8604 = AXIS2_PLACEMENT_3D('',#8605,#8606,#8607);
#8605 = CARTESIAN_POINT('',(50.,13.,-6.1));
#8606 = DIRECTION('',(1.,0.,-0.));
#8607 = DIRECTION('',(0.,0.,1.));
#8608 = ADVANCED_FACE('',(#8609),#8627,.F.);
#8609 = FACE_BOUND('',#8610,.F.);
#8610 = EDGE_LOOP('',(#8611,#8612,#8613,#8621));
#8611 = ORIENTED_EDGE('',*,*,#8590,.F.);
#8612 = ORIENTED_EDGE('',*,*,#4052,.T.);
#8613 = ORIENTED_EDGE('',*,*,#8614,.T.);
#8614 = EDGE_CURVE('',#4045,#8615,#8617,.T.);
#8615 = VERTEX_POINT('',#8616);
#8616 = CARTESIAN_POINT('',(48.,43.,-4.));
#8617 = LINE('',#8618,#8619);
#8618 = CARTESIAN_POINT('',(48.,43.,-6.1));
#8619 = VECTOR('',#8620,1.);
#8620 = DIRECTION('',(0.,0.,1.));
#8621 = ORIENTED_EDGE('',*,*,#8622,.F.);
#8622 = EDGE_CURVE('',#8591,#8615,#8623,.T.);
#8623 = LINE('',#8624,#8625);
#8624 = CARTESIAN_POINT('',(23.5,43.,-4.));
#8625 = VECTOR('',#8626,1.);
#8626 = DIRECTION('',(-1.,-0.,0.));
#8627 = PLANE('',#8628);
#8628 = AXIS2_PLACEMENT_3D('',#8629,#8630,#8631);
#8629 = CARTESIAN_POINT('',(48.,43.,-6.1));
#8630 = DIRECTION('',(-0.,1.,0.));
#8631 = DIRECTION('',(0.,0.,1.));
#8632 = ADVANCED_FACE('',(#8633),#8644,.T.);
#8633 = FACE_BOUND('',#8634,.T.);
#8634 = EDGE_LOOP('',(#8635,#8636,#8637,#8638));
#8635 = ORIENTED_EDGE('',*,*,#8566,.F.);
#8636 = ORIENTED_EDGE('',*,*,#4044,.T.);
#8637 = ORIENTED_EDGE('',*,*,#8614,.T.);
#8638 = ORIENTED_EDGE('',*,*,#8639,.F.);
#8639 = EDGE_CURVE('',#8567,#8615,#8640,.T.);
#8640 = LINE('',#8641,#8642);
#8641 = CARTESIAN_POINT('',(48.,5.5,-4.));
#8642 = VECTOR('',#8643,1.);
#8643 = DIRECTION('',(-0.,1.,0.));
#8644 = PLANE('',#8645);
#8645 = AXIS2_PLACEMENT_3D('',#8646,#8647,#8648);
#8646 = CARTESIAN_POINT('',(48.,13.,-6.1));
#8647 = DIRECTION('',(1.,0.,-0.));
#8648 = DIRECTION('',(0.,0.,1.));
#8649 = ADVANCED_FACE('',(#8650),#8675,.T.);
#8650 = FACE_BOUND('',#8651,.T.);
#8651 = EDGE_LOOP('',(#8652,#8660,#8661,#8669));
#8652 = ORIENTED_EDGE('',*,*,#8653,.F.);
#8653 = EDGE_CURVE('',#4069,#8654,#8656,.T.);
#8654 = VERTEX_POINT('',#8655);
#8655 = CARTESIAN_POINT('',(54.,13.,-4.));
#8656 = LINE('',#8657,#8658);
#8657 = CARTESIAN_POINT('',(54.,13.,-6.1));
#8658 = VECTOR('',#8659,1.);
#8659 = DIRECTION('',(0.,0.,1.));
#8660 = ORIENTED_EDGE('',*,*,#4068,.T.);
#8661 = ORIENTED_EDGE('',*,*,#8662,.T.);
#8662 = EDGE_CURVE('',#4071,#8663,#8665,.T.);
#8663 = VERTEX_POINT('',#8664);
#8664 = CARTESIAN_POINT('',(52.,13.,-4.));
#8665 = LINE('',#8666,#8667);
#8666 = CARTESIAN_POINT('',(52.,13.,-6.1));
#8667 = VECTOR('',#8668,1.);
#8668 = DIRECTION('',(0.,0.,1.));
#8669 = ORIENTED_EDGE('',*,*,#8670,.F.);
#8670 = EDGE_CURVE('',#8654,#8663,#8671,.T.);
#8671 = LINE('',#8672,#8673);
#8672 = CARTESIAN_POINT('',(25.5,13.,-4.));
#8673 = VECTOR('',#8674,1.);
#8674 = DIRECTION('',(-1.,-0.,0.));
#8675 = PLANE('',#8676);
#8676 = AXIS2_PLACEMENT_3D('',#8677,#8678,#8679);
#8677 = CARTESIAN_POINT('',(52.,13.,-6.1));
#8678 = DIRECTION('',(-0.,1.,0.));
#8679 = DIRECTION('',(0.,0.,1.));
#8680 = ADVANCED_FACE('',(#8681),#8699,.F.);
#8681 = FACE_BOUND('',#8682,.F.);
#8682 = EDGE_LOOP('',(#8683,#8684,#8685,#8693));
#8683 = ORIENTED_EDGE('',*,*,#8653,.F.);
#8684 = ORIENTED_EDGE('',*,*,#4094,.T.);
#8685 = ORIENTED_EDGE('',*,*,#8686,.T.);
#8686 = EDGE_CURVE('',#4087,#8687,#8689,.T.);
#8687 = VERTEX_POINT('',#8688);
#8688 = CARTESIAN_POINT('',(54.,43.,-4.));
#8689 = LINE('',#8690,#8691);
#8690 = CARTESIAN_POINT('',(54.,43.,-6.1));
#8691 = VECTOR('',#8692,1.);
#8692 = DIRECTION('',(0.,0.,1.));
#8693 = ORIENTED_EDGE('',*,*,#8694,.F.);
#8694 = EDGE_CURVE('',#8654,#8687,#8695,.T.);
#8695 = LINE('',#8696,#8697);
#8696 = CARTESIAN_POINT('',(54.,5.5,-4.));
#8697 = VECTOR('',#8698,1.);
#8698 = DIRECTION('',(-0.,1.,0.));
#8699 = PLANE('',#8700);
#8700 = AXIS2_PLACEMENT_3D('',#8701,#8702,#8703);
#8701 = CARTESIAN_POINT('',(54.,13.,-6.1));
#8702 = DIRECTION('',(1.,0.,-0.));
#8703 = DIRECTION('',(0.,0.,1.));
#8704 = ADVANCED_FACE('',(#8705),#8723,.F.);
#8705 = FACE_BOUND('',#8706,.F.);
#8706 = EDGE_LOOP('',(#8707,#8708,#8709,#8717));
#8707 = ORIENTED_EDGE('',*,*,#8686,.F.);
#8708 = ORIENTED_EDGE('',*,*,#4086,.T.);
#8709 = ORIENTED_EDGE('',*,*,#8710,.T.);
#8710 = EDGE_CURVE('',#4079,#8711,#8713,.T.);
#8711 = VERTEX_POINT('',#8712);
#8712 = CARTESIAN_POINT('',(52.,43.,-4.));
#8713 = LINE('',#8714,#8715);
#8714 = CARTESIAN_POINT('',(52.,43.,-6.1));
#8715 = VECTOR('',#8716,1.);
#8716 = DIRECTION('',(0.,0.,1.));
#8717 = ORIENTED_EDGE('',*,*,#8718,.F.);
#8718 = EDGE_CURVE('',#8687,#8711,#8719,.T.);
#8719 = LINE('',#8720,#8721);
#8720 = CARTESIAN_POINT('',(25.5,43.,-4.));
#8721 = VECTOR('',#8722,1.);
#8722 = DIRECTION('',(-1.,-0.,0.));
#8723 = PLANE('',#8724);
#8724 = AXIS2_PLACEMENT_3D('',#8725,#8726,#8727);
#8725 = CARTESIAN_POINT('',(52.,43.,-6.1));
#8726 = DIRECTION('',(-0.,1.,0.));
#8727 = DIRECTION('',(0.,0.,1.));
#8728 = ADVANCED_FACE('',(#8729),#8740,.T.);
#8729 = FACE_BOUND('',#8730,.T.);
#8730 = EDGE_LOOP('',(#8731,#8732,#8733,#8734));
#8731 = ORIENTED_EDGE('',*,*,#8662,.F.);
#8732 = ORIENTED_EDGE('',*,*,#4078,.T.);
#8733 = ORIENTED_EDGE('',*,*,#8710,.T.);
#8734 = ORIENTED_EDGE('',*,*,#8735,.F.);
#8735 = EDGE_CURVE('',#8663,#8711,#8736,.T.);
#8736 = LINE('',#8737,#8738);
#8737 = CARTESIAN_POINT('',(52.,5.5,-4.));
#8738 = VECTOR('',#8739,1.);
#8739 = DIRECTION('',(-0.,1.,0.));
#8740 = PLANE('',#8741);
#8741 = AXIS2_PLACEMENT_3D('',#8742,#8743,#8744);
#8742 = CARTESIAN_POINT('',(52.,13.,-6.1));
#8743 = DIRECTION('',(1.,0.,-0.));
#8744 = DIRECTION('',(0.,0.,1.));
#8745 = ADVANCED_FACE('',(#8746),#8771,.T.);
#8746 = FACE_BOUND('',#8747,.T.);
#8747 = EDGE_LOOP('',(#8748,#8756,#8757,#8765));
#8748 = ORIENTED_EDGE('',*,*,#8749,.F.);
#8749 = EDGE_CURVE('',#4103,#8750,#8752,.T.);
#8750 = VERTEX_POINT('',#8751);
#8751 = CARTESIAN_POINT('',(58.,13.,-4.));
#8752 = LINE('',#8753,#8754);
#8753 = CARTESIAN_POINT('',(58.,13.,-6.1));
#8754 = VECTOR('',#8755,1.);
#8755 = DIRECTION('',(0.,0.,1.));
#8756 = ORIENTED_EDGE('',*,*,#4102,.T.);
#8757 = ORIENTED_EDGE('',*,*,#8758,.T.);
#8758 = EDGE_CURVE('',#4105,#8759,#8761,.T.);
#8759 = VERTEX_POINT('',#8760);
#8760 = CARTESIAN_POINT('',(56.,13.,-4.));
#8761 = LINE('',#8762,#8763);
#8762 = CARTESIAN_POINT('',(56.,13.,-6.1));
#8763 = VECTOR('',#8764,1.);
#8764 = DIRECTION('',(0.,0.,1.));
#8765 = ORIENTED_EDGE('',*,*,#8766,.F.);
#8766 = EDGE_CURVE('',#8750,#8759,#8767,.T.);
#8767 = LINE('',#8768,#8769);
#8768 = CARTESIAN_POINT('',(27.5,13.,-4.));
#8769 = VECTOR('',#8770,1.);
#8770 = DIRECTION('',(-1.,-0.,0.));
#8771 = PLANE('',#8772);
#8772 = AXIS2_PLACEMENT_3D('',#8773,#8774,#8775);
#8773 = CARTESIAN_POINT('',(56.,13.,-6.1));
#8774 = DIRECTION('',(-0.,1.,0.));
#8775 = DIRECTION('',(0.,0.,1.));
#8776 = ADVANCED_FACE('',(#8777),#8795,.F.);
#8777 = FACE_BOUND('',#8778,.F.);
#8778 = EDGE_LOOP('',(#8779,#8780,#8781,#8789));
#8779 = ORIENTED_EDGE('',*,*,#8749,.F.);
#8780 = ORIENTED_EDGE('',*,*,#4128,.T.);
#8781 = ORIENTED_EDGE('',*,*,#8782,.T.);
#8782 = EDGE_CURVE('',#4121,#8783,#8785,.T.);
#8783 = VERTEX_POINT('',#8784);
#8784 = CARTESIAN_POINT('',(58.,43.,-4.));
#8785 = LINE('',#8786,#8787);
#8786 = CARTESIAN_POINT('',(58.,43.,-6.1));
#8787 = VECTOR('',#8788,1.);
#8788 = DIRECTION('',(0.,0.,1.));
#8789 = ORIENTED_EDGE('',*,*,#8790,.F.);
#8790 = EDGE_CURVE('',#8750,#8783,#8791,.T.);
#8791 = LINE('',#8792,#8793);
#8792 = CARTESIAN_POINT('',(58.,5.5,-4.));
#8793 = VECTOR('',#8794,1.);
#8794 = DIRECTION('',(-0.,1.,0.));
#8795 = PLANE('',#8796);
#8796 = AXIS2_PLACEMENT_3D('',#8797,#8798,#8799);
#8797 = CARTESIAN_POINT('',(58.,13.,-6.1));
#8798 = DIRECTION('',(1.,0.,-0.));
#8799 = DIRECTION('',(0.,0.,1.));
#8800 = ADVANCED_FACE('',(#8801),#8819,.F.);
#8801 = FACE_BOUND('',#8802,.F.);
#8802 = EDGE_LOOP('',(#8803,#8804,#8805,#8813));
#8803 = ORIENTED_EDGE('',*,*,#8782,.F.);
#8804 = ORIENTED_EDGE('',*,*,#4120,.T.);
#8805 = ORIENTED_EDGE('',*,*,#8806,.T.);
#8806 = EDGE_CURVE('',#4113,#8807,#8809,.T.);
#8807 = VERTEX_POINT('',#8808);
#8808 = CARTESIAN_POINT('',(56.,43.,-4.));
#8809 = LINE('',#8810,#8811);
#8810 = CARTESIAN_POINT('',(56.,43.,-6.1));
#8811 = VECTOR('',#8812,1.);
#8812 = DIRECTION('',(0.,0.,1.));
#8813 = ORIENTED_EDGE('',*,*,#8814,.F.);
#8814 = EDGE_CURVE('',#8783,#8807,#8815,.T.);
#8815 = LINE('',#8816,#8817);
#8816 = CARTESIAN_POINT('',(27.5,43.,-4.));
#8817 = VECTOR('',#8818,1.);
#8818 = DIRECTION('',(-1.,-0.,0.));
#8819 = PLANE('',#8820);
#8820 = AXIS2_PLACEMENT_3D('',#8821,#8822,#8823);
#8821 = CARTESIAN_POINT('',(56.,43.,-6.1));
#8822 = DIRECTION('',(-0.,1.,0.));
#8823 = DIRECTION('',(0.,0.,1.));
#8824 = ADVANCED_FACE('',(#8825),#8836,.T.);
#8825 = FACE_BOUND('',#8826,.T.);
#8826 = EDGE_LOOP('',(#8827,#8828,#8829,#8830));
#8827 = ORIENTED_EDGE('',*,*,#8758,.F.);
#8828 = ORIENTED_EDGE('',*,*,#4112,.T.);
#8829 = ORIENTED_EDGE('',*,*,#8806,.T.);
#8830 = ORIENTED_EDGE('',*,*,#8831,.F.);
#8831 = EDGE_CURVE('',#8759,#8807,#8832,.T.);
#8832 = LINE('',#8833,#8834);
#8833 = CARTESIAN_POINT('',(56.,5.5,-4.));
#8834 = VECTOR('',#8835,1.);
#8835 = DIRECTION('',(-0.,1.,0.));
#8836 = PLANE('',#8837);
#8837 = AXIS2_PLACEMENT_3D('',#8838,#8839,#8840);
#8838 = CARTESIAN_POINT('',(56.,13.,-6.1));
#8839 = DIRECTION('',(1.,0.,-0.));
#8840 = DIRECTION('',(0.,0.,1.));
#8841 = ADVANCED_FACE('',(#8842),#8947,.F.);
#8842 = FACE_BOUND('',#8843,.F.);
#8843 = EDGE_LOOP('',(#8844,#8852,#8861,#8869,#8878,#8887,#8895,#8904,
    #8912,#8921,#8930,#8938,#8945,#8946));
#8844 = ORIENTED_EDGE('',*,*,#8845,.T.);
#8845 = EDGE_CURVE('',#4137,#8846,#8848,.T.);
#8846 = VERTEX_POINT('',#8847);
#8847 = CARTESIAN_POINT('',(64.1,52.5,-3.3));
#8848 = LINE('',#8849,#8850);
#8849 = CARTESIAN_POINT('',(64.1,52.5,-6.1));
#8850 = VECTOR('',#8851,1.);
#8851 = DIRECTION('',(0.,0.,1.));
#8852 = ORIENTED_EDGE('',*,*,#8853,.F.);
#8853 = EDGE_CURVE('',#8854,#8846,#8856,.T.);
#8854 = VERTEX_POINT('',#8855);
#8855 = CARTESIAN_POINT('',(62.95,50.341875814509,-3.3));
#8856 = CIRCLE('',#8857,2.6);
#8857 = AXIS2_PLACEMENT_3D('',#8858,#8859,#8860);
#8858 = CARTESIAN_POINT('',(61.5,52.5,-3.3));
#8859 = DIRECTION('',(0.,0.,1.));
#8860 = DIRECTION('',(1.,0.,-0.));
#8861 = ORIENTED_EDGE('',*,*,#8862,.F.);
#8862 = EDGE_CURVE('',#8863,#8854,#8865,.T.);
#8863 = VERTEX_POINT('',#8864);
#8864 = CARTESIAN_POINT('',(62.95,50.341875814509,-3.31));
#8865 = LINE('',#8866,#8867);
#8866 = CARTESIAN_POINT('',(62.95,50.341875814509,-6.1));
#8867 = VECTOR('',#8868,1.);
#8868 = DIRECTION('',(0.,0.,1.));
#8869 = ORIENTED_EDGE('',*,*,#8870,.F.);
#8870 = EDGE_CURVE('',#8871,#8863,#8873,.T.);
#8871 = VERTEX_POINT('',#8872);
#8872 = CARTESIAN_POINT('',(61.5,49.9,-3.31));
#8873 = CIRCLE('',#8874,2.6);
#8874 = AXIS2_PLACEMENT_3D('',#8875,#8876,#8877);
#8875 = CARTESIAN_POINT('',(61.5,52.5,-3.31));
#8876 = DIRECTION('',(0.,0.,1.));
#8877 = DIRECTION('',(1.,0.,-0.));
#8878 = ORIENTED_EDGE('',*,*,#8879,.F.);
#8879 = EDGE_CURVE('',#8880,#8871,#8882,.T.);
#8880 = VERTEX_POINT('',#8881);
#8881 = CARTESIAN_POINT('',(60.05,50.341875814509,-3.31));
#8882 = CIRCLE('',#8883,2.6);
#8883 = AXIS2_PLACEMENT_3D('',#8884,#8885,#8886);
#8884 = CARTESIAN_POINT('',(61.5,52.5,-3.31));
#8885 = DIRECTION('',(0.,0.,1.));
#8886 = DIRECTION('',(1.,0.,-0.));
#8887 = ORIENTED_EDGE('',*,*,#8888,.T.);
#8888 = EDGE_CURVE('',#8880,#8889,#8891,.T.);
#8889 = VERTEX_POINT('',#8890);
#8890 = CARTESIAN_POINT('',(60.05,50.341875814509,-3.3));
#8891 = LINE('',#8892,#8893);
#8892 = CARTESIAN_POINT('',(60.05,50.341875814509,-6.1));
#8893 = VECTOR('',#8894,1.);
#8894 = DIRECTION('',(0.,0.,1.));
#8895 = ORIENTED_EDGE('',*,*,#8896,.F.);
#8896 = EDGE_CURVE('',#8897,#8889,#8899,.T.);
#8897 = VERTEX_POINT('',#8898);
#8898 = CARTESIAN_POINT('',(60.05,54.658124185491,-3.3));
#8899 = CIRCLE('',#8900,2.6);
#8900 = AXIS2_PLACEMENT_3D('',#8901,#8902,#8903);
#8901 = CARTESIAN_POINT('',(61.5,52.5,-3.3));
#8902 = DIRECTION('',(0.,0.,1.));
#8903 = DIRECTION('',(1.,0.,-0.));
#8904 = ORIENTED_EDGE('',*,*,#8905,.F.);
#8905 = EDGE_CURVE('',#8906,#8897,#8908,.T.);
#8906 = VERTEX_POINT('',#8907);
#8907 = CARTESIAN_POINT('',(60.05,54.658124185491,-3.31));
#8908 = LINE('',#8909,#8910);
#8909 = CARTESIAN_POINT('',(60.05,54.658124185491,-6.1));
#8910 = VECTOR('',#8911,1.);
#8911 = DIRECTION('',(0.,0.,1.));
#8912 = ORIENTED_EDGE('',*,*,#8913,.F.);
#8913 = EDGE_CURVE('',#8914,#8906,#8916,.T.);
#8914 = VERTEX_POINT('',#8915);
#8915 = CARTESIAN_POINT('',(61.5,55.1,-3.31));
#8916 = CIRCLE('',#8917,2.6);
#8917 = AXIS2_PLACEMENT_3D('',#8918,#8919,#8920);
#8918 = CARTESIAN_POINT('',(61.5,52.5,-3.31));
#8919 = DIRECTION('',(0.,0.,1.));
#8920 = DIRECTION('',(1.,0.,-0.));
#8921 = ORIENTED_EDGE('',*,*,#8922,.F.);
#8922 = EDGE_CURVE('',#8923,#8914,#8925,.T.);
#8923 = VERTEX_POINT('',#8924);
#8924 = CARTESIAN_POINT('',(62.95,54.658124185491,-3.31));
#8925 = CIRCLE('',#8926,2.6);
#8926 = AXIS2_PLACEMENT_3D('',#8927,#8928,#8929);
#8927 = CARTESIAN_POINT('',(61.5,52.5,-3.31));
#8928 = DIRECTION('',(0.,0.,1.));
#8929 = DIRECTION('',(1.,0.,-0.));
#8930 = ORIENTED_EDGE('',*,*,#8931,.T.);
#8931 = EDGE_CURVE('',#8923,#8932,#8934,.T.);
#8932 = VERTEX_POINT('',#8933);
#8933 = CARTESIAN_POINT('',(62.95,54.658124185491,-3.3));
#8934 = LINE('',#8935,#8936);
#8935 = CARTESIAN_POINT('',(62.95,54.658124185491,-6.1));
#8936 = VECTOR('',#8937,1.);
#8937 = DIRECTION('',(0.,0.,1.));
#8938 = ORIENTED_EDGE('',*,*,#8939,.F.);
#8939 = EDGE_CURVE('',#8846,#8932,#8940,.T.);
#8940 = CIRCLE('',#8941,2.6);
#8941 = AXIS2_PLACEMENT_3D('',#8942,#8943,#8944);
#8942 = CARTESIAN_POINT('',(61.5,52.5,-3.3));
#8943 = DIRECTION('',(0.,0.,1.));
#8944 = DIRECTION('',(1.,0.,-0.));
#8945 = ORIENTED_EDGE('',*,*,#8845,.F.);
#8946 = ORIENTED_EDGE('',*,*,#4136,.T.);
#8947 = CYLINDRICAL_SURFACE('',#8948,2.6);
#8948 = AXIS2_PLACEMENT_3D('',#8949,#8950,#8951);
#8949 = CARTESIAN_POINT('',(61.5,52.5,-6.1));
#8950 = DIRECTION('',(0.,0.,1.));
#8951 = DIRECTION('',(1.,0.,-0.));
#8952 = ADVANCED_FACE('',(#8953),#8981,.F.);
#8953 = FACE_BOUND('',#8954,.F.);
#8954 = EDGE_LOOP('',(#8955,#8956,#8965,#8974));
#8955 = ORIENTED_EDGE('',*,*,#4195,.F.);
#8956 = ORIENTED_EDGE('',*,*,#8957,.F.);
#8957 = EDGE_CURVE('',#8958,#4196,#8960,.T.);
#8958 = VERTEX_POINT('',#8959);
#8959 = CARTESIAN_POINT('',(44.868807716975,64.7,12.368807716975));
#8960 = HYPERBOLA('',#8961,3.35,3.35);
#8961 = AXIS2_PLACEMENT_3D('',#8962,#8963,#8964);
#8962 = CARTESIAN_POINT('',(44.868807716975,61.35,12.368807716975));
#8963 = DIRECTION('',(0.707106781187,-0.,0.707106781187));
#8964 = DIRECTION('',(0.,1.,0.));
#8965 = ORIENTED_EDGE('',*,*,#8966,.T.);
#8966 = EDGE_CURVE('',#8958,#8967,#8969,.T.);
#8967 = VERTEX_POINT('',#8968);
#8968 = CARTESIAN_POINT('',(40.131192283025,64.7,12.368807716975));
#8969 = CIRCLE('',#8970,3.35);
#8970 = AXIS2_PLACEMENT_3D('',#8971,#8972,#8973);
#8971 = CARTESIAN_POINT('',(42.5,64.7,10.));
#8972 = DIRECTION('',(0.,1.,0.));
#8973 = DIRECTION('',(0.,-0.,1.));
#8974 = ORIENTED_EDGE('',*,*,#8975,.F.);
#8975 = EDGE_CURVE('',#4198,#8967,#8976,.T.);
#8976 = HYPERBOLA('',#8977,3.35,3.35);
#8977 = AXIS2_PLACEMENT_3D('',#8978,#8979,#8980);
#8978 = CARTESIAN_POINT('',(40.131192283025,61.35,12.368807716975));
#8979 = DIRECTION('',(-0.707106781187,0.,0.707106781187));
#8980 = DIRECTION('',(0.,1.,0.));
#8981 = CONICAL_SURFACE('',#8982,3.35,0.785398163397);
#8982 = AXIS2_PLACEMENT_3D('',#8983,#8984,#8985);
#8983 = CARTESIAN_POINT('',(42.5,64.7,10.));
#8984 = DIRECTION('',(0.,1.,0.));
#8985 = DIRECTION('',(0.,-0.,1.));
#8986 = ADVANCED_FACE('',(#8987),#9013,.F.);
#8987 = FACE_BOUND('',#8988,.F.);
#8988 = EDGE_LOOP('',(#8989,#8999,#9005,#9006,#9007));
#8989 = ORIENTED_EDGE('',*,*,#8990,.T.);
#8990 = EDGE_CURVE('',#8991,#8993,#8995,.T.);
#8991 = VERTEX_POINT('',#8992);
#8992 = CARTESIAN_POINT('',(40.131192283025,63.5,12.368807716975));
#8993 = VERTEX_POINT('',#8994);
#8994 = CARTESIAN_POINT('',(42.5,63.5,14.73761543395));
#8995 = LINE('',#8996,#8997);
#8996 = CARTESIAN_POINT('',(39.883096141513,63.5,12.120711575462));
#8997 = VECTOR('',#8998,1.);
#8998 = DIRECTION('',(0.707106781187,0.,0.707106781187));
#8999 = ORIENTED_EDGE('',*,*,#9000,.T.);
#9000 = EDGE_CURVE('',#8993,#4207,#9001,.T.);
#9001 = LINE('',#9002,#9003);
#9002 = CARTESIAN_POINT('',(42.5,56.3,14.73761543395));
#9003 = VECTOR('',#9004,1.);
#9004 = DIRECTION('',(0.,1.,0.));
#9005 = ORIENTED_EDGE('',*,*,#4214,.F.);
#9006 = ORIENTED_EDGE('',*,*,#8975,.T.);
#9007 = ORIENTED_EDGE('',*,*,#9008,.F.);
#9008 = EDGE_CURVE('',#8991,#8967,#9009,.T.);
#9009 = LINE('',#9010,#9011);
#9010 = CARTESIAN_POINT('',(40.131192283025,56.3,12.368807716975));
#9011 = VECTOR('',#9012,1.);
#9012 = DIRECTION('',(0.,1.,0.));
#9013 = PLANE('',#9014);
#9014 = AXIS2_PLACEMENT_3D('',#9015,#9016,#9017);
#9015 = CARTESIAN_POINT('',(42.5,56.3,14.73761543395));
#9016 = DIRECTION('',(-0.707106781187,0.,0.707106781187));
#9017 = DIRECTION('',(-0.707106781187,0.,-0.707106781187));
#9018 = ADVANCED_FACE('',(#9019),#9038,.F.);
#9019 = FACE_BOUND('',#9020,.F.);
#9020 = EDGE_LOOP('',(#9021,#9029,#9035,#9036,#9037));
#9021 = ORIENTED_EDGE('',*,*,#9022,.T.);
#9022 = EDGE_CURVE('',#8993,#9023,#9025,.T.);
#9023 = VERTEX_POINT('',#9024);
#9024 = CARTESIAN_POINT('',(44.868807716975,63.5,12.368807716975));
#9025 = LINE('',#9026,#9027);
#9026 = CARTESIAN_POINT('',(43.436307716975,63.5,13.801307716975));
#9027 = VECTOR('',#9028,1.);
#9028 = DIRECTION('',(0.707106781187,0.,-0.707106781187));
#9029 = ORIENTED_EDGE('',*,*,#9030,.T.);
#9030 = EDGE_CURVE('',#9023,#8958,#9031,.T.);
#9031 = LINE('',#9032,#9033);
#9032 = CARTESIAN_POINT('',(44.868807716975,56.3,12.368807716975));
#9033 = VECTOR('',#9034,1.);
#9034 = DIRECTION('',(0.,1.,0.));
#9035 = ORIENTED_EDGE('',*,*,#8957,.T.);
#9036 = ORIENTED_EDGE('',*,*,#4206,.F.);
#9037 = ORIENTED_EDGE('',*,*,#9000,.F.);
#9038 = PLANE('',#9039);
#9039 = AXIS2_PLACEMENT_3D('',#9040,#9041,#9042);
#9040 = CARTESIAN_POINT('',(44.868807716975,56.3,12.368807716975));
#9041 = DIRECTION('',(0.707106781187,-0.,0.707106781187));
#9042 = DIRECTION('',(-0.707106781187,0.,0.707106781187));
#9043 = ADVANCED_FACE('',(#9044),#9060,.F.);
#9044 = FACE_BOUND('',#9045,.F.);
#9045 = EDGE_LOOP('',(#9046,#9052,#9053,#9059));
#9046 = ORIENTED_EDGE('',*,*,#9047,.F.);
#9047 = EDGE_CURVE('',#5376,#4311,#9048,.T.);
#9048 = LINE('',#9049,#9050);
#9049 = CARTESIAN_POINT('',(85.9,37.2,-1.5));
#9050 = VECTOR('',#9051,1.);
#9051 = DIRECTION('',(1.,0.,-0.));
#9052 = ORIENTED_EDGE('',*,*,#5375,.T.);
#9053 = ORIENTED_EDGE('',*,*,#9054,.T.);
#9054 = EDGE_CURVE('',#5378,#4313,#9055,.T.);
#9055 = LINE('',#9056,#9057);
#9056 = CARTESIAN_POINT('',(85.9,38.,-2.3));
#9057 = VECTOR('',#9058,1.);
#9058 = DIRECTION('',(1.,0.,-0.));
#9059 = ORIENTED_EDGE('',*,*,#4310,.F.);
#9060 = CYLINDRICAL_SURFACE('',#9061,0.8);
#9061 = AXIS2_PLACEMENT_3D('',#9062,#9063,#9064);
#9062 = CARTESIAN_POINT('',(85.9,38.,-1.5));
#9063 = DIRECTION('',(1.,0.,-0.));
#9064 = DIRECTION('',(0.,-1.,0.));
#9065 = ADVANCED_FACE('',(#9066),#9077,.T.);
#9066 = FACE_BOUND('',#9067,.T.);
#9067 = EDGE_LOOP('',(#9068,#9069,#9070,#9071));
#9068 = ORIENTED_EDGE('',*,*,#5437,.T.);
#9069 = ORIENTED_EDGE('',*,*,#9054,.T.);
#9070 = ORIENTED_EDGE('',*,*,#4372,.F.);
#9071 = ORIENTED_EDGE('',*,*,#9072,.F.);
#9072 = EDGE_CURVE('',#5429,#4364,#9073,.T.);
#9073 = LINE('',#9074,#9075);
#9074 = CARTESIAN_POINT('',(85.9,53.5,-2.3));
#9075 = VECTOR('',#9076,1.);
#9076 = DIRECTION('',(1.,0.,-0.));
#9077 = PLANE('',#9078);
#9078 = AXIS2_PLACEMENT_3D('',#9079,#9080,#9081);
#9079 = CARTESIAN_POINT('',(85.9,37.2,-2.3));
#9080 = DIRECTION('',(0.,0.,1.));
#9081 = DIRECTION('',(1.,0.,-0.));
#9082 = ADVANCED_FACE('',(#9083),#9094,.F.);
#9083 = FACE_BOUND('',#9084,.T.);
#9084 = EDGE_LOOP('',(#9085,#9091,#9092,#9093));
#9085 = ORIENTED_EDGE('',*,*,#9086,.F.);
#9086 = EDGE_CURVE('',#5421,#4356,#9087,.T.);
#9087 = LINE('',#9088,#9089);
#9088 = CARTESIAN_POINT('',(85.9,54.3,-1.5));
#9089 = VECTOR('',#9090,1.);
#9090 = DIRECTION('',(1.,0.,-0.));
#9091 = ORIENTED_EDGE('',*,*,#5428,.F.);
#9092 = ORIENTED_EDGE('',*,*,#9072,.T.);
#9093 = ORIENTED_EDGE('',*,*,#4363,.T.);
#9094 = CYLINDRICAL_SURFACE('',#9095,0.8);
#9095 = AXIS2_PLACEMENT_3D('',#9096,#9097,#9098);
#9096 = CARTESIAN_POINT('',(85.9,53.5,-1.5));
#9097 = DIRECTION('',(1.,0.,-0.));
#9098 = DIRECTION('',(0.,1.,0.));
#9099 = ADVANCED_FACE('',(#9100),#9111,.F.);
#9100 = FACE_BOUND('',#9101,.F.);
#9101 = EDGE_LOOP('',(#9102,#9103,#9104,#9105));
#9102 = ORIENTED_EDGE('',*,*,#4355,.F.);
#9103 = ORIENTED_EDGE('',*,*,#9086,.F.);
#9104 = ORIENTED_EDGE('',*,*,#5420,.T.);
#9105 = ORIENTED_EDGE('',*,*,#9106,.T.);
#9106 = EDGE_CURVE('',#5412,#4347,#9107,.T.);
#9107 = LINE('',#9108,#9109);
#9108 = CARTESIAN_POINT('',(85.9,54.3,15.));
#9109 = VECTOR('',#9110,1.);
#9110 = DIRECTION('',(1.,0.,-0.));
#9111 = PLANE('',#9112);
#9112 = AXIS2_PLACEMENT_3D('',#9113,#9114,#9115);
#9113 = CARTESIAN_POINT('',(85.9,54.3,-2.3));
#9114 = DIRECTION('',(-0.,1.,0.));
#9115 = DIRECTION('',(0.,0.,1.));
#9116 = ADVANCED_FACE('',(#9117),#9128,.F.);
#9117 = FACE_BOUND('',#9118,.F.);
#9118 = EDGE_LOOP('',(#9119,#9120,#9121,#9127));
#9119 = ORIENTED_EDGE('',*,*,#9106,.F.);
#9120 = ORIENTED_EDGE('',*,*,#5411,.T.);
#9121 = ORIENTED_EDGE('',*,*,#9122,.T.);
#9122 = EDGE_CURVE('',#5404,#4339,#9123,.T.);
#9123 = LINE('',#9124,#9125);
#9124 = CARTESIAN_POINT('',(85.9,53.5,15.8));
#9125 = VECTOR('',#9126,1.);
#9126 = DIRECTION('',(1.,0.,-0.));
#9127 = ORIENTED_EDGE('',*,*,#4346,.F.);
#9128 = CYLINDRICAL_SURFACE('',#9129,0.8);
#9129 = AXIS2_PLACEMENT_3D('',#9130,#9131,#9132);
#9130 = CARTESIAN_POINT('',(85.9,53.5,15.));
#9131 = DIRECTION('',(1.,0.,-0.));
#9132 = DIRECTION('',(0.,1.,0.));
#9133 = ADVANCED_FACE('',(#9134),#9145,.F.);
#9134 = FACE_BOUND('',#9135,.F.);
#9135 = EDGE_LOOP('',(#9136,#9137,#9143,#9144));
#9136 = ORIENTED_EDGE('',*,*,#5403,.T.);
#9137 = ORIENTED_EDGE('',*,*,#9138,.T.);
#9138 = EDGE_CURVE('',#5395,#4330,#9139,.T.);
#9139 = LINE('',#9140,#9141);
#9140 = CARTESIAN_POINT('',(85.9,38.,15.8));
#9141 = VECTOR('',#9142,1.);
#9142 = DIRECTION('',(1.,0.,-0.));
#9143 = ORIENTED_EDGE('',*,*,#4338,.F.);
#9144 = ORIENTED_EDGE('',*,*,#9122,.F.);
#9145 = PLANE('',#9146);
#9146 = AXIS2_PLACEMENT_3D('',#9147,#9148,#9149);
#9147 = CARTESIAN_POINT('',(85.9,37.2,15.8));
#9148 = DIRECTION('',(0.,0.,1.));
#9149 = DIRECTION('',(1.,0.,-0.));
#9150 = ADVANCED_FACE('',(#9151),#9162,.F.);
#9151 = FACE_BOUND('',#9152,.T.);
#9152 = EDGE_LOOP('',(#9153,#9159,#9160,#9161));
#9153 = ORIENTED_EDGE('',*,*,#9154,.F.);
#9154 = EDGE_CURVE('',#5387,#4322,#9155,.T.);
#9155 = LINE('',#9156,#9157);
#9156 = CARTESIAN_POINT('',(85.9,37.2,15.));
#9157 = VECTOR('',#9158,1.);
#9158 = DIRECTION('',(1.,0.,-0.));
#9159 = ORIENTED_EDGE('',*,*,#5394,.F.);
#9160 = ORIENTED_EDGE('',*,*,#9138,.T.);
#9161 = ORIENTED_EDGE('',*,*,#4329,.T.);
#9162 = CYLINDRICAL_SURFACE('',#9163,0.8);
#9163 = AXIS2_PLACEMENT_3D('',#9164,#9165,#9166);
#9164 = CARTESIAN_POINT('',(85.9,38.,15.));
#9165 = DIRECTION('',(1.,0.,-0.));
#9166 = DIRECTION('',(0.,-1.,0.));
#9167 = ADVANCED_FACE('',(#9168),#9174,.T.);
#9168 = FACE_BOUND('',#9169,.T.);
#9169 = EDGE_LOOP('',(#9170,#9171,#9172,#9173));
#9170 = ORIENTED_EDGE('',*,*,#4321,.F.);
#9171 = ORIENTED_EDGE('',*,*,#9047,.F.);
#9172 = ORIENTED_EDGE('',*,*,#5386,.T.);
#9173 = ORIENTED_EDGE('',*,*,#9154,.T.);
#9174 = PLANE('',#9175);
#9175 = AXIS2_PLACEMENT_3D('',#9176,#9177,#9178);
#9176 = CARTESIAN_POINT('',(85.9,37.2,-2.3));
#9177 = DIRECTION('',(-0.,1.,0.));
#9178 = DIRECTION('',(0.,0.,1.));
#9179 = ADVANCED_FACE('',(#9180),#9196,.F.);
#9180 = FACE_BOUND('',#9181,.F.);
#9181 = EDGE_LOOP('',(#9182,#9188,#9189,#9195));
#9182 = ORIENTED_EDGE('',*,*,#9183,.F.);
#9183 = EDGE_CURVE('',#5446,#4381,#9184,.T.);
#9184 = LINE('',#9185,#9186);
#9185 = CARTESIAN_POINT('',(85.9,0.83,-1.5));
#9186 = VECTOR('',#9187,1.);
#9187 = DIRECTION('',(1.,0.,-0.));
#9188 = ORIENTED_EDGE('',*,*,#5445,.T.);
#9189 = ORIENTED_EDGE('',*,*,#9190,.T.);
#9190 = EDGE_CURVE('',#5448,#4383,#9191,.T.);
#9191 = LINE('',#9192,#9193);
#9192 = CARTESIAN_POINT('',(85.9,1.63,-2.3));
#9193 = VECTOR('',#9194,1.);
#9194 = DIRECTION('',(1.,0.,-0.));
#9195 = ORIENTED_EDGE('',*,*,#4380,.F.);
#9196 = CYLINDRICAL_SURFACE('',#9197,0.8);
#9197 = AXIS2_PLACEMENT_3D('',#9198,#9199,#9200);
#9198 = CARTESIAN_POINT('',(85.9,1.63,-1.5));
#9199 = DIRECTION('',(1.,0.,-0.));
#9200 = DIRECTION('',(0.,-1.,0.));
#9201 = ADVANCED_FACE('',(#9202),#9213,.T.);
#9202 = FACE_BOUND('',#9203,.T.);
#9203 = EDGE_LOOP('',(#9204,#9205,#9206,#9207));
#9204 = ORIENTED_EDGE('',*,*,#5507,.T.);
#9205 = ORIENTED_EDGE('',*,*,#9190,.T.);
#9206 = ORIENTED_EDGE('',*,*,#4442,.F.);
#9207 = ORIENTED_EDGE('',*,*,#9208,.F.);
#9208 = EDGE_CURVE('',#5499,#4434,#9209,.T.);
#9209 = LINE('',#9210,#9211);
#9210 = CARTESIAN_POINT('',(85.9,16.37,-2.3));
#9211 = VECTOR('',#9212,1.);
#9212 = DIRECTION('',(1.,0.,-0.));
#9213 = PLANE('',#9214);
#9214 = AXIS2_PLACEMENT_3D('',#9215,#9216,#9217);
#9215 = CARTESIAN_POINT('',(85.9,0.83,-2.3));
#9216 = DIRECTION('',(0.,0.,1.));
#9217 = DIRECTION('',(1.,0.,-0.));
#9218 = ADVANCED_FACE('',(#9219),#9230,.F.);
#9219 = FACE_BOUND('',#9220,.T.);
#9220 = EDGE_LOOP('',(#9221,#9227,#9228,#9229));
#9221 = ORIENTED_EDGE('',*,*,#9222,.F.);
#9222 = EDGE_CURVE('',#5491,#4426,#9223,.T.);
#9223 = LINE('',#9224,#9225);
#9224 = CARTESIAN_POINT('',(85.9,17.17,-1.5));
#9225 = VECTOR('',#9226,1.);
#9226 = DIRECTION('',(1.,0.,-0.));
#9227 = ORIENTED_EDGE('',*,*,#5498,.F.);
#9228 = ORIENTED_EDGE('',*,*,#9208,.T.);
#9229 = ORIENTED_EDGE('',*,*,#4433,.T.);
#9230 = CYLINDRICAL_SURFACE('',#9231,0.8);
#9231 = AXIS2_PLACEMENT_3D('',#9232,#9233,#9234);
#9232 = CARTESIAN_POINT('',(85.9,16.37,-1.5));
#9233 = DIRECTION('',(1.,0.,-0.));
#9234 = DIRECTION('',(0.,1.,0.));
#9235 = ADVANCED_FACE('',(#9236),#9247,.F.);
#9236 = FACE_BOUND('',#9237,.F.);
#9237 = EDGE_LOOP('',(#9238,#9239,#9240,#9241));
#9238 = ORIENTED_EDGE('',*,*,#4425,.F.);
#9239 = ORIENTED_EDGE('',*,*,#9222,.F.);
#9240 = ORIENTED_EDGE('',*,*,#5490,.T.);
#9241 = ORIENTED_EDGE('',*,*,#9242,.T.);
#9242 = EDGE_CURVE('',#5482,#4417,#9243,.T.);
#9243 = LINE('',#9244,#9245);
#9244 = CARTESIAN_POINT('',(85.9,17.17,17.35));
#9245 = VECTOR('',#9246,1.);
#9246 = DIRECTION('',(1.,0.,-0.));
#9247 = PLANE('',#9248);
#9248 = AXIS2_PLACEMENT_3D('',#9249,#9250,#9251);
#9249 = CARTESIAN_POINT('',(85.9,17.17,-2.3));
#9250 = DIRECTION('',(-0.,1.,0.));
#9251 = DIRECTION('',(0.,0.,1.));
#9252 = ADVANCED_FACE('',(#9253),#9264,.F.);
#9253 = FACE_BOUND('',#9254,.F.);
#9254 = EDGE_LOOP('',(#9255,#9256,#9257,#9263));
#9255 = ORIENTED_EDGE('',*,*,#9242,.F.);
#9256 = ORIENTED_EDGE('',*,*,#5481,.T.);
#9257 = ORIENTED_EDGE('',*,*,#9258,.T.);
#9258 = EDGE_CURVE('',#5474,#4409,#9259,.T.);
#9259 = LINE('',#9260,#9261);
#9260 = CARTESIAN_POINT('',(85.9,16.37,18.15));
#9261 = VECTOR('',#9262,1.);
#9262 = DIRECTION('',(1.,0.,-0.));
#9263 = ORIENTED_EDGE('',*,*,#4416,.F.);
#9264 = CYLINDRICAL_SURFACE('',#9265,0.8);
#9265 = AXIS2_PLACEMENT_3D('',#9266,#9267,#9268);
#9266 = CARTESIAN_POINT('',(85.9,16.37,17.35));
#9267 = DIRECTION('',(1.,0.,-0.));
#9268 = DIRECTION('',(0.,1.,0.));
#9269 = ADVANCED_FACE('',(#9270),#9281,.F.);
#9270 = FACE_BOUND('',#9271,.F.);
#9271 = EDGE_LOOP('',(#9272,#9273,#9279,#9280));
#9272 = ORIENTED_EDGE('',*,*,#5473,.T.);
#9273 = ORIENTED_EDGE('',*,*,#9274,.T.);
#9274 = EDGE_CURVE('',#5465,#4400,#9275,.T.);
#9275 = LINE('',#9276,#9277);
#9276 = CARTESIAN_POINT('',(85.9,1.63,18.15));
#9277 = VECTOR('',#9278,1.);
#9278 = DIRECTION('',(1.,0.,-0.));
#9279 = ORIENTED_EDGE('',*,*,#4408,.F.);
#9280 = ORIENTED_EDGE('',*,*,#9258,.F.);
#9281 = PLANE('',#9282);
#9282 = AXIS2_PLACEMENT_3D('',#9283,#9284,#9285);
#9283 = CARTESIAN_POINT('',(85.9,0.83,18.15));
#9284 = DIRECTION('',(0.,0.,1.));
#9285 = DIRECTION('',(1.,0.,-0.));
#9286 = ADVANCED_FACE('',(#9287),#9298,.F.);
#9287 = FACE_BOUND('',#9288,.T.);
#9288 = EDGE_LOOP('',(#9289,#9295,#9296,#9297));
#9289 = ORIENTED_EDGE('',*,*,#9290,.F.);
#9290 = EDGE_CURVE('',#5457,#4392,#9291,.T.);
#9291 = LINE('',#9292,#9293);
#9292 = CARTESIAN_POINT('',(85.9,0.83,17.35));
#9293 = VECTOR('',#9294,1.);
#9294 = DIRECTION('',(1.,0.,-0.));
#9295 = ORIENTED_EDGE('',*,*,#5464,.F.);
#9296 = ORIENTED_EDGE('',*,*,#9274,.T.);
#9297 = ORIENTED_EDGE('',*,*,#4399,.T.);
#9298 = CYLINDRICAL_SURFACE('',#9299,0.8);
#9299 = AXIS2_PLACEMENT_3D('',#9300,#9301,#9302);
#9300 = CARTESIAN_POINT('',(85.9,1.63,17.35));
#9301 = DIRECTION('',(1.,0.,-0.));
#9302 = DIRECTION('',(0.,-1.,0.));
#9303 = ADVANCED_FACE('',(#9304),#9310,.T.);
#9304 = FACE_BOUND('',#9305,.T.);
#9305 = EDGE_LOOP('',(#9306,#9307,#9308,#9309));
#9306 = ORIENTED_EDGE('',*,*,#4391,.F.);
#9307 = ORIENTED_EDGE('',*,*,#9183,.F.);
#9308 = ORIENTED_EDGE('',*,*,#5456,.T.);
#9309 = ORIENTED_EDGE('',*,*,#9290,.T.);
#9310 = PLANE('',#9311);
#9311 = AXIS2_PLACEMENT_3D('',#9312,#9313,#9314);
#9312 = CARTESIAN_POINT('',(85.9,0.83,-2.3));
#9313 = DIRECTION('',(-0.,1.,0.));
#9314 = DIRECTION('',(0.,0.,1.));
#9315 = ADVANCED_FACE('',(#9316),#9332,.F.);
#9316 = FACE_BOUND('',#9317,.F.);
#9317 = EDGE_LOOP('',(#9318,#9324,#9325,#9331));
#9318 = ORIENTED_EDGE('',*,*,#9319,.F.);
#9319 = EDGE_CURVE('',#5516,#4451,#9320,.T.);
#9320 = LINE('',#9321,#9322);
#9321 = CARTESIAN_POINT('',(85.9,18.7,-1.13));
#9322 = VECTOR('',#9323,1.);
#9323 = DIRECTION('',(1.,0.,-0.));
#9324 = ORIENTED_EDGE('',*,*,#5515,.T.);
#9325 = ORIENTED_EDGE('',*,*,#9326,.T.);
#9326 = EDGE_CURVE('',#5518,#4453,#9327,.T.);
#9327 = LINE('',#9328,#9329);
#9328 = CARTESIAN_POINT('',(85.9,19.5,-1.93));
#9329 = VECTOR('',#9330,1.);
#9330 = DIRECTION('',(1.,0.,-0.));
#9331 = ORIENTED_EDGE('',*,*,#4450,.F.);
#9332 = CYLINDRICAL_SURFACE('',#9333,0.8);
#9333 = AXIS2_PLACEMENT_3D('',#9334,#9335,#9336);
#9334 = CARTESIAN_POINT('',(85.9,19.5,-1.13));
#9335 = DIRECTION('',(1.,0.,-0.));
#9336 = DIRECTION('',(0.,-1.,0.));
#9337 = ADVANCED_FACE('',(#9338),#9349,.T.);
#9338 = FACE_BOUND('',#9339,.T.);
#9339 = EDGE_LOOP('',(#9340,#9341,#9342,#9343));
#9340 = ORIENTED_EDGE('',*,*,#5577,.T.);
#9341 = ORIENTED_EDGE('',*,*,#9326,.T.);
#9342 = ORIENTED_EDGE('',*,*,#4512,.F.);
#9343 = ORIENTED_EDGE('',*,*,#9344,.F.);
#9344 = EDGE_CURVE('',#5569,#4504,#9345,.T.);
#9345 = LINE('',#9346,#9347);
#9346 = CARTESIAN_POINT('',(85.9,34.5,-1.93));
#9347 = VECTOR('',#9348,1.);
#9348 = DIRECTION('',(1.,0.,-0.));
#9349 = PLANE('',#9350);
#9350 = AXIS2_PLACEMENT_3D('',#9351,#9352,#9353);
#9351 = CARTESIAN_POINT('',(85.9,18.7,-1.93));
#9352 = DIRECTION('',(0.,0.,1.));
#9353 = DIRECTION('',(1.,0.,-0.));
#9354 = ADVANCED_FACE('',(#9355),#9366,.F.);
#9355 = FACE_BOUND('',#9356,.T.);
#9356 = EDGE_LOOP('',(#9357,#9363,#9364,#9365));
#9357 = ORIENTED_EDGE('',*,*,#9358,.F.);
#9358 = EDGE_CURVE('',#5561,#4496,#9359,.T.);
#9359 = LINE('',#9360,#9361);
#9360 = CARTESIAN_POINT('',(85.9,35.3,-1.13));
#9361 = VECTOR('',#9362,1.);
#9362 = DIRECTION('',(1.,0.,-0.));
#9363 = ORIENTED_EDGE('',*,*,#5568,.F.);
#9364 = ORIENTED_EDGE('',*,*,#9344,.T.);
#9365 = ORIENTED_EDGE('',*,*,#4503,.T.);
#9366 = CYLINDRICAL_SURFACE('',#9367,0.8);
#9367 = AXIS2_PLACEMENT_3D('',#9368,#9369,#9370);
#9368 = CARTESIAN_POINT('',(85.9,34.5,-1.13));
#9369 = DIRECTION('',(1.,0.,-0.));
#9370 = DIRECTION('',(0.,1.,0.));
#9371 = ADVANCED_FACE('',(#9372),#9383,.F.);
#9372 = FACE_BOUND('',#9373,.F.);
#9373 = EDGE_LOOP('',(#9374,#9375,#9376,#9377));
#9374 = ORIENTED_EDGE('',*,*,#4495,.F.);
#9375 = ORIENTED_EDGE('',*,*,#9358,.F.);
#9376 = ORIENTED_EDGE('',*,*,#5560,.T.);
#9377 = ORIENTED_EDGE('',*,*,#9378,.T.);
#9378 = EDGE_CURVE('',#5552,#4487,#9379,.T.);
#9379 = LINE('',#9380,#9381);
#9380 = CARTESIAN_POINT('',(85.9,35.3,17.69));
#9381 = VECTOR('',#9382,1.);
#9382 = DIRECTION('',(1.,0.,-0.));
#9383 = PLANE('',#9384);
#9384 = AXIS2_PLACEMENT_3D('',#9385,#9386,#9387);
#9385 = CARTESIAN_POINT('',(85.9,35.3,-1.93));
#9386 = DIRECTION('',(-0.,1.,0.));
#9387 = DIRECTION('',(0.,0.,1.));
#9388 = ADVANCED_FACE('',(#9389),#9400,.F.);
#9389 = FACE_BOUND('',#9390,.F.);
#9390 = EDGE_LOOP('',(#9391,#9392,#9393,#9399));
#9391 = ORIENTED_EDGE('',*,*,#9378,.F.);
#9392 = ORIENTED_EDGE('',*,*,#5551,.T.);
#9393 = ORIENTED_EDGE('',*,*,#9394,.T.);
#9394 = EDGE_CURVE('',#5544,#4479,#9395,.T.);
#9395 = LINE('',#9396,#9397);
#9396 = CARTESIAN_POINT('',(85.9,34.5,18.49));
#9397 = VECTOR('',#9398,1.);
#9398 = DIRECTION('',(1.,0.,-0.));
#9399 = ORIENTED_EDGE('',*,*,#4486,.F.);
#9400 = CYLINDRICAL_SURFACE('',#9401,0.8);
#9401 = AXIS2_PLACEMENT_3D('',#9402,#9403,#9404);
#9402 = CARTESIAN_POINT('',(85.9,34.5,17.69));
#9403 = DIRECTION('',(1.,0.,-0.));
#9404 = DIRECTION('',(0.,1.,0.));
#9405 = ADVANCED_FACE('',(#9406),#9417,.F.);
#9406 = FACE_BOUND('',#9407,.F.);
#9407 = EDGE_LOOP('',(#9408,#9409,#9415,#9416));
#9408 = ORIENTED_EDGE('',*,*,#5543,.T.);
#9409 = ORIENTED_EDGE('',*,*,#9410,.T.);
#9410 = EDGE_CURVE('',#5535,#4470,#9411,.T.);
#9411 = LINE('',#9412,#9413);
#9412 = CARTESIAN_POINT('',(85.9,19.5,18.49));
#9413 = VECTOR('',#9414,1.);
#9414 = DIRECTION('',(1.,0.,-0.));
#9415 = ORIENTED_EDGE('',*,*,#4478,.F.);
#9416 = ORIENTED_EDGE('',*,*,#9394,.F.);
#9417 = PLANE('',#9418);
#9418 = AXIS2_PLACEMENT_3D('',#9419,#9420,#9421);
#9419 = CARTESIAN_POINT('',(85.9,18.7,18.49));
#9420 = DIRECTION('',(0.,0.,1.));
#9421 = DIRECTION('',(1.,0.,-0.));
#9422 = ADVANCED_FACE('',(#9423),#9434,.F.);
#9423 = FACE_BOUND('',#9424,.T.);
#9424 = EDGE_LOOP('',(#9425,#9431,#9432,#9433));
#9425 = ORIENTED_EDGE('',*,*,#9426,.F.);
#9426 = EDGE_CURVE('',#5527,#4462,#9427,.T.);
#9427 = LINE('',#9428,#9429);
#9428 = CARTESIAN_POINT('',(85.9,18.7,17.69));
#9429 = VECTOR('',#9430,1.);
#9430 = DIRECTION('',(1.,0.,-0.));
#9431 = ORIENTED_EDGE('',*,*,#5534,.F.);
#9432 = ORIENTED_EDGE('',*,*,#9410,.T.);
#9433 = ORIENTED_EDGE('',*,*,#4469,.T.);
#9434 = CYLINDRICAL_SURFACE('',#9435,0.8);
#9435 = AXIS2_PLACEMENT_3D('',#9436,#9437,#9438);
#9436 = CARTESIAN_POINT('',(85.9,19.5,17.69));
#9437 = DIRECTION('',(1.,0.,-0.));
#9438 = DIRECTION('',(0.,-1.,0.));
#9439 = ADVANCED_FACE('',(#9440),#9446,.T.);
#9440 = FACE_BOUND('',#9441,.T.);
#9441 = EDGE_LOOP('',(#9442,#9443,#9444,#9445));
#9442 = ORIENTED_EDGE('',*,*,#4461,.F.);
#9443 = ORIENTED_EDGE('',*,*,#9319,.F.);
#9444 = ORIENTED_EDGE('',*,*,#5526,.T.);
#9445 = ORIENTED_EDGE('',*,*,#9426,.T.);
#9446 = PLANE('',#9447);
#9447 = AXIS2_PLACEMENT_3D('',#9448,#9449,#9450);
#9448 = CARTESIAN_POINT('',(85.9,18.7,-1.93));
#9449 = DIRECTION('',(-0.,1.,0.));
#9450 = DIRECTION('',(0.,0.,1.));
#9451 = ADVANCED_FACE('',(#9452,#9485,#9496,#9507,#9513,#9519,#9525,
    #9531,#9537,#9548,#9554,#9560,#9566,#9572,#9578,#9584,#9590),#9601,
  .T.);
#9452 = FACE_BOUND('',#9453,.T.);
#9453 = EDGE_LOOP('',(#9454,#9455,#9456,#9457,#9458,#9459,#9460,#9461,
    #9469,#9477,#9483,#9484));
#9454 = ORIENTED_EDGE('',*,*,#5664,.F.);
#9455 = ORIENTED_EDGE('',*,*,#4536,.T.);
#9456 = ORIENTED_EDGE('',*,*,#4575,.T.);
#9457 = ORIENTED_EDGE('',*,*,#5327,.F.);
#9458 = ORIENTED_EDGE('',*,*,#5359,.T.);
#9459 = ORIENTED_EDGE('',*,*,#5592,.T.);
#9460 = ORIENTED_EDGE('',*,*,#5624,.F.);
#9461 = ORIENTED_EDGE('',*,*,#9462,.F.);
#9462 = EDGE_CURVE('',#9463,#5625,#9465,.T.);
#9463 = VERTEX_POINT('',#9464);
#9464 = CARTESIAN_POINT('',(50.2,56.4,-4.));
#9465 = LINE('',#9466,#9467);
#9466 = CARTESIAN_POINT('',(50.2,27.2,-4.));
#9467 = VECTOR('',#9468,1.);
#9468 = DIRECTION('',(-0.,1.,0.));
#9469 = ORIENTED_EDGE('',*,*,#9470,.T.);
#9470 = EDGE_CURVE('',#9463,#9471,#9473,.T.);
#9471 = VERTEX_POINT('',#9472);
#9472 = CARTESIAN_POINT('',(34.8,56.4,-4.));
#9473 = LINE('',#9474,#9475);
#9474 = CARTESIAN_POINT('',(16.9,56.4,-4.));
#9475 = VECTOR('',#9476,1.);
#9476 = DIRECTION('',(-1.,-0.,0.));
#9477 = ORIENTED_EDGE('',*,*,#9478,.T.);
#9478 = EDGE_CURVE('',#9471,#5813,#9479,.T.);
#9479 = LINE('',#9480,#9481);
#9480 = CARTESIAN_POINT('',(34.8,27.2,-4.));
#9481 = VECTOR('',#9482,1.);
#9482 = DIRECTION('',(-0.,1.,0.));
#9483 = ORIENTED_EDGE('',*,*,#5810,.F.);
#9484 = ORIENTED_EDGE('',*,*,#5851,.F.);
#9485 = FACE_BOUND('',#9486,.T.);
#9486 = EDGE_LOOP('',(#9487));
#9487 = ORIENTED_EDGE('',*,*,#9488,.F.);
#9488 = EDGE_CURVE('',#9489,#9489,#9491,.T.);
#9489 = VERTEX_POINT('',#9490);
#9490 = CARTESIAN_POINT('',(6.5,3.5,-4.));
#9491 = CIRCLE('',#9492,3.);
#9492 = AXIS2_PLACEMENT_3D('',#9493,#9494,#9495);
#9493 = CARTESIAN_POINT('',(3.5,3.5,-4.));
#9494 = DIRECTION('',(0.,0.,1.));
#9495 = DIRECTION('',(1.,0.,-0.));
#9496 = FACE_BOUND('',#9497,.T.);
#9497 = EDGE_LOOP('',(#9498));
#9498 = ORIENTED_EDGE('',*,*,#9499,.F.);
#9499 = EDGE_CURVE('',#9500,#9500,#9502,.T.);
#9500 = VERTEX_POINT('',#9501);
#9501 = CARTESIAN_POINT('',(64.5,3.5,-4.));
#9502 = CIRCLE('',#9503,3.);
#9503 = AXIS2_PLACEMENT_3D('',#9504,#9505,#9506);
#9504 = CARTESIAN_POINT('',(61.5,3.5,-4.));
#9505 = DIRECTION('',(0.,0.,1.));
#9506 = DIRECTION('',(1.,0.,-0.));
#9507 = FACE_BOUND('',#9508,.T.);
#9508 = EDGE_LOOP('',(#9509,#9510,#9511,#9512));
#9509 = ORIENTED_EDGE('',*,*,#7599,.T.);
#9510 = ORIENTED_EDGE('',*,*,#7664,.T.);
#9511 = ORIENTED_EDGE('',*,*,#7647,.F.);
#9512 = ORIENTED_EDGE('',*,*,#7623,.F.);
#9513 = FACE_BOUND('',#9514,.T.);
#9514 = EDGE_LOOP('',(#9515,#9516,#9517,#9518));
#9515 = ORIENTED_EDGE('',*,*,#7695,.T.);
#9516 = ORIENTED_EDGE('',*,*,#7760,.T.);
#9517 = ORIENTED_EDGE('',*,*,#7743,.F.);
#9518 = ORIENTED_EDGE('',*,*,#7719,.F.);
#9519 = FACE_BOUND('',#9520,.T.);
#9520 = EDGE_LOOP('',(#9521,#9522,#9523,#9524));
#9521 = ORIENTED_EDGE('',*,*,#7791,.T.);
#9522 = ORIENTED_EDGE('',*,*,#7856,.T.);
#9523 = ORIENTED_EDGE('',*,*,#7839,.F.);
#9524 = ORIENTED_EDGE('',*,*,#7815,.F.);
#9525 = FACE_BOUND('',#9526,.T.);
#9526 = EDGE_LOOP('',(#9527,#9528,#9529,#9530));
#9527 = ORIENTED_EDGE('',*,*,#7887,.T.);
#9528 = ORIENTED_EDGE('',*,*,#7952,.T.);
#9529 = ORIENTED_EDGE('',*,*,#7935,.F.);
#9530 = ORIENTED_EDGE('',*,*,#7911,.F.);
#9531 = FACE_BOUND('',#9532,.T.);
#9532 = EDGE_LOOP('',(#9533,#9534,#9535,#9536));
#9533 = ORIENTED_EDGE('',*,*,#7983,.T.);
#9534 = ORIENTED_EDGE('',*,*,#8048,.T.);
#9535 = ORIENTED_EDGE('',*,*,#8031,.F.);
#9536 = ORIENTED_EDGE('',*,*,#8007,.F.);
#9537 = FACE_BOUND('',#9538,.T.);
#9538 = EDGE_LOOP('',(#9539));
#9539 = ORIENTED_EDGE('',*,*,#9540,.F.);
#9540 = EDGE_CURVE('',#9541,#9541,#9543,.T.);
#9541 = VERTEX_POINT('',#9542);
#9542 = CARTESIAN_POINT('',(6.5,52.5,-4.));
#9543 = CIRCLE('',#9544,3.);
#9544 = AXIS2_PLACEMENT_3D('',#9545,#9546,#9547);
#9545 = CARTESIAN_POINT('',(3.5,52.5,-4.));
#9546 = DIRECTION('',(0.,0.,1.));
#9547 = DIRECTION('',(1.,0.,-0.));
#9548 = FACE_BOUND('',#9549,.T.);
#9549 = EDGE_LOOP('',(#9550,#9551,#9552,#9553));
#9550 = ORIENTED_EDGE('',*,*,#8190,.T.);
#9551 = ORIENTED_EDGE('',*,*,#8255,.T.);
#9552 = ORIENTED_EDGE('',*,*,#8238,.F.);
#9553 = ORIENTED_EDGE('',*,*,#8214,.F.);
#9554 = FACE_BOUND('',#9555,.T.);
#9555 = EDGE_LOOP('',(#9556,#9557,#9558,#9559));
#9556 = ORIENTED_EDGE('',*,*,#8286,.T.);
#9557 = ORIENTED_EDGE('',*,*,#8351,.T.);
#9558 = ORIENTED_EDGE('',*,*,#8334,.F.);
#9559 = ORIENTED_EDGE('',*,*,#8310,.F.);
#9560 = FACE_BOUND('',#9561,.T.);
#9561 = EDGE_LOOP('',(#9562,#9563,#9564,#9565));
#9562 = ORIENTED_EDGE('',*,*,#8382,.T.);
#9563 = ORIENTED_EDGE('',*,*,#8447,.T.);
#9564 = ORIENTED_EDGE('',*,*,#8430,.F.);
#9565 = ORIENTED_EDGE('',*,*,#8406,.F.);
#9566 = FACE_BOUND('',#9567,.T.);
#9567 = EDGE_LOOP('',(#9568,#9569,#9570,#9571));
#9568 = ORIENTED_EDGE('',*,*,#8478,.T.);
#9569 = ORIENTED_EDGE('',*,*,#8543,.T.);
#9570 = ORIENTED_EDGE('',*,*,#8526,.F.);
#9571 = ORIENTED_EDGE('',*,*,#8502,.F.);
#9572 = FACE_BOUND('',#9573,.T.);
#9573 = EDGE_LOOP('',(#9574,#9575,#9576,#9577));
#9574 = ORIENTED_EDGE('',*,*,#8574,.T.);
#9575 = ORIENTED_EDGE('',*,*,#8639,.T.);
#9576 = ORIENTED_EDGE('',*,*,#8622,.F.);
#9577 = ORIENTED_EDGE('',*,*,#8598,.F.);
#9578 = FACE_BOUND('',#9579,.T.);
#9579 = EDGE_LOOP('',(#9580,#9581,#9582,#9583));
#9580 = ORIENTED_EDGE('',*,*,#8670,.T.);
#9581 = ORIENTED_EDGE('',*,*,#8735,.T.);
#9582 = ORIENTED_EDGE('',*,*,#8718,.F.);
#9583 = ORIENTED_EDGE('',*,*,#8694,.F.);
#9584 = FACE_BOUND('',#9585,.T.);
#9585 = EDGE_LOOP('',(#9586,#9587,#9588,#9589));
#9586 = ORIENTED_EDGE('',*,*,#8766,.T.);
#9587 = ORIENTED_EDGE('',*,*,#8831,.T.);
#9588 = ORIENTED_EDGE('',*,*,#8814,.F.);
#9589 = ORIENTED_EDGE('',*,*,#8790,.F.);
#9590 = FACE_BOUND('',#9591,.T.);
#9591 = EDGE_LOOP('',(#9592));
#9592 = ORIENTED_EDGE('',*,*,#9593,.F.);
#9593 = EDGE_CURVE('',#9594,#9594,#9596,.T.);
#9594 = VERTEX_POINT('',#9595);
#9595 = CARTESIAN_POINT('',(64.5,52.5,-4.));
#9596 = CIRCLE('',#9597,3.);
#9597 = AXIS2_PLACEMENT_3D('',#9598,#9599,#9600);
#9598 = CARTESIAN_POINT('',(61.5,52.5,-4.));
#9599 = DIRECTION('',(0.,0.,1.));
#9600 = DIRECTION('',(1.,0.,-0.));
#9601 = PLANE('',#9602);
#9602 = AXIS2_PLACEMENT_3D('',#9603,#9604,#9605);
#9603 = CARTESIAN_POINT('',(-1.,-2.,-4.));
#9604 = DIRECTION('',(0.,0.,1.));
#9605 = DIRECTION('',(1.,0.,-0.));
#9606 = ADVANCED_FACE('',(#9607),#9625,.T.);
#9607 = FACE_BOUND('',#9608,.T.);
#9608 = EDGE_LOOP('',(#9609,#9617,#9618,#9619));
#9609 = ORIENTED_EDGE('',*,*,#9610,.F.);
#9610 = EDGE_CURVE('',#9463,#9611,#9613,.T.);
#9611 = VERTEX_POINT('',#9612);
#9612 = CARTESIAN_POINT('',(50.2,56.4,20.));
#9613 = LINE('',#9614,#9615);
#9614 = CARTESIAN_POINT('',(50.2,56.4,-4.01));
#9615 = VECTOR('',#9616,1.);
#9616 = DIRECTION('',(0.,0.,1.));
#9617 = ORIENTED_EDGE('',*,*,#9462,.T.);
#9618 = ORIENTED_EDGE('',*,*,#5632,.F.);
#9619 = ORIENTED_EDGE('',*,*,#9620,.F.);
#9620 = EDGE_CURVE('',#9611,#5633,#9621,.T.);
#9621 = LINE('',#9622,#9623);
#9622 = CARTESIAN_POINT('',(50.2,56.4,20.));
#9623 = VECTOR('',#9624,1.);
#9624 = DIRECTION('',(-0.,1.,0.));
#9625 = PLANE('',#9626);
#9626 = AXIS2_PLACEMENT_3D('',#9627,#9628,#9629);
#9627 = CARTESIAN_POINT('',(50.2,56.4,-4.01));
#9628 = DIRECTION('',(1.,0.,-0.));
#9629 = DIRECTION('',(0.,0.,1.));
#9630 = ADVANCED_FACE('',(#9631),#9649,.F.);
#9631 = FACE_BOUND('',#9632,.F.);
#9632 = EDGE_LOOP('',(#9633,#9641,#9642,#9643));
#9633 = ORIENTED_EDGE('',*,*,#9634,.F.);
#9634 = EDGE_CURVE('',#9471,#9635,#9637,.T.);
#9635 = VERTEX_POINT('',#9636);
#9636 = CARTESIAN_POINT('',(34.8,56.4,20.));
#9637 = LINE('',#9638,#9639);
#9638 = CARTESIAN_POINT('',(34.8,56.4,-4.01));
#9639 = VECTOR('',#9640,1.);
#9640 = DIRECTION('',(0.,0.,1.));
#9641 = ORIENTED_EDGE('',*,*,#9478,.T.);
#9642 = ORIENTED_EDGE('',*,*,#5836,.F.);
#9643 = ORIENTED_EDGE('',*,*,#9644,.F.);
#9644 = EDGE_CURVE('',#9635,#5829,#9645,.T.);
#9645 = LINE('',#9646,#9647);
#9646 = CARTESIAN_POINT('',(34.8,56.4,20.));
#9647 = VECTOR('',#9648,1.);
#9648 = DIRECTION('',(-0.,1.,0.));
#9649 = PLANE('',#9650);
#9650 = AXIS2_PLACEMENT_3D('',#9651,#9652,#9653);
#9651 = CARTESIAN_POINT('',(34.8,56.4,-4.01));
#9652 = DIRECTION('',(1.,0.,-0.));
#9653 = DIRECTION('',(0.,0.,1.));
#9654 = ADVANCED_FACE('',(#9655),#9665,.F.);
#9655 = FACE_BOUND('',#9656,.F.);
#9656 = EDGE_LOOP('',(#9657,#9658,#9659));
#9657 = ORIENTED_EDGE('',*,*,#7368,.T.);
#9658 = ORIENTED_EDGE('',*,*,#7454,.T.);
#9659 = ORIENTED_EDGE('',*,*,#9660,.F.);
#9660 = EDGE_CURVE('',#7369,#7447,#9661,.T.);
#9661 = LINE('',#9662,#9663);
#9662 = CARTESIAN_POINT('',(4.95,2.2,-3.3));
#9663 = VECTOR('',#9664,1.);
#9664 = DIRECTION('',(-0.,1.,0.));
#9665 = PLANE('',#9666);
#9666 = AXIS2_PLACEMENT_3D('',#9667,#9668,#9669);
#9667 = CARTESIAN_POINT('',(3.5,3.5,-3.3));
#9668 = DIRECTION('',(0.,0.,1.));
#9669 = DIRECTION('',(1.,0.,-0.));
#9670 = ADVANCED_FACE('',(#9671),#9688,.T.);
#9671 = FACE_BOUND('',#9672,.T.);
#9672 = EDGE_LOOP('',(#9673,#9681,#9682));
#9673 = ORIENTED_EDGE('',*,*,#9674,.F.);
#9674 = EDGE_CURVE('',#7429,#9675,#9677,.T.);
#9675 = VERTEX_POINT('',#9676);
#9676 = CARTESIAN_POINT('',(4.95,6.1,-3.31));
#9677 = LINE('',#9678,#9679);
#9678 = CARTESIAN_POINT('',(2.05,6.1,-3.31));
#9679 = VECTOR('',#9680,1.);
#9680 = DIRECTION('',(1.,0.,-0.));
#9681 = ORIENTED_EDGE('',*,*,#7437,.F.);
#9682 = ORIENTED_EDGE('',*,*,#9683,.T.);
#9683 = EDGE_CURVE('',#7438,#9675,#9684,.T.);
#9684 = LINE('',#9685,#9686);
#9685 = CARTESIAN_POINT('',(4.95,0.9,-3.31));
#9686 = VECTOR('',#9687,1.);
#9687 = DIRECTION('',(-0.,1.,0.));
#9688 = PLANE('',#9689);
#9689 = AXIS2_PLACEMENT_3D('',#9690,#9691,#9692);
#9690 = CARTESIAN_POINT('',(2.05,0.9,-3.31));
#9691 = DIRECTION('',(0.,0.,1.));
#9692 = DIRECTION('',(1.,0.,-0.));
#9693 = ADVANCED_FACE('',(#9694),#9711,.T.);
#9694 = FACE_BOUND('',#9695,.T.);
#9695 = EDGE_LOOP('',(#9696,#9704,#9705));
#9696 = ORIENTED_EDGE('',*,*,#9697,.F.);
#9697 = EDGE_CURVE('',#7421,#9698,#9700,.T.);
#9698 = VERTEX_POINT('',#9699);
#9699 = CARTESIAN_POINT('',(2.05,6.1,-3.31));
#9700 = LINE('',#9701,#9702);
#9701 = CARTESIAN_POINT('',(2.05,0.9,-3.31));
#9702 = VECTOR('',#9703,1.);
#9703 = DIRECTION('',(-0.,1.,0.));
#9704 = ORIENTED_EDGE('',*,*,#7428,.F.);
#9705 = ORIENTED_EDGE('',*,*,#9706,.F.);
#9706 = EDGE_CURVE('',#9698,#7429,#9707,.T.);
#9707 = LINE('',#9708,#9709);
#9708 = CARTESIAN_POINT('',(2.05,6.1,-3.31));
#9709 = VECTOR('',#9710,1.);
#9710 = DIRECTION('',(1.,0.,-0.));
#9711 = PLANE('',#9712);
#9712 = AXIS2_PLACEMENT_3D('',#9713,#9714,#9715);
#9713 = CARTESIAN_POINT('',(2.05,0.9,-3.31));
#9714 = DIRECTION('',(0.,0.,1.));
#9715 = DIRECTION('',(1.,0.,-0.));
#9716 = ADVANCED_FACE('',(#9717),#9726,.F.);
#9717 = FACE_BOUND('',#9718,.F.);
#9718 = EDGE_LOOP('',(#9719,#9725));
#9719 = ORIENTED_EDGE('',*,*,#9720,.T.);
#9720 = EDGE_CURVE('',#7404,#7412,#9721,.T.);
#9721 = LINE('',#9722,#9723);
#9722 = CARTESIAN_POINT('',(2.05,2.2,-3.3));
#9723 = VECTOR('',#9724,1.);
#9724 = DIRECTION('',(-0.,1.,0.));
#9725 = ORIENTED_EDGE('',*,*,#7411,.T.);
#9726 = PLANE('',#9727);
#9727 = AXIS2_PLACEMENT_3D('',#9728,#9729,#9730);
#9728 = CARTESIAN_POINT('',(3.5,3.5,-3.3));
#9729 = DIRECTION('',(0.,0.,1.));
#9730 = DIRECTION('',(1.,0.,-0.));
#9731 = ADVANCED_FACE('',(#9732),#9749,.T.);
#9732 = FACE_BOUND('',#9733,.T.);
#9733 = EDGE_LOOP('',(#9734,#9742,#9748));
#9734 = ORIENTED_EDGE('',*,*,#9735,.F.);
#9735 = EDGE_CURVE('',#9736,#7395,#9738,.T.);
#9736 = VERTEX_POINT('',#9737);
#9737 = CARTESIAN_POINT('',(2.05,0.9,-3.31));
#9738 = LINE('',#9739,#9740);
#9739 = CARTESIAN_POINT('',(2.05,0.9,-3.31));
#9740 = VECTOR('',#9741,1.);
#9741 = DIRECTION('',(-0.,1.,0.));
#9742 = ORIENTED_EDGE('',*,*,#9743,.T.);
#9743 = EDGE_CURVE('',#9736,#7386,#9744,.T.);
#9744 = LINE('',#9745,#9746);
#9745 = CARTESIAN_POINT('',(2.05,0.9,-3.31));
#9746 = VECTOR('',#9747,1.);
#9747 = DIRECTION('',(1.,0.,-0.));
#9748 = ORIENTED_EDGE('',*,*,#7394,.F.);
#9749 = PLANE('',#9750);
#9750 = AXIS2_PLACEMENT_3D('',#9751,#9752,#9753);
#9751 = CARTESIAN_POINT('',(2.05,0.9,-3.31));
#9752 = DIRECTION('',(0.,0.,1.));
#9753 = DIRECTION('',(1.,0.,-0.));
#9754 = ADVANCED_FACE('',(#9755),#9772,.T.);
#9755 = FACE_BOUND('',#9756,.T.);
#9756 = EDGE_LOOP('',(#9757,#9758,#9766));
#9757 = ORIENTED_EDGE('',*,*,#7385,.F.);
#9758 = ORIENTED_EDGE('',*,*,#9759,.T.);
#9759 = EDGE_CURVE('',#7386,#9760,#9762,.T.);
#9760 = VERTEX_POINT('',#9761);
#9761 = CARTESIAN_POINT('',(4.95,0.9,-3.31));
#9762 = LINE('',#9763,#9764);
#9763 = CARTESIAN_POINT('',(2.05,0.9,-3.31));
#9764 = VECTOR('',#9765,1.);
#9765 = DIRECTION('',(1.,0.,-0.));
#9766 = ORIENTED_EDGE('',*,*,#9767,.T.);
#9767 = EDGE_CURVE('',#9760,#7378,#9768,.T.);
#9768 = LINE('',#9769,#9770);
#9769 = CARTESIAN_POINT('',(4.95,0.9,-3.31));
#9770 = VECTOR('',#9771,1.);
#9771 = DIRECTION('',(-0.,1.,0.));
#9772 = PLANE('',#9773);
#9773 = AXIS2_PLACEMENT_3D('',#9774,#9775,#9776);
#9774 = CARTESIAN_POINT('',(2.05,0.9,-3.31));
#9775 = DIRECTION('',(0.,0.,1.));
#9776 = DIRECTION('',(1.,0.,-0.));
#9777 = ADVANCED_FACE('',(#9778),#9788,.F.);
#9778 = FACE_BOUND('',#9779,.F.);
#9779 = EDGE_LOOP('',(#9780,#9781,#9782));
#9780 = ORIENTED_EDGE('',*,*,#7479,.T.);
#9781 = ORIENTED_EDGE('',*,*,#7565,.T.);
#9782 = ORIENTED_EDGE('',*,*,#9783,.F.);
#9783 = EDGE_CURVE('',#7480,#7558,#9784,.T.);
#9784 = LINE('',#9785,#9786);
#9785 = CARTESIAN_POINT('',(62.95,2.2,-3.3));
#9786 = VECTOR('',#9787,1.);
#9787 = DIRECTION('',(-0.,1.,0.));
#9788 = PLANE('',#9789);
#9789 = AXIS2_PLACEMENT_3D('',#9790,#9791,#9792);
#9790 = CARTESIAN_POINT('',(61.5,3.5,-3.3));
#9791 = DIRECTION('',(0.,0.,1.));
#9792 = DIRECTION('',(1.,0.,-0.));
#9793 = ADVANCED_FACE('',(#9794),#9811,.T.);
#9794 = FACE_BOUND('',#9795,.T.);
#9795 = EDGE_LOOP('',(#9796,#9804,#9805));
#9796 = ORIENTED_EDGE('',*,*,#9797,.F.);
#9797 = EDGE_CURVE('',#7540,#9798,#9800,.T.);
#9798 = VERTEX_POINT('',#9799);
#9799 = CARTESIAN_POINT('',(62.95,6.1,-3.31));
#9800 = LINE('',#9801,#9802);
#9801 = CARTESIAN_POINT('',(60.05,6.1,-3.31));
#9802 = VECTOR('',#9803,1.);
#9803 = DIRECTION('',(1.,0.,-0.));
#9804 = ORIENTED_EDGE('',*,*,#7548,.F.);
#9805 = ORIENTED_EDGE('',*,*,#9806,.T.);
#9806 = EDGE_CURVE('',#7549,#9798,#9807,.T.);
#9807 = LINE('',#9808,#9809);
#9808 = CARTESIAN_POINT('',(62.95,0.9,-3.31));
#9809 = VECTOR('',#9810,1.);
#9810 = DIRECTION('',(-0.,1.,0.));
#9811 = PLANE('',#9812);
#9812 = AXIS2_PLACEMENT_3D('',#9813,#9814,#9815);
#9813 = CARTESIAN_POINT('',(60.05,0.9,-3.31));
#9814 = DIRECTION('',(0.,0.,1.));
#9815 = DIRECTION('',(1.,0.,-0.));
#9816 = ADVANCED_FACE('',(#9817),#9834,.T.);
#9817 = FACE_BOUND('',#9818,.T.);
#9818 = EDGE_LOOP('',(#9819,#9827,#9828));
#9819 = ORIENTED_EDGE('',*,*,#9820,.F.);
#9820 = EDGE_CURVE('',#7532,#9821,#9823,.T.);
#9821 = VERTEX_POINT('',#9822);
#9822 = CARTESIAN_POINT('',(60.05,6.1,-3.31));
#9823 = LINE('',#9824,#9825);
#9824 = CARTESIAN_POINT('',(60.05,0.9,-3.31));
#9825 = VECTOR('',#9826,1.);
#9826 = DIRECTION('',(-0.,1.,0.));
#9827 = ORIENTED_EDGE('',*,*,#7539,.F.);
#9828 = ORIENTED_EDGE('',*,*,#9829,.F.);
#9829 = EDGE_CURVE('',#9821,#7540,#9830,.T.);
#9830 = LINE('',#9831,#9832);
#9831 = CARTESIAN_POINT('',(60.05,6.1,-3.31));
#9832 = VECTOR('',#9833,1.);
#9833 = DIRECTION('',(1.,0.,-0.));
#9834 = PLANE('',#9835);
#9835 = AXIS2_PLACEMENT_3D('',#9836,#9837,#9838);
#9836 = CARTESIAN_POINT('',(60.05,0.9,-3.31));
#9837 = DIRECTION('',(0.,0.,1.));
#9838 = DIRECTION('',(1.,0.,-0.));
#9839 = ADVANCED_FACE('',(#9840),#9849,.F.);
#9840 = FACE_BOUND('',#9841,.F.);
#9841 = EDGE_LOOP('',(#9842,#9848));
#9842 = ORIENTED_EDGE('',*,*,#9843,.T.);
#9843 = EDGE_CURVE('',#7515,#7523,#9844,.T.);
#9844 = LINE('',#9845,#9846);
#9845 = CARTESIAN_POINT('',(60.05,2.2,-3.3));
#9846 = VECTOR('',#9847,1.);
#9847 = DIRECTION('',(-0.,1.,0.));
#9848 = ORIENTED_EDGE('',*,*,#7522,.T.);
#9849 = PLANE('',#9850);
#9850 = AXIS2_PLACEMENT_3D('',#9851,#9852,#9853);
#9851 = CARTESIAN_POINT('',(61.5,3.5,-3.3));
#9852 = DIRECTION('',(0.,0.,1.));
#9853 = DIRECTION('',(1.,0.,-0.));
#9854 = ADVANCED_FACE('',(#9855),#9872,.T.);
#9855 = FACE_BOUND('',#9856,.T.);
#9856 = EDGE_LOOP('',(#9857,#9865,#9871));
#9857 = ORIENTED_EDGE('',*,*,#9858,.F.);
#9858 = EDGE_CURVE('',#9859,#7506,#9861,.T.);
#9859 = VERTEX_POINT('',#9860);
#9860 = CARTESIAN_POINT('',(60.05,0.9,-3.31));
#9861 = LINE('',#9862,#9863);
#9862 = CARTESIAN_POINT('',(60.05,0.9,-3.31));
#9863 = VECTOR('',#9864,1.);
#9864 = DIRECTION('',(-0.,1.,0.));
#9865 = ORIENTED_EDGE('',*,*,#9866,.T.);
#9866 = EDGE_CURVE('',#9859,#7497,#9867,.T.);
#9867 = LINE('',#9868,#9869);
#9868 = CARTESIAN_POINT('',(60.05,0.9,-3.31));
#9869 = VECTOR('',#9870,1.);
#9870 = DIRECTION('',(1.,0.,-0.));
#9871 = ORIENTED_EDGE('',*,*,#7505,.F.);
#9872 = PLANE('',#9873);
#9873 = AXIS2_PLACEMENT_3D('',#9874,#9875,#9876);
#9874 = CARTESIAN_POINT('',(60.05,0.9,-3.31));
#9875 = DIRECTION('',(0.,0.,1.));
#9876 = DIRECTION('',(1.,0.,-0.));
#9877 = ADVANCED_FACE('',(#9878),#9895,.T.);
#9878 = FACE_BOUND('',#9879,.T.);
#9879 = EDGE_LOOP('',(#9880,#9881,#9889));
#9880 = ORIENTED_EDGE('',*,*,#7496,.F.);
#9881 = ORIENTED_EDGE('',*,*,#9882,.T.);
#9882 = EDGE_CURVE('',#7497,#9883,#9885,.T.);
#9883 = VERTEX_POINT('',#9884);
#9884 = CARTESIAN_POINT('',(62.95,0.9,-3.31));
#9885 = LINE('',#9886,#9887);
#9886 = CARTESIAN_POINT('',(60.05,0.9,-3.31));
#9887 = VECTOR('',#9888,1.);
#9888 = DIRECTION('',(1.,0.,-0.));
#9889 = ORIENTED_EDGE('',*,*,#9890,.T.);
#9890 = EDGE_CURVE('',#9883,#7489,#9891,.T.);
#9891 = LINE('',#9892,#9893);
#9892 = CARTESIAN_POINT('',(62.95,0.9,-3.31));
#9893 = VECTOR('',#9894,1.);
#9894 = DIRECTION('',(-0.,1.,0.));
#9895 = PLANE('',#9896);
#9896 = AXIS2_PLACEMENT_3D('',#9897,#9898,#9899);
#9897 = CARTESIAN_POINT('',(60.05,0.9,-3.31));
#9898 = DIRECTION('',(0.,0.,1.));
#9899 = DIRECTION('',(1.,0.,-0.));
#9900 = ADVANCED_FACE('',(#9901),#9911,.F.);
#9901 = FACE_BOUND('',#9902,.F.);
#9902 = EDGE_LOOP('',(#9903,#9904,#9905));
#9903 = ORIENTED_EDGE('',*,*,#8070,.T.);
#9904 = ORIENTED_EDGE('',*,*,#8156,.T.);
#9905 = ORIENTED_EDGE('',*,*,#9906,.F.);
#9906 = EDGE_CURVE('',#8071,#8149,#9907,.T.);
#9907 = LINE('',#9908,#9909);
#9908 = CARTESIAN_POINT('',(4.95,51.2,-3.3));
#9909 = VECTOR('',#9910,1.);
#9910 = DIRECTION('',(-0.,1.,0.));
#9911 = PLANE('',#9912);
#9912 = AXIS2_PLACEMENT_3D('',#9913,#9914,#9915);
#9913 = CARTESIAN_POINT('',(3.5,52.5,-3.3));
#9914 = DIRECTION('',(0.,0.,1.));
#9915 = DIRECTION('',(1.,0.,-0.));
#9916 = ADVANCED_FACE('',(#9917),#9934,.T.);
#9917 = FACE_BOUND('',#9918,.T.);
#9918 = EDGE_LOOP('',(#9919,#9927,#9928));
#9919 = ORIENTED_EDGE('',*,*,#9920,.F.);
#9920 = EDGE_CURVE('',#8131,#9921,#9923,.T.);
#9921 = VERTEX_POINT('',#9922);
#9922 = CARTESIAN_POINT('',(4.95,55.1,-3.31));
#9923 = LINE('',#9924,#9925);
#9924 = CARTESIAN_POINT('',(2.05,55.1,-3.31));
#9925 = VECTOR('',#9926,1.);
#9926 = DIRECTION('',(1.,0.,-0.));
#9927 = ORIENTED_EDGE('',*,*,#8139,.F.);
#9928 = ORIENTED_EDGE('',*,*,#9929,.T.);
#9929 = EDGE_CURVE('',#8140,#9921,#9930,.T.);
#9930 = LINE('',#9931,#9932);
#9931 = CARTESIAN_POINT('',(4.95,49.9,-3.31));
#9932 = VECTOR('',#9933,1.);
#9933 = DIRECTION('',(-0.,1.,0.));
#9934 = PLANE('',#9935);
#9935 = AXIS2_PLACEMENT_3D('',#9936,#9937,#9938);
#9936 = CARTESIAN_POINT('',(2.05,49.9,-3.31));
#9937 = DIRECTION('',(0.,0.,1.));
#9938 = DIRECTION('',(1.,0.,-0.));
#9939 = ADVANCED_FACE('',(#9940),#9957,.T.);
#9940 = FACE_BOUND('',#9941,.T.);
#9941 = EDGE_LOOP('',(#9942,#9950,#9951));
#9942 = ORIENTED_EDGE('',*,*,#9943,.F.);
#9943 = EDGE_CURVE('',#8123,#9944,#9946,.T.);
#9944 = VERTEX_POINT('',#9945);
#9945 = CARTESIAN_POINT('',(2.05,55.1,-3.31));
#9946 = LINE('',#9947,#9948);
#9947 = CARTESIAN_POINT('',(2.05,49.9,-3.31));
#9948 = VECTOR('',#9949,1.);
#9949 = DIRECTION('',(-0.,1.,0.));
#9950 = ORIENTED_EDGE('',*,*,#8130,.F.);
#9951 = ORIENTED_EDGE('',*,*,#9952,.F.);
#9952 = EDGE_CURVE('',#9944,#8131,#9953,.T.);
#9953 = LINE('',#9954,#9955);
#9954 = CARTESIAN_POINT('',(2.05,55.1,-3.31));
#9955 = VECTOR('',#9956,1.);
#9956 = DIRECTION('',(1.,0.,-0.));
#9957 = PLANE('',#9958);
#9958 = AXIS2_PLACEMENT_3D('',#9959,#9960,#9961);
#9959 = CARTESIAN_POINT('',(2.05,49.9,-3.31));
#9960 = DIRECTION('',(0.,0.,1.));
#9961 = DIRECTION('',(1.,0.,-0.));
#9962 = ADVANCED_FACE('',(#9963),#9972,.F.);
#9963 = FACE_BOUND('',#9964,.F.);
#9964 = EDGE_LOOP('',(#9965,#9971));
#9965 = ORIENTED_EDGE('',*,*,#9966,.T.);
#9966 = EDGE_CURVE('',#8106,#8114,#9967,.T.);
#9967 = LINE('',#9968,#9969);
#9968 = CARTESIAN_POINT('',(2.05,51.2,-3.3));
#9969 = VECTOR('',#9970,1.);
#9970 = DIRECTION('',(-0.,1.,0.));
#9971 = ORIENTED_EDGE('',*,*,#8113,.T.);
#9972 = PLANE('',#9973);
#9973 = AXIS2_PLACEMENT_3D('',#9974,#9975,#9976);
#9974 = CARTESIAN_POINT('',(3.5,52.5,-3.3));
#9975 = DIRECTION('',(0.,0.,1.));
#9976 = DIRECTION('',(1.,0.,-0.));
#9977 = ADVANCED_FACE('',(#9978),#9995,.T.);
#9978 = FACE_BOUND('',#9979,.T.);
#9979 = EDGE_LOOP('',(#9980,#9988,#9994));
#9980 = ORIENTED_EDGE('',*,*,#9981,.F.);
#9981 = EDGE_CURVE('',#9982,#8097,#9984,.T.);
#9982 = VERTEX_POINT('',#9983);
#9983 = CARTESIAN_POINT('',(2.05,49.9,-3.31));
#9984 = LINE('',#9985,#9986);
#9985 = CARTESIAN_POINT('',(2.05,49.9,-3.31));
#9986 = VECTOR('',#9987,1.);
#9987 = DIRECTION('',(-0.,1.,0.));
#9988 = ORIENTED_EDGE('',*,*,#9989,.T.);
#9989 = EDGE_CURVE('',#9982,#8088,#9990,.T.);
#9990 = LINE('',#9991,#9992);
#9991 = CARTESIAN_POINT('',(2.05,49.9,-3.31));
#9992 = VECTOR('',#9993,1.);
#9993 = DIRECTION('',(1.,0.,-0.));
#9994 = ORIENTED_EDGE('',*,*,#8096,.F.);
#9995 = PLANE('',#9996);
#9996 = AXIS2_PLACEMENT_3D('',#9997,#9998,#9999);
#9997 = CARTESIAN_POINT('',(2.05,49.9,-3.31));
#9998 = DIRECTION('',(0.,0.,1.));
#9999 = DIRECTION('',(1.,0.,-0.));
#10000 = ADVANCED_FACE('',(#10001),#10018,.T.);
#10001 = FACE_BOUND('',#10002,.T.);
#10002 = EDGE_LOOP('',(#10003,#10004,#10012));
#10003 = ORIENTED_EDGE('',*,*,#8087,.F.);
#10004 = ORIENTED_EDGE('',*,*,#10005,.T.);
#10005 = EDGE_CURVE('',#8088,#10006,#10008,.T.);
#10006 = VERTEX_POINT('',#10007);
#10007 = CARTESIAN_POINT('',(4.95,49.9,-3.31));
#10008 = LINE('',#10009,#10010);
#10009 = CARTESIAN_POINT('',(2.05,49.9,-3.31));
#10010 = VECTOR('',#10011,1.);
#10011 = DIRECTION('',(1.,0.,-0.));
#10012 = ORIENTED_EDGE('',*,*,#10013,.T.);
#10013 = EDGE_CURVE('',#10006,#8080,#10014,.T.);
#10014 = LINE('',#10015,#10016);
#10015 = CARTESIAN_POINT('',(4.95,49.9,-3.31));
#10016 = VECTOR('',#10017,1.);
#10017 = DIRECTION('',(-0.,1.,0.));
#10018 = PLANE('',#10019);
#10019 = AXIS2_PLACEMENT_3D('',#10020,#10021,#10022);
#10020 = CARTESIAN_POINT('',(2.05,49.9,-3.31));
#10021 = DIRECTION('',(0.,0.,1.));
#10022 = DIRECTION('',(1.,0.,-0.));
#10023 = ADVANCED_FACE('',(#10024),#10034,.F.);
#10024 = FACE_BOUND('',#10025,.F.);
#10025 = EDGE_LOOP('',(#10026,#10027,#10028));
#10026 = ORIENTED_EDGE('',*,*,#8853,.T.);
#10027 = ORIENTED_EDGE('',*,*,#8939,.T.);
#10028 = ORIENTED_EDGE('',*,*,#10029,.F.);
#10029 = EDGE_CURVE('',#8854,#8932,#10030,.T.);
#10030 = LINE('',#10031,#10032);
#10031 = CARTESIAN_POINT('',(62.95,51.2,-3.3));
#10032 = VECTOR('',#10033,1.);
#10033 = DIRECTION('',(-0.,1.,0.));
#10034 = PLANE('',#10035);
#10035 = AXIS2_PLACEMENT_3D('',#10036,#10037,#10038);
#10036 = CARTESIAN_POINT('',(61.5,52.5,-3.3));
#10037 = DIRECTION('',(0.,0.,1.));
#10038 = DIRECTION('',(1.,0.,-0.));
#10039 = ADVANCED_FACE('',(#10040),#10057,.T.);
#10040 = FACE_BOUND('',#10041,.T.);
#10041 = EDGE_LOOP('',(#10042,#10050,#10051));
#10042 = ORIENTED_EDGE('',*,*,#10043,.F.);
#10043 = EDGE_CURVE('',#8914,#10044,#10046,.T.);
#10044 = VERTEX_POINT('',#10045);
#10045 = CARTESIAN_POINT('',(62.95,55.1,-3.31));
#10046 = LINE('',#10047,#10048);
#10047 = CARTESIAN_POINT('',(60.05,55.1,-3.31));
#10048 = VECTOR('',#10049,1.);
#10049 = DIRECTION('',(1.,0.,-0.));
#10050 = ORIENTED_EDGE('',*,*,#8922,.F.);
#10051 = ORIENTED_EDGE('',*,*,#10052,.T.);
#10052 = EDGE_CURVE('',#8923,#10044,#10053,.T.);
#10053 = LINE('',#10054,#10055);
#10054 = CARTESIAN_POINT('',(62.95,49.9,-3.31));
#10055 = VECTOR('',#10056,1.);
#10056 = DIRECTION('',(-0.,1.,0.));
#10057 = PLANE('',#10058);
#10058 = AXIS2_PLACEMENT_3D('',#10059,#10060,#10061);
#10059 = CARTESIAN_POINT('',(60.05,49.9,-3.31));
#10060 = DIRECTION('',(0.,0.,1.));
#10061 = DIRECTION('',(1.,0.,-0.));
#10062 = ADVANCED_FACE('',(#10063),#10080,.T.);
#10063 = FACE_BOUND('',#10064,.T.);
#10064 = EDGE_LOOP('',(#10065,#10073,#10074));
#10065 = ORIENTED_EDGE('',*,*,#10066,.F.);
#10066 = EDGE_CURVE('',#8906,#10067,#10069,.T.);
#10067 = VERTEX_POINT('',#10068);
#10068 = CARTESIAN_POINT('',(60.05,55.1,-3.31));
#10069 = LINE('',#10070,#10071);
#10070 = CARTESIAN_POINT('',(60.05,49.9,-3.31));
#10071 = VECTOR('',#10072,1.);
#10072 = DIRECTION('',(-0.,1.,0.));
#10073 = ORIENTED_EDGE('',*,*,#8913,.F.);
#10074 = ORIENTED_EDGE('',*,*,#10075,.F.);
#10075 = EDGE_CURVE('',#10067,#8914,#10076,.T.);
#10076 = LINE('',#10077,#10078);
#10077 = CARTESIAN_POINT('',(60.05,55.1,-3.31));
#10078 = VECTOR('',#10079,1.);
#10079 = DIRECTION('',(1.,0.,-0.));
#10080 = PLANE('',#10081);
#10081 = AXIS2_PLACEMENT_3D('',#10082,#10083,#10084);
#10082 = CARTESIAN_POINT('',(60.05,49.9,-3.31));
#10083 = DIRECTION('',(0.,0.,1.));
#10084 = DIRECTION('',(1.,0.,-0.));
#10085 = ADVANCED_FACE('',(#10086),#10095,.F.);
#10086 = FACE_BOUND('',#10087,.F.);
#10087 = EDGE_LOOP('',(#10088,#10094));
#10088 = ORIENTED_EDGE('',*,*,#10089,.T.);
#10089 = EDGE_CURVE('',#8889,#8897,#10090,.T.);
#10090 = LINE('',#10091,#10092);
#10091 = CARTESIAN_POINT('',(60.05,51.2,-3.3));
#10092 = VECTOR('',#10093,1.);
#10093 = DIRECTION('',(-0.,1.,0.));
#10094 = ORIENTED_EDGE('',*,*,#8896,.T.);
#10095 = PLANE('',#10096);
#10096 = AXIS2_PLACEMENT_3D('',#10097,#10098,#10099);
#10097 = CARTESIAN_POINT('',(61.5,52.5,-3.3));
#10098 = DIRECTION('',(0.,0.,1.));
#10099 = DIRECTION('',(1.,0.,-0.));
#10100 = ADVANCED_FACE('',(#10101),#10118,.T.);
#10101 = FACE_BOUND('',#10102,.T.);
#10102 = EDGE_LOOP('',(#10103,#10111,#10117));
#10103 = ORIENTED_EDGE('',*,*,#10104,.F.);
#10104 = EDGE_CURVE('',#10105,#8880,#10107,.T.);
#10105 = VERTEX_POINT('',#10106);
#10106 = CARTESIAN_POINT('',(60.05,49.9,-3.31));
#10107 = LINE('',#10108,#10109);
#10108 = CARTESIAN_POINT('',(60.05,49.9,-3.31));
#10109 = VECTOR('',#10110,1.);
#10110 = DIRECTION('',(-0.,1.,0.));
#10111 = ORIENTED_EDGE('',*,*,#10112,.T.);
#10112 = EDGE_CURVE('',#10105,#8871,#10113,.T.);
#10113 = LINE('',#10114,#10115);
#10114 = CARTESIAN_POINT('',(60.05,49.9,-3.31));
#10115 = VECTOR('',#10116,1.);
#10116 = DIRECTION('',(1.,0.,-0.));
#10117 = ORIENTED_EDGE('',*,*,#8879,.F.);
#10118 = PLANE('',#10119);
#10119 = AXIS2_PLACEMENT_3D('',#10120,#10121,#10122);
#10120 = CARTESIAN_POINT('',(60.05,49.9,-3.31));
#10121 = DIRECTION('',(0.,0.,1.));
#10122 = DIRECTION('',(1.,0.,-0.));
#10123 = ADVANCED_FACE('',(#10124),#10141,.T.);
#10124 = FACE_BOUND('',#10125,.T.);
#10125 = EDGE_LOOP('',(#10126,#10127,#10135));
#10126 = ORIENTED_EDGE('',*,*,#8870,.F.);
#10127 = ORIENTED_EDGE('',*,*,#10128,.T.);
#10128 = EDGE_CURVE('',#8871,#10129,#10131,.T.);
#10129 = VERTEX_POINT('',#10130);
#10130 = CARTESIAN_POINT('',(62.95,49.9,-3.31));
#10131 = LINE('',#10132,#10133);
#10132 = CARTESIAN_POINT('',(60.05,49.9,-3.31));
#10133 = VECTOR('',#10134,1.);
#10134 = DIRECTION('',(1.,0.,-0.));
#10135 = ORIENTED_EDGE('',*,*,#10136,.T.);
#10136 = EDGE_CURVE('',#10129,#8863,#10137,.T.);
#10137 = LINE('',#10138,#10139);
#10138 = CARTESIAN_POINT('',(62.95,49.9,-3.31));
#10139 = VECTOR('',#10140,1.);
#10140 = DIRECTION('',(-0.,1.,0.));
#10141 = PLANE('',#10142);
#10142 = AXIS2_PLACEMENT_3D('',#10143,#10144,#10145);
#10143 = CARTESIAN_POINT('',(60.05,49.9,-3.31));
#10144 = DIRECTION('',(0.,0.,1.));
#10145 = DIRECTION('',(1.,0.,-0.));
#10146 = ADVANCED_FACE('',(#10147),#10177,.F.);
#10147 = FACE_BOUND('',#10148,.F.);
#10148 = EDGE_LOOP('',(#10149,#10150,#10151,#10160,#10169,#10176));
#10149 = ORIENTED_EDGE('',*,*,#8966,.F.);
#10150 = ORIENTED_EDGE('',*,*,#9030,.F.);
#10151 = ORIENTED_EDGE('',*,*,#10152,.T.);
#10152 = EDGE_CURVE('',#9023,#10153,#10155,.T.);
#10153 = VERTEX_POINT('',#10154);
#10154 = CARTESIAN_POINT('',(45.85,63.5,10.));
#10155 = CIRCLE('',#10156,3.35);
#10156 = AXIS2_PLACEMENT_3D('',#10157,#10158,#10159);
#10157 = CARTESIAN_POINT('',(42.5,63.5,10.));
#10158 = DIRECTION('',(0.,1.,0.));
#10159 = DIRECTION('',(0.,-0.,1.));
#10160 = ORIENTED_EDGE('',*,*,#10161,.T.);
#10161 = EDGE_CURVE('',#10153,#10162,#10164,.T.);
#10162 = VERTEX_POINT('',#10163);
#10163 = CARTESIAN_POINT('',(39.15,63.5,10.));
#10164 = CIRCLE('',#10165,3.35);
#10165 = AXIS2_PLACEMENT_3D('',#10166,#10167,#10168);
#10166 = CARTESIAN_POINT('',(42.5,63.5,10.));
#10167 = DIRECTION('',(0.,1.,0.));
#10168 = DIRECTION('',(0.,-0.,1.));
#10169 = ORIENTED_EDGE('',*,*,#10170,.T.);
#10170 = EDGE_CURVE('',#10162,#8991,#10171,.T.);
#10171 = CIRCLE('',#10172,3.35);
#10172 = AXIS2_PLACEMENT_3D('',#10173,#10174,#10175);
#10173 = CARTESIAN_POINT('',(42.5,63.5,10.));
#10174 = DIRECTION('',(0.,1.,0.));
#10175 = DIRECTION('',(0.,-0.,1.));
#10176 = ORIENTED_EDGE('',*,*,#9008,.T.);
#10177 = CYLINDRICAL_SURFACE('',#10178,3.35);
#10178 = AXIS2_PLACEMENT_3D('',#10179,#10180,#10181);
#10179 = CARTESIAN_POINT('',(42.5,56.3,10.));
#10180 = DIRECTION('',(0.,1.,0.));
#10181 = DIRECTION('',(0.,-0.,1.));
#10182 = ADVANCED_FACE('',(#10183,#10194),#10221,.F.);
#10183 = FACE_BOUND('',#10184,.F.);
#10184 = EDGE_LOOP('',(#10185,#10186,#10187,#10188));
#10185 = ORIENTED_EDGE('',*,*,#9610,.F.);
#10186 = ORIENTED_EDGE('',*,*,#9470,.T.);
#10187 = ORIENTED_EDGE('',*,*,#9634,.T.);
#10188 = ORIENTED_EDGE('',*,*,#10189,.T.);
#10189 = EDGE_CURVE('',#9635,#9611,#10190,.T.);
#10190 = LINE('',#10191,#10192);
#10191 = CARTESIAN_POINT('',(34.8,56.4,20.));
#10192 = VECTOR('',#10193,1.);
#10193 = DIRECTION('',(1.,0.,-0.));
#10194 = FACE_BOUND('',#10195,.F.);
#10195 = EDGE_LOOP('',(#10196,#10206,#10215));
#10196 = ORIENTED_EDGE('',*,*,#10197,.F.);
#10197 = EDGE_CURVE('',#10198,#10200,#10202,.T.);
#10198 = VERTEX_POINT('',#10199);
#10199 = CARTESIAN_POINT('',(40.131192283025,56.4,12.368807716975));
#10200 = VERTEX_POINT('',#10201);
#10201 = CARTESIAN_POINT('',(42.5,56.4,14.73761543395));
#10202 = LINE('',#10203,#10204);
#10203 = CARTESIAN_POINT('',(35.888096141513,56.4,8.125711575462));
#10204 = VECTOR('',#10205,1.);
#10205 = DIRECTION('',(0.707106781187,0.,0.707106781187));
#10206 = ORIENTED_EDGE('',*,*,#10207,.F.);
#10207 = EDGE_CURVE('',#10208,#10198,#10210,.T.);
#10208 = VERTEX_POINT('',#10209);
#10209 = CARTESIAN_POINT('',(44.868807716975,56.4,12.368807716975));
#10210 = CIRCLE('',#10211,3.35);
#10211 = AXIS2_PLACEMENT_3D('',#10212,#10213,#10214);
#10212 = CARTESIAN_POINT('',(42.5,56.4,10.));
#10213 = DIRECTION('',(0.,1.,0.));
#10214 = DIRECTION('',(0.,-0.,1.));
#10215 = ORIENTED_EDGE('',*,*,#10216,.F.);
#10216 = EDGE_CURVE('',#10200,#10208,#10217,.T.);
#10217 = LINE('',#10218,#10219);
#10218 = CARTESIAN_POINT('',(46.446307716975,56.4,10.791307716975));
#10219 = VECTOR('',#10220,1.);
#10220 = DIRECTION('',(0.707106781187,0.,-0.707106781187));
#10221 = PLANE('',#10222);
#10222 = AXIS2_PLACEMENT_3D('',#10223,#10224,#10225);
#10223 = CARTESIAN_POINT('',(34.8,56.4,-4.01));
#10224 = DIRECTION('',(-0.,1.,0.));
#10225 = DIRECTION('',(0.,0.,1.));
#10226 = ADVANCED_FACE('',(#10227),#10246,.T.);
#10227 = FACE_BOUND('',#10228,.T.);
#10228 = EDGE_LOOP('',(#10229,#10237,#10244,#10245));
#10229 = ORIENTED_EDGE('',*,*,#10230,.T.);
#10230 = EDGE_CURVE('',#9489,#10231,#10233,.T.);
#10231 = VERTEX_POINT('',#10232);
#10232 = CARTESIAN_POINT('',(6.5,3.5,0.));
#10233 = LINE('',#10234,#10235);
#10234 = CARTESIAN_POINT('',(6.5,3.5,-4.01));
#10235 = VECTOR('',#10236,1.);
#10236 = DIRECTION('',(0.,0.,1.));
#10237 = ORIENTED_EDGE('',*,*,#10238,.F.);
#10238 = EDGE_CURVE('',#10231,#10231,#10239,.T.);
#10239 = CIRCLE('',#10240,3.);
#10240 = AXIS2_PLACEMENT_3D('',#10241,#10242,#10243);
#10241 = CARTESIAN_POINT('',(3.5,3.5,0.));
#10242 = DIRECTION('',(0.,0.,1.));
#10243 = DIRECTION('',(1.,0.,-0.));
#10244 = ORIENTED_EDGE('',*,*,#10230,.F.);
#10245 = ORIENTED_EDGE('',*,*,#9488,.T.);
#10246 = CYLINDRICAL_SURFACE('',#10247,3.);
#10247 = AXIS2_PLACEMENT_3D('',#10248,#10249,#10250);
#10248 = CARTESIAN_POINT('',(3.5,3.5,-4.01));
#10249 = DIRECTION('',(0.,0.,1.));
#10250 = DIRECTION('',(1.,0.,-0.));
#10251 = ADVANCED_FACE('',(#10252),#10271,.T.);
#10252 = FACE_BOUND('',#10253,.T.);
#10253 = EDGE_LOOP('',(#10254,#10262,#10269,#10270));
#10254 = ORIENTED_EDGE('',*,*,#10255,.T.);
#10255 = EDGE_CURVE('',#9500,#10256,#10258,.T.);
#10256 = VERTEX_POINT('',#10257);
#10257 = CARTESIAN_POINT('',(64.5,3.5,0.));
#10258 = LINE('',#10259,#10260);
#10259 = CARTESIAN_POINT('',(64.5,3.5,-4.01));
#10260 = VECTOR('',#10261,1.);
#10261 = DIRECTION('',(0.,0.,1.));
#10262 = ORIENTED_EDGE('',*,*,#10263,.F.);
#10263 = EDGE_CURVE('',#10256,#10256,#10264,.T.);
#10264 = CIRCLE('',#10265,3.);
#10265 = AXIS2_PLACEMENT_3D('',#10266,#10267,#10268);
#10266 = CARTESIAN_POINT('',(61.5,3.5,0.));
#10267 = DIRECTION('',(0.,0.,1.));
#10268 = DIRECTION('',(1.,0.,-0.));
#10269 = ORIENTED_EDGE('',*,*,#10255,.F.);
#10270 = ORIENTED_EDGE('',*,*,#9499,.T.);
#10271 = CYLINDRICAL_SURFACE('',#10272,3.);
#10272 = AXIS2_PLACEMENT_3D('',#10273,#10274,#10275);
#10273 = CARTESIAN_POINT('',(61.5,3.5,-4.01));
#10274 = DIRECTION('',(0.,0.,1.));
#10275 = DIRECTION('',(1.,0.,-0.));
#10276 = ADVANCED_FACE('',(#10277),#10296,.T.);
#10277 = FACE_BOUND('',#10278,.T.);
#10278 = EDGE_LOOP('',(#10279,#10287,#10294,#10295));
#10279 = ORIENTED_EDGE('',*,*,#10280,.T.);
#10280 = EDGE_CURVE('',#9541,#10281,#10283,.T.);
#10281 = VERTEX_POINT('',#10282);
#10282 = CARTESIAN_POINT('',(6.5,52.5,0.));
#10283 = LINE('',#10284,#10285);
#10284 = CARTESIAN_POINT('',(6.5,52.5,-4.01));
#10285 = VECTOR('',#10286,1.);
#10286 = DIRECTION('',(0.,0.,1.));
#10287 = ORIENTED_EDGE('',*,*,#10288,.F.);
#10288 = EDGE_CURVE('',#10281,#10281,#10289,.T.);
#10289 = CIRCLE('',#10290,3.);
#10290 = AXIS2_PLACEMENT_3D('',#10291,#10292,#10293);
#10291 = CARTESIAN_POINT('',(3.5,52.5,0.));
#10292 = DIRECTION('',(0.,0.,1.));
#10293 = DIRECTION('',(1.,0.,-0.));
#10294 = ORIENTED_EDGE('',*,*,#10280,.F.);
#10295 = ORIENTED_EDGE('',*,*,#9540,.T.);
#10296 = CYLINDRICAL_SURFACE('',#10297,3.);
#10297 = AXIS2_PLACEMENT_3D('',#10298,#10299,#10300);
#10298 = CARTESIAN_POINT('',(3.5,52.5,-4.01));
#10299 = DIRECTION('',(0.,0.,1.));
#10300 = DIRECTION('',(1.,0.,-0.));
#10301 = ADVANCED_FACE('',(#10302),#10321,.T.);
#10302 = FACE_BOUND('',#10303,.T.);
#10303 = EDGE_LOOP('',(#10304,#10312,#10319,#10320));
#10304 = ORIENTED_EDGE('',*,*,#10305,.T.);
#10305 = EDGE_CURVE('',#9594,#10306,#10308,.T.);
#10306 = VERTEX_POINT('',#10307);
#10307 = CARTESIAN_POINT('',(64.5,52.5,0.));
#10308 = LINE('',#10309,#10310);
#10309 = CARTESIAN_POINT('',(64.5,52.5,-4.01));
#10310 = VECTOR('',#10311,1.);
#10311 = DIRECTION('',(0.,0.,1.));
#10312 = ORIENTED_EDGE('',*,*,#10313,.F.);
#10313 = EDGE_CURVE('',#10306,#10306,#10314,.T.);
#10314 = CIRCLE('',#10315,3.);
#10315 = AXIS2_PLACEMENT_3D('',#10316,#10317,#10318);
#10316 = CARTESIAN_POINT('',(61.5,52.5,0.));
#10317 = DIRECTION('',(0.,0.,1.));
#10318 = DIRECTION('',(1.,0.,-0.));
#10319 = ORIENTED_EDGE('',*,*,#10305,.F.);
#10320 = ORIENTED_EDGE('',*,*,#9593,.T.);
#10321 = CYLINDRICAL_SURFACE('',#10322,3.);
#10322 = AXIS2_PLACEMENT_3D('',#10323,#10324,#10325);
#10323 = CARTESIAN_POINT('',(61.5,52.5,-4.01));
#10324 = DIRECTION('',(0.,0.,1.));
#10325 = DIRECTION('',(1.,0.,-0.));
#10326 = ADVANCED_FACE('',(#10327),#10353,.F.);
#10327 = FACE_BOUND('',#10328,.F.);
#10328 = EDGE_LOOP('',(#10329,#10330,#10338,#10346,#10352));
#10329 = ORIENTED_EDGE('',*,*,#9706,.F.);
#10330 = ORIENTED_EDGE('',*,*,#10331,.T.);
#10331 = EDGE_CURVE('',#9698,#10332,#10334,.T.);
#10332 = VERTEX_POINT('',#10333);
#10333 = CARTESIAN_POINT('',(2.05,6.1,-3.1));
#10334 = LINE('',#10335,#10336);
#10335 = CARTESIAN_POINT('',(2.05,6.1,-3.31));
#10336 = VECTOR('',#10337,1.);
#10337 = DIRECTION('',(0.,0.,1.));
#10338 = ORIENTED_EDGE('',*,*,#10339,.T.);
#10339 = EDGE_CURVE('',#10332,#10340,#10342,.T.);
#10340 = VERTEX_POINT('',#10341);
#10341 = CARTESIAN_POINT('',(4.95,6.1,-3.1));
#10342 = LINE('',#10343,#10344);
#10343 = CARTESIAN_POINT('',(2.05,6.1,-3.1));
#10344 = VECTOR('',#10345,1.);
#10345 = DIRECTION('',(1.,0.,-0.));
#10346 = ORIENTED_EDGE('',*,*,#10347,.F.);
#10347 = EDGE_CURVE('',#9675,#10340,#10348,.T.);
#10348 = LINE('',#10349,#10350);
#10349 = CARTESIAN_POINT('',(4.95,6.1,-3.31));
#10350 = VECTOR('',#10351,1.);
#10351 = DIRECTION('',(0.,0.,1.));
#10352 = ORIENTED_EDGE('',*,*,#9674,.F.);
#10353 = PLANE('',#10354);
#10354 = AXIS2_PLACEMENT_3D('',#10355,#10356,#10357);
#10355 = CARTESIAN_POINT('',(2.05,6.1,-3.31));
#10356 = DIRECTION('',(-0.,1.,0.));
#10357 = DIRECTION('',(0.,0.,1.));
#10358 = ADVANCED_FACE('',(#10359),#10384,.F.);
#10359 = FACE_BOUND('',#10360,.F.);
#10360 = EDGE_LOOP('',(#10361,#10369,#10377,#10383));
#10361 = ORIENTED_EDGE('',*,*,#10362,.F.);
#10362 = EDGE_CURVE('',#10363,#10332,#10365,.T.);
#10363 = VERTEX_POINT('',#10364);
#10364 = CARTESIAN_POINT('',(2.05,4.95,-3.1));
#10365 = LINE('',#10366,#10367);
#10366 = CARTESIAN_POINT('',(2.05,0.9,-3.1));
#10367 = VECTOR('',#10368,1.);
#10368 = DIRECTION('',(-0.,1.,0.));
#10369 = ORIENTED_EDGE('',*,*,#10370,.F.);
#10370 = EDGE_CURVE('',#10371,#10363,#10373,.T.);
#10371 = VERTEX_POINT('',#10372);
#10372 = CARTESIAN_POINT('',(4.95,4.95,-3.1));
#10373 = LINE('',#10374,#10375);
#10374 = CARTESIAN_POINT('',(2.05,4.95,-3.1));
#10375 = VECTOR('',#10376,1.);
#10376 = DIRECTION('',(-1.,-0.,0.));
#10377 = ORIENTED_EDGE('',*,*,#10378,.T.);
#10378 = EDGE_CURVE('',#10371,#10340,#10379,.T.);
#10379 = LINE('',#10380,#10381);
#10380 = CARTESIAN_POINT('',(4.95,0.9,-3.1));
#10381 = VECTOR('',#10382,1.);
#10382 = DIRECTION('',(-0.,1.,0.));
#10383 = ORIENTED_EDGE('',*,*,#10339,.F.);
#10384 = PLANE('',#10385);
#10385 = AXIS2_PLACEMENT_3D('',#10386,#10387,#10388);
#10386 = CARTESIAN_POINT('',(2.05,0.9,-3.1));
#10387 = DIRECTION('',(0.,0.,1.));
#10388 = DIRECTION('',(1.,0.,-0.));
#10389 = ADVANCED_FACE('',(#10390),#10416,.T.);
#10390 = FACE_BOUND('',#10391,.T.);
#10391 = EDGE_LOOP('',(#10392,#10393,#10401,#10409,#10415));
#10392 = ORIENTED_EDGE('',*,*,#9743,.F.);
#10393 = ORIENTED_EDGE('',*,*,#10394,.T.);
#10394 = EDGE_CURVE('',#9736,#10395,#10397,.T.);
#10395 = VERTEX_POINT('',#10396);
#10396 = CARTESIAN_POINT('',(2.05,0.9,-3.1));
#10397 = LINE('',#10398,#10399);
#10398 = CARTESIAN_POINT('',(2.05,0.9,-3.31));
#10399 = VECTOR('',#10400,1.);
#10400 = DIRECTION('',(0.,0.,1.));
#10401 = ORIENTED_EDGE('',*,*,#10402,.T.);
#10402 = EDGE_CURVE('',#10395,#10403,#10405,.T.);
#10403 = VERTEX_POINT('',#10404);
#10404 = CARTESIAN_POINT('',(4.95,0.9,-3.1));
#10405 = LINE('',#10406,#10407);
#10406 = CARTESIAN_POINT('',(2.05,0.9,-3.1));
#10407 = VECTOR('',#10408,1.);
#10408 = DIRECTION('',(1.,0.,-0.));
#10409 = ORIENTED_EDGE('',*,*,#10410,.F.);
#10410 = EDGE_CURVE('',#9760,#10403,#10411,.T.);
#10411 = LINE('',#10412,#10413);
#10412 = CARTESIAN_POINT('',(4.95,0.9,-3.31));
#10413 = VECTOR('',#10414,1.);
#10414 = DIRECTION('',(0.,0.,1.));
#10415 = ORIENTED_EDGE('',*,*,#9759,.F.);
#10416 = PLANE('',#10417);
#10417 = AXIS2_PLACEMENT_3D('',#10418,#10419,#10420);
#10418 = CARTESIAN_POINT('',(2.05,0.9,-3.31));
#10419 = DIRECTION('',(-0.,1.,0.));
#10420 = DIRECTION('',(0.,0.,1.));
#10421 = ADVANCED_FACE('',(#10422),#10447,.F.);
#10422 = FACE_BOUND('',#10423,.F.);
#10423 = EDGE_LOOP('',(#10424,#10432,#10433,#10441));
#10424 = ORIENTED_EDGE('',*,*,#10425,.F.);
#10425 = EDGE_CURVE('',#10395,#10426,#10428,.T.);
#10426 = VERTEX_POINT('',#10427);
#10427 = CARTESIAN_POINT('',(2.05,2.05,-3.1));
#10428 = LINE('',#10429,#10430);
#10429 = CARTESIAN_POINT('',(2.05,0.9,-3.1));
#10430 = VECTOR('',#10431,1.);
#10431 = DIRECTION('',(-0.,1.,0.));
#10432 = ORIENTED_EDGE('',*,*,#10402,.T.);
#10433 = ORIENTED_EDGE('',*,*,#10434,.T.);
#10434 = EDGE_CURVE('',#10403,#10435,#10437,.T.);
#10435 = VERTEX_POINT('',#10436);
#10436 = CARTESIAN_POINT('',(4.95,2.05,-3.1));
#10437 = LINE('',#10438,#10439);
#10438 = CARTESIAN_POINT('',(4.95,0.9,-3.1));
#10439 = VECTOR('',#10440,1.);
#10440 = DIRECTION('',(-0.,1.,0.));
#10441 = ORIENTED_EDGE('',*,*,#10442,.T.);
#10442 = EDGE_CURVE('',#10435,#10426,#10443,.T.);
#10443 = LINE('',#10444,#10445);
#10444 = CARTESIAN_POINT('',(2.05,2.05,-3.1));
#10445 = VECTOR('',#10446,1.);
#10446 = DIRECTION('',(-1.,-0.,0.));
#10447 = PLANE('',#10448);
#10448 = AXIS2_PLACEMENT_3D('',#10449,#10450,#10451);
#10449 = CARTESIAN_POINT('',(2.05,0.9,-3.1));
#10450 = DIRECTION('',(0.,0.,1.));
#10451 = DIRECTION('',(1.,0.,-0.));
#10452 = ADVANCED_FACE('',(#10453),#10479,.F.);
#10453 = FACE_BOUND('',#10454,.F.);
#10454 = EDGE_LOOP('',(#10455,#10456,#10464,#10472,#10478));
#10455 = ORIENTED_EDGE('',*,*,#9829,.F.);
#10456 = ORIENTED_EDGE('',*,*,#10457,.T.);
#10457 = EDGE_CURVE('',#9821,#10458,#10460,.T.);
#10458 = VERTEX_POINT('',#10459);
#10459 = CARTESIAN_POINT('',(60.05,6.1,-3.1));
#10460 = LINE('',#10461,#10462);
#10461 = CARTESIAN_POINT('',(60.05,6.1,-3.31));
#10462 = VECTOR('',#10463,1.);
#10463 = DIRECTION('',(0.,0.,1.));
#10464 = ORIENTED_EDGE('',*,*,#10465,.T.);
#10465 = EDGE_CURVE('',#10458,#10466,#10468,.T.);
#10466 = VERTEX_POINT('',#10467);
#10467 = CARTESIAN_POINT('',(62.95,6.1,-3.1));
#10468 = LINE('',#10469,#10470);
#10469 = CARTESIAN_POINT('',(60.05,6.1,-3.1));
#10470 = VECTOR('',#10471,1.);
#10471 = DIRECTION('',(1.,0.,-0.));
#10472 = ORIENTED_EDGE('',*,*,#10473,.F.);
#10473 = EDGE_CURVE('',#9798,#10466,#10474,.T.);
#10474 = LINE('',#10475,#10476);
#10475 = CARTESIAN_POINT('',(62.95,6.1,-3.31));
#10476 = VECTOR('',#10477,1.);
#10477 = DIRECTION('',(0.,0.,1.));
#10478 = ORIENTED_EDGE('',*,*,#9797,.F.);
#10479 = PLANE('',#10480);
#10480 = AXIS2_PLACEMENT_3D('',#10481,#10482,#10483);
#10481 = CARTESIAN_POINT('',(60.05,6.1,-3.31));
#10482 = DIRECTION('',(-0.,1.,0.));
#10483 = DIRECTION('',(0.,0.,1.));
#10484 = ADVANCED_FACE('',(#10485),#10510,.F.);
#10485 = FACE_BOUND('',#10486,.F.);
#10486 = EDGE_LOOP('',(#10487,#10495,#10503,#10509));
#10487 = ORIENTED_EDGE('',*,*,#10488,.F.);
#10488 = EDGE_CURVE('',#10489,#10458,#10491,.T.);
#10489 = VERTEX_POINT('',#10490);
#10490 = CARTESIAN_POINT('',(60.05,4.95,-3.1));
#10491 = LINE('',#10492,#10493);
#10492 = CARTESIAN_POINT('',(60.05,0.9,-3.1));
#10493 = VECTOR('',#10494,1.);
#10494 = DIRECTION('',(-0.,1.,0.));
#10495 = ORIENTED_EDGE('',*,*,#10496,.F.);
#10496 = EDGE_CURVE('',#10497,#10489,#10499,.T.);
#10497 = VERTEX_POINT('',#10498);
#10498 = CARTESIAN_POINT('',(62.95,4.95,-3.1));
#10499 = LINE('',#10500,#10501);
#10500 = CARTESIAN_POINT('',(60.05,4.95,-3.1));
#10501 = VECTOR('',#10502,1.);
#10502 = DIRECTION('',(-1.,-0.,0.));
#10503 = ORIENTED_EDGE('',*,*,#10504,.T.);
#10504 = EDGE_CURVE('',#10497,#10466,#10505,.T.);
#10505 = LINE('',#10506,#10507);
#10506 = CARTESIAN_POINT('',(62.95,0.9,-3.1));
#10507 = VECTOR('',#10508,1.);
#10508 = DIRECTION('',(-0.,1.,0.));
#10509 = ORIENTED_EDGE('',*,*,#10465,.F.);
#10510 = PLANE('',#10511);
#10511 = AXIS2_PLACEMENT_3D('',#10512,#10513,#10514);
#10512 = CARTESIAN_POINT('',(60.05,0.9,-3.1));
#10513 = DIRECTION('',(0.,0.,1.));
#10514 = DIRECTION('',(1.,0.,-0.));
#10515 = ADVANCED_FACE('',(#10516),#10542,.T.);
#10516 = FACE_BOUND('',#10517,.T.);
#10517 = EDGE_LOOP('',(#10518,#10519,#10527,#10535,#10541));
#10518 = ORIENTED_EDGE('',*,*,#9866,.F.);
#10519 = ORIENTED_EDGE('',*,*,#10520,.T.);
#10520 = EDGE_CURVE('',#9859,#10521,#10523,.T.);
#10521 = VERTEX_POINT('',#10522);
#10522 = CARTESIAN_POINT('',(60.05,0.9,-3.1));
#10523 = LINE('',#10524,#10525);
#10524 = CARTESIAN_POINT('',(60.05,0.9,-3.31));
#10525 = VECTOR('',#10526,1.);
#10526 = DIRECTION('',(0.,0.,1.));
#10527 = ORIENTED_EDGE('',*,*,#10528,.T.);
#10528 = EDGE_CURVE('',#10521,#10529,#10531,.T.);
#10529 = VERTEX_POINT('',#10530);
#10530 = CARTESIAN_POINT('',(62.95,0.9,-3.1));
#10531 = LINE('',#10532,#10533);
#10532 = CARTESIAN_POINT('',(60.05,0.9,-3.1));
#10533 = VECTOR('',#10534,1.);
#10534 = DIRECTION('',(1.,0.,-0.));
#10535 = ORIENTED_EDGE('',*,*,#10536,.F.);
#10536 = EDGE_CURVE('',#9883,#10529,#10537,.T.);
#10537 = LINE('',#10538,#10539);
#10538 = CARTESIAN_POINT('',(62.95,0.9,-3.31));
#10539 = VECTOR('',#10540,1.);
#10540 = DIRECTION('',(0.,0.,1.));
#10541 = ORIENTED_EDGE('',*,*,#9882,.F.);
#10542 = PLANE('',#10543);
#10543 = AXIS2_PLACEMENT_3D('',#10544,#10545,#10546);
#10544 = CARTESIAN_POINT('',(60.05,0.9,-3.31));
#10545 = DIRECTION('',(-0.,1.,0.));
#10546 = DIRECTION('',(0.,0.,1.));
#10547 = ADVANCED_FACE('',(#10548),#10573,.F.);
#10548 = FACE_BOUND('',#10549,.F.);
#10549 = EDGE_LOOP('',(#10550,#10558,#10559,#10567));
#10550 = ORIENTED_EDGE('',*,*,#10551,.F.);
#10551 = EDGE_CURVE('',#10521,#10552,#10554,.T.);
#10552 = VERTEX_POINT('',#10553);
#10553 = CARTESIAN_POINT('',(60.05,2.05,-3.1));
#10554 = LINE('',#10555,#10556);
#10555 = CARTESIAN_POINT('',(60.05,0.9,-3.1));
#10556 = VECTOR('',#10557,1.);
#10557 = DIRECTION('',(-0.,1.,0.));
#10558 = ORIENTED_EDGE('',*,*,#10528,.T.);
#10559 = ORIENTED_EDGE('',*,*,#10560,.T.);
#10560 = EDGE_CURVE('',#10529,#10561,#10563,.T.);
#10561 = VERTEX_POINT('',#10562);
#10562 = CARTESIAN_POINT('',(62.95,2.05,-3.1));
#10563 = LINE('',#10564,#10565);
#10564 = CARTESIAN_POINT('',(62.95,0.9,-3.1));
#10565 = VECTOR('',#10566,1.);
#10566 = DIRECTION('',(-0.,1.,0.));
#10567 = ORIENTED_EDGE('',*,*,#10568,.T.);
#10568 = EDGE_CURVE('',#10561,#10552,#10569,.T.);
#10569 = LINE('',#10570,#10571);
#10570 = CARTESIAN_POINT('',(60.05,2.05,-3.1));
#10571 = VECTOR('',#10572,1.);
#10572 = DIRECTION('',(-1.,-0.,0.));
#10573 = PLANE('',#10574);
#10574 = AXIS2_PLACEMENT_3D('',#10575,#10576,#10577);
#10575 = CARTESIAN_POINT('',(60.05,0.9,-3.1));
#10576 = DIRECTION('',(0.,0.,1.));
#10577 = DIRECTION('',(1.,0.,-0.));
#10578 = ADVANCED_FACE('',(#10579),#10605,.F.);
#10579 = FACE_BOUND('',#10580,.F.);
#10580 = EDGE_LOOP('',(#10581,#10582,#10590,#10598,#10604));
#10581 = ORIENTED_EDGE('',*,*,#9952,.F.);
#10582 = ORIENTED_EDGE('',*,*,#10583,.T.);
#10583 = EDGE_CURVE('',#9944,#10584,#10586,.T.);
#10584 = VERTEX_POINT('',#10585);
#10585 = CARTESIAN_POINT('',(2.05,55.1,-3.1));
#10586 = LINE('',#10587,#10588);
#10587 = CARTESIAN_POINT('',(2.05,55.1,-3.31));
#10588 = VECTOR('',#10589,1.);
#10589 = DIRECTION('',(0.,0.,1.));
#10590 = ORIENTED_EDGE('',*,*,#10591,.T.);
#10591 = EDGE_CURVE('',#10584,#10592,#10594,.T.);
#10592 = VERTEX_POINT('',#10593);
#10593 = CARTESIAN_POINT('',(4.95,55.1,-3.1));
#10594 = LINE('',#10595,#10596);
#10595 = CARTESIAN_POINT('',(2.05,55.1,-3.1));
#10596 = VECTOR('',#10597,1.);
#10597 = DIRECTION('',(1.,0.,-0.));
#10598 = ORIENTED_EDGE('',*,*,#10599,.F.);
#10599 = EDGE_CURVE('',#9921,#10592,#10600,.T.);
#10600 = LINE('',#10601,#10602);
#10601 = CARTESIAN_POINT('',(4.95,55.1,-3.31));
#10602 = VECTOR('',#10603,1.);
#10603 = DIRECTION('',(0.,0.,1.));
#10604 = ORIENTED_EDGE('',*,*,#9920,.F.);
#10605 = PLANE('',#10606);
#10606 = AXIS2_PLACEMENT_3D('',#10607,#10608,#10609);
#10607 = CARTESIAN_POINT('',(2.05,55.1,-3.31));
#10608 = DIRECTION('',(-0.,1.,0.));
#10609 = DIRECTION('',(0.,0.,1.));
#10610 = ADVANCED_FACE('',(#10611),#10636,.F.);
#10611 = FACE_BOUND('',#10612,.F.);
#10612 = EDGE_LOOP('',(#10613,#10621,#10629,#10635));
#10613 = ORIENTED_EDGE('',*,*,#10614,.F.);
#10614 = EDGE_CURVE('',#10615,#10584,#10617,.T.);
#10615 = VERTEX_POINT('',#10616);
#10616 = CARTESIAN_POINT('',(2.05,53.95,-3.1));
#10617 = LINE('',#10618,#10619);
#10618 = CARTESIAN_POINT('',(2.05,49.9,-3.1));
#10619 = VECTOR('',#10620,1.);
#10620 = DIRECTION('',(-0.,1.,0.));
#10621 = ORIENTED_EDGE('',*,*,#10622,.F.);
#10622 = EDGE_CURVE('',#10623,#10615,#10625,.T.);
#10623 = VERTEX_POINT('',#10624);
#10624 = CARTESIAN_POINT('',(4.95,53.95,-3.1));
#10625 = LINE('',#10626,#10627);
#10626 = CARTESIAN_POINT('',(2.05,53.95,-3.1));
#10627 = VECTOR('',#10628,1.);
#10628 = DIRECTION('',(-1.,-0.,0.));
#10629 = ORIENTED_EDGE('',*,*,#10630,.T.);
#10630 = EDGE_CURVE('',#10623,#10592,#10631,.T.);
#10631 = LINE('',#10632,#10633);
#10632 = CARTESIAN_POINT('',(4.95,49.9,-3.1));
#10633 = VECTOR('',#10634,1.);
#10634 = DIRECTION('',(-0.,1.,0.));
#10635 = ORIENTED_EDGE('',*,*,#10591,.F.);
#10636 = PLANE('',#10637);
#10637 = AXIS2_PLACEMENT_3D('',#10638,#10639,#10640);
#10638 = CARTESIAN_POINT('',(2.05,49.9,-3.1));
#10639 = DIRECTION('',(0.,0.,1.));
#10640 = DIRECTION('',(1.,0.,-0.));
#10641 = ADVANCED_FACE('',(#10642),#10668,.T.);
#10642 = FACE_BOUND('',#10643,.T.);
#10643 = EDGE_LOOP('',(#10644,#10645,#10653,#10661,#10667));
#10644 = ORIENTED_EDGE('',*,*,#9989,.F.);
#10645 = ORIENTED_EDGE('',*,*,#10646,.T.);
#10646 = EDGE_CURVE('',#9982,#10647,#10649,.T.);
#10647 = VERTEX_POINT('',#10648);
#10648 = CARTESIAN_POINT('',(2.05,49.9,-3.1));
#10649 = LINE('',#10650,#10651);
#10650 = CARTESIAN_POINT('',(2.05,49.9,-3.31));
#10651 = VECTOR('',#10652,1.);
#10652 = DIRECTION('',(0.,0.,1.));
#10653 = ORIENTED_EDGE('',*,*,#10654,.T.);
#10654 = EDGE_CURVE('',#10647,#10655,#10657,.T.);
#10655 = VERTEX_POINT('',#10656);
#10656 = CARTESIAN_POINT('',(4.95,49.9,-3.1));
#10657 = LINE('',#10658,#10659);
#10658 = CARTESIAN_POINT('',(2.05,49.9,-3.1));
#10659 = VECTOR('',#10660,1.);
#10660 = DIRECTION('',(1.,0.,-0.));
#10661 = ORIENTED_EDGE('',*,*,#10662,.F.);
#10662 = EDGE_CURVE('',#10006,#10655,#10663,.T.);
#10663 = LINE('',#10664,#10665);
#10664 = CARTESIAN_POINT('',(4.95,49.9,-3.31));
#10665 = VECTOR('',#10666,1.);
#10666 = DIRECTION('',(0.,0.,1.));
#10667 = ORIENTED_EDGE('',*,*,#10005,.F.);
#10668 = PLANE('',#10669);
#10669 = AXIS2_PLACEMENT_3D('',#10670,#10671,#10672);
#10670 = CARTESIAN_POINT('',(2.05,49.9,-3.31));
#10671 = DIRECTION('',(-0.,1.,0.));
#10672 = DIRECTION('',(0.,0.,1.));
#10673 = ADVANCED_FACE('',(#10674),#10699,.F.);
#10674 = FACE_BOUND('',#10675,.F.);
#10675 = EDGE_LOOP('',(#10676,#10684,#10685,#10693));
#10676 = ORIENTED_EDGE('',*,*,#10677,.F.);
#10677 = EDGE_CURVE('',#10647,#10678,#10680,.T.);
#10678 = VERTEX_POINT('',#10679);
#10679 = CARTESIAN_POINT('',(2.05,51.05,-3.1));
#10680 = LINE('',#10681,#10682);
#10681 = CARTESIAN_POINT('',(2.05,49.9,-3.1));
#10682 = VECTOR('',#10683,1.);
#10683 = DIRECTION('',(-0.,1.,0.));
#10684 = ORIENTED_EDGE('',*,*,#10654,.T.);
#10685 = ORIENTED_EDGE('',*,*,#10686,.T.);
#10686 = EDGE_CURVE('',#10655,#10687,#10689,.T.);
#10687 = VERTEX_POINT('',#10688);
#10688 = CARTESIAN_POINT('',(4.95,51.05,-3.1));
#10689 = LINE('',#10690,#10691);
#10690 = CARTESIAN_POINT('',(4.95,49.9,-3.1));
#10691 = VECTOR('',#10692,1.);
#10692 = DIRECTION('',(-0.,1.,0.));
#10693 = ORIENTED_EDGE('',*,*,#10694,.T.);
#10694 = EDGE_CURVE('',#10687,#10678,#10695,.T.);
#10695 = LINE('',#10696,#10697);
#10696 = CARTESIAN_POINT('',(2.05,51.05,-3.1));
#10697 = VECTOR('',#10698,1.);
#10698 = DIRECTION('',(-1.,-0.,0.));
#10699 = PLANE('',#10700);
#10700 = AXIS2_PLACEMENT_3D('',#10701,#10702,#10703);
#10701 = CARTESIAN_POINT('',(2.05,49.9,-3.1));
#10702 = DIRECTION('',(0.,0.,1.));
#10703 = DIRECTION('',(1.,0.,-0.));
#10704 = ADVANCED_FACE('',(#10705),#10731,.F.);
#10705 = FACE_BOUND('',#10706,.F.);
#10706 = EDGE_LOOP('',(#10707,#10708,#10716,#10724,#10730));
#10707 = ORIENTED_EDGE('',*,*,#10075,.F.);
#10708 = ORIENTED_EDGE('',*,*,#10709,.T.);
#10709 = EDGE_CURVE('',#10067,#10710,#10712,.T.);
#10710 = VERTEX_POINT('',#10711);
#10711 = CARTESIAN_POINT('',(60.05,55.1,-3.1));
#10712 = LINE('',#10713,#10714);
#10713 = CARTESIAN_POINT('',(60.05,55.1,-3.31));
#10714 = VECTOR('',#10715,1.);
#10715 = DIRECTION('',(0.,0.,1.));
#10716 = ORIENTED_EDGE('',*,*,#10717,.T.);
#10717 = EDGE_CURVE('',#10710,#10718,#10720,.T.);
#10718 = VERTEX_POINT('',#10719);
#10719 = CARTESIAN_POINT('',(62.95,55.1,-3.1));
#10720 = LINE('',#10721,#10722);
#10721 = CARTESIAN_POINT('',(60.05,55.1,-3.1));
#10722 = VECTOR('',#10723,1.);
#10723 = DIRECTION('',(1.,0.,-0.));
#10724 = ORIENTED_EDGE('',*,*,#10725,.F.);
#10725 = EDGE_CURVE('',#10044,#10718,#10726,.T.);
#10726 = LINE('',#10727,#10728);
#10727 = CARTESIAN_POINT('',(62.95,55.1,-3.31));
#10728 = VECTOR('',#10729,1.);
#10729 = DIRECTION('',(0.,0.,1.));
#10730 = ORIENTED_EDGE('',*,*,#10043,.F.);
#10731 = PLANE('',#10732);
#10732 = AXIS2_PLACEMENT_3D('',#10733,#10734,#10735);
#10733 = CARTESIAN_POINT('',(60.05,55.1,-3.31));
#10734 = DIRECTION('',(-0.,1.,0.));
#10735 = DIRECTION('',(0.,0.,1.));
#10736 = ADVANCED_FACE('',(#10737),#10762,.F.);
#10737 = FACE_BOUND('',#10738,.F.);
#10738 = EDGE_LOOP('',(#10739,#10747,#10755,#10761));
#10739 = ORIENTED_EDGE('',*,*,#10740,.F.);
#10740 = EDGE_CURVE('',#10741,#10710,#10743,.T.);
#10741 = VERTEX_POINT('',#10742);
#10742 = CARTESIAN_POINT('',(60.05,53.95,-3.1));
#10743 = LINE('',#10744,#10745);
#10744 = CARTESIAN_POINT('',(60.05,49.9,-3.1));
#10745 = VECTOR('',#10746,1.);
#10746 = DIRECTION('',(-0.,1.,0.));
#10747 = ORIENTED_EDGE('',*,*,#10748,.F.);
#10748 = EDGE_CURVE('',#10749,#10741,#10751,.T.);
#10749 = VERTEX_POINT('',#10750);
#10750 = CARTESIAN_POINT('',(62.95,53.95,-3.1));
#10751 = LINE('',#10752,#10753);
#10752 = CARTESIAN_POINT('',(60.05,53.95,-3.1));
#10753 = VECTOR('',#10754,1.);
#10754 = DIRECTION('',(-1.,-0.,0.));
#10755 = ORIENTED_EDGE('',*,*,#10756,.T.);
#10756 = EDGE_CURVE('',#10749,#10718,#10757,.T.);
#10757 = LINE('',#10758,#10759);
#10758 = CARTESIAN_POINT('',(62.95,49.9,-3.1));
#10759 = VECTOR('',#10760,1.);
#10760 = DIRECTION('',(-0.,1.,0.));
#10761 = ORIENTED_EDGE('',*,*,#10717,.F.);
#10762 = PLANE('',#10763);
#10763 = AXIS2_PLACEMENT_3D('',#10764,#10765,#10766);
#10764 = CARTESIAN_POINT('',(60.05,49.9,-3.1));
#10765 = DIRECTION('',(0.,0.,1.));
#10766 = DIRECTION('',(1.,0.,-0.));
#10767 = ADVANCED_FACE('',(#10768),#10794,.T.);
#10768 = FACE_BOUND('',#10769,.T.);
#10769 = EDGE_LOOP('',(#10770,#10771,#10779,#10787,#10793));
#10770 = ORIENTED_EDGE('',*,*,#10112,.F.);
#10771 = ORIENTED_EDGE('',*,*,#10772,.T.);
#10772 = EDGE_CURVE('',#10105,#10773,#10775,.T.);
#10773 = VERTEX_POINT('',#10774);
#10774 = CARTESIAN_POINT('',(60.05,49.9,-3.1));
#10775 = LINE('',#10776,#10777);
#10776 = CARTESIAN_POINT('',(60.05,49.9,-3.31));
#10777 = VECTOR('',#10778,1.);
#10778 = DIRECTION('',(0.,0.,1.));
#10779 = ORIENTED_EDGE('',*,*,#10780,.T.);
#10780 = EDGE_CURVE('',#10773,#10781,#10783,.T.);
#10781 = VERTEX_POINT('',#10782);
#10782 = CARTESIAN_POINT('',(62.95,49.9,-3.1));
#10783 = LINE('',#10784,#10785);
#10784 = CARTESIAN_POINT('',(60.05,49.9,-3.1));
#10785 = VECTOR('',#10786,1.);
#10786 = DIRECTION('',(1.,0.,-0.));
#10787 = ORIENTED_EDGE('',*,*,#10788,.F.);
#10788 = EDGE_CURVE('',#10129,#10781,#10789,.T.);
#10789 = LINE('',#10790,#10791);
#10790 = CARTESIAN_POINT('',(62.95,49.9,-3.31));
#10791 = VECTOR('',#10792,1.);
#10792 = DIRECTION('',(0.,0.,1.));
#10793 = ORIENTED_EDGE('',*,*,#10128,.F.);
#10794 = PLANE('',#10795);
#10795 = AXIS2_PLACEMENT_3D('',#10796,#10797,#10798);
#10796 = CARTESIAN_POINT('',(60.05,49.9,-3.31));
#10797 = DIRECTION('',(-0.,1.,0.));
#10798 = DIRECTION('',(0.,0.,1.));
#10799 = ADVANCED_FACE('',(#10800),#10825,.F.);
#10800 = FACE_BOUND('',#10801,.F.);
#10801 = EDGE_LOOP('',(#10802,#10810,#10811,#10819));
#10802 = ORIENTED_EDGE('',*,*,#10803,.F.);
#10803 = EDGE_CURVE('',#10773,#10804,#10806,.T.);
#10804 = VERTEX_POINT('',#10805);
#10805 = CARTESIAN_POINT('',(60.05,51.05,-3.1));
#10806 = LINE('',#10807,#10808);
#10807 = CARTESIAN_POINT('',(60.05,49.9,-3.1));
#10808 = VECTOR('',#10809,1.);
#10809 = DIRECTION('',(-0.,1.,0.));
#10810 = ORIENTED_EDGE('',*,*,#10780,.T.);
#10811 = ORIENTED_EDGE('',*,*,#10812,.T.);
#10812 = EDGE_CURVE('',#10781,#10813,#10815,.T.);
#10813 = VERTEX_POINT('',#10814);
#10814 = CARTESIAN_POINT('',(62.95,51.05,-3.1));
#10815 = LINE('',#10816,#10817);
#10816 = CARTESIAN_POINT('',(62.95,49.9,-3.1));
#10817 = VECTOR('',#10818,1.);
#10818 = DIRECTION('',(-0.,1.,0.));
#10819 = ORIENTED_EDGE('',*,*,#10820,.T.);
#10820 = EDGE_CURVE('',#10813,#10804,#10821,.T.);
#10821 = LINE('',#10822,#10823);
#10822 = CARTESIAN_POINT('',(60.05,51.05,-3.1));
#10823 = VECTOR('',#10824,1.);
#10824 = DIRECTION('',(-1.,-0.,0.));
#10825 = PLANE('',#10826);
#10826 = AXIS2_PLACEMENT_3D('',#10827,#10828,#10829);
#10827 = CARTESIAN_POINT('',(60.05,49.9,-3.1));
#10828 = DIRECTION('',(0.,0.,1.));
#10829 = DIRECTION('',(1.,0.,-0.));
#10830 = ADVANCED_FACE('',(#10831),#10856,.F.);
#10831 = FACE_BOUND('',#10832,.F.);
#10832 = EDGE_LOOP('',(#10833,#10834,#10842,#10850));
#10833 = ORIENTED_EDGE('',*,*,#10197,.T.);
#10834 = ORIENTED_EDGE('',*,*,#10835,.T.);
#10835 = EDGE_CURVE('',#10200,#10836,#10838,.T.);
#10836 = VERTEX_POINT('',#10837);
#10837 = CARTESIAN_POINT('',(42.5,57.6,14.73761543395));
#10838 = LINE('',#10839,#10840);
#10839 = CARTESIAN_POINT('',(42.5,56.3,14.73761543395));
#10840 = VECTOR('',#10841,1.);
#10841 = DIRECTION('',(0.,1.,0.));
#10842 = ORIENTED_EDGE('',*,*,#10843,.F.);
#10843 = EDGE_CURVE('',#10844,#10836,#10846,.T.);
#10844 = VERTEX_POINT('',#10845);
#10845 = CARTESIAN_POINT('',(40.131192283025,57.6,12.368807716975));
#10846 = LINE('',#10847,#10848);
#10847 = CARTESIAN_POINT('',(39.883096141513,57.6,12.120711575462));
#10848 = VECTOR('',#10849,1.);
#10849 = DIRECTION('',(0.707106781187,0.,0.707106781187));
#10850 = ORIENTED_EDGE('',*,*,#10851,.F.);
#10851 = EDGE_CURVE('',#10198,#10844,#10852,.T.);
#10852 = LINE('',#10853,#10854);
#10853 = CARTESIAN_POINT('',(40.131192283025,56.3,12.368807716975));
#10854 = VECTOR('',#10855,1.);
#10855 = DIRECTION('',(0.,1.,0.));
#10856 = PLANE('',#10857);
#10857 = AXIS2_PLACEMENT_3D('',#10858,#10859,#10860);
#10858 = CARTESIAN_POINT('',(42.5,56.3,14.73761543395));
#10859 = DIRECTION('',(-0.707106781187,0.,0.707106781187));
#10860 = DIRECTION('',(-0.707106781187,0.,-0.707106781187));
#10861 = ADVANCED_FACE('',(#10862),#10880,.F.);
#10862 = FACE_BOUND('',#10863,.F.);
#10863 = EDGE_LOOP('',(#10864,#10865,#10873,#10879));
#10864 = ORIENTED_EDGE('',*,*,#10216,.T.);
#10865 = ORIENTED_EDGE('',*,*,#10866,.T.);
#10866 = EDGE_CURVE('',#10208,#10867,#10869,.T.);
#10867 = VERTEX_POINT('',#10868);
#10868 = CARTESIAN_POINT('',(44.868807716975,57.6,12.368807716975));
#10869 = LINE('',#10870,#10871);
#10870 = CARTESIAN_POINT('',(44.868807716975,56.3,12.368807716975));
#10871 = VECTOR('',#10872,1.);
#10872 = DIRECTION('',(0.,1.,0.));
#10873 = ORIENTED_EDGE('',*,*,#10874,.F.);
#10874 = EDGE_CURVE('',#10836,#10867,#10875,.T.);
#10875 = LINE('',#10876,#10877);
#10876 = CARTESIAN_POINT('',(43.436307716975,57.6,13.801307716975));
#10877 = VECTOR('',#10878,1.);
#10878 = DIRECTION('',(0.707106781187,0.,-0.707106781187));
#10879 = ORIENTED_EDGE('',*,*,#10835,.F.);
#10880 = PLANE('',#10881);
#10881 = AXIS2_PLACEMENT_3D('',#10882,#10883,#10884);
#10882 = CARTESIAN_POINT('',(44.868807716975,56.3,12.368807716975));
#10883 = DIRECTION('',(0.707106781187,-0.,0.707106781187));
#10884 = DIRECTION('',(-0.707106781187,0.,0.707106781187));
#10885 = ADVANCED_FACE('',(#10886),#10916,.F.);
#10886 = FACE_BOUND('',#10887,.F.);
#10887 = EDGE_LOOP('',(#10888,#10897,#10898,#10899,#10900,#10909));
#10888 = ORIENTED_EDGE('',*,*,#10889,.F.);
#10889 = EDGE_CURVE('',#10867,#10890,#10892,.T.);
#10890 = VERTEX_POINT('',#10891);
#10891 = CARTESIAN_POINT('',(45.85,57.6,10.));
#10892 = CIRCLE('',#10893,3.35);
#10893 = AXIS2_PLACEMENT_3D('',#10894,#10895,#10896);
#10894 = CARTESIAN_POINT('',(42.5,57.6,10.));
#10895 = DIRECTION('',(0.,1.,0.));
#10896 = DIRECTION('',(0.,-0.,1.));
#10897 = ORIENTED_EDGE('',*,*,#10866,.F.);
#10898 = ORIENTED_EDGE('',*,*,#10207,.T.);
#10899 = ORIENTED_EDGE('',*,*,#10851,.T.);
#10900 = ORIENTED_EDGE('',*,*,#10901,.F.);
#10901 = EDGE_CURVE('',#10902,#10844,#10904,.T.);
#10902 = VERTEX_POINT('',#10903);
#10903 = CARTESIAN_POINT('',(39.15,57.6,10.));
#10904 = CIRCLE('',#10905,3.35);
#10905 = AXIS2_PLACEMENT_3D('',#10906,#10907,#10908);
#10906 = CARTESIAN_POINT('',(42.5,57.6,10.));
#10907 = DIRECTION('',(0.,1.,0.));
#10908 = DIRECTION('',(0.,-0.,1.));
#10909 = ORIENTED_EDGE('',*,*,#10910,.F.);
#10910 = EDGE_CURVE('',#10890,#10902,#10911,.T.);
#10911 = CIRCLE('',#10912,3.35);
#10912 = AXIS2_PLACEMENT_3D('',#10913,#10914,#10915);
#10913 = CARTESIAN_POINT('',(42.5,57.6,10.));
#10914 = DIRECTION('',(0.,1.,0.));
#10915 = DIRECTION('',(0.,-0.,1.));
#10916 = CYLINDRICAL_SURFACE('',#10917,3.35);
#10917 = AXIS2_PLACEMENT_3D('',#10918,#10919,#10920);
#10918 = CARTESIAN_POINT('',(42.5,56.3,10.));
#10919 = DIRECTION('',(0.,1.,0.));
#10920 = DIRECTION('',(0.,-0.,1.));
#10921 = ADVANCED_FACE('',(#10922,#10925),#10936,.T.);
#10922 = FACE_BOUND('',#10923,.T.);
#10923 = EDGE_LOOP('',(#10924));
#10924 = ORIENTED_EDGE('',*,*,#10238,.T.);
#10925 = FACE_BOUND('',#10926,.T.);
#10926 = EDGE_LOOP('',(#10927));
#10927 = ORIENTED_EDGE('',*,*,#10928,.F.);
#10928 = EDGE_CURVE('',#10929,#10929,#10931,.T.);
#10929 = VERTEX_POINT('',#10930);
#10930 = CARTESIAN_POINT('',(4.95,3.5,0.));
#10931 = CIRCLE('',#10932,1.45);
#10932 = AXIS2_PLACEMENT_3D('',#10933,#10934,#10935);
#10933 = CARTESIAN_POINT('',(3.5,3.5,0.));
#10934 = DIRECTION('',(0.,0.,1.));
#10935 = DIRECTION('',(1.,0.,-0.));
#10936 = PLANE('',#10937);
#10937 = AXIS2_PLACEMENT_3D('',#10938,#10939,#10940);
#10938 = CARTESIAN_POINT('',(3.5,3.5,0.));
#10939 = DIRECTION('',(0.,0.,1.));
#10940 = DIRECTION('',(1.,0.,-0.));
#10941 = ADVANCED_FACE('',(#10942,#10945),#10956,.T.);
#10942 = FACE_BOUND('',#10943,.T.);
#10943 = EDGE_LOOP('',(#10944));
#10944 = ORIENTED_EDGE('',*,*,#10263,.T.);
#10945 = FACE_BOUND('',#10946,.T.);
#10946 = EDGE_LOOP('',(#10947));
#10947 = ORIENTED_EDGE('',*,*,#10948,.F.);
#10948 = EDGE_CURVE('',#10949,#10949,#10951,.T.);
#10949 = VERTEX_POINT('',#10950);
#10950 = CARTESIAN_POINT('',(62.95,3.5,0.));
#10951 = CIRCLE('',#10952,1.45);
#10952 = AXIS2_PLACEMENT_3D('',#10953,#10954,#10955);
#10953 = CARTESIAN_POINT('',(61.5,3.5,0.));
#10954 = DIRECTION('',(0.,0.,1.));
#10955 = DIRECTION('',(1.,0.,-0.));
#10956 = PLANE('',#10957);
#10957 = AXIS2_PLACEMENT_3D('',#10958,#10959,#10960);
#10958 = CARTESIAN_POINT('',(61.5,3.5,0.));
#10959 = DIRECTION('',(0.,0.,1.));
#10960 = DIRECTION('',(1.,0.,-0.));
#10961 = ADVANCED_FACE('',(#10962,#10965),#10976,.T.);
#10962 = FACE_BOUND('',#10963,.T.);
#10963 = EDGE_LOOP('',(#10964));
#10964 = ORIENTED_EDGE('',*,*,#10288,.T.);
#10965 = FACE_BOUND('',#10966,.T.);
#10966 = EDGE_LOOP('',(#10967));
#10967 = ORIENTED_EDGE('',*,*,#10968,.F.);
#10968 = EDGE_CURVE('',#10969,#10969,#10971,.T.);
#10969 = VERTEX_POINT('',#10970);
#10970 = CARTESIAN_POINT('',(4.95,52.5,0.));
#10971 = CIRCLE('',#10972,1.45);
#10972 = AXIS2_PLACEMENT_3D('',#10973,#10974,#10975);
#10973 = CARTESIAN_POINT('',(3.5,52.5,0.));
#10974 = DIRECTION('',(0.,0.,1.));
#10975 = DIRECTION('',(1.,0.,-0.));
#10976 = PLANE('',#10977);
#10977 = AXIS2_PLACEMENT_3D('',#10978,#10979,#10980);
#10978 = CARTESIAN_POINT('',(3.5,52.5,0.));
#10979 = DIRECTION('',(0.,0.,1.));
#10980 = DIRECTION('',(1.,0.,-0.));
#10981 = ADVANCED_FACE('',(#10982,#10985),#10996,.T.);
#10982 = FACE_BOUND('',#10983,.T.);
#10983 = EDGE_LOOP('',(#10984));
#10984 = ORIENTED_EDGE('',*,*,#10313,.T.);
#10985 = FACE_BOUND('',#10986,.T.);
#10986 = EDGE_LOOP('',(#10987));
#10987 = ORIENTED_EDGE('',*,*,#10988,.F.);
#10988 = EDGE_CURVE('',#10989,#10989,#10991,.T.);
#10989 = VERTEX_POINT('',#10990);
#10990 = CARTESIAN_POINT('',(62.95,52.5,0.));
#10991 = CIRCLE('',#10992,1.45);
#10992 = AXIS2_PLACEMENT_3D('',#10993,#10994,#10995);
#10993 = CARTESIAN_POINT('',(61.5,52.5,0.));
#10994 = DIRECTION('',(0.,0.,1.));
#10995 = DIRECTION('',(1.,0.,-0.));
#10996 = PLANE('',#10997);
#10997 = AXIS2_PLACEMENT_3D('',#10998,#10999,#11000);
#10998 = CARTESIAN_POINT('',(61.5,52.5,0.));
#10999 = DIRECTION('',(0.,0.,1.));
#11000 = DIRECTION('',(1.,0.,-0.));
#11001 = ADVANCED_FACE('',(#11002),#11048,.F.);
#11002 = FACE_BOUND('',#11003,.F.);
#11003 = EDGE_LOOP('',(#11004,#11005,#11013,#11022,#11031,#11040,#11047)
  );
#11004 = ORIENTED_EDGE('',*,*,#10928,.F.);
#11005 = ORIENTED_EDGE('',*,*,#11006,.F.);
#11006 = EDGE_CURVE('',#11007,#10929,#11009,.T.);
#11007 = VERTEX_POINT('',#11008);
#11008 = CARTESIAN_POINT('',(4.95,3.5,-2.9));
#11009 = LINE('',#11010,#11011);
#11010 = CARTESIAN_POINT('',(4.95,3.5,-6.1));
#11011 = VECTOR('',#11012,1.);
#11012 = DIRECTION('',(0.,0.,1.));
#11013 = ORIENTED_EDGE('',*,*,#11014,.T.);
#11014 = EDGE_CURVE('',#11007,#11015,#11017,.T.);
#11015 = VERTEX_POINT('',#11016);
#11016 = CARTESIAN_POINT('',(3.5,4.95,-2.9));
#11017 = CIRCLE('',#11018,1.45);
#11018 = AXIS2_PLACEMENT_3D('',#11019,#11020,#11021);
#11019 = CARTESIAN_POINT('',(3.5,3.5,-2.9));
#11020 = DIRECTION('',(0.,0.,1.));
#11021 = DIRECTION('',(1.,0.,-0.));
#11022 = ORIENTED_EDGE('',*,*,#11023,.T.);
#11023 = EDGE_CURVE('',#11015,#11024,#11026,.T.);
#11024 = VERTEX_POINT('',#11025);
#11025 = CARTESIAN_POINT('',(2.05,3.5,-2.9));
#11026 = CIRCLE('',#11027,1.45);
#11027 = AXIS2_PLACEMENT_3D('',#11028,#11029,#11030);
#11028 = CARTESIAN_POINT('',(3.5,3.5,-2.9));
#11029 = DIRECTION('',(0.,0.,1.));
#11030 = DIRECTION('',(1.,0.,-0.));
#11031 = ORIENTED_EDGE('',*,*,#11032,.T.);
#11032 = EDGE_CURVE('',#11024,#11033,#11035,.T.);
#11033 = VERTEX_POINT('',#11034);
#11034 = CARTESIAN_POINT('',(3.5,2.05,-2.9));
#11035 = CIRCLE('',#11036,1.45);
#11036 = AXIS2_PLACEMENT_3D('',#11037,#11038,#11039);
#11037 = CARTESIAN_POINT('',(3.5,3.5,-2.9));
#11038 = DIRECTION('',(0.,0.,1.));
#11039 = DIRECTION('',(1.,0.,-0.));
#11040 = ORIENTED_EDGE('',*,*,#11041,.T.);
#11041 = EDGE_CURVE('',#11033,#11007,#11042,.T.);
#11042 = CIRCLE('',#11043,1.45);
#11043 = AXIS2_PLACEMENT_3D('',#11044,#11045,#11046);
#11044 = CARTESIAN_POINT('',(3.5,3.5,-2.9));
#11045 = DIRECTION('',(0.,0.,1.));
#11046 = DIRECTION('',(1.,0.,-0.));
#11047 = ORIENTED_EDGE('',*,*,#11006,.T.);
#11048 = CYLINDRICAL_SURFACE('',#11049,1.45);
#11049 = AXIS2_PLACEMENT_3D('',#11050,#11051,#11052);
#11050 = CARTESIAN_POINT('',(3.5,3.5,-6.1));
#11051 = DIRECTION('',(0.,0.,1.));
#11052 = DIRECTION('',(1.,0.,-0.));
#11053 = ADVANCED_FACE('',(#11054),#11100,.F.);
#11054 = FACE_BOUND('',#11055,.F.);
#11055 = EDGE_LOOP('',(#11056,#11057,#11065,#11074,#11083,#11092,#11099)
  );
#11056 = ORIENTED_EDGE('',*,*,#10948,.F.);
#11057 = ORIENTED_EDGE('',*,*,#11058,.F.);
#11058 = EDGE_CURVE('',#11059,#10949,#11061,.T.);
#11059 = VERTEX_POINT('',#11060);
#11060 = CARTESIAN_POINT('',(62.95,3.5,-2.9));
#11061 = LINE('',#11062,#11063);
#11062 = CARTESIAN_POINT('',(62.95,3.5,-6.1));
#11063 = VECTOR('',#11064,1.);
#11064 = DIRECTION('',(0.,0.,1.));
#11065 = ORIENTED_EDGE('',*,*,#11066,.T.);
#11066 = EDGE_CURVE('',#11059,#11067,#11069,.T.);
#11067 = VERTEX_POINT('',#11068);
#11068 = CARTESIAN_POINT('',(61.5,4.95,-2.9));
#11069 = CIRCLE('',#11070,1.45);
#11070 = AXIS2_PLACEMENT_3D('',#11071,#11072,#11073);
#11071 = CARTESIAN_POINT('',(61.5,3.5,-2.9));
#11072 = DIRECTION('',(0.,0.,1.));
#11073 = DIRECTION('',(1.,0.,-0.));
#11074 = ORIENTED_EDGE('',*,*,#11075,.T.);
#11075 = EDGE_CURVE('',#11067,#11076,#11078,.T.);
#11076 = VERTEX_POINT('',#11077);
#11077 = CARTESIAN_POINT('',(60.05,3.5,-2.9));
#11078 = CIRCLE('',#11079,1.45);
#11079 = AXIS2_PLACEMENT_3D('',#11080,#11081,#11082);
#11080 = CARTESIAN_POINT('',(61.5,3.5,-2.9));
#11081 = DIRECTION('',(0.,0.,1.));
#11082 = DIRECTION('',(1.,0.,-0.));
#11083 = ORIENTED_EDGE('',*,*,#11084,.T.);
#11084 = EDGE_CURVE('',#11076,#11085,#11087,.T.);
#11085 = VERTEX_POINT('',#11086);
#11086 = CARTESIAN_POINT('',(61.5,2.05,-2.9));
#11087 = CIRCLE('',#11088,1.45);
#11088 = AXIS2_PLACEMENT_3D('',#11089,#11090,#11091);
#11089 = CARTESIAN_POINT('',(61.5,3.5,-2.9));
#11090 = DIRECTION('',(0.,0.,1.));
#11091 = DIRECTION('',(1.,0.,-0.));
#11092 = ORIENTED_EDGE('',*,*,#11093,.T.);
#11093 = EDGE_CURVE('',#11085,#11059,#11094,.T.);
#11094 = CIRCLE('',#11095,1.45);
#11095 = AXIS2_PLACEMENT_3D('',#11096,#11097,#11098);
#11096 = CARTESIAN_POINT('',(61.5,3.5,-2.9));
#11097 = DIRECTION('',(0.,0.,1.));
#11098 = DIRECTION('',(1.,0.,-0.));
#11099 = ORIENTED_EDGE('',*,*,#11058,.T.);
#11100 = CYLINDRICAL_SURFACE('',#11101,1.45);
#11101 = AXIS2_PLACEMENT_3D('',#11102,#11103,#11104);
#11102 = CARTESIAN_POINT('',(61.5,3.5,-6.1));
#11103 = DIRECTION('',(0.,0.,1.));
#11104 = DIRECTION('',(1.,0.,-0.));
#11105 = ADVANCED_FACE('',(#11106),#11152,.F.);
#11106 = FACE_BOUND('',#11107,.F.);
#11107 = EDGE_LOOP('',(#11108,#11109,#11117,#11126,#11135,#11144,#11151)
  );
#11108 = ORIENTED_EDGE('',*,*,#10968,.F.);
#11109 = ORIENTED_EDGE('',*,*,#11110,.F.);
#11110 = EDGE_CURVE('',#11111,#10969,#11113,.T.);
#11111 = VERTEX_POINT('',#11112);
#11112 = CARTESIAN_POINT('',(4.95,52.5,-2.9));
#11113 = LINE('',#11114,#11115);
#11114 = CARTESIAN_POINT('',(4.95,52.5,-6.1));
#11115 = VECTOR('',#11116,1.);
#11116 = DIRECTION('',(0.,0.,1.));
#11117 = ORIENTED_EDGE('',*,*,#11118,.T.);
#11118 = EDGE_CURVE('',#11111,#11119,#11121,.T.);
#11119 = VERTEX_POINT('',#11120);
#11120 = CARTESIAN_POINT('',(3.5,53.95,-2.9));
#11121 = CIRCLE('',#11122,1.45);
#11122 = AXIS2_PLACEMENT_3D('',#11123,#11124,#11125);
#11123 = CARTESIAN_POINT('',(3.5,52.5,-2.9));
#11124 = DIRECTION('',(0.,0.,1.));
#11125 = DIRECTION('',(1.,0.,-0.));
#11126 = ORIENTED_EDGE('',*,*,#11127,.T.);
#11127 = EDGE_CURVE('',#11119,#11128,#11130,.T.);
#11128 = VERTEX_POINT('',#11129);
#11129 = CARTESIAN_POINT('',(2.05,52.5,-2.9));
#11130 = CIRCLE('',#11131,1.45);
#11131 = AXIS2_PLACEMENT_3D('',#11132,#11133,#11134);
#11132 = CARTESIAN_POINT('',(3.5,52.5,-2.9));
#11133 = DIRECTION('',(0.,0.,1.));
#11134 = DIRECTION('',(1.,0.,-0.));
#11135 = ORIENTED_EDGE('',*,*,#11136,.T.);
#11136 = EDGE_CURVE('',#11128,#11137,#11139,.T.);
#11137 = VERTEX_POINT('',#11138);
#11138 = CARTESIAN_POINT('',(3.5,51.05,-2.9));
#11139 = CIRCLE('',#11140,1.45);
#11140 = AXIS2_PLACEMENT_3D('',#11141,#11142,#11143);
#11141 = CARTESIAN_POINT('',(3.5,52.5,-2.9));
#11142 = DIRECTION('',(0.,0.,1.));
#11143 = DIRECTION('',(1.,0.,-0.));
#11144 = ORIENTED_EDGE('',*,*,#11145,.T.);
#11145 = EDGE_CURVE('',#11137,#11111,#11146,.T.);
#11146 = CIRCLE('',#11147,1.45);
#11147 = AXIS2_PLACEMENT_3D('',#11148,#11149,#11150);
#11148 = CARTESIAN_POINT('',(3.5,52.5,-2.9));
#11149 = DIRECTION('',(0.,0.,1.));
#11150 = DIRECTION('',(1.,0.,-0.));
#11151 = ORIENTED_EDGE('',*,*,#11110,.T.);
#11152 = CYLINDRICAL_SURFACE('',#11153,1.45);
#11153 = AXIS2_PLACEMENT_3D('',#11154,#11155,#11156);
#11154 = CARTESIAN_POINT('',(3.5,52.5,-6.1));
#11155 = DIRECTION('',(0.,0.,1.));
#11156 = DIRECTION('',(1.,0.,-0.));
#11157 = ADVANCED_FACE('',(#11158),#11204,.F.);
#11158 = FACE_BOUND('',#11159,.F.);
#11159 = EDGE_LOOP('',(#11160,#11161,#11169,#11178,#11187,#11196,#11203)
  );
#11160 = ORIENTED_EDGE('',*,*,#10988,.F.);
#11161 = ORIENTED_EDGE('',*,*,#11162,.F.);
#11162 = EDGE_CURVE('',#11163,#10989,#11165,.T.);
#11163 = VERTEX_POINT('',#11164);
#11164 = CARTESIAN_POINT('',(62.95,52.5,-2.9));
#11165 = LINE('',#11166,#11167);
#11166 = CARTESIAN_POINT('',(62.95,52.5,-6.1));
#11167 = VECTOR('',#11168,1.);
#11168 = DIRECTION('',(0.,0.,1.));
#11169 = ORIENTED_EDGE('',*,*,#11170,.T.);
#11170 = EDGE_CURVE('',#11163,#11171,#11173,.T.);
#11171 = VERTEX_POINT('',#11172);
#11172 = CARTESIAN_POINT('',(61.5,53.95,-2.9));
#11173 = CIRCLE('',#11174,1.45);
#11174 = AXIS2_PLACEMENT_3D('',#11175,#11176,#11177);
#11175 = CARTESIAN_POINT('',(61.5,52.5,-2.9));
#11176 = DIRECTION('',(0.,0.,1.));
#11177 = DIRECTION('',(1.,0.,-0.));
#11178 = ORIENTED_EDGE('',*,*,#11179,.T.);
#11179 = EDGE_CURVE('',#11171,#11180,#11182,.T.);
#11180 = VERTEX_POINT('',#11181);
#11181 = CARTESIAN_POINT('',(60.05,52.5,-2.9));
#11182 = CIRCLE('',#11183,1.45);
#11183 = AXIS2_PLACEMENT_3D('',#11184,#11185,#11186);
#11184 = CARTESIAN_POINT('',(61.5,52.5,-2.9));
#11185 = DIRECTION('',(0.,0.,1.));
#11186 = DIRECTION('',(1.,0.,-0.));
#11187 = ORIENTED_EDGE('',*,*,#11188,.T.);
#11188 = EDGE_CURVE('',#11180,#11189,#11191,.T.);
#11189 = VERTEX_POINT('',#11190);
#11190 = CARTESIAN_POINT('',(61.5,51.05,-2.9));
#11191 = CIRCLE('',#11192,1.45);
#11192 = AXIS2_PLACEMENT_3D('',#11193,#11194,#11195);
#11193 = CARTESIAN_POINT('',(61.5,52.5,-2.9));
#11194 = DIRECTION('',(0.,0.,1.));
#11195 = DIRECTION('',(1.,0.,-0.));
#11196 = ORIENTED_EDGE('',*,*,#11197,.T.);
#11197 = EDGE_CURVE('',#11189,#11163,#11198,.T.);
#11198 = CIRCLE('',#11199,1.45);
#11199 = AXIS2_PLACEMENT_3D('',#11200,#11201,#11202);
#11200 = CARTESIAN_POINT('',(61.5,52.5,-2.9));
#11201 = DIRECTION('',(0.,0.,1.));
#11202 = DIRECTION('',(1.,0.,-0.));
#11203 = ORIENTED_EDGE('',*,*,#11162,.T.);
#11204 = CYLINDRICAL_SURFACE('',#11205,1.45);
#11205 = AXIS2_PLACEMENT_3D('',#11206,#11207,#11208);
#11206 = CARTESIAN_POINT('',(61.5,52.5,-6.1));
#11207 = DIRECTION('',(0.,0.,1.));
#11208 = DIRECTION('',(1.,0.,-0.));
#11209 = ADVANCED_FACE('',(#11210),#11227,.F.);
#11210 = FACE_BOUND('',#11211,.F.);
#11211 = EDGE_LOOP('',(#11212,#11220,#11221));
#11212 = ORIENTED_EDGE('',*,*,#11213,.F.);
#11213 = EDGE_CURVE('',#11015,#11214,#11216,.T.);
#11214 = VERTEX_POINT('',#11215);
#11215 = CARTESIAN_POINT('',(4.95,4.95,-2.9));
#11216 = LINE('',#11217,#11218);
#11217 = CARTESIAN_POINT('',(2.05,4.95,-2.9));
#11218 = VECTOR('',#11219,1.);
#11219 = DIRECTION('',(1.,0.,-0.));
#11220 = ORIENTED_EDGE('',*,*,#11014,.F.);
#11221 = ORIENTED_EDGE('',*,*,#11222,.T.);
#11222 = EDGE_CURVE('',#11007,#11214,#11223,.T.);
#11223 = LINE('',#11224,#11225);
#11224 = CARTESIAN_POINT('',(4.95,2.05,-2.9));
#11225 = VECTOR('',#11226,1.);
#11226 = DIRECTION('',(-0.,1.,0.));
#11227 = PLANE('',#11228);
#11228 = AXIS2_PLACEMENT_3D('',#11229,#11230,#11231);
#11229 = CARTESIAN_POINT('',(2.05,2.05,-2.9));
#11230 = DIRECTION('',(0.,0.,1.));
#11231 = DIRECTION('',(1.,0.,-0.));
#11232 = ADVANCED_FACE('',(#11233),#11250,.F.);
#11233 = FACE_BOUND('',#11234,.F.);
#11234 = EDGE_LOOP('',(#11235,#11243,#11244));
#11235 = ORIENTED_EDGE('',*,*,#11236,.F.);
#11236 = EDGE_CURVE('',#11024,#11237,#11239,.T.);
#11237 = VERTEX_POINT('',#11238);
#11238 = CARTESIAN_POINT('',(2.05,4.95,-2.9));
#11239 = LINE('',#11240,#11241);
#11240 = CARTESIAN_POINT('',(2.05,2.05,-2.9));
#11241 = VECTOR('',#11242,1.);
#11242 = DIRECTION('',(-0.,1.,0.));
#11243 = ORIENTED_EDGE('',*,*,#11023,.F.);
#11244 = ORIENTED_EDGE('',*,*,#11245,.F.);
#11245 = EDGE_CURVE('',#11237,#11015,#11246,.T.);
#11246 = LINE('',#11247,#11248);
#11247 = CARTESIAN_POINT('',(2.05,4.95,-2.9));
#11248 = VECTOR('',#11249,1.);
#11249 = DIRECTION('',(1.,0.,-0.));
#11250 = PLANE('',#11251);
#11251 = AXIS2_PLACEMENT_3D('',#11252,#11253,#11254);
#11252 = CARTESIAN_POINT('',(2.05,2.05,-2.9));
#11253 = DIRECTION('',(0.,0.,1.));
#11254 = DIRECTION('',(1.,0.,-0.));
#11255 = ADVANCED_FACE('',(#11256),#11273,.F.);
#11256 = FACE_BOUND('',#11257,.F.);
#11257 = EDGE_LOOP('',(#11258,#11266,#11272));
#11258 = ORIENTED_EDGE('',*,*,#11259,.F.);
#11259 = EDGE_CURVE('',#11260,#11024,#11262,.T.);
#11260 = VERTEX_POINT('',#11261);
#11261 = CARTESIAN_POINT('',(2.05,2.05,-2.9));
#11262 = LINE('',#11263,#11264);
#11263 = CARTESIAN_POINT('',(2.05,2.05,-2.9));
#11264 = VECTOR('',#11265,1.);
#11265 = DIRECTION('',(-0.,1.,0.));
#11266 = ORIENTED_EDGE('',*,*,#11267,.T.);
#11267 = EDGE_CURVE('',#11260,#11033,#11268,.T.);
#11268 = LINE('',#11269,#11270);
#11269 = CARTESIAN_POINT('',(2.05,2.05,-2.9));
#11270 = VECTOR('',#11271,1.);
#11271 = DIRECTION('',(1.,0.,-0.));
#11272 = ORIENTED_EDGE('',*,*,#11032,.F.);
#11273 = PLANE('',#11274);
#11274 = AXIS2_PLACEMENT_3D('',#11275,#11276,#11277);
#11275 = CARTESIAN_POINT('',(2.05,2.05,-2.9));
#11276 = DIRECTION('',(0.,0.,1.));
#11277 = DIRECTION('',(1.,0.,-0.));
#11278 = ADVANCED_FACE('',(#11279),#11296,.F.);
#11279 = FACE_BOUND('',#11280,.F.);
#11280 = EDGE_LOOP('',(#11281,#11282,#11290));
#11281 = ORIENTED_EDGE('',*,*,#11041,.F.);
#11282 = ORIENTED_EDGE('',*,*,#11283,.T.);
#11283 = EDGE_CURVE('',#11033,#11284,#11286,.T.);
#11284 = VERTEX_POINT('',#11285);
#11285 = CARTESIAN_POINT('',(4.95,2.05,-2.9));
#11286 = LINE('',#11287,#11288);
#11287 = CARTESIAN_POINT('',(2.05,2.05,-2.9));
#11288 = VECTOR('',#11289,1.);
#11289 = DIRECTION('',(1.,0.,-0.));
#11290 = ORIENTED_EDGE('',*,*,#11291,.T.);
#11291 = EDGE_CURVE('',#11284,#11007,#11292,.T.);
#11292 = LINE('',#11293,#11294);
#11293 = CARTESIAN_POINT('',(4.95,2.05,-2.9));
#11294 = VECTOR('',#11295,1.);
#11295 = DIRECTION('',(-0.,1.,0.));
#11296 = PLANE('',#11297);
#11297 = AXIS2_PLACEMENT_3D('',#11298,#11299,#11300);
#11298 = CARTESIAN_POINT('',(2.05,2.05,-2.9));
#11299 = DIRECTION('',(0.,0.,1.));
#11300 = DIRECTION('',(1.,0.,-0.));
#11301 = ADVANCED_FACE('',(#11302),#11319,.F.);
#11302 = FACE_BOUND('',#11303,.F.);
#11303 = EDGE_LOOP('',(#11304,#11312,#11313));
#11304 = ORIENTED_EDGE('',*,*,#11305,.F.);
#11305 = EDGE_CURVE('',#11067,#11306,#11308,.T.);
#11306 = VERTEX_POINT('',#11307);
#11307 = CARTESIAN_POINT('',(62.95,4.95,-2.9));
#11308 = LINE('',#11309,#11310);
#11309 = CARTESIAN_POINT('',(60.05,4.95,-2.9));
#11310 = VECTOR('',#11311,1.);
#11311 = DIRECTION('',(1.,0.,-0.));
#11312 = ORIENTED_EDGE('',*,*,#11066,.F.);
#11313 = ORIENTED_EDGE('',*,*,#11314,.T.);
#11314 = EDGE_CURVE('',#11059,#11306,#11315,.T.);
#11315 = LINE('',#11316,#11317);
#11316 = CARTESIAN_POINT('',(62.95,2.05,-2.9));
#11317 = VECTOR('',#11318,1.);
#11318 = DIRECTION('',(-0.,1.,0.));
#11319 = PLANE('',#11320);
#11320 = AXIS2_PLACEMENT_3D('',#11321,#11322,#11323);
#11321 = CARTESIAN_POINT('',(60.05,2.05,-2.9));
#11322 = DIRECTION('',(0.,0.,1.));
#11323 = DIRECTION('',(1.,0.,-0.));
#11324 = ADVANCED_FACE('',(#11325),#11342,.F.);
#11325 = FACE_BOUND('',#11326,.F.);
#11326 = EDGE_LOOP('',(#11327,#11335,#11336));
#11327 = ORIENTED_EDGE('',*,*,#11328,.F.);
#11328 = EDGE_CURVE('',#11076,#11329,#11331,.T.);
#11329 = VERTEX_POINT('',#11330);
#11330 = CARTESIAN_POINT('',(60.05,4.95,-2.9));
#11331 = LINE('',#11332,#11333);
#11332 = CARTESIAN_POINT('',(60.05,2.05,-2.9));
#11333 = VECTOR('',#11334,1.);
#11334 = DIRECTION('',(-0.,1.,0.));
#11335 = ORIENTED_EDGE('',*,*,#11075,.F.);
#11336 = ORIENTED_EDGE('',*,*,#11337,.F.);
#11337 = EDGE_CURVE('',#11329,#11067,#11338,.T.);
#11338 = LINE('',#11339,#11340);
#11339 = CARTESIAN_POINT('',(60.05,4.95,-2.9));
#11340 = VECTOR('',#11341,1.);
#11341 = DIRECTION('',(1.,0.,-0.));
#11342 = PLANE('',#11343);
#11343 = AXIS2_PLACEMENT_3D('',#11344,#11345,#11346);
#11344 = CARTESIAN_POINT('',(60.05,2.05,-2.9));
#11345 = DIRECTION('',(0.,0.,1.));
#11346 = DIRECTION('',(1.,0.,-0.));
#11347 = ADVANCED_FACE('',(#11348),#11365,.F.);
#11348 = FACE_BOUND('',#11349,.F.);
#11349 = EDGE_LOOP('',(#11350,#11358,#11364));
#11350 = ORIENTED_EDGE('',*,*,#11351,.F.);
#11351 = EDGE_CURVE('',#11352,#11076,#11354,.T.);
#11352 = VERTEX_POINT('',#11353);
#11353 = CARTESIAN_POINT('',(60.05,2.05,-2.9));
#11354 = LINE('',#11355,#11356);
#11355 = CARTESIAN_POINT('',(60.05,2.05,-2.9));
#11356 = VECTOR('',#11357,1.);
#11357 = DIRECTION('',(-0.,1.,0.));
#11358 = ORIENTED_EDGE('',*,*,#11359,.T.);
#11359 = EDGE_CURVE('',#11352,#11085,#11360,.T.);
#11360 = LINE('',#11361,#11362);
#11361 = CARTESIAN_POINT('',(60.05,2.05,-2.9));
#11362 = VECTOR('',#11363,1.);
#11363 = DIRECTION('',(1.,0.,-0.));
#11364 = ORIENTED_EDGE('',*,*,#11084,.F.);
#11365 = PLANE('',#11366);
#11366 = AXIS2_PLACEMENT_3D('',#11367,#11368,#11369);
#11367 = CARTESIAN_POINT('',(60.05,2.05,-2.9));
#11368 = DIRECTION('',(0.,0.,1.));
#11369 = DIRECTION('',(1.,0.,-0.));
#11370 = ADVANCED_FACE('',(#11371),#11388,.F.);
#11371 = FACE_BOUND('',#11372,.F.);
#11372 = EDGE_LOOP('',(#11373,#11374,#11382));
#11373 = ORIENTED_EDGE('',*,*,#11093,.F.);
#11374 = ORIENTED_EDGE('',*,*,#11375,.T.);
#11375 = EDGE_CURVE('',#11085,#11376,#11378,.T.);
#11376 = VERTEX_POINT('',#11377);
#11377 = CARTESIAN_POINT('',(62.95,2.05,-2.9));
#11378 = LINE('',#11379,#11380);
#11379 = CARTESIAN_POINT('',(60.05,2.05,-2.9));
#11380 = VECTOR('',#11381,1.);
#11381 = DIRECTION('',(1.,0.,-0.));
#11382 = ORIENTED_EDGE('',*,*,#11383,.T.);
#11383 = EDGE_CURVE('',#11376,#11059,#11384,.T.);
#11384 = LINE('',#11385,#11386);
#11385 = CARTESIAN_POINT('',(62.95,2.05,-2.9));
#11386 = VECTOR('',#11387,1.);
#11387 = DIRECTION('',(-0.,1.,0.));
#11388 = PLANE('',#11389);
#11389 = AXIS2_PLACEMENT_3D('',#11390,#11391,#11392);
#11390 = CARTESIAN_POINT('',(60.05,2.05,-2.9));
#11391 = DIRECTION('',(0.,0.,1.));
#11392 = DIRECTION('',(1.,0.,-0.));
#11393 = ADVANCED_FACE('',(#11394),#11411,.F.);
#11394 = FACE_BOUND('',#11395,.F.);
#11395 = EDGE_LOOP('',(#11396,#11404,#11405));
#11396 = ORIENTED_EDGE('',*,*,#11397,.F.);
#11397 = EDGE_CURVE('',#11119,#11398,#11400,.T.);
#11398 = VERTEX_POINT('',#11399);
#11399 = CARTESIAN_POINT('',(4.95,53.95,-2.9));
#11400 = LINE('',#11401,#11402);
#11401 = CARTESIAN_POINT('',(2.05,53.95,-2.9));
#11402 = VECTOR('',#11403,1.);
#11403 = DIRECTION('',(1.,0.,-0.));
#11404 = ORIENTED_EDGE('',*,*,#11118,.F.);
#11405 = ORIENTED_EDGE('',*,*,#11406,.T.);
#11406 = EDGE_CURVE('',#11111,#11398,#11407,.T.);
#11407 = LINE('',#11408,#11409);
#11408 = CARTESIAN_POINT('',(4.95,51.05,-2.9));
#11409 = VECTOR('',#11410,1.);
#11410 = DIRECTION('',(-0.,1.,0.));
#11411 = PLANE('',#11412);
#11412 = AXIS2_PLACEMENT_3D('',#11413,#11414,#11415);
#11413 = CARTESIAN_POINT('',(2.05,51.05,-2.9));
#11414 = DIRECTION('',(0.,0.,1.));
#11415 = DIRECTION('',(1.,0.,-0.));
#11416 = ADVANCED_FACE('',(#11417),#11434,.F.);
#11417 = FACE_BOUND('',#11418,.F.);
#11418 = EDGE_LOOP('',(#11419,#11427,#11428));
#11419 = ORIENTED_EDGE('',*,*,#11420,.F.);
#11420 = EDGE_CURVE('',#11128,#11421,#11423,.T.);
#11421 = VERTEX_POINT('',#11422);
#11422 = CARTESIAN_POINT('',(2.05,53.95,-2.9));
#11423 = LINE('',#11424,#11425);
#11424 = CARTESIAN_POINT('',(2.05,51.05,-2.9));
#11425 = VECTOR('',#11426,1.);
#11426 = DIRECTION('',(-0.,1.,0.));
#11427 = ORIENTED_EDGE('',*,*,#11127,.F.);
#11428 = ORIENTED_EDGE('',*,*,#11429,.F.);
#11429 = EDGE_CURVE('',#11421,#11119,#11430,.T.);
#11430 = LINE('',#11431,#11432);
#11431 = CARTESIAN_POINT('',(2.05,53.95,-2.9));
#11432 = VECTOR('',#11433,1.);
#11433 = DIRECTION('',(1.,0.,-0.));
#11434 = PLANE('',#11435);
#11435 = AXIS2_PLACEMENT_3D('',#11436,#11437,#11438);
#11436 = CARTESIAN_POINT('',(2.05,51.05,-2.9));
#11437 = DIRECTION('',(0.,0.,1.));
#11438 = DIRECTION('',(1.,0.,-0.));
#11439 = ADVANCED_FACE('',(#11440),#11457,.F.);
#11440 = FACE_BOUND('',#11441,.F.);
#11441 = EDGE_LOOP('',(#11442,#11450,#11456));
#11442 = ORIENTED_EDGE('',*,*,#11443,.F.);
#11443 = EDGE_CURVE('',#11444,#11128,#11446,.T.);
#11444 = VERTEX_POINT('',#11445);
#11445 = CARTESIAN_POINT('',(2.05,51.05,-2.9));
#11446 = LINE('',#11447,#11448);
#11447 = CARTESIAN_POINT('',(2.05,51.05,-2.9));
#11448 = VECTOR('',#11449,1.);
#11449 = DIRECTION('',(-0.,1.,0.));
#11450 = ORIENTED_EDGE('',*,*,#11451,.T.);
#11451 = EDGE_CURVE('',#11444,#11137,#11452,.T.);
#11452 = LINE('',#11453,#11454);
#11453 = CARTESIAN_POINT('',(2.05,51.05,-2.9));
#11454 = VECTOR('',#11455,1.);
#11455 = DIRECTION('',(1.,0.,-0.));
#11456 = ORIENTED_EDGE('',*,*,#11136,.F.);
#11457 = PLANE('',#11458);
#11458 = AXIS2_PLACEMENT_3D('',#11459,#11460,#11461);
#11459 = CARTESIAN_POINT('',(2.05,51.05,-2.9));
#11460 = DIRECTION('',(0.,0.,1.));
#11461 = DIRECTION('',(1.,0.,-0.));
#11462 = ADVANCED_FACE('',(#11463),#11480,.F.);
#11463 = FACE_BOUND('',#11464,.F.);
#11464 = EDGE_LOOP('',(#11465,#11466,#11474));
#11465 = ORIENTED_EDGE('',*,*,#11145,.F.);
#11466 = ORIENTED_EDGE('',*,*,#11467,.T.);
#11467 = EDGE_CURVE('',#11137,#11468,#11470,.T.);
#11468 = VERTEX_POINT('',#11469);
#11469 = CARTESIAN_POINT('',(4.95,51.05,-2.9));
#11470 = LINE('',#11471,#11472);
#11471 = CARTESIAN_POINT('',(2.05,51.05,-2.9));
#11472 = VECTOR('',#11473,1.);
#11473 = DIRECTION('',(1.,0.,-0.));
#11474 = ORIENTED_EDGE('',*,*,#11475,.T.);
#11475 = EDGE_CURVE('',#11468,#11111,#11476,.T.);
#11476 = LINE('',#11477,#11478);
#11477 = CARTESIAN_POINT('',(4.95,51.05,-2.9));
#11478 = VECTOR('',#11479,1.);
#11479 = DIRECTION('',(-0.,1.,0.));
#11480 = PLANE('',#11481);
#11481 = AXIS2_PLACEMENT_3D('',#11482,#11483,#11484);
#11482 = CARTESIAN_POINT('',(2.05,51.05,-2.9));
#11483 = DIRECTION('',(0.,0.,1.));
#11484 = DIRECTION('',(1.,0.,-0.));
#11485 = ADVANCED_FACE('',(#11486),#11503,.F.);
#11486 = FACE_BOUND('',#11487,.F.);
#11487 = EDGE_LOOP('',(#11488,#11496,#11497));
#11488 = ORIENTED_EDGE('',*,*,#11489,.F.);
#11489 = EDGE_CURVE('',#11171,#11490,#11492,.T.);
#11490 = VERTEX_POINT('',#11491);
#11491 = CARTESIAN_POINT('',(62.95,53.95,-2.9));
#11492 = LINE('',#11493,#11494);
#11493 = CARTESIAN_POINT('',(60.05,53.95,-2.9));
#11494 = VECTOR('',#11495,1.);
#11495 = DIRECTION('',(1.,0.,-0.));
#11496 = ORIENTED_EDGE('',*,*,#11170,.F.);
#11497 = ORIENTED_EDGE('',*,*,#11498,.T.);
#11498 = EDGE_CURVE('',#11163,#11490,#11499,.T.);
#11499 = LINE('',#11500,#11501);
#11500 = CARTESIAN_POINT('',(62.95,51.05,-2.9));
#11501 = VECTOR('',#11502,1.);
#11502 = DIRECTION('',(-0.,1.,0.));
#11503 = PLANE('',#11504);
#11504 = AXIS2_PLACEMENT_3D('',#11505,#11506,#11507);
#11505 = CARTESIAN_POINT('',(60.05,51.05,-2.9));
#11506 = DIRECTION('',(0.,0.,1.));
#11507 = DIRECTION('',(1.,0.,-0.));
#11508 = ADVANCED_FACE('',(#11509),#11526,.F.);
#11509 = FACE_BOUND('',#11510,.F.);
#11510 = EDGE_LOOP('',(#11511,#11519,#11520));
#11511 = ORIENTED_EDGE('',*,*,#11512,.F.);
#11512 = EDGE_CURVE('',#11180,#11513,#11515,.T.);
#11513 = VERTEX_POINT('',#11514);
#11514 = CARTESIAN_POINT('',(60.05,53.95,-2.9));
#11515 = LINE('',#11516,#11517);
#11516 = CARTESIAN_POINT('',(60.05,51.05,-2.9));
#11517 = VECTOR('',#11518,1.);
#11518 = DIRECTION('',(-0.,1.,0.));
#11519 = ORIENTED_EDGE('',*,*,#11179,.F.);
#11520 = ORIENTED_EDGE('',*,*,#11521,.F.);
#11521 = EDGE_CURVE('',#11513,#11171,#11522,.T.);
#11522 = LINE('',#11523,#11524);
#11523 = CARTESIAN_POINT('',(60.05,53.95,-2.9));
#11524 = VECTOR('',#11525,1.);
#11525 = DIRECTION('',(1.,0.,-0.));
#11526 = PLANE('',#11527);
#11527 = AXIS2_PLACEMENT_3D('',#11528,#11529,#11530);
#11528 = CARTESIAN_POINT('',(60.05,51.05,-2.9));
#11529 = DIRECTION('',(0.,0.,1.));
#11530 = DIRECTION('',(1.,0.,-0.));
#11531 = ADVANCED_FACE('',(#11532),#11549,.F.);
#11532 = FACE_BOUND('',#11533,.F.);
#11533 = EDGE_LOOP('',(#11534,#11542,#11548));
#11534 = ORIENTED_EDGE('',*,*,#11535,.F.);
#11535 = EDGE_CURVE('',#11536,#11180,#11538,.T.);
#11536 = VERTEX_POINT('',#11537);
#11537 = CARTESIAN_POINT('',(60.05,51.05,-2.9));
#11538 = LINE('',#11539,#11540);
#11539 = CARTESIAN_POINT('',(60.05,51.05,-2.9));
#11540 = VECTOR('',#11541,1.);
#11541 = DIRECTION('',(-0.,1.,0.));
#11542 = ORIENTED_EDGE('',*,*,#11543,.T.);
#11543 = EDGE_CURVE('',#11536,#11189,#11544,.T.);
#11544 = LINE('',#11545,#11546);
#11545 = CARTESIAN_POINT('',(60.05,51.05,-2.9));
#11546 = VECTOR('',#11547,1.);
#11547 = DIRECTION('',(1.,0.,-0.));
#11548 = ORIENTED_EDGE('',*,*,#11188,.F.);
#11549 = PLANE('',#11550);
#11550 = AXIS2_PLACEMENT_3D('',#11551,#11552,#11553);
#11551 = CARTESIAN_POINT('',(60.05,51.05,-2.9));
#11552 = DIRECTION('',(0.,0.,1.));
#11553 = DIRECTION('',(1.,0.,-0.));
#11554 = ADVANCED_FACE('',(#11555),#11572,.F.);
#11555 = FACE_BOUND('',#11556,.F.);
#11556 = EDGE_LOOP('',(#11557,#11558,#11566));
#11557 = ORIENTED_EDGE('',*,*,#11197,.F.);
#11558 = ORIENTED_EDGE('',*,*,#11559,.T.);
#11559 = EDGE_CURVE('',#11189,#11560,#11562,.T.);
#11560 = VERTEX_POINT('',#11561);
#11561 = CARTESIAN_POINT('',(62.95,51.05,-2.9));
#11562 = LINE('',#11563,#11564);
#11563 = CARTESIAN_POINT('',(60.05,51.05,-2.9));
#11564 = VECTOR('',#11565,1.);
#11565 = DIRECTION('',(1.,0.,-0.));
#11566 = ORIENTED_EDGE('',*,*,#11567,.T.);
#11567 = EDGE_CURVE('',#11560,#11163,#11568,.T.);
#11568 = LINE('',#11569,#11570);
#11569 = CARTESIAN_POINT('',(62.95,51.05,-2.9));
#11570 = VECTOR('',#11571,1.);
#11571 = DIRECTION('',(-0.,1.,0.));
#11572 = PLANE('',#11573);
#11573 = AXIS2_PLACEMENT_3D('',#11574,#11575,#11576);
#11574 = CARTESIAN_POINT('',(60.05,51.05,-2.9));
#11575 = DIRECTION('',(0.,0.,1.));
#11576 = DIRECTION('',(1.,0.,-0.));
#11577 = ADVANCED_FACE('',(#11578,#11588,#11602),#11636,.T.);
#11578 = FACE_BOUND('',#11579,.T.);
#11579 = EDGE_LOOP('',(#11580,#11581,#11582,#11583,#11584,#11585,#11586,
    #11587));
#11580 = ORIENTED_EDGE('',*,*,#47,.F.);
#11581 = ORIENTED_EDGE('',*,*,#795,.T.);
#11582 = ORIENTED_EDGE('',*,*,#2901,.T.);
#11583 = ORIENTED_EDGE('',*,*,#4246,.F.);
#11584 = ORIENTED_EDGE('',*,*,#4302,.T.);
#11585 = ORIENTED_EDGE('',*,*,#4279,.T.);
#11586 = ORIENTED_EDGE('',*,*,#4171,.F.);
#11587 = ORIENTED_EDGE('',*,*,#859,.F.);
#11588 = FACE_BOUND('',#11589,.T.);
#11589 = EDGE_LOOP('',(#11590,#11591,#11592,#11593,#11594,#11595,#11596,
    #11597,#11598,#11599,#11600,#11601));
#11590 = ORIENTED_EDGE('',*,*,#4560,.F.);
#11591 = ORIENTED_EDGE('',*,*,#5655,.T.);
#11592 = ORIENTED_EDGE('',*,*,#5859,.F.);
#11593 = ORIENTED_EDGE('',*,*,#5828,.F.);
#11594 = ORIENTED_EDGE('',*,*,#9644,.F.);
#11595 = ORIENTED_EDGE('',*,*,#10189,.T.);
#11596 = ORIENTED_EDGE('',*,*,#9620,.T.);
#11597 = ORIENTED_EDGE('',*,*,#5640,.F.);
#11598 = ORIENTED_EDGE('',*,*,#5609,.F.);
#11599 = ORIENTED_EDGE('',*,*,#5350,.F.);
#11600 = ORIENTED_EDGE('',*,*,#5335,.F.);
#11601 = ORIENTED_EDGE('',*,*,#4607,.T.);
#11602 = FACE_BOUND('',#11603,.T.);
#11603 = EDGE_LOOP('',(#11604,#11614,#11622,#11630));
#11604 = ORIENTED_EDGE('',*,*,#11605,.F.);
#11605 = EDGE_CURVE('',#11606,#11608,#11610,.T.);
#11606 = VERTEX_POINT('',#11607);
#11607 = CARTESIAN_POINT('',(48.23,63.5,20.));
#11608 = VERTEX_POINT('',#11609);
#11609 = CARTESIAN_POINT('',(36.77,63.5,20.));
#11610 = LINE('',#11611,#11612);
#11611 = CARTESIAN_POINT('',(-2.,63.5,20.));
#11612 = VECTOR('',#11613,1.);
#11613 = DIRECTION('',(-1.,-0.,0.));
#11614 = ORIENTED_EDGE('',*,*,#11615,.F.);
#11615 = EDGE_CURVE('',#11616,#11606,#11618,.T.);
#11616 = VERTEX_POINT('',#11617);
#11617 = CARTESIAN_POINT('',(48.23,57.6,20.));
#11618 = LINE('',#11619,#11620);
#11619 = CARTESIAN_POINT('',(48.23,57.,20.));
#11620 = VECTOR('',#11621,1.);
#11621 = DIRECTION('',(-0.,1.,0.));
#11622 = ORIENTED_EDGE('',*,*,#11623,.T.);
#11623 = EDGE_CURVE('',#11616,#11624,#11626,.T.);
#11624 = VERTEX_POINT('',#11625);
#11625 = CARTESIAN_POINT('',(36.77,57.6,20.));
#11626 = LINE('',#11627,#11628);
#11627 = CARTESIAN_POINT('',(35.785,57.6,20.));
#11628 = VECTOR('',#11629,1.);
#11629 = DIRECTION('',(-1.,-0.,0.));
#11630 = ORIENTED_EDGE('',*,*,#11631,.T.);
#11631 = EDGE_CURVE('',#11624,#11608,#11632,.T.);
#11632 = LINE('',#11633,#11634);
#11633 = CARTESIAN_POINT('',(36.77,57.,20.));
#11634 = VECTOR('',#11635,1.);
#11635 = DIRECTION('',(-0.,1.,0.));
#11636 = PLANE('',#11637);
#11637 = AXIS2_PLACEMENT_3D('',#11638,#11639,#11640);
#11638 = CARTESIAN_POINT('',(-3.,-4.,20.));
#11639 = DIRECTION('',(0.,0.,1.));
#11640 = DIRECTION('',(1.,0.,-0.));
#11641 = ADVANCED_FACE('',(#11642,#11675),#11682,.T.);
#11642 = FACE_BOUND('',#11643,.T.);
#11643 = EDGE_LOOP('',(#11644,#11645,#11653,#11661,#11669));
#11644 = ORIENTED_EDGE('',*,*,#11605,.T.);
#11645 = ORIENTED_EDGE('',*,*,#11646,.F.);
#11646 = EDGE_CURVE('',#11647,#11608,#11649,.T.);
#11647 = VERTEX_POINT('',#11648);
#11648 = CARTESIAN_POINT('',(36.77,63.5,6.691782957543));
#11649 = LINE('',#11650,#11651);
#11650 = CARTESIAN_POINT('',(36.77,63.5,10.));
#11651 = VECTOR('',#11652,1.);
#11652 = DIRECTION('',(0.,0.,1.));
#11653 = ORIENTED_EDGE('',*,*,#11654,.T.);
#11654 = EDGE_CURVE('',#11647,#11655,#11657,.T.);
#11655 = VERTEX_POINT('',#11656);
#11656 = CARTESIAN_POINT('',(42.5,63.5,3.383565915087));
#11657 = LINE('',#11658,#11659);
#11658 = CARTESIAN_POINT('',(36.77,63.5,6.691782957543));
#11659 = VECTOR('',#11660,1.);
#11660 = DIRECTION('',(0.866025403784,0.,-0.5));
#11661 = ORIENTED_EDGE('',*,*,#11662,.T.);
#11662 = EDGE_CURVE('',#11655,#11663,#11665,.T.);
#11663 = VERTEX_POINT('',#11664);
#11664 = CARTESIAN_POINT('',(48.23,63.5,6.691782957543));
#11665 = LINE('',#11666,#11667);
#11666 = CARTESIAN_POINT('',(42.5,63.5,3.383565915087));
#11667 = VECTOR('',#11668,1.);
#11668 = DIRECTION('',(0.866025403784,0.,0.5));
#11669 = ORIENTED_EDGE('',*,*,#11670,.T.);
#11670 = EDGE_CURVE('',#11663,#11606,#11671,.T.);
#11671 = LINE('',#11672,#11673);
#11672 = CARTESIAN_POINT('',(48.23,63.5,6.691782957543));
#11673 = VECTOR('',#11674,1.);
#11674 = DIRECTION('',(0.,0.,1.));
#11675 = FACE_BOUND('',#11676,.T.);
#11676 = EDGE_LOOP('',(#11677,#11678,#11679,#11680,#11681));
#11677 = ORIENTED_EDGE('',*,*,#10152,.T.);
#11678 = ORIENTED_EDGE('',*,*,#10161,.T.);
#11679 = ORIENTED_EDGE('',*,*,#10170,.T.);
#11680 = ORIENTED_EDGE('',*,*,#8990,.T.);
#11681 = ORIENTED_EDGE('',*,*,#9022,.T.);
#11682 = PLANE('',#11683);
#11683 = AXIS2_PLACEMENT_3D('',#11684,#11685,#11686);
#11684 = CARTESIAN_POINT('',(42.5,63.5,12.689373932916));
#11685 = DIRECTION('',(-0.,-1.,-0.));
#11686 = DIRECTION('',(0.,0.,-1.));
#11687 = ADVANCED_FACE('',(#11688),#11713,.F.);
#11688 = FACE_BOUND('',#11689,.F.);
#11689 = EDGE_LOOP('',(#11690,#11698,#11699,#11707));
#11690 = ORIENTED_EDGE('',*,*,#11691,.T.);
#11691 = EDGE_CURVE('',#11692,#11655,#11694,.T.);
#11692 = VERTEX_POINT('',#11693);
#11693 = CARTESIAN_POINT('',(42.5,57.6,3.383565915087));
#11694 = LINE('',#11695,#11696);
#11695 = CARTESIAN_POINT('',(42.5,57.6,3.383565915087));
#11696 = VECTOR('',#11697,1.);
#11697 = DIRECTION('',(0.,1.,0.));
#11698 = ORIENTED_EDGE('',*,*,#11662,.T.);
#11699 = ORIENTED_EDGE('',*,*,#11700,.F.);
#11700 = EDGE_CURVE('',#11701,#11663,#11703,.T.);
#11701 = VERTEX_POINT('',#11702);
#11702 = CARTESIAN_POINT('',(48.23,57.6,6.691782957543));
#11703 = LINE('',#11704,#11705);
#11704 = CARTESIAN_POINT('',(48.23,57.6,6.691782957543));
#11705 = VECTOR('',#11706,1.);
#11706 = DIRECTION('',(0.,1.,0.));
#11707 = ORIENTED_EDGE('',*,*,#11708,.F.);
#11708 = EDGE_CURVE('',#11692,#11701,#11709,.T.);
#11709 = LINE('',#11710,#11711);
#11710 = CARTESIAN_POINT('',(42.5,57.6,3.383565915087));
#11711 = VECTOR('',#11712,1.);
#11712 = DIRECTION('',(0.866025403784,0.,0.5));
#11713 = PLANE('',#11714);
#11714 = AXIS2_PLACEMENT_3D('',#11715,#11716,#11717);
#11715 = CARTESIAN_POINT('',(42.5,57.6,3.383565915087));
#11716 = DIRECTION('',(0.5,0.,-0.866025403784));
#11717 = DIRECTION('',(0.866025403784,0.,0.5));
#11718 = ADVANCED_FACE('',(#11719),#11737,.F.);
#11719 = FACE_BOUND('',#11720,.F.);
#11720 = EDGE_LOOP('',(#11721,#11729,#11730,#11731));
#11721 = ORIENTED_EDGE('',*,*,#11722,.T.);
#11722 = EDGE_CURVE('',#11723,#11647,#11725,.T.);
#11723 = VERTEX_POINT('',#11724);
#11724 = CARTESIAN_POINT('',(36.77,57.6,6.691782957543));
#11725 = LINE('',#11726,#11727);
#11726 = CARTESIAN_POINT('',(36.77,57.6,6.691782957543));
#11727 = VECTOR('',#11728,1.);
#11728 = DIRECTION('',(0.,1.,0.));
#11729 = ORIENTED_EDGE('',*,*,#11654,.T.);
#11730 = ORIENTED_EDGE('',*,*,#11691,.F.);
#11731 = ORIENTED_EDGE('',*,*,#11732,.F.);
#11732 = EDGE_CURVE('',#11723,#11692,#11733,.T.);
#11733 = LINE('',#11734,#11735);
#11734 = CARTESIAN_POINT('',(36.77,57.6,6.691782957543));
#11735 = VECTOR('',#11736,1.);
#11736 = DIRECTION('',(0.866025403784,0.,-0.5));
#11737 = PLANE('',#11738);
#11738 = AXIS2_PLACEMENT_3D('',#11739,#11740,#11741);
#11739 = CARTESIAN_POINT('',(36.77,57.6,6.691782957543));
#11740 = DIRECTION('',(-0.5,0.,-0.866025403784));
#11741 = DIRECTION('',(0.866025403784,0.,-0.5));
#11742 = ADVANCED_FACE('',(#11743),#11768,.T.);
#11743 = FACE_BOUND('',#11744,.T.);
#11744 = EDGE_LOOP('',(#11745,#11746,#11747,#11748,#11749,#11750,#11751,
    #11752,#11753,#11754,#11760,#11761,#11762));
#11745 = ORIENTED_EDGE('',*,*,#10378,.T.);
#11746 = ORIENTED_EDGE('',*,*,#10347,.F.);
#11747 = ORIENTED_EDGE('',*,*,#9683,.F.);
#11748 = ORIENTED_EDGE('',*,*,#7446,.T.);
#11749 = ORIENTED_EDGE('',*,*,#9660,.F.);
#11750 = ORIENTED_EDGE('',*,*,#7377,.F.);
#11751 = ORIENTED_EDGE('',*,*,#9767,.F.);
#11752 = ORIENTED_EDGE('',*,*,#10410,.T.);
#11753 = ORIENTED_EDGE('',*,*,#10434,.T.);
#11754 = ORIENTED_EDGE('',*,*,#11755,.T.);
#11755 = EDGE_CURVE('',#10435,#11284,#11756,.T.);
#11756 = LINE('',#11757,#11758);
#11757 = CARTESIAN_POINT('',(4.95,2.05,-3.11));
#11758 = VECTOR('',#11759,1.);
#11759 = DIRECTION('',(0.,0.,1.));
#11760 = ORIENTED_EDGE('',*,*,#11291,.T.);
#11761 = ORIENTED_EDGE('',*,*,#11222,.T.);
#11762 = ORIENTED_EDGE('',*,*,#11763,.F.);
#11763 = EDGE_CURVE('',#10371,#11214,#11764,.T.);
#11764 = LINE('',#11765,#11766);
#11765 = CARTESIAN_POINT('',(4.95,4.95,-3.11));
#11766 = VECTOR('',#11767,1.);
#11767 = DIRECTION('',(0.,0.,1.));
#11768 = PLANE('',#11769);
#11769 = AXIS2_PLACEMENT_3D('',#11770,#11771,#11772);
#11770 = CARTESIAN_POINT('',(4.95,3.5,-3.142441060168));
#11771 = DIRECTION('',(-1.,-0.,-0.));
#11772 = DIRECTION('',(0.,0.,-1.));
#11773 = ADVANCED_FACE('',(#11774),#11799,.T.);
#11774 = FACE_BOUND('',#11775,.T.);
#11775 = EDGE_LOOP('',(#11776,#11777,#11778,#11779,#11780,#11781,#11782,
    #11783,#11784,#11785,#11791,#11792,#11793));
#11776 = ORIENTED_EDGE('',*,*,#10630,.T.);
#11777 = ORIENTED_EDGE('',*,*,#10599,.F.);
#11778 = ORIENTED_EDGE('',*,*,#9929,.F.);
#11779 = ORIENTED_EDGE('',*,*,#8148,.T.);
#11780 = ORIENTED_EDGE('',*,*,#9906,.F.);
#11781 = ORIENTED_EDGE('',*,*,#8079,.F.);
#11782 = ORIENTED_EDGE('',*,*,#10013,.F.);
#11783 = ORIENTED_EDGE('',*,*,#10662,.T.);
#11784 = ORIENTED_EDGE('',*,*,#10686,.T.);
#11785 = ORIENTED_EDGE('',*,*,#11786,.T.);
#11786 = EDGE_CURVE('',#10687,#11468,#11787,.T.);
#11787 = LINE('',#11788,#11789);
#11788 = CARTESIAN_POINT('',(4.95,51.05,-3.11));
#11789 = VECTOR('',#11790,1.);
#11790 = DIRECTION('',(0.,0.,1.));
#11791 = ORIENTED_EDGE('',*,*,#11475,.T.);
#11792 = ORIENTED_EDGE('',*,*,#11406,.T.);
#11793 = ORIENTED_EDGE('',*,*,#11794,.F.);
#11794 = EDGE_CURVE('',#10623,#11398,#11795,.T.);
#11795 = LINE('',#11796,#11797);
#11796 = CARTESIAN_POINT('',(4.95,53.95,-3.11));
#11797 = VECTOR('',#11798,1.);
#11798 = DIRECTION('',(0.,0.,1.));
#11799 = PLANE('',#11800);
#11800 = AXIS2_PLACEMENT_3D('',#11801,#11802,#11803);
#11801 = CARTESIAN_POINT('',(4.95,52.5,-3.142441060168));
#11802 = DIRECTION('',(-1.,-0.,-0.));
#11803 = DIRECTION('',(0.,0.,-1.));
#11804 = ADVANCED_FACE('',(#11805),#11830,.T.);
#11805 = FACE_BOUND('',#11806,.T.);
#11806 = EDGE_LOOP('',(#11807,#11808,#11814,#11815,#11816,#11822,#11823,
    #11824,#11825,#11826,#11827,#11828,#11829));
#11807 = ORIENTED_EDGE('',*,*,#10362,.F.);
#11808 = ORIENTED_EDGE('',*,*,#11809,.T.);
#11809 = EDGE_CURVE('',#10363,#11237,#11810,.T.);
#11810 = LINE('',#11811,#11812);
#11811 = CARTESIAN_POINT('',(2.05,4.95,-3.11));
#11812 = VECTOR('',#11813,1.);
#11813 = DIRECTION('',(0.,0.,1.));
#11814 = ORIENTED_EDGE('',*,*,#11236,.F.);
#11815 = ORIENTED_EDGE('',*,*,#11259,.F.);
#11816 = ORIENTED_EDGE('',*,*,#11817,.F.);
#11817 = EDGE_CURVE('',#10426,#11260,#11818,.T.);
#11818 = LINE('',#11819,#11820);
#11819 = CARTESIAN_POINT('',(2.05,2.05,-3.11));
#11820 = VECTOR('',#11821,1.);
#11821 = DIRECTION('',(0.,0.,1.));
#11822 = ORIENTED_EDGE('',*,*,#10425,.F.);
#11823 = ORIENTED_EDGE('',*,*,#10394,.F.);
#11824 = ORIENTED_EDGE('',*,*,#9735,.T.);
#11825 = ORIENTED_EDGE('',*,*,#7403,.T.);
#11826 = ORIENTED_EDGE('',*,*,#9720,.T.);
#11827 = ORIENTED_EDGE('',*,*,#7420,.F.);
#11828 = ORIENTED_EDGE('',*,*,#9697,.T.);
#11829 = ORIENTED_EDGE('',*,*,#10331,.T.);
#11830 = PLANE('',#11831);
#11831 = AXIS2_PLACEMENT_3D('',#11832,#11833,#11834);
#11832 = CARTESIAN_POINT('',(2.05,3.5,-3.142441060168));
#11833 = DIRECTION('',(1.,0.,0.));
#11834 = DIRECTION('',(-0.,0.,1.));
#11835 = ADVANCED_FACE('',(#11836),#11861,.T.);
#11836 = FACE_BOUND('',#11837,.T.);
#11837 = EDGE_LOOP('',(#11838,#11839,#11845,#11846,#11847,#11853,#11854,
    #11855,#11856,#11857,#11858,#11859,#11860));
#11838 = ORIENTED_EDGE('',*,*,#10614,.F.);
#11839 = ORIENTED_EDGE('',*,*,#11840,.T.);
#11840 = EDGE_CURVE('',#10615,#11421,#11841,.T.);
#11841 = LINE('',#11842,#11843);
#11842 = CARTESIAN_POINT('',(2.05,53.95,-3.11));
#11843 = VECTOR('',#11844,1.);
#11844 = DIRECTION('',(0.,0.,1.));
#11845 = ORIENTED_EDGE('',*,*,#11420,.F.);
#11846 = ORIENTED_EDGE('',*,*,#11443,.F.);
#11847 = ORIENTED_EDGE('',*,*,#11848,.F.);
#11848 = EDGE_CURVE('',#10678,#11444,#11849,.T.);
#11849 = LINE('',#11850,#11851);
#11850 = CARTESIAN_POINT('',(2.05,51.05,-3.11));
#11851 = VECTOR('',#11852,1.);
#11852 = DIRECTION('',(0.,0.,1.));
#11853 = ORIENTED_EDGE('',*,*,#10677,.F.);
#11854 = ORIENTED_EDGE('',*,*,#10646,.F.);
#11855 = ORIENTED_EDGE('',*,*,#9981,.T.);
#11856 = ORIENTED_EDGE('',*,*,#8105,.T.);
#11857 = ORIENTED_EDGE('',*,*,#9966,.T.);
#11858 = ORIENTED_EDGE('',*,*,#8122,.F.);
#11859 = ORIENTED_EDGE('',*,*,#9943,.T.);
#11860 = ORIENTED_EDGE('',*,*,#10583,.T.);
#11861 = PLANE('',#11862);
#11862 = AXIS2_PLACEMENT_3D('',#11863,#11864,#11865);
#11863 = CARTESIAN_POINT('',(2.05,52.5,-3.142441060168));
#11864 = DIRECTION('',(1.,0.,0.));
#11865 = DIRECTION('',(-0.,0.,1.));
#11866 = ADVANCED_FACE('',(#11867),#11892,.T.);
#11867 = FACE_BOUND('',#11868,.T.);
#11868 = EDGE_LOOP('',(#11869,#11870,#11871,#11872,#11873,#11874,#11875,
    #11876,#11877,#11878,#11884,#11885,#11886));
#11869 = ORIENTED_EDGE('',*,*,#10504,.T.);
#11870 = ORIENTED_EDGE('',*,*,#10473,.F.);
#11871 = ORIENTED_EDGE('',*,*,#9806,.F.);
#11872 = ORIENTED_EDGE('',*,*,#7557,.T.);
#11873 = ORIENTED_EDGE('',*,*,#9783,.F.);
#11874 = ORIENTED_EDGE('',*,*,#7488,.F.);
#11875 = ORIENTED_EDGE('',*,*,#9890,.F.);
#11876 = ORIENTED_EDGE('',*,*,#10536,.T.);
#11877 = ORIENTED_EDGE('',*,*,#10560,.T.);
#11878 = ORIENTED_EDGE('',*,*,#11879,.T.);
#11879 = EDGE_CURVE('',#10561,#11376,#11880,.T.);
#11880 = LINE('',#11881,#11882);
#11881 = CARTESIAN_POINT('',(62.95,2.05,-3.11));
#11882 = VECTOR('',#11883,1.);
#11883 = DIRECTION('',(0.,0.,1.));
#11884 = ORIENTED_EDGE('',*,*,#11383,.T.);
#11885 = ORIENTED_EDGE('',*,*,#11314,.T.);
#11886 = ORIENTED_EDGE('',*,*,#11887,.F.);
#11887 = EDGE_CURVE('',#10497,#11306,#11888,.T.);
#11888 = LINE('',#11889,#11890);
#11889 = CARTESIAN_POINT('',(62.95,4.95,-3.11));
#11890 = VECTOR('',#11891,1.);
#11891 = DIRECTION('',(0.,0.,1.));
#11892 = PLANE('',#11893);
#11893 = AXIS2_PLACEMENT_3D('',#11894,#11895,#11896);
#11894 = CARTESIAN_POINT('',(62.95,3.5,-3.142441060168));
#11895 = DIRECTION('',(-1.,-0.,-0.));
#11896 = DIRECTION('',(0.,0.,-1.));
#11897 = ADVANCED_FACE('',(#11898),#11923,.T.);
#11898 = FACE_BOUND('',#11899,.T.);
#11899 = EDGE_LOOP('',(#11900,#11901,#11902,#11903,#11904,#11905,#11906,
    #11907,#11908,#11909,#11915,#11916,#11917));
#11900 = ORIENTED_EDGE('',*,*,#10756,.T.);
#11901 = ORIENTED_EDGE('',*,*,#10725,.F.);
#11902 = ORIENTED_EDGE('',*,*,#10052,.F.);
#11903 = ORIENTED_EDGE('',*,*,#8931,.T.);
#11904 = ORIENTED_EDGE('',*,*,#10029,.F.);
#11905 = ORIENTED_EDGE('',*,*,#8862,.F.);
#11906 = ORIENTED_EDGE('',*,*,#10136,.F.);
#11907 = ORIENTED_EDGE('',*,*,#10788,.T.);
#11908 = ORIENTED_EDGE('',*,*,#10812,.T.);
#11909 = ORIENTED_EDGE('',*,*,#11910,.T.);
#11910 = EDGE_CURVE('',#10813,#11560,#11911,.T.);
#11911 = LINE('',#11912,#11913);
#11912 = CARTESIAN_POINT('',(62.95,51.05,-3.11));
#11913 = VECTOR('',#11914,1.);
#11914 = DIRECTION('',(0.,0.,1.));
#11915 = ORIENTED_EDGE('',*,*,#11567,.T.);
#11916 = ORIENTED_EDGE('',*,*,#11498,.T.);
#11917 = ORIENTED_EDGE('',*,*,#11918,.F.);
#11918 = EDGE_CURVE('',#10749,#11490,#11919,.T.);
#11919 = LINE('',#11920,#11921);
#11920 = CARTESIAN_POINT('',(62.95,53.95,-3.11));
#11921 = VECTOR('',#11922,1.);
#11922 = DIRECTION('',(0.,0.,1.));
#11923 = PLANE('',#11924);
#11924 = AXIS2_PLACEMENT_3D('',#11925,#11926,#11927);
#11925 = CARTESIAN_POINT('',(62.95,52.5,-3.142441060168));
#11926 = DIRECTION('',(-1.,-0.,-0.));
#11927 = DIRECTION('',(0.,0.,-1.));
#11928 = ADVANCED_FACE('',(#11929),#11954,.T.);
#11929 = FACE_BOUND('',#11930,.T.);
#11930 = EDGE_LOOP('',(#11931,#11932,#11938,#11939,#11940,#11946,#11947,
    #11948,#11949,#11950,#11951,#11952,#11953));
#11931 = ORIENTED_EDGE('',*,*,#10488,.F.);
#11932 = ORIENTED_EDGE('',*,*,#11933,.T.);
#11933 = EDGE_CURVE('',#10489,#11329,#11934,.T.);
#11934 = LINE('',#11935,#11936);
#11935 = CARTESIAN_POINT('',(60.05,4.95,-3.11));
#11936 = VECTOR('',#11937,1.);
#11937 = DIRECTION('',(0.,0.,1.));
#11938 = ORIENTED_EDGE('',*,*,#11328,.F.);
#11939 = ORIENTED_EDGE('',*,*,#11351,.F.);
#11940 = ORIENTED_EDGE('',*,*,#11941,.F.);
#11941 = EDGE_CURVE('',#10552,#11352,#11942,.T.);
#11942 = LINE('',#11943,#11944);
#11943 = CARTESIAN_POINT('',(60.05,2.05,-3.11));
#11944 = VECTOR('',#11945,1.);
#11945 = DIRECTION('',(0.,0.,1.));
#11946 = ORIENTED_EDGE('',*,*,#10551,.F.);
#11947 = ORIENTED_EDGE('',*,*,#10520,.F.);
#11948 = ORIENTED_EDGE('',*,*,#9858,.T.);
#11949 = ORIENTED_EDGE('',*,*,#7514,.T.);
#11950 = ORIENTED_EDGE('',*,*,#9843,.T.);
#11951 = ORIENTED_EDGE('',*,*,#7531,.F.);
#11952 = ORIENTED_EDGE('',*,*,#9820,.T.);
#11953 = ORIENTED_EDGE('',*,*,#10457,.T.);
#11954 = PLANE('',#11955);
#11955 = AXIS2_PLACEMENT_3D('',#11956,#11957,#11958);
#11956 = CARTESIAN_POINT('',(60.05,3.5,-3.142441060168));
#11957 = DIRECTION('',(1.,0.,0.));
#11958 = DIRECTION('',(-0.,0.,1.));
#11959 = ADVANCED_FACE('',(#11960),#11985,.T.);
#11960 = FACE_BOUND('',#11961,.T.);
#11961 = EDGE_LOOP('',(#11962,#11963,#11969,#11970,#11971,#11977,#11978,
    #11979,#11980,#11981,#11982,#11983,#11984));
#11962 = ORIENTED_EDGE('',*,*,#10740,.F.);
#11963 = ORIENTED_EDGE('',*,*,#11964,.T.);
#11964 = EDGE_CURVE('',#10741,#11513,#11965,.T.);
#11965 = LINE('',#11966,#11967);
#11966 = CARTESIAN_POINT('',(60.05,53.95,-3.11));
#11967 = VECTOR('',#11968,1.);
#11968 = DIRECTION('',(0.,0.,1.));
#11969 = ORIENTED_EDGE('',*,*,#11512,.F.);
#11970 = ORIENTED_EDGE('',*,*,#11535,.F.);
#11971 = ORIENTED_EDGE('',*,*,#11972,.F.);
#11972 = EDGE_CURVE('',#10804,#11536,#11973,.T.);
#11973 = LINE('',#11974,#11975);
#11974 = CARTESIAN_POINT('',(60.05,51.05,-3.11));
#11975 = VECTOR('',#11976,1.);
#11976 = DIRECTION('',(0.,0.,1.));
#11977 = ORIENTED_EDGE('',*,*,#10803,.F.);
#11978 = ORIENTED_EDGE('',*,*,#10772,.F.);
#11979 = ORIENTED_EDGE('',*,*,#10104,.T.);
#11980 = ORIENTED_EDGE('',*,*,#8888,.T.);
#11981 = ORIENTED_EDGE('',*,*,#10089,.T.);
#11982 = ORIENTED_EDGE('',*,*,#8905,.F.);
#11983 = ORIENTED_EDGE('',*,*,#10066,.T.);
#11984 = ORIENTED_EDGE('',*,*,#10709,.T.);
#11985 = PLANE('',#11986);
#11986 = AXIS2_PLACEMENT_3D('',#11987,#11988,#11989);
#11987 = CARTESIAN_POINT('',(60.05,52.5,-3.142441060168));
#11988 = DIRECTION('',(1.,0.,0.));
#11989 = DIRECTION('',(-0.,0.,1.));
#11990 = ADVANCED_FACE('',(#11991),#12002,.T.);
#11991 = FACE_BOUND('',#11992,.T.);
#11992 = EDGE_LOOP('',(#11993,#11999,#12000,#12001));
#11993 = ORIENTED_EDGE('',*,*,#11994,.F.);
#11994 = EDGE_CURVE('',#11723,#11624,#11995,.T.);
#11995 = LINE('',#11996,#11997);
#11996 = CARTESIAN_POINT('',(36.77,57.6,10.));
#11997 = VECTOR('',#11998,1.);
#11998 = DIRECTION('',(0.,0.,1.));
#11999 = ORIENTED_EDGE('',*,*,#11722,.T.);
#12000 = ORIENTED_EDGE('',*,*,#11646,.T.);
#12001 = ORIENTED_EDGE('',*,*,#11631,.F.);
#12002 = PLANE('',#12003);
#12003 = AXIS2_PLACEMENT_3D('',#12004,#12005,#12006);
#12004 = CARTESIAN_POINT('',(36.77,60.55,13.345891478772));
#12005 = DIRECTION('',(1.,0.,0.));
#12006 = DIRECTION('',(-0.,0.,1.));
#12007 = ADVANCED_FACE('',(#12008,#12020),#12027,.T.);
#12008 = FACE_BOUND('',#12009,.T.);
#12009 = EDGE_LOOP('',(#12010,#12016,#12017,#12018,#12019));
#12010 = ORIENTED_EDGE('',*,*,#12011,.F.);
#12011 = EDGE_CURVE('',#11701,#11616,#12012,.T.);
#12012 = LINE('',#12013,#12014);
#12013 = CARTESIAN_POINT('',(48.23,57.6,10.));
#12014 = VECTOR('',#12015,1.);
#12015 = DIRECTION('',(0.,0.,1.));
#12016 = ORIENTED_EDGE('',*,*,#11708,.F.);
#12017 = ORIENTED_EDGE('',*,*,#11732,.F.);
#12018 = ORIENTED_EDGE('',*,*,#11994,.T.);
#12019 = ORIENTED_EDGE('',*,*,#11623,.F.);
#12020 = FACE_BOUND('',#12021,.T.);
#12021 = EDGE_LOOP('',(#12022,#12023,#12024,#12025,#12026));
#12022 = ORIENTED_EDGE('',*,*,#10889,.F.);
#12023 = ORIENTED_EDGE('',*,*,#10874,.F.);
#12024 = ORIENTED_EDGE('',*,*,#10843,.F.);
#12025 = ORIENTED_EDGE('',*,*,#10901,.F.);
#12026 = ORIENTED_EDGE('',*,*,#10910,.F.);
#12027 = PLANE('',#12028);
#12028 = AXIS2_PLACEMENT_3D('',#12029,#12030,#12031);
#12029 = CARTESIAN_POINT('',(42.5,57.6,12.689373932916));
#12030 = DIRECTION('',(0.,1.,0.));
#12031 = DIRECTION('',(0.,-0.,1.));
#12032 = ADVANCED_FACE('',(#12033),#12039,.T.);
#12033 = FACE_BOUND('',#12034,.T.);
#12034 = EDGE_LOOP('',(#12035,#12036,#12037,#12038));
#12035 = ORIENTED_EDGE('',*,*,#12011,.T.);
#12036 = ORIENTED_EDGE('',*,*,#11615,.T.);
#12037 = ORIENTED_EDGE('',*,*,#11670,.F.);
#12038 = ORIENTED_EDGE('',*,*,#11700,.F.);
#12039 = PLANE('',#12040);
#12040 = AXIS2_PLACEMENT_3D('',#12041,#12042,#12043);
#12041 = CARTESIAN_POINT('',(48.23,60.55,13.345891478772));
#12042 = DIRECTION('',(-1.,-0.,-0.));
#12043 = DIRECTION('',(0.,0.,-1.));
#12044 = ADVANCED_FACE('',(#12045),#12052,.F.);
#12045 = FACE_BOUND('',#12046,.T.);
#12046 = EDGE_LOOP('',(#12047,#12048,#12049,#12050,#12051));
#12047 = ORIENTED_EDGE('',*,*,#10370,.F.);
#12048 = ORIENTED_EDGE('',*,*,#11763,.T.);
#12049 = ORIENTED_EDGE('',*,*,#11213,.F.);
#12050 = ORIENTED_EDGE('',*,*,#11245,.F.);
#12051 = ORIENTED_EDGE('',*,*,#11809,.F.);
#12052 = PLANE('',#12053);
#12053 = AXIS2_PLACEMENT_3D('',#12054,#12055,#12056);
#12054 = CARTESIAN_POINT('',(2.05,4.95,-3.11));
#12055 = DIRECTION('',(-0.,1.,0.));
#12056 = DIRECTION('',(0.,0.,1.));
#12057 = ADVANCED_FACE('',(#12058),#12065,.F.);
#12058 = FACE_BOUND('',#12059,.T.);
#12059 = EDGE_LOOP('',(#12060,#12061,#12062,#12063,#12064));
#12060 = ORIENTED_EDGE('',*,*,#10496,.F.);
#12061 = ORIENTED_EDGE('',*,*,#11887,.T.);
#12062 = ORIENTED_EDGE('',*,*,#11305,.F.);
#12063 = ORIENTED_EDGE('',*,*,#11337,.F.);
#12064 = ORIENTED_EDGE('',*,*,#11933,.F.);
#12065 = PLANE('',#12066);
#12066 = AXIS2_PLACEMENT_3D('',#12067,#12068,#12069);
#12067 = CARTESIAN_POINT('',(60.05,4.95,-3.11));
#12068 = DIRECTION('',(-0.,1.,0.));
#12069 = DIRECTION('',(0.,0.,1.));
#12070 = ADVANCED_FACE('',(#12071),#12078,.T.);
#12071 = FACE_BOUND('',#12072,.T.);
#12072 = EDGE_LOOP('',(#12073,#12074,#12075,#12076,#12077));
#12073 = ORIENTED_EDGE('',*,*,#10442,.T.);
#12074 = ORIENTED_EDGE('',*,*,#11817,.T.);
#12075 = ORIENTED_EDGE('',*,*,#11267,.T.);
#12076 = ORIENTED_EDGE('',*,*,#11283,.T.);
#12077 = ORIENTED_EDGE('',*,*,#11755,.F.);
#12078 = PLANE('',#12079);
#12079 = AXIS2_PLACEMENT_3D('',#12080,#12081,#12082);
#12080 = CARTESIAN_POINT('',(2.05,2.05,-3.11));
#12081 = DIRECTION('',(-0.,1.,0.));
#12082 = DIRECTION('',(0.,0.,1.));
#12083 = ADVANCED_FACE('',(#12084),#12091,.T.);
#12084 = FACE_BOUND('',#12085,.T.);
#12085 = EDGE_LOOP('',(#12086,#12087,#12088,#12089,#12090));
#12086 = ORIENTED_EDGE('',*,*,#10568,.T.);
#12087 = ORIENTED_EDGE('',*,*,#11941,.T.);
#12088 = ORIENTED_EDGE('',*,*,#11359,.T.);
#12089 = ORIENTED_EDGE('',*,*,#11375,.T.);
#12090 = ORIENTED_EDGE('',*,*,#11879,.F.);
#12091 = PLANE('',#12092);
#12092 = AXIS2_PLACEMENT_3D('',#12093,#12094,#12095);
#12093 = CARTESIAN_POINT('',(60.05,2.05,-3.11));
#12094 = DIRECTION('',(-0.,1.,0.));
#12095 = DIRECTION('',(0.,0.,1.));
#12096 = ADVANCED_FACE('',(#12097),#12104,.F.);
#12097 = FACE_BOUND('',#12098,.T.);
#12098 = EDGE_LOOP('',(#12099,#12100,#12101,#12102,#12103));
#12099 = ORIENTED_EDGE('',*,*,#10622,.F.);
#12100 = ORIENTED_EDGE('',*,*,#11794,.T.);
#12101 = ORIENTED_EDGE('',*,*,#11397,.F.);
#12102 = ORIENTED_EDGE('',*,*,#11429,.F.);
#12103 = ORIENTED_EDGE('',*,*,#11840,.F.);
#12104 = PLANE('',#12105);
#12105 = AXIS2_PLACEMENT_3D('',#12106,#12107,#12108);
#12106 = CARTESIAN_POINT('',(2.05,53.95,-3.11));
#12107 = DIRECTION('',(-0.,1.,0.));
#12108 = DIRECTION('',(0.,0.,1.));
#12109 = ADVANCED_FACE('',(#12110),#12117,.F.);
#12110 = FACE_BOUND('',#12111,.T.);
#12111 = EDGE_LOOP('',(#12112,#12113,#12114,#12115,#12116));
#12112 = ORIENTED_EDGE('',*,*,#10748,.F.);
#12113 = ORIENTED_EDGE('',*,*,#11918,.T.);
#12114 = ORIENTED_EDGE('',*,*,#11489,.F.);
#12115 = ORIENTED_EDGE('',*,*,#11521,.F.);
#12116 = ORIENTED_EDGE('',*,*,#11964,.F.);
#12117 = PLANE('',#12118);
#12118 = AXIS2_PLACEMENT_3D('',#12119,#12120,#12121);
#12119 = CARTESIAN_POINT('',(60.05,53.95,-3.11));
#12120 = DIRECTION('',(-0.,1.,0.));
#12121 = DIRECTION('',(0.,0.,1.));
#12122 = ADVANCED_FACE('',(#12123),#12130,.T.);
#12123 = FACE_BOUND('',#12124,.T.);
#12124 = EDGE_LOOP('',(#12125,#12126,#12127,#12128,#12129));
#12125 = ORIENTED_EDGE('',*,*,#10694,.T.);
#12126 = ORIENTED_EDGE('',*,*,#11848,.T.);
#12127 = ORIENTED_EDGE('',*,*,#11451,.T.);
#12128 = ORIENTED_EDGE('',*,*,#11467,.T.);
#12129 = ORIENTED_EDGE('',*,*,#11786,.F.);
#12130 = PLANE('',#12131);
#12131 = AXIS2_PLACEMENT_3D('',#12132,#12133,#12134);
#12132 = CARTESIAN_POINT('',(2.05,51.05,-3.11));
#12133 = DIRECTION('',(-0.,1.,0.));
#12134 = DIRECTION('',(0.,0.,1.));
#12135 = ADVANCED_FACE('',(#12136),#12143,.T.);
#12136 = FACE_BOUND('',#12137,.T.);
#12137 = EDGE_LOOP('',(#12138,#12139,#12140,#12141,#12142));
#12138 = ORIENTED_EDGE('',*,*,#10820,.T.);
#12139 = ORIENTED_EDGE('',*,*,#11972,.T.);
#12140 = ORIENTED_EDGE('',*,*,#11543,.T.);
#12141 = ORIENTED_EDGE('',*,*,#11559,.T.);
#12142 = ORIENTED_EDGE('',*,*,#11910,.F.);
#12143 = PLANE('',#12144);
#12144 = AXIS2_PLACEMENT_3D('',#12145,#12146,#12147);
#12145 = CARTESIAN_POINT('',(60.05,51.05,-3.11));
#12146 = DIRECTION('',(-0.,1.,0.));
#12147 = DIRECTION('',(0.,0.,1.));
#12148 = ( GEOMETRIC_REPRESENTATION_CONTEXT(3) 
GLOBAL_UNCERTAINTY_ASSIGNED_CONTEXT((#12152)) 
GLOBAL_UNIT_ASSIGNED_CONTEXT((#12149,#12150,#12151)) 
REPRESENTATION_CONTEXT('Context #1',
  '3D Context with UNIT and UNCERTAINTY') );
#12149 = ( LENGTH_UNIT() NAMED_UNIT(*) SI_UNIT(.MILLI.,.METRE.) );
#12150 = ( NAMED_UNIT(*) PLANE_ANGLE_UNIT() SI_UNIT($,.RADIAN.) );
#12151 = ( NAMED_UNIT(*) SI_UNIT($,.STERADIAN.) SOLID_ANGLE_UNIT() );
#12152 = UNCERTAINTY_MEASURE_WITH_UNIT(LENGTH_MEASURE(2.E-07),#12149,
  'distance_accuracy_value','confusion accuracy');
#12153 = PRODUCT_RELATED_PRODUCT_CATEGORY('part',$,(#7));
ENDSEC;
END-ISO-10303-21;
