ISO-10303-21;
HEADER;
FILE_DESCRIPTION(('FreeCAD Model'),'2;1');
FILE_NAME('Open CASCADE Shape Model','2026-10-02T21:04:01',('FreeCAD'),(
    'FreeCAD'),'Open CASCADE STEP processor 7.8','FreeCAD','Unknown');
FILE_SCHEMA(('AUTOMOTIVE_DESIGN { 1 0 10303 214 1 1 1 1 }'));
ENDSEC;
DATA;
#1 = APPLICATION_PROTOCOL_DEFINITION('international standard',
  'automotive_design',2000,#2);
#2 = APPLICATION_CONTEXT(
  'core data for automotive mechanical design processes');
#3 = SHAPE_DEFINITION_REPRESENTATION(#4,#10);
#4 = PRODUCT_DEFINITION_SHAPE('','',#5);
#5 = PRODUCT_DEFINITION('design','',#6,#9);
#6 = PRODUCT_DEFINITION_FORMATION('','',#7);
#7 = PRODUCT('Open CASCADE STEP translator 7.8 2',
  'Open CASCADE STEP translator 7.8 2','',(#8));
#8 = PRODUCT_CONTEXT('',#2,'mechanical');
#9 = PRODUCT_DEFINITION_CONTEXT('part definition',#2,'design');
#10 = ADVANCED_BREP_SHAPE_REPRESENTATION('',(#11,#15),#7833);
#11 = AXIS2_PLACEMENT_3D('',#12,#13,#14);
#12 = CARTESIAN_POINT('',(0.,0.,0.));
#13 = DIRECTION('',(0.,0.,1.));
#14 = DIRECTION('',(1.,0.,-0.));
#15 = MANIFOLD_SOLID_BREP('',#16);
#16 = CLOSED_SHELL('',(#17,#57,#90,#121,#827,#852,#877,#901,#2294,#2311,
    #2335,#2360,#2385,#2402,#2427,#2452,#2477,#2502,#2527,#2549,#2566,
    #2583,#2595,#2617,#2634,#2651,#2663,#2688,#2713,#2735,#2752,#2769,
    #2781,#2803,#2825,#2847,#2864,#2881,#2893,#2915,#2932,#2949,#2961,
    #2986,#3011,#3033,#3050,#3067,#3079,#3111,#3135,#3159,#3184,#3209,
    #3233,#3321,#3345,#3370,#3394,#3418,#3443,#3467,#3491,#3515,#3540,
    #3565,#3589,#3677,#3719,#3744,#3768,#3792,#3827,#3852,#3877,#3908,
    #3932,#3956,#3973,#3990,#4007,#4024,#4041,#4053,#4078,#4109,#4133,
    #4157,#4181,#4205,#4229,#4253,#4277,#4301,#4325,#4349,#4366,#4397,
    #4421,#4445,#4469,#4493,#4517,#4541,#4558,#4591,#4617,#4643,#4667,
    #4691,#4715,#4739,#4763,#4787,#4811,#4835,#4859,#4883,#4907,#4933,
    #4959,#4985,#5011,#5037,#5061,#5080,#5113,#5139,#5165,#5191,#5217,
    #5243,#5269,#5288,#5321,#5345,#5369,#5393,#5417,#5441,#5467,#5493,
    #5519,#5543,#5567,#5591,#5617,#5643,#5669,#5695,#5719,#5738,#5769,
    #5793,#5817,#5834,#5865,#5889,#5913,#5937,#5961,#5987,#6011,#6037,
    #6063,#6087,#6104,#6135,#6159,#6183,#6207,#6231,#6257,#6283,#6307,
    #6331,#6355,#6379,#6403,#6427,#6444,#6464,#6484,#6504,#6524,#6544,
    #6564,#6584,#6604,#6624,#6657,#6678,#6695,#6712,#6729,#6746,#6763,
    #6780,#6792,#6812,#6832,#6852,#6872,#6884,#6901,#6921,#7011,#7040,
    #7056,#7082,#7094,#7113,#7135,#7160,#7185,#7210,#7235,#7260,#7285,
    #7310,#7335,#7360,#7385,#7410,#7435,#7471,#7499,#7528,#7557,#7585,
    #7615,#7639,#7663,#7680,#7689,#7698,#7707,#7716,#7725,#7734,#7743,
    #7752,#7761,#7770,#7779,#7788,#7805,#7819));
#17 = ADVANCED_FACE('',(#18),#52,.F.);
#18 = FACE_BOUND('',#19,.F.);
#19 = EDGE_LOOP('',(#20,#30,#38,#46));
#20 = ORIENTED_EDGE('',*,*,#21,.F.);
#21 = EDGE_CURVE('',#22,#24,#26,.T.);
#22 = VERTEX_POINT('',#23);
#23 = CARTESIAN_POINT('',(-3.,-8.881784197001E-16,20.3));
#24 = VERTEX_POINT('',#25);
#25 = CARTESIAN_POINT('',(-3.,-8.881784197001E-16,21.5));
#26 = LINE('',#27,#28);
#27 = CARTESIAN_POINT('',(-3.,-8.881784197001E-16,20.3));
#28 = VECTOR('',#29,1.);
#29 = DIRECTION('',(0.,0.,1.));
#30 = ORIENTED_EDGE('',*,*,#31,.T.);
#31 = EDGE_CURVE('',#22,#32,#34,.T.);
#32 = VERTEX_POINT('',#33);
#33 = CARTESIAN_POINT('',(-3.,61.5,20.3));
#34 = LINE('',#35,#36);
#35 = CARTESIAN_POINT('',(-3.,-4.,20.3));
#36 = VECTOR('',#37,1.);
#37 = DIRECTION('',(-0.,1.,0.));
#38 = ORIENTED_EDGE('',*,*,#39,.T.);
#39 = EDGE_CURVE('',#32,#40,#42,.T.);
#40 = VERTEX_POINT('',#41);
#41 = CARTESIAN_POINT('',(-3.,61.5,21.5));
#42 = LINE('',#43,#44);
#43 = CARTESIAN_POINT('',(-3.,61.5,20.3));
#44 = VECTOR('',#45,1.);
#45 = DIRECTION('',(0.,0.,1.));
#46 = ORIENTED_EDGE('',*,*,#47,.F.);
#47 = EDGE_CURVE('',#24,#40,#48,.T.);
#48 = LINE('',#49,#50);
#49 = CARTESIAN_POINT('',(-3.,-8.881784197001E-16,21.5));
#50 = VECTOR('',#51,1.);
#51 = DIRECTION('',(-0.,1.,0.));
#52 = PLANE('',#53);
#53 = AXIS2_PLACEMENT_3D('',#54,#55,#56);
#54 = CARTESIAN_POINT('',(-3.,-4.,20.3));
#55 = DIRECTION('',(1.,0.,-0.));
#56 = DIRECTION('',(0.,0.,1.));
#57 = ADVANCED_FACE('',(#58),#85,.T.);
#58 = FACE_BOUND('',#59,.T.);
#59 = EDGE_LOOP('',(#60,#61,#70,#78));
#60 = ORIENTED_EDGE('',*,*,#21,.F.);
#61 = ORIENTED_EDGE('',*,*,#62,.T.);
#62 = EDGE_CURVE('',#22,#63,#65,.T.);
#63 = VERTEX_POINT('',#64);
#64 = CARTESIAN_POINT('',(1.,-4.,20.3));
#65 = CIRCLE('',#66,4.);
#66 = AXIS2_PLACEMENT_3D('',#67,#68,#69);
#67 = CARTESIAN_POINT('',(1.,-8.881784197001E-16,20.3));
#68 = DIRECTION('',(0.,0.,1.));
#69 = DIRECTION('',(0.,-1.,0.));
#70 = ORIENTED_EDGE('',*,*,#71,.T.);
#71 = EDGE_CURVE('',#63,#72,#74,.T.);
#72 = VERTEX_POINT('',#73);
#73 = CARTESIAN_POINT('',(1.,-4.,21.5));
#74 = LINE('',#75,#76);
#75 = CARTESIAN_POINT('',(1.,-4.,20.3));
#76 = VECTOR('',#77,1.);
#77 = DIRECTION('',(0.,0.,1.));
#78 = ORIENTED_EDGE('',*,*,#79,.T.);
#79 = EDGE_CURVE('',#72,#24,#80,.T.);
#80 = CIRCLE('',#81,4.);
#81 = AXIS2_PLACEMENT_3D('',#82,#83,#84);
#82 = CARTESIAN_POINT('',(1.,-8.881784197001E-16,21.5));
#83 = DIRECTION('',(-0.,0.,-1.));
#84 = DIRECTION('',(-2.498001805407E-16,-1.,0.));
#85 = CYLINDRICAL_SURFACE('',#86,4.);
#86 = AXIS2_PLACEMENT_3D('',#87,#88,#89);
#87 = CARTESIAN_POINT('',(1.,-8.881784197001E-16,20.3));
#88 = DIRECTION('',(0.,0.,1.));
#89 = DIRECTION('',(-1.,-0.,0.));
#90 = ADVANCED_FACE('',(#91),#116,.F.);
#91 = FACE_BOUND('',#92,.F.);
#92 = EDGE_LOOP('',(#93,#101,#102,#110));
#93 = ORIENTED_EDGE('',*,*,#94,.F.);
#94 = EDGE_CURVE('',#24,#95,#97,.T.);
#95 = VERTEX_POINT('',#96);
#96 = CARTESIAN_POINT('',(-2.2,-8.881784197001E-16,22.3));
#97 = LINE('',#98,#99);
#98 = CARTESIAN_POINT('',(-2.6,-8.881784197001E-16,21.9));
#99 = VECTOR('',#100,1.);
#100 = DIRECTION('',(0.707106781187,0.,0.707106781187));
#101 = ORIENTED_EDGE('',*,*,#47,.T.);
#102 = ORIENTED_EDGE('',*,*,#103,.T.);
#103 = EDGE_CURVE('',#40,#104,#106,.T.);
#104 = VERTEX_POINT('',#105);
#105 = CARTESIAN_POINT('',(-2.2,61.5,22.3));
#106 = LINE('',#107,#108);
#107 = CARTESIAN_POINT('',(-2.6,61.5,21.9));
#108 = VECTOR('',#109,1.);
#109 = DIRECTION('',(0.707106781187,0.,0.707106781187));
#110 = ORIENTED_EDGE('',*,*,#111,.F.);
#111 = EDGE_CURVE('',#95,#104,#112,.T.);
#112 = LINE('',#113,#114);
#113 = CARTESIAN_POINT('',(-2.2,-8.881784197001E-16,22.3));
#114 = VECTOR('',#115,1.);
#115 = DIRECTION('',(-0.,1.,0.));
#116 = PLANE('',#117);
#117 = AXIS2_PLACEMENT_3D('',#118,#119,#120);
#118 = CARTESIAN_POINT('',(-2.6,-8.881784197001E-16,21.9));
#119 = DIRECTION('',(0.707106781187,-6.983161618628E-18,-0.707106781187)
  );
#120 = DIRECTION('',(4.937840934654E-18,1.,-4.937840934654E-18));
#121 = ADVANCED_FACE('',(#122,#175,#186,#197,#208,#219,#230,#266,#302,
    #313,#324,#360,#414,#450,#486,#497,#508,#544,#766,#777,#788),#822,
  .F.);
#122 = FACE_BOUND('',#123,.F.);
#123 = EDGE_LOOP('',(#124,#125,#126,#134,#143,#151,#160,#168));
#124 = ORIENTED_EDGE('',*,*,#31,.F.);
#125 = ORIENTED_EDGE('',*,*,#62,.T.);
#126 = ORIENTED_EDGE('',*,*,#127,.T.);
#127 = EDGE_CURVE('',#63,#128,#130,.T.);
#128 = VERTEX_POINT('',#129);
#129 = CARTESIAN_POINT('',(84.,-4.,20.3));
#130 = LINE('',#131,#132);
#131 = CARTESIAN_POINT('',(-3.,-4.,20.3));
#132 = VECTOR('',#133,1.);
#133 = DIRECTION('',(1.,0.,-0.));
#134 = ORIENTED_EDGE('',*,*,#135,.F.);
#135 = EDGE_CURVE('',#136,#128,#138,.T.);
#136 = VERTEX_POINT('',#137);
#137 = CARTESIAN_POINT('',(88.,-8.881784197001E-16,20.3));
#138 = CIRCLE('',#139,4.);
#139 = AXIS2_PLACEMENT_3D('',#140,#141,#142);
#140 = CARTESIAN_POINT('',(84.,-8.881784197001E-16,20.3));
#141 = DIRECTION('',(-0.,-0.,-1.));
#142 = DIRECTION('',(0.,-1.,0.));
#143 = ORIENTED_EDGE('',*,*,#144,.T.);
#144 = EDGE_CURVE('',#136,#145,#147,.T.);
#145 = VERTEX_POINT('',#146);
#146 = CARTESIAN_POINT('',(88.,61.5,20.3));
#147 = LINE('',#148,#149);
#148 = CARTESIAN_POINT('',(88.,-4.,20.3));
#149 = VECTOR('',#150,1.);
#150 = DIRECTION('',(-0.,1.,0.));
#151 = ORIENTED_EDGE('',*,*,#152,.T.);
#152 = EDGE_CURVE('',#145,#153,#155,.T.);
#153 = VERTEX_POINT('',#154);
#154 = CARTESIAN_POINT('',(84.,65.5,20.3));
#155 = CIRCLE('',#156,4.);
#156 = AXIS2_PLACEMENT_3D('',#157,#158,#159);
#157 = CARTESIAN_POINT('',(84.,61.5,20.3));
#158 = DIRECTION('',(0.,0.,1.));
#159 = DIRECTION('',(0.,-1.,0.));
#160 = ORIENTED_EDGE('',*,*,#161,.F.);
#161 = EDGE_CURVE('',#162,#153,#164,.T.);
#162 = VERTEX_POINT('',#163);
#163 = CARTESIAN_POINT('',(1.,65.5,20.3));
#164 = LINE('',#165,#166);
#165 = CARTESIAN_POINT('',(-3.,65.5,20.3));
#166 = VECTOR('',#167,1.);
#167 = DIRECTION('',(1.,0.,-0.));
#168 = ORIENTED_EDGE('',*,*,#169,.F.);
#169 = EDGE_CURVE('',#32,#162,#170,.T.);
#170 = CIRCLE('',#171,4.);
#171 = AXIS2_PLACEMENT_3D('',#172,#173,#174);
#172 = CARTESIAN_POINT('',(1.,61.5,20.3));
#173 = DIRECTION('',(-0.,-0.,-1.));
#174 = DIRECTION('',(0.,-1.,0.));
#175 = FACE_BOUND('',#176,.F.);
#176 = EDGE_LOOP('',(#177));
#177 = ORIENTED_EDGE('',*,*,#178,.F.);
#178 = EDGE_CURVE('',#179,#179,#181,.T.);
#179 = VERTEX_POINT('',#180);
#180 = CARTESIAN_POINT('',(5.9,3.5,20.3));
#181 = CIRCLE('',#182,2.4);
#182 = AXIS2_PLACEMENT_3D('',#183,#184,#185);
#183 = CARTESIAN_POINT('',(3.5,3.5,20.3));
#184 = DIRECTION('',(0.,0.,1.));
#185 = DIRECTION('',(1.,0.,-0.));
#186 = FACE_BOUND('',#187,.F.);
#187 = EDGE_LOOP('',(#188));
#188 = ORIENTED_EDGE('',*,*,#189,.F.);
#189 = EDGE_CURVE('',#190,#190,#192,.T.);
#190 = VERTEX_POINT('',#191);
#191 = CARTESIAN_POINT('',(27.25,11.3,20.3));
#192 = CIRCLE('',#193,4.85);
#193 = AXIS2_PLACEMENT_3D('',#194,#195,#196);
#194 = CARTESIAN_POINT('',(22.4,11.3,20.3));
#195 = DIRECTION('',(0.,0.,1.));
#196 = DIRECTION('',(1.,0.,-0.));
#197 = FACE_BOUND('',#198,.F.);
#198 = EDGE_LOOP('',(#199));
#199 = ORIENTED_EDGE('',*,*,#200,.F.);
#200 = EDGE_CURVE('',#201,#201,#203,.T.);
#201 = VERTEX_POINT('',#202);
#202 = CARTESIAN_POINT('',(12.1,21.8,20.3));
#203 = CIRCLE('',#204,2.1);
#204 = AXIS2_PLACEMENT_3D('',#205,#206,#207);
#205 = CARTESIAN_POINT('',(10.,21.8,20.3));
#206 = DIRECTION('',(0.,0.,1.));
#207 = DIRECTION('',(1.,0.,-0.));
#208 = FACE_BOUND('',#209,.F.);
#209 = EDGE_LOOP('',(#210));
#210 = ORIENTED_EDGE('',*,*,#211,.F.);
#211 = EDGE_CURVE('',#212,#212,#214,.T.);
#212 = VERTEX_POINT('',#213);
#213 = CARTESIAN_POINT('',(24.6,21.8,20.3));
#214 = CIRCLE('',#215,2.1);
#215 = AXIS2_PLACEMENT_3D('',#216,#217,#218);
#216 = CARTESIAN_POINT('',(22.5,21.8,20.3));
#217 = DIRECTION('',(0.,0.,1.));
#218 = DIRECTION('',(1.,0.,-0.));
#219 = FACE_BOUND('',#220,.F.);
#220 = EDGE_LOOP('',(#221));
#221 = ORIENTED_EDGE('',*,*,#222,.F.);
#222 = EDGE_CURVE('',#223,#223,#225,.T.);
#223 = VERTEX_POINT('',#224);
#224 = CARTESIAN_POINT('',(25.,27.,20.3));
#225 = CIRCLE('',#226,2.);
#226 = AXIS2_PLACEMENT_3D('',#227,#228,#229);
#227 = CARTESIAN_POINT('',(23.,27.,20.3));
#228 = DIRECTION('',(0.,0.,1.));
#229 = DIRECTION('',(1.,0.,-0.));
#230 = FACE_BOUND('',#231,.F.);
#231 = EDGE_LOOP('',(#232,#243,#251,#260));
#232 = ORIENTED_EDGE('',*,*,#233,.F.);
#233 = EDGE_CURVE('',#234,#236,#238,.T.);
#234 = VERTEX_POINT('',#235);
#235 = CARTESIAN_POINT('',(35.551470164435,26.3,20.3));
#236 = VERTEX_POINT('',#237);
#237 = CARTESIAN_POINT('',(39.464518543558,28.1,20.3));
#238 = CIRCLE('',#239,11.);
#239 = AXIS2_PLACEMENT_3D('',#240,#241,#242);
#240 = CARTESIAN_POINT('',(33.,37.,20.3));
#241 = DIRECTION('',(0.,0.,1.));
#242 = DIRECTION('',(1.,0.,-0.));
#243 = ORIENTED_EDGE('',*,*,#244,.T.);
#244 = EDGE_CURVE('',#234,#245,#247,.T.);
#245 = VERTEX_POINT('',#246);
#246 = CARTESIAN_POINT('',(30.448529835565,26.3,20.3));
#247 = LINE('',#248,#249);
#248 = CARTESIAN_POINT('',(9.5,26.3,20.3));
#249 = VECTOR('',#250,1.);
#250 = DIRECTION('',(-1.,-0.,0.));
#251 = ORIENTED_EDGE('',*,*,#252,.F.);
#252 = EDGE_CURVE('',#253,#245,#255,.T.);
#253 = VERTEX_POINT('',#254);
#254 = CARTESIAN_POINT('',(26.535481456442,28.1,20.3));
#255 = CIRCLE('',#256,11.);
#256 = AXIS2_PLACEMENT_3D('',#257,#258,#259);
#257 = CARTESIAN_POINT('',(33.,37.,20.3));
#258 = DIRECTION('',(0.,0.,1.));
#259 = DIRECTION('',(1.,0.,-0.));
#260 = ORIENTED_EDGE('',*,*,#261,.F.);
#261 = EDGE_CURVE('',#236,#253,#262,.T.);
#262 = LINE('',#263,#264);
#263 = CARTESIAN_POINT('',(9.5,28.1,20.3));
#264 = VECTOR('',#265,1.);
#265 = DIRECTION('',(-1.,-0.,0.));
#266 = FACE_BOUND('',#267,.F.);
#267 = EDGE_LOOP('',(#268,#279,#287,#296));
#268 = ORIENTED_EDGE('',*,*,#269,.F.);
#269 = EDGE_CURVE('',#270,#272,#274,.T.);
#270 = VERTEX_POINT('',#271);
#271 = CARTESIAN_POINT('',(41.13879597975,29.6,20.3));
#272 = VERTEX_POINT('',#273);
#273 = CARTESIAN_POINT('',(42.467840302836,31.4,20.3));
#274 = CIRCLE('',#275,11.);
#275 = AXIS2_PLACEMENT_3D('',#276,#277,#278);
#276 = CARTESIAN_POINT('',(33.,37.,20.3));
#277 = DIRECTION('',(0.,0.,1.));
#278 = DIRECTION('',(1.,0.,-0.));
#279 = ORIENTED_EDGE('',*,*,#280,.T.);
#280 = EDGE_CURVE('',#270,#281,#283,.T.);
#281 = VERTEX_POINT('',#282);
#282 = CARTESIAN_POINT('',(24.86120402025,29.6,20.3));
#283 = LINE('',#284,#285);
#284 = CARTESIAN_POINT('',(9.5,29.6,20.3));
#285 = VECTOR('',#286,1.);
#286 = DIRECTION('',(-1.,-0.,0.));
#287 = ORIENTED_EDGE('',*,*,#288,.F.);
#288 = EDGE_CURVE('',#289,#281,#291,.T.);
#289 = VERTEX_POINT('',#290);
#290 = CARTESIAN_POINT('',(23.532159697164,31.4,20.3));
#291 = CIRCLE('',#292,11.);
#292 = AXIS2_PLACEMENT_3D('',#293,#294,#295);
#293 = CARTESIAN_POINT('',(33.,37.,20.3));
#294 = DIRECTION('',(0.,0.,1.));
#295 = DIRECTION('',(1.,0.,-0.));
#296 = ORIENTED_EDGE('',*,*,#297,.F.);
#297 = EDGE_CURVE('',#272,#289,#298,.T.);
#298 = LINE('',#299,#300);
#299 = CARTESIAN_POINT('',(9.5,31.4,20.3));
#300 = VECTOR('',#301,1.);
#301 = DIRECTION('',(-1.,-0.,0.));
#302 = FACE_BOUND('',#303,.F.);
#303 = EDGE_LOOP('',(#304));
#304 = ORIENTED_EDGE('',*,*,#305,.F.);
#305 = EDGE_CURVE('',#306,#306,#308,.T.);
#306 = VERTEX_POINT('',#307);
#307 = CARTESIAN_POINT('',(63.9,3.5,20.3));
#308 = CIRCLE('',#309,2.4);
#309 = AXIS2_PLACEMENT_3D('',#310,#311,#312);
#310 = CARTESIAN_POINT('',(61.5,3.5,20.3));
#311 = DIRECTION('',(0.,0.,1.));
#312 = DIRECTION('',(1.,0.,-0.));
#313 = FACE_BOUND('',#314,.F.);
#314 = EDGE_LOOP('',(#315));
#315 = ORIENTED_EDGE('',*,*,#316,.F.);
#316 = EDGE_CURVE('',#317,#317,#319,.T.);
#317 = VERTEX_POINT('',#318);
#318 = CARTESIAN_POINT('',(45.,27.,20.3));
#319 = CIRCLE('',#320,2.);
#320 = AXIS2_PLACEMENT_3D('',#321,#322,#323);
#321 = CARTESIAN_POINT('',(43.,27.,20.3));
#322 = DIRECTION('',(0.,0.,1.));
#323 = DIRECTION('',(1.,0.,-0.));
#324 = FACE_BOUND('',#325,.F.);
#325 = EDGE_LOOP('',(#326,#337,#345,#354));
#326 = ORIENTED_EDGE('',*,*,#327,.F.);
#327 = EDGE_CURVE('',#328,#330,#332,.T.);
#328 = VERTEX_POINT('',#329);
#329 = CARTESIAN_POINT('',(43.207350292804,32.9,20.3));
#330 = VERTEX_POINT('',#331);
#331 = CARTESIAN_POINT('',(43.756858277397,34.7,20.3));
#332 = CIRCLE('',#333,11.);
#333 = AXIS2_PLACEMENT_3D('',#334,#335,#336);
#334 = CARTESIAN_POINT('',(33.,37.,20.3));
#335 = DIRECTION('',(0.,0.,1.));
#336 = DIRECTION('',(1.,0.,-0.));
#337 = ORIENTED_EDGE('',*,*,#338,.T.);
#338 = EDGE_CURVE('',#328,#339,#341,.T.);
#339 = VERTEX_POINT('',#340);
#340 = CARTESIAN_POINT('',(22.792649707196,32.9,20.3));
#341 = LINE('',#342,#343);
#342 = CARTESIAN_POINT('',(9.5,32.9,20.3));
#343 = VECTOR('',#344,1.);
#344 = DIRECTION('',(-1.,-0.,0.));
#345 = ORIENTED_EDGE('',*,*,#346,.F.);
#346 = EDGE_CURVE('',#347,#339,#349,.T.);
#347 = VERTEX_POINT('',#348);
#348 = CARTESIAN_POINT('',(22.243141722603,34.7,20.3));
#349 = CIRCLE('',#350,11.);
#350 = AXIS2_PLACEMENT_3D('',#351,#352,#353);
#351 = CARTESIAN_POINT('',(33.,37.,20.3));
#352 = DIRECTION('',(0.,0.,1.));
#353 = DIRECTION('',(1.,0.,-0.));
#354 = ORIENTED_EDGE('',*,*,#355,.F.);
#355 = EDGE_CURVE('',#330,#347,#356,.T.);
#356 = LINE('',#357,#358);
#357 = CARTESIAN_POINT('',(9.5,34.7,20.3));
#358 = VECTOR('',#359,1.);
#359 = DIRECTION('',(-1.,-0.,0.));
#360 = FACE_BOUND('',#361,.F.);
#361 = EDGE_LOOP('',(#362,#373,#381,#390,#399,#407));
#362 = ORIENTED_EDGE('',*,*,#363,.F.);
#363 = EDGE_CURVE('',#364,#366,#368,.T.);
#364 = VERTEX_POINT('',#365);
#365 = CARTESIAN_POINT('',(22.045548849897,38.,20.3));
#366 = VERTEX_POINT('',#367);
#367 = CARTESIAN_POINT('',(22.,37.,20.3));
#368 = CIRCLE('',#369,11.);
#369 = AXIS2_PLACEMENT_3D('',#370,#371,#372);
#370 = CARTESIAN_POINT('',(33.,37.,20.3));
#371 = DIRECTION('',(0.,0.,1.));
#372 = DIRECTION('',(1.,0.,-0.));
#373 = ORIENTED_EDGE('',*,*,#374,.F.);
#374 = EDGE_CURVE('',#375,#364,#377,.T.);
#375 = VERTEX_POINT('',#376);
#376 = CARTESIAN_POINT('',(43.954451150103,38.,20.3));
#377 = LINE('',#378,#379);
#378 = CARTESIAN_POINT('',(9.5,38.,20.3));
#379 = VECTOR('',#380,1.);
#380 = DIRECTION('',(-1.,-0.,0.));
#381 = ORIENTED_EDGE('',*,*,#382,.F.);
#382 = EDGE_CURVE('',#383,#375,#385,.T.);
#383 = VERTEX_POINT('',#384);
#384 = CARTESIAN_POINT('',(44.,37.,20.3));
#385 = CIRCLE('',#386,11.);
#386 = AXIS2_PLACEMENT_3D('',#387,#388,#389);
#387 = CARTESIAN_POINT('',(33.,37.,20.3));
#388 = DIRECTION('',(0.,0.,1.));
#389 = DIRECTION('',(1.,0.,-0.));
#390 = ORIENTED_EDGE('',*,*,#391,.F.);
#391 = EDGE_CURVE('',#392,#383,#394,.T.);
#392 = VERTEX_POINT('',#393);
#393 = CARTESIAN_POINT('',(43.970870521522,36.2,20.3));
#394 = CIRCLE('',#395,11.);
#395 = AXIS2_PLACEMENT_3D('',#396,#397,#398);
#396 = CARTESIAN_POINT('',(33.,37.,20.3));
#397 = DIRECTION('',(0.,0.,1.));
#398 = DIRECTION('',(1.,0.,-0.));
#399 = ORIENTED_EDGE('',*,*,#400,.T.);
#400 = EDGE_CURVE('',#392,#401,#403,.T.);
#401 = VERTEX_POINT('',#402);
#402 = CARTESIAN_POINT('',(22.029129478478,36.2,20.3));
#403 = LINE('',#404,#405);
#404 = CARTESIAN_POINT('',(9.5,36.2,20.3));
#405 = VECTOR('',#406,1.);
#406 = DIRECTION('',(-1.,-0.,0.));
#407 = ORIENTED_EDGE('',*,*,#408,.F.);
#408 = EDGE_CURVE('',#366,#401,#409,.T.);
#409 = CIRCLE('',#410,11.);
#410 = AXIS2_PLACEMENT_3D('',#411,#412,#413);
#411 = CARTESIAN_POINT('',(33.,37.,20.3));
#412 = DIRECTION('',(0.,0.,1.));
#413 = DIRECTION('',(1.,0.,-0.));
#414 = FACE_BOUND('',#415,.F.);
#415 = EDGE_LOOP('',(#416,#427,#435,#444));
#416 = ORIENTED_EDGE('',*,*,#417,.F.);
#417 = EDGE_CURVE('',#418,#420,#422,.T.);
#418 = VERTEX_POINT('',#419);
#419 = CARTESIAN_POINT('',(43.712142642814,39.5,20.3));
#420 = VERTEX_POINT('',#421);
#421 = CARTESIAN_POINT('',(43.124722218412,41.3,20.3));
#422 = CIRCLE('',#423,11.);
#423 = AXIS2_PLACEMENT_3D('',#424,#425,#426);
#424 = CARTESIAN_POINT('',(33.,37.,20.3));
#425 = DIRECTION('',(0.,0.,1.));
#426 = DIRECTION('',(1.,0.,-0.));
#427 = ORIENTED_EDGE('',*,*,#428,.T.);
#428 = EDGE_CURVE('',#418,#429,#431,.T.);
#429 = VERTEX_POINT('',#430);
#430 = CARTESIAN_POINT('',(22.287857357186,39.5,20.3));
#431 = LINE('',#432,#433);
#432 = CARTESIAN_POINT('',(9.5,39.5,20.3));
#433 = VECTOR('',#434,1.);
#434 = DIRECTION('',(-1.,-0.,0.));
#435 = ORIENTED_EDGE('',*,*,#436,.F.);
#436 = EDGE_CURVE('',#437,#429,#439,.T.);
#437 = VERTEX_POINT('',#438);
#438 = CARTESIAN_POINT('',(22.875277781588,41.3,20.3));
#439 = CIRCLE('',#440,11.);
#440 = AXIS2_PLACEMENT_3D('',#441,#442,#443);
#441 = CARTESIAN_POINT('',(33.,37.,20.3));
#442 = DIRECTION('',(0.,0.,1.));
#443 = DIRECTION('',(1.,0.,-0.));
#444 = ORIENTED_EDGE('',*,*,#445,.F.);
#445 = EDGE_CURVE('',#420,#437,#446,.T.);
#446 = LINE('',#447,#448);
#447 = CARTESIAN_POINT('',(9.5,41.3,20.3));
#448 = VECTOR('',#449,1.);
#449 = DIRECTION('',(-1.,-0.,0.));
#450 = FACE_BOUND('',#451,.F.);
#451 = EDGE_LOOP('',(#452,#463,#471,#480));
#452 = ORIENTED_EDGE('',*,*,#453,.F.);
#453 = EDGE_CURVE('',#454,#456,#458,.T.);
#454 = VERTEX_POINT('',#455);
#455 = CARTESIAN_POINT('',(42.346657156438,42.8,20.3));
#456 = VERTEX_POINT('',#457);
#457 = CARTESIAN_POINT('',(40.952358140828,44.6,20.3));
#458 = CIRCLE('',#459,11.);
#459 = AXIS2_PLACEMENT_3D('',#460,#461,#462);
#460 = CARTESIAN_POINT('',(33.,37.,20.3));
#461 = DIRECTION('',(0.,0.,1.));
#462 = DIRECTION('',(1.,0.,-0.));
#463 = ORIENTED_EDGE('',*,*,#464,.T.);
#464 = EDGE_CURVE('',#454,#465,#467,.T.);
#465 = VERTEX_POINT('',#466);
#466 = CARTESIAN_POINT('',(23.653342843562,42.8,20.3));
#467 = LINE('',#468,#469);
#468 = CARTESIAN_POINT('',(9.5,42.8,20.3));
#469 = VECTOR('',#470,1.);
#470 = DIRECTION('',(-1.,-0.,0.));
#471 = ORIENTED_EDGE('',*,*,#472,.F.);
#472 = EDGE_CURVE('',#473,#465,#475,.T.);
#473 = VERTEX_POINT('',#474);
#474 = CARTESIAN_POINT('',(25.047641859172,44.6,20.3));
#475 = CIRCLE('',#476,11.);
#476 = AXIS2_PLACEMENT_3D('',#477,#478,#479);
#477 = CARTESIAN_POINT('',(33.,37.,20.3));
#478 = DIRECTION('',(0.,0.,1.));
#479 = DIRECTION('',(1.,0.,-0.));
#480 = ORIENTED_EDGE('',*,*,#481,.F.);
#481 = EDGE_CURVE('',#456,#473,#482,.T.);
#482 = LINE('',#483,#484);
#483 = CARTESIAN_POINT('',(9.5,44.6,20.3));
#484 = VECTOR('',#485,1.);
#485 = DIRECTION('',(-1.,-0.,0.));
#486 = FACE_BOUND('',#487,.F.);
#487 = EDGE_LOOP('',(#488));
#488 = ORIENTED_EDGE('',*,*,#489,.F.);
#489 = EDGE_CURVE('',#490,#490,#492,.T.);
#490 = VERTEX_POINT('',#491);
#491 = CARTESIAN_POINT('',(5.9,52.5,20.3));
#492 = CIRCLE('',#493,2.4);
#493 = AXIS2_PLACEMENT_3D('',#494,#495,#496);
#494 = CARTESIAN_POINT('',(3.5,52.5,20.3));
#495 = DIRECTION('',(0.,0.,1.));
#496 = DIRECTION('',(1.,0.,-0.));
#497 = FACE_BOUND('',#498,.F.);
#498 = EDGE_LOOP('',(#499));
#499 = ORIENTED_EDGE('',*,*,#500,.F.);
#500 = EDGE_CURVE('',#501,#501,#503,.T.);
#501 = VERTEX_POINT('',#502);
#502 = CARTESIAN_POINT('',(25.,47.,20.3));
#503 = CIRCLE('',#504,2.);
#504 = AXIS2_PLACEMENT_3D('',#505,#506,#507);
#505 = CARTESIAN_POINT('',(23.,47.,20.3));
#506 = DIRECTION('',(0.,0.,1.));
#507 = DIRECTION('',(1.,0.,-0.));
#508 = FACE_BOUND('',#509,.F.);
#509 = EDGE_LOOP('',(#510,#521,#529,#538));
#510 = ORIENTED_EDGE('',*,*,#511,.F.);
#511 = EDGE_CURVE('',#512,#514,#516,.T.);
#512 = VERTEX_POINT('',#513);
#513 = CARTESIAN_POINT('',(39.179805822192,46.1,20.3));
#514 = VERTEX_POINT('',#515);
#515 = CARTESIAN_POINT('',(34.479864858695,47.9,20.3));
#516 = CIRCLE('',#517,11.);
#517 = AXIS2_PLACEMENT_3D('',#518,#519,#520);
#518 = CARTESIAN_POINT('',(33.,37.,20.3));
#519 = DIRECTION('',(0.,0.,1.));
#520 = DIRECTION('',(1.,0.,-0.));
#521 = ORIENTED_EDGE('',*,*,#522,.T.);
#522 = EDGE_CURVE('',#512,#523,#525,.T.);
#523 = VERTEX_POINT('',#524);
#524 = CARTESIAN_POINT('',(26.820194177808,46.1,20.3));
#525 = LINE('',#526,#527);
#526 = CARTESIAN_POINT('',(9.5,46.1,20.3));
#527 = VECTOR('',#528,1.);
#528 = DIRECTION('',(-1.,-0.,0.));
#529 = ORIENTED_EDGE('',*,*,#530,.F.);
#530 = EDGE_CURVE('',#531,#523,#533,.T.);
#531 = VERTEX_POINT('',#532);
#532 = CARTESIAN_POINT('',(31.520135141305,47.9,20.3));
#533 = CIRCLE('',#534,11.);
#534 = AXIS2_PLACEMENT_3D('',#535,#536,#537);
#535 = CARTESIAN_POINT('',(33.,37.,20.3));
#536 = DIRECTION('',(0.,0.,1.));
#537 = DIRECTION('',(1.,0.,-0.));
#538 = ORIENTED_EDGE('',*,*,#539,.F.);
#539 = EDGE_CURVE('',#514,#531,#540,.T.);
#540 = LINE('',#541,#542);
#541 = CARTESIAN_POINT('',(9.5,47.9,20.3));
#542 = VECTOR('',#543,1.);
#543 = DIRECTION('',(-1.,-0.,0.));
#544 = FACE_BOUND('',#545,.F.);
#545 = EDGE_LOOP('',(#546,#557,#565,#574,#582,#590,#598,#607,#615,#624,
    #632,#641,#650,#658,#667,#676,#684,#693,#701,#710,#718,#726,#734,
    #743,#751,#760));
#546 = ORIENTED_EDGE('',*,*,#547,.F.);
#547 = EDGE_CURVE('',#548,#550,#552,.T.);
#548 = VERTEX_POINT('',#549);
#549 = CARTESIAN_POINT('',(-0.75,-2.22044604925E-16,20.3));
#550 = VERTEX_POINT('',#551);
#551 = CARTESIAN_POINT('',(1.,-1.75,20.3));
#552 = CIRCLE('',#553,1.75);
#553 = AXIS2_PLACEMENT_3D('',#554,#555,#556);
#554 = CARTESIAN_POINT('',(1.,-2.22044604925E-16,20.3));
#555 = DIRECTION('',(0.,0.,1.));
#556 = DIRECTION('',(-1.,-0.,0.));
#557 = ORIENTED_EDGE('',*,*,#558,.T.);
#558 = EDGE_CURVE('',#548,#559,#561,.T.);
#559 = VERTEX_POINT('',#560);
#560 = CARTESIAN_POINT('',(-0.75,61.5,20.3));
#561 = LINE('',#562,#563);
#562 = CARTESIAN_POINT('',(-0.75,-2.875,20.3));
#563 = VECTOR('',#564,1.);
#564 = DIRECTION('',(-0.,1.,0.));
#565 = ORIENTED_EDGE('',*,*,#566,.F.);
#566 = EDGE_CURVE('',#567,#559,#569,.T.);
#567 = VERTEX_POINT('',#568);
#568 = CARTESIAN_POINT('',(1.,63.25,20.3));
#569 = CIRCLE('',#570,1.75);
#570 = AXIS2_PLACEMENT_3D('',#571,#572,#573);
#571 = CARTESIAN_POINT('',(1.,61.5,20.3));
#572 = DIRECTION('',(0.,0.,1.));
#573 = DIRECTION('',(-1.,-0.,0.));
#574 = ORIENTED_EDGE('',*,*,#575,.F.);
#575 = EDGE_CURVE('',#576,#567,#578,.T.);
#576 = VERTEX_POINT('',#577);
#577 = CARTESIAN_POINT('',(34.5,63.25,20.3));
#578 = LINE('',#579,#580);
#579 = CARTESIAN_POINT('',(-1.875,63.25,20.3));
#580 = VECTOR('',#581,1.);
#581 = DIRECTION('',(-1.,-0.,0.));
#582 = ORIENTED_EDGE('',*,*,#583,.F.);
#583 = EDGE_CURVE('',#584,#576,#586,.T.);
#584 = VERTEX_POINT('',#585);
#585 = CARTESIAN_POINT('',(34.5,62.05,20.3));
#586 = LINE('',#587,#588);
#587 = CARTESIAN_POINT('',(34.5,23.,20.3));
#588 = VECTOR('',#589,1.);
#589 = DIRECTION('',(-0.,1.,0.));
#590 = ORIENTED_EDGE('',*,*,#591,.T.);
#591 = EDGE_CURVE('',#584,#592,#594,.T.);
#592 = VERTEX_POINT('',#593);
#593 = CARTESIAN_POINT('',(1.,62.05,20.3));
#594 = LINE('',#595,#596);
#595 = CARTESIAN_POINT('',(-1.275,62.05,20.3));
#596 = VECTOR('',#597,1.);
#597 = DIRECTION('',(-1.,-0.,0.));
#598 = ORIENTED_EDGE('',*,*,#599,.T.);
#599 = EDGE_CURVE('',#592,#600,#602,.T.);
#600 = VERTEX_POINT('',#601);
#601 = CARTESIAN_POINT('',(0.45,61.5,20.3));
#602 = CIRCLE('',#603,0.55);
#603 = AXIS2_PLACEMENT_3D('',#604,#605,#606);
#604 = CARTESIAN_POINT('',(1.,61.5,20.3));
#605 = DIRECTION('',(0.,0.,1.));
#606 = DIRECTION('',(-1.,-0.,0.));
#607 = ORIENTED_EDGE('',*,*,#608,.F.);
#608 = EDGE_CURVE('',#609,#600,#611,.T.);
#609 = VERTEX_POINT('',#610);
#610 = CARTESIAN_POINT('',(0.45,-1.110223024625E-16,20.3));
#611 = LINE('',#612,#613);
#612 = CARTESIAN_POINT('',(0.45,-2.275,20.3));
#613 = VECTOR('',#614,1.);
#614 = DIRECTION('',(-0.,1.,0.));
#615 = ORIENTED_EDGE('',*,*,#616,.T.);
#616 = EDGE_CURVE('',#609,#617,#619,.T.);
#617 = VERTEX_POINT('',#618);
#618 = CARTESIAN_POINT('',(1.,-0.55,20.3));
#619 = CIRCLE('',#620,0.55);
#620 = AXIS2_PLACEMENT_3D('',#621,#622,#623);
#621 = CARTESIAN_POINT('',(1.,-1.110223024625E-16,20.3));
#622 = DIRECTION('',(0.,0.,1.));
#623 = DIRECTION('',(-1.,-0.,0.));
#624 = ORIENTED_EDGE('',*,*,#625,.F.);
#625 = EDGE_CURVE('',#626,#617,#628,.T.);
#626 = VERTEX_POINT('',#627);
#627 = CARTESIAN_POINT('',(8.391429205785,-0.55,20.3));
#628 = LINE('',#629,#630);
#629 = CARTESIAN_POINT('',(-1.275,-0.55,20.3));
#630 = VECTOR('',#631,1.);
#631 = DIRECTION('',(-1.,-0.,0.));
#632 = ORIENTED_EDGE('',*,*,#633,.F.);
#633 = EDGE_CURVE('',#634,#626,#636,.T.);
#634 = VERTEX_POINT('',#635);
#635 = CARTESIAN_POINT('',(12.1,0.8,20.3));
#636 = CIRCLE('',#637,2.1);
#637 = AXIS2_PLACEMENT_3D('',#638,#639,#640);
#638 = CARTESIAN_POINT('',(10.,0.8,20.3));
#639 = DIRECTION('',(0.,0.,1.));
#640 = DIRECTION('',(1.,0.,-0.));
#641 = ORIENTED_EDGE('',*,*,#642,.F.);
#642 = EDGE_CURVE('',#643,#634,#645,.T.);
#643 = VERTEX_POINT('',#644);
#644 = CARTESIAN_POINT('',(11.608570794215,-0.55,20.3));
#645 = CIRCLE('',#646,2.1);
#646 = AXIS2_PLACEMENT_3D('',#647,#648,#649);
#647 = CARTESIAN_POINT('',(10.,0.8,20.3));
#648 = DIRECTION('',(0.,0.,1.));
#649 = DIRECTION('',(1.,0.,-0.));
#650 = ORIENTED_EDGE('',*,*,#651,.F.);
#651 = EDGE_CURVE('',#652,#643,#654,.T.);
#652 = VERTEX_POINT('',#653);
#653 = CARTESIAN_POINT('',(20.891429205785,-0.55,20.3));
#654 = LINE('',#655,#656);
#655 = CARTESIAN_POINT('',(-1.275,-0.55,20.3));
#656 = VECTOR('',#657,1.);
#657 = DIRECTION('',(-1.,-0.,0.));
#658 = ORIENTED_EDGE('',*,*,#659,.F.);
#659 = EDGE_CURVE('',#660,#652,#662,.T.);
#660 = VERTEX_POINT('',#661);
#661 = CARTESIAN_POINT('',(24.6,0.8,20.3));
#662 = CIRCLE('',#663,2.1);
#663 = AXIS2_PLACEMENT_3D('',#664,#665,#666);
#664 = CARTESIAN_POINT('',(22.5,0.8,20.3));
#665 = DIRECTION('',(0.,0.,1.));
#666 = DIRECTION('',(1.,0.,-0.));
#667 = ORIENTED_EDGE('',*,*,#668,.F.);
#668 = EDGE_CURVE('',#669,#660,#671,.T.);
#669 = VERTEX_POINT('',#670);
#670 = CARTESIAN_POINT('',(24.108570794215,-0.55,20.3));
#671 = CIRCLE('',#672,2.1);
#672 = AXIS2_PLACEMENT_3D('',#673,#674,#675);
#673 = CARTESIAN_POINT('',(22.5,0.8,20.3));
#674 = DIRECTION('',(0.,0.,1.));
#675 = DIRECTION('',(1.,0.,-0.));
#676 = ORIENTED_EDGE('',*,*,#677,.F.);
#677 = EDGE_CURVE('',#678,#669,#680,.T.);
#678 = VERTEX_POINT('',#679);
#679 = CARTESIAN_POINT('',(84.,-0.55,20.3));
#680 = LINE('',#681,#682);
#681 = CARTESIAN_POINT('',(-1.275,-0.55,20.3));
#682 = VECTOR('',#683,1.);
#683 = DIRECTION('',(-1.,-0.,0.));
#684 = ORIENTED_EDGE('',*,*,#685,.T.);
#685 = EDGE_CURVE('',#678,#686,#688,.T.);
#686 = VERTEX_POINT('',#687);
#687 = CARTESIAN_POINT('',(84.55,-1.110223024625E-16,20.3));
#688 = CIRCLE('',#689,0.55);
#689 = AXIS2_PLACEMENT_3D('',#690,#691,#692);
#690 = CARTESIAN_POINT('',(84.,-1.110223024625E-16,20.3));
#691 = DIRECTION('',(0.,0.,1.));
#692 = DIRECTION('',(1.,0.,-0.));
#693 = ORIENTED_EDGE('',*,*,#694,.T.);
#694 = EDGE_CURVE('',#686,#695,#697,.T.);
#695 = VERTEX_POINT('',#696);
#696 = CARTESIAN_POINT('',(84.55,61.5,20.3));
#697 = LINE('',#698,#699);
#698 = CARTESIAN_POINT('',(84.55,-2.275,20.3));
#699 = VECTOR('',#700,1.);
#700 = DIRECTION('',(-0.,1.,0.));
#701 = ORIENTED_EDGE('',*,*,#702,.T.);
#702 = EDGE_CURVE('',#695,#703,#705,.T.);
#703 = VERTEX_POINT('',#704);
#704 = CARTESIAN_POINT('',(84.,62.05,20.3));
#705 = CIRCLE('',#706,0.55);
#706 = AXIS2_PLACEMENT_3D('',#707,#708,#709);
#707 = CARTESIAN_POINT('',(84.,61.5,20.3));
#708 = DIRECTION('',(0.,0.,1.));
#709 = DIRECTION('',(1.,0.,-0.));
#710 = ORIENTED_EDGE('',*,*,#711,.T.);
#711 = EDGE_CURVE('',#703,#712,#714,.T.);
#712 = VERTEX_POINT('',#713);
#713 = CARTESIAN_POINT('',(50.5,62.05,20.3));
#714 = LINE('',#715,#716);
#715 = CARTESIAN_POINT('',(-1.275,62.05,20.3));
#716 = VECTOR('',#717,1.);
#717 = DIRECTION('',(-1.,-0.,0.));
#718 = ORIENTED_EDGE('',*,*,#719,.T.);
#719 = EDGE_CURVE('',#712,#720,#722,.T.);
#720 = VERTEX_POINT('',#721);
#721 = CARTESIAN_POINT('',(50.5,63.25,20.3));
#722 = LINE('',#723,#724);
#723 = CARTESIAN_POINT('',(50.5,23.,20.3));
#724 = VECTOR('',#725,1.);
#725 = DIRECTION('',(-0.,1.,0.));
#726 = ORIENTED_EDGE('',*,*,#727,.F.);
#727 = EDGE_CURVE('',#728,#720,#730,.T.);
#728 = VERTEX_POINT('',#729);
#729 = CARTESIAN_POINT('',(84.,63.25,20.3));
#730 = LINE('',#731,#732);
#731 = CARTESIAN_POINT('',(-1.875,63.25,20.3));
#732 = VECTOR('',#733,1.);
#733 = DIRECTION('',(-1.,-0.,0.));
#734 = ORIENTED_EDGE('',*,*,#735,.F.);
#735 = EDGE_CURVE('',#736,#728,#738,.T.);
#736 = VERTEX_POINT('',#737);
#737 = CARTESIAN_POINT('',(85.75,61.5,20.3));
#738 = CIRCLE('',#739,1.75);
#739 = AXIS2_PLACEMENT_3D('',#740,#741,#742);
#740 = CARTESIAN_POINT('',(84.,61.5,20.3));
#741 = DIRECTION('',(0.,0.,1.));
#742 = DIRECTION('',(1.,0.,-0.));
#743 = ORIENTED_EDGE('',*,*,#744,.F.);
#744 = EDGE_CURVE('',#745,#736,#747,.T.);
#745 = VERTEX_POINT('',#746);
#746 = CARTESIAN_POINT('',(85.75,-2.22044604925E-16,20.3));
#747 = LINE('',#748,#749);
#748 = CARTESIAN_POINT('',(85.75,-2.875,20.3));
#749 = VECTOR('',#750,1.);
#750 = DIRECTION('',(-0.,1.,0.));
#751 = ORIENTED_EDGE('',*,*,#752,.F.);
#752 = EDGE_CURVE('',#753,#745,#755,.T.);
#753 = VERTEX_POINT('',#754);
#754 = CARTESIAN_POINT('',(84.,-1.75,20.3));
#755 = CIRCLE('',#756,1.75);
#756 = AXIS2_PLACEMENT_3D('',#757,#758,#759);
#757 = CARTESIAN_POINT('',(84.,-2.22044604925E-16,20.3));
#758 = DIRECTION('',(0.,0.,1.));
#759 = DIRECTION('',(1.,0.,-0.));
#760 = ORIENTED_EDGE('',*,*,#761,.T.);
#761 = EDGE_CURVE('',#753,#550,#762,.T.);
#762 = LINE('',#763,#764);
#763 = CARTESIAN_POINT('',(-1.875,-1.75,20.3));
#764 = VECTOR('',#765,1.);
#765 = DIRECTION('',(-1.,-0.,0.));
#766 = FACE_BOUND('',#767,.F.);
#767 = EDGE_LOOP('',(#768));
#768 = ORIENTED_EDGE('',*,*,#769,.F.);
#769 = EDGE_CURVE('',#770,#770,#772,.T.);
#770 = VERTEX_POINT('',#771);
#771 = CARTESIAN_POINT('',(45.,47.,20.3));
#772 = CIRCLE('',#773,2.);
#773 = AXIS2_PLACEMENT_3D('',#774,#775,#776);
#774 = CARTESIAN_POINT('',(43.,47.,20.3));
#775 = DIRECTION('',(0.,0.,1.));
#776 = DIRECTION('',(1.,0.,-0.));
#777 = FACE_BOUND('',#778,.F.);
#778 = EDGE_LOOP('',(#779));
#779 = ORIENTED_EDGE('',*,*,#780,.F.);
#780 = EDGE_CURVE('',#781,#781,#783,.T.);
#781 = VERTEX_POINT('',#782);
#782 = CARTESIAN_POINT('',(63.9,52.5,20.3));
#783 = CIRCLE('',#784,2.4);
#784 = AXIS2_PLACEMENT_3D('',#785,#786,#787);
#785 = CARTESIAN_POINT('',(61.5,52.5,20.3));
#786 = DIRECTION('',(0.,0.,1.));
#787 = DIRECTION('',(1.,0.,-0.));
#788 = FACE_BOUND('',#789,.F.);
#789 = EDGE_LOOP('',(#790,#800,#808,#816));
#790 = ORIENTED_EDGE('',*,*,#791,.T.);
#791 = EDGE_CURVE('',#792,#794,#796,.T.);
#792 = VERTEX_POINT('',#793);
#793 = CARTESIAN_POINT('',(47.93,57.85,20.3));
#794 = VERTEX_POINT('',#795);
#795 = CARTESIAN_POINT('',(37.07,57.85,20.3));
#796 = LINE('',#797,#798);
#797 = CARTESIAN_POINT('',(17.035,57.85,20.3));
#798 = VECTOR('',#799,1.);
#799 = DIRECTION('',(-1.,-0.,0.));
#800 = ORIENTED_EDGE('',*,*,#801,.T.);
#801 = EDGE_CURVE('',#794,#802,#804,.T.);
#802 = VERTEX_POINT('',#803);
#803 = CARTESIAN_POINT('',(37.07,63.25,20.3));
#804 = LINE('',#805,#806);
#805 = CARTESIAN_POINT('',(37.07,26.925,20.3));
#806 = VECTOR('',#807,1.);
#807 = DIRECTION('',(-0.,1.,0.));
#808 = ORIENTED_EDGE('',*,*,#809,.F.);
#809 = EDGE_CURVE('',#810,#802,#812,.T.);
#810 = VERTEX_POINT('',#811);
#811 = CARTESIAN_POINT('',(47.93,63.25,20.3));
#812 = LINE('',#813,#814);
#813 = CARTESIAN_POINT('',(17.035,63.25,20.3));
#814 = VECTOR('',#815,1.);
#815 = DIRECTION('',(-1.,-0.,0.));
#816 = ORIENTED_EDGE('',*,*,#817,.F.);
#817 = EDGE_CURVE('',#792,#810,#818,.T.);
#818 = LINE('',#819,#820);
#819 = CARTESIAN_POINT('',(47.93,26.925,20.3));
#820 = VECTOR('',#821,1.);
#821 = DIRECTION('',(-0.,1.,0.));
#822 = PLANE('',#823);
#823 = AXIS2_PLACEMENT_3D('',#824,#825,#826);
#824 = CARTESIAN_POINT('',(-3.,-4.,20.3));
#825 = DIRECTION('',(0.,0.,1.));
#826 = DIRECTION('',(1.,0.,-0.));
#827 = ADVANCED_FACE('',(#828),#847,.T.);
#828 = FACE_BOUND('',#829,.F.);
#829 = EDGE_LOOP('',(#830,#831,#832,#840));
#830 = ORIENTED_EDGE('',*,*,#39,.F.);
#831 = ORIENTED_EDGE('',*,*,#169,.T.);
#832 = ORIENTED_EDGE('',*,*,#833,.T.);
#833 = EDGE_CURVE('',#162,#834,#836,.T.);
#834 = VERTEX_POINT('',#835);
#835 = CARTESIAN_POINT('',(1.,65.5,21.5));
#836 = LINE('',#837,#838);
#837 = CARTESIAN_POINT('',(1.,65.5,20.3));
#838 = VECTOR('',#839,1.);
#839 = DIRECTION('',(0.,0.,1.));
#840 = ORIENTED_EDGE('',*,*,#841,.F.);
#841 = EDGE_CURVE('',#40,#834,#842,.T.);
#842 = CIRCLE('',#843,4.);
#843 = AXIS2_PLACEMENT_3D('',#844,#845,#846);
#844 = CARTESIAN_POINT('',(1.,61.5,21.5));
#845 = DIRECTION('',(-0.,0.,-1.));
#846 = DIRECTION('',(-1.,0.,0.));
#847 = CYLINDRICAL_SURFACE('',#848,4.);
#848 = AXIS2_PLACEMENT_3D('',#849,#850,#851);
#849 = CARTESIAN_POINT('',(1.,61.5,20.3));
#850 = DIRECTION('',(0.,0.,1.));
#851 = DIRECTION('',(-1.,-0.,0.));
#852 = ADVANCED_FACE('',(#853),#872,.T.);
#853 = FACE_BOUND('',#854,.F.);
#854 = EDGE_LOOP('',(#855,#863,#864,#865));
#855 = ORIENTED_EDGE('',*,*,#856,.F.);
#856 = EDGE_CURVE('',#72,#857,#859,.T.);
#857 = VERTEX_POINT('',#858);
#858 = CARTESIAN_POINT('',(1.,-3.2,22.3));
#859 = LINE('',#860,#861);
#860 = CARTESIAN_POINT('',(1.,-3.6,21.9));
#861 = VECTOR('',#862,1.);
#862 = DIRECTION('',(0.,0.707106781187,0.707106781187));
#863 = ORIENTED_EDGE('',*,*,#79,.T.);
#864 = ORIENTED_EDGE('',*,*,#94,.T.);
#865 = ORIENTED_EDGE('',*,*,#866,.F.);
#866 = EDGE_CURVE('',#857,#95,#867,.T.);
#867 = CIRCLE('',#868,3.2);
#868 = AXIS2_PLACEMENT_3D('',#869,#870,#871);
#869 = CARTESIAN_POINT('',(1.,-8.881784197001E-16,22.3));
#870 = DIRECTION('',(-0.,0.,-1.));
#871 = DIRECTION('',(-2.498001805407E-16,-1.,0.));
#872 = CONICAL_SURFACE('',#873,4.,0.785398163397);
#873 = AXIS2_PLACEMENT_3D('',#874,#875,#876);
#874 = CARTESIAN_POINT('',(1.,-8.881784197001E-16,21.5));
#875 = DIRECTION('',(-0.,-0.,-1.));
#876 = DIRECTION('',(-2.498001805407E-16,-1.,0.));
#877 = ADVANCED_FACE('',(#878),#896,.F.);
#878 = FACE_BOUND('',#879,.F.);
#879 = EDGE_LOOP('',(#880,#881,#889,#895));
#880 = ORIENTED_EDGE('',*,*,#71,.T.);
#881 = ORIENTED_EDGE('',*,*,#882,.F.);
#882 = EDGE_CURVE('',#883,#72,#885,.T.);
#883 = VERTEX_POINT('',#884);
#884 = CARTESIAN_POINT('',(84.,-4.,21.5));
#885 = LINE('',#886,#887);
#886 = CARTESIAN_POINT('',(84.,-4.,21.5));
#887 = VECTOR('',#888,1.);
#888 = DIRECTION('',(-1.,-0.,0.));
#889 = ORIENTED_EDGE('',*,*,#890,.F.);
#890 = EDGE_CURVE('',#128,#883,#891,.T.);
#891 = LINE('',#892,#893);
#892 = CARTESIAN_POINT('',(84.,-4.,20.3));
#893 = VECTOR('',#894,1.);
#894 = DIRECTION('',(0.,0.,1.));
#895 = ORIENTED_EDGE('',*,*,#127,.F.);
#896 = PLANE('',#897);
#897 = AXIS2_PLACEMENT_3D('',#898,#899,#900);
#898 = CARTESIAN_POINT('',(-3.,-4.,20.3));
#899 = DIRECTION('',(-0.,1.,0.));
#900 = DIRECTION('',(0.,0.,1.));
#901 = ADVANCED_FACE('',(#902,#955,#966,#1002,#1038,#1074,#1128,#1164,
    #1200,#1236,#1334,#1400,#1625,#1779,#2035,#2069,#2171),#2289,.T.);
#902 = FACE_BOUND('',#903,.T.);
#903 = EDGE_LOOP('',(#904,#905,#906,#914,#923,#931,#940,#948));
#904 = ORIENTED_EDGE('',*,*,#111,.F.);
#905 = ORIENTED_EDGE('',*,*,#866,.F.);
#906 = ORIENTED_EDGE('',*,*,#907,.F.);
#907 = EDGE_CURVE('',#908,#857,#910,.T.);
#908 = VERTEX_POINT('',#909);
#909 = CARTESIAN_POINT('',(84.,-3.2,22.3));
#910 = LINE('',#911,#912);
#911 = CARTESIAN_POINT('',(84.,-3.2,22.3));
#912 = VECTOR('',#913,1.);
#913 = DIRECTION('',(-1.,-0.,0.));
#914 = ORIENTED_EDGE('',*,*,#915,.F.);
#915 = EDGE_CURVE('',#916,#908,#918,.T.);
#916 = VERTEX_POINT('',#917);
#917 = CARTESIAN_POINT('',(87.2,0.,22.3));
#918 = CIRCLE('',#919,3.2);
#919 = AXIS2_PLACEMENT_3D('',#920,#921,#922);
#920 = CARTESIAN_POINT('',(84.,-8.881784197001E-16,22.3));
#921 = DIRECTION('',(0.,-0.,-1.));
#922 = DIRECTION('',(1.,1.836970198721E-16,-0.));
#923 = ORIENTED_EDGE('',*,*,#924,.F.);
#924 = EDGE_CURVE('',#925,#916,#927,.T.);
#925 = VERTEX_POINT('',#926);
#926 = CARTESIAN_POINT('',(87.2,61.5,22.3));
#927 = LINE('',#928,#929);
#928 = CARTESIAN_POINT('',(87.2,61.5,22.3));
#929 = VECTOR('',#930,1.);
#930 = DIRECTION('',(0.,-1.,-0.));
#931 = ORIENTED_EDGE('',*,*,#932,.F.);
#932 = EDGE_CURVE('',#933,#925,#935,.T.);
#933 = VERTEX_POINT('',#934);
#934 = CARTESIAN_POINT('',(84.,64.7,22.3));
#935 = CIRCLE('',#936,3.2);
#936 = AXIS2_PLACEMENT_3D('',#937,#938,#939);
#937 = CARTESIAN_POINT('',(84.,61.5,22.3));
#938 = DIRECTION('',(0.,-0.,-1.));
#939 = DIRECTION('',(0.,1.,-0.));
#940 = ORIENTED_EDGE('',*,*,#941,.F.);
#941 = EDGE_CURVE('',#942,#933,#944,.T.);
#942 = VERTEX_POINT('',#943);
#943 = CARTESIAN_POINT('',(1.,64.7,22.3));
#944 = LINE('',#945,#946);
#945 = CARTESIAN_POINT('',(1.,64.7,22.3));
#946 = VECTOR('',#947,1.);
#947 = DIRECTION('',(1.,0.,-0.));
#948 = ORIENTED_EDGE('',*,*,#949,.F.);
#949 = EDGE_CURVE('',#104,#942,#950,.T.);
#950 = CIRCLE('',#951,3.2);
#951 = AXIS2_PLACEMENT_3D('',#952,#953,#954);
#952 = CARTESIAN_POINT('',(1.,61.5,22.3));
#953 = DIRECTION('',(-0.,0.,-1.));
#954 = DIRECTION('',(-1.,0.,0.));
#955 = FACE_BOUND('',#956,.T.);
#956 = EDGE_LOOP('',(#957));
#957 = ORIENTED_EDGE('',*,*,#958,.F.);
#958 = EDGE_CURVE('',#959,#959,#961,.T.);
#959 = VERTEX_POINT('',#960);
#960 = CARTESIAN_POINT('',(26.485,11.3,22.3));
#961 = CIRCLE('',#962,4.085);
#962 = AXIS2_PLACEMENT_3D('',#963,#964,#965);
#963 = CARTESIAN_POINT('',(22.4,11.3,22.3));
#964 = DIRECTION('',(0.,0.,1.));
#965 = DIRECTION('',(1.,0.,-0.));
#966 = FACE_BOUND('',#967,.T.);
#967 = EDGE_LOOP('',(#968,#979,#987,#996));
#968 = ORIENTED_EDGE('',*,*,#969,.F.);
#969 = EDGE_CURVE('',#970,#972,#974,.T.);
#970 = VERTEX_POINT('',#971);
#971 = CARTESIAN_POINT('',(35.551470164435,26.3,22.3));
#972 = VERTEX_POINT('',#973);
#973 = CARTESIAN_POINT('',(39.464518543558,28.1,22.3));
#974 = CIRCLE('',#975,11.);
#975 = AXIS2_PLACEMENT_3D('',#976,#977,#978);
#976 = CARTESIAN_POINT('',(33.,37.,22.3));
#977 = DIRECTION('',(0.,0.,1.));
#978 = DIRECTION('',(1.,0.,-0.));
#979 = ORIENTED_EDGE('',*,*,#980,.T.);
#980 = EDGE_CURVE('',#970,#981,#983,.T.);
#981 = VERTEX_POINT('',#982);
#982 = CARTESIAN_POINT('',(30.448529835565,26.3,22.3));
#983 = LINE('',#984,#985);
#984 = CARTESIAN_POINT('',(9.5,26.3,22.3));
#985 = VECTOR('',#986,1.);
#986 = DIRECTION('',(-1.,-0.,0.));
#987 = ORIENTED_EDGE('',*,*,#988,.F.);
#988 = EDGE_CURVE('',#989,#981,#991,.T.);
#989 = VERTEX_POINT('',#990);
#990 = CARTESIAN_POINT('',(26.535481456442,28.1,22.3));
#991 = CIRCLE('',#992,11.);
#992 = AXIS2_PLACEMENT_3D('',#993,#994,#995);
#993 = CARTESIAN_POINT('',(33.,37.,22.3));
#994 = DIRECTION('',(0.,0.,1.));
#995 = DIRECTION('',(1.,0.,-0.));
#996 = ORIENTED_EDGE('',*,*,#997,.F.);
#997 = EDGE_CURVE('',#972,#989,#998,.T.);
#998 = LINE('',#999,#1000);
#999 = CARTESIAN_POINT('',(9.5,28.1,22.3));
#1000 = VECTOR('',#1001,1.);
#1001 = DIRECTION('',(-1.,-0.,0.));
#1002 = FACE_BOUND('',#1003,.T.);
#1003 = EDGE_LOOP('',(#1004,#1015,#1023,#1032));
#1004 = ORIENTED_EDGE('',*,*,#1005,.F.);
#1005 = EDGE_CURVE('',#1006,#1008,#1010,.T.);
#1006 = VERTEX_POINT('',#1007);
#1007 = CARTESIAN_POINT('',(41.13879597975,29.6,22.3));
#1008 = VERTEX_POINT('',#1009);
#1009 = CARTESIAN_POINT('',(42.467840302836,31.4,22.3));
#1010 = CIRCLE('',#1011,11.);
#1011 = AXIS2_PLACEMENT_3D('',#1012,#1013,#1014);
#1012 = CARTESIAN_POINT('',(33.,37.,22.3));
#1013 = DIRECTION('',(0.,0.,1.));
#1014 = DIRECTION('',(1.,0.,-0.));
#1015 = ORIENTED_EDGE('',*,*,#1016,.T.);
#1016 = EDGE_CURVE('',#1006,#1017,#1019,.T.);
#1017 = VERTEX_POINT('',#1018);
#1018 = CARTESIAN_POINT('',(24.86120402025,29.6,22.3));
#1019 = LINE('',#1020,#1021);
#1020 = CARTESIAN_POINT('',(9.5,29.6,22.3));
#1021 = VECTOR('',#1022,1.);
#1022 = DIRECTION('',(-1.,-0.,0.));
#1023 = ORIENTED_EDGE('',*,*,#1024,.F.);
#1024 = EDGE_CURVE('',#1025,#1017,#1027,.T.);
#1025 = VERTEX_POINT('',#1026);
#1026 = CARTESIAN_POINT('',(23.532159697164,31.4,22.3));
#1027 = CIRCLE('',#1028,11.);
#1028 = AXIS2_PLACEMENT_3D('',#1029,#1030,#1031);
#1029 = CARTESIAN_POINT('',(33.,37.,22.3));
#1030 = DIRECTION('',(0.,0.,1.));
#1031 = DIRECTION('',(1.,0.,-0.));
#1032 = ORIENTED_EDGE('',*,*,#1033,.F.);
#1033 = EDGE_CURVE('',#1008,#1025,#1034,.T.);
#1034 = LINE('',#1035,#1036);
#1035 = CARTESIAN_POINT('',(9.5,31.4,22.3));
#1036 = VECTOR('',#1037,1.);
#1037 = DIRECTION('',(-1.,-0.,0.));
#1038 = FACE_BOUND('',#1039,.T.);
#1039 = EDGE_LOOP('',(#1040,#1051,#1059,#1068));
#1040 = ORIENTED_EDGE('',*,*,#1041,.F.);
#1041 = EDGE_CURVE('',#1042,#1044,#1046,.T.);
#1042 = VERTEX_POINT('',#1043);
#1043 = CARTESIAN_POINT('',(43.207350292804,32.9,22.3));
#1044 = VERTEX_POINT('',#1045);
#1045 = CARTESIAN_POINT('',(43.756858277397,34.7,22.3));
#1046 = CIRCLE('',#1047,11.);
#1047 = AXIS2_PLACEMENT_3D('',#1048,#1049,#1050);
#1048 = CARTESIAN_POINT('',(33.,37.,22.3));
#1049 = DIRECTION('',(0.,0.,1.));
#1050 = DIRECTION('',(1.,0.,-0.));
#1051 = ORIENTED_EDGE('',*,*,#1052,.T.);
#1052 = EDGE_CURVE('',#1042,#1053,#1055,.T.);
#1053 = VERTEX_POINT('',#1054);
#1054 = CARTESIAN_POINT('',(22.792649707196,32.9,22.3));
#1055 = LINE('',#1056,#1057);
#1056 = CARTESIAN_POINT('',(9.5,32.9,22.3));
#1057 = VECTOR('',#1058,1.);
#1058 = DIRECTION('',(-1.,-0.,0.));
#1059 = ORIENTED_EDGE('',*,*,#1060,.F.);
#1060 = EDGE_CURVE('',#1061,#1053,#1063,.T.);
#1061 = VERTEX_POINT('',#1062);
#1062 = CARTESIAN_POINT('',(22.243141722603,34.7,22.3));
#1063 = CIRCLE('',#1064,11.);
#1064 = AXIS2_PLACEMENT_3D('',#1065,#1066,#1067);
#1065 = CARTESIAN_POINT('',(33.,37.,22.3));
#1066 = DIRECTION('',(0.,0.,1.));
#1067 = DIRECTION('',(1.,0.,-0.));
#1068 = ORIENTED_EDGE('',*,*,#1069,.F.);
#1069 = EDGE_CURVE('',#1044,#1061,#1070,.T.);
#1070 = LINE('',#1071,#1072);
#1071 = CARTESIAN_POINT('',(9.5,34.7,22.3));
#1072 = VECTOR('',#1073,1.);
#1073 = DIRECTION('',(-1.,-0.,0.));
#1074 = FACE_BOUND('',#1075,.T.);
#1075 = EDGE_LOOP('',(#1076,#1087,#1095,#1104,#1113,#1121));
#1076 = ORIENTED_EDGE('',*,*,#1077,.F.);
#1077 = EDGE_CURVE('',#1078,#1080,#1082,.T.);
#1078 = VERTEX_POINT('',#1079);
#1079 = CARTESIAN_POINT('',(22.045548849897,38.,22.3));
#1080 = VERTEX_POINT('',#1081);
#1081 = CARTESIAN_POINT('',(22.,37.,22.3));
#1082 = CIRCLE('',#1083,11.);
#1083 = AXIS2_PLACEMENT_3D('',#1084,#1085,#1086);
#1084 = CARTESIAN_POINT('',(33.,37.,22.3));
#1085 = DIRECTION('',(0.,0.,1.));
#1086 = DIRECTION('',(1.,0.,-0.));
#1087 = ORIENTED_EDGE('',*,*,#1088,.F.);
#1088 = EDGE_CURVE('',#1089,#1078,#1091,.T.);
#1089 = VERTEX_POINT('',#1090);
#1090 = CARTESIAN_POINT('',(43.954451150103,38.,22.3));
#1091 = LINE('',#1092,#1093);
#1092 = CARTESIAN_POINT('',(9.5,38.,22.3));
#1093 = VECTOR('',#1094,1.);
#1094 = DIRECTION('',(-1.,-0.,0.));
#1095 = ORIENTED_EDGE('',*,*,#1096,.F.);
#1096 = EDGE_CURVE('',#1097,#1089,#1099,.T.);
#1097 = VERTEX_POINT('',#1098);
#1098 = CARTESIAN_POINT('',(44.,37.,22.3));
#1099 = CIRCLE('',#1100,11.);
#1100 = AXIS2_PLACEMENT_3D('',#1101,#1102,#1103);
#1101 = CARTESIAN_POINT('',(33.,37.,22.3));
#1102 = DIRECTION('',(0.,0.,1.));
#1103 = DIRECTION('',(1.,0.,-0.));
#1104 = ORIENTED_EDGE('',*,*,#1105,.F.);
#1105 = EDGE_CURVE('',#1106,#1097,#1108,.T.);
#1106 = VERTEX_POINT('',#1107);
#1107 = CARTESIAN_POINT('',(43.970870521522,36.2,22.3));
#1108 = CIRCLE('',#1109,11.);
#1109 = AXIS2_PLACEMENT_3D('',#1110,#1111,#1112);
#1110 = CARTESIAN_POINT('',(33.,37.,22.3));
#1111 = DIRECTION('',(0.,0.,1.));
#1112 = DIRECTION('',(1.,0.,-0.));
#1113 = ORIENTED_EDGE('',*,*,#1114,.T.);
#1114 = EDGE_CURVE('',#1106,#1115,#1117,.T.);
#1115 = VERTEX_POINT('',#1116);
#1116 = CARTESIAN_POINT('',(22.029129478478,36.2,22.3));
#1117 = LINE('',#1118,#1119);
#1118 = CARTESIAN_POINT('',(9.5,36.2,22.3));
#1119 = VECTOR('',#1120,1.);
#1120 = DIRECTION('',(-1.,-0.,0.));
#1121 = ORIENTED_EDGE('',*,*,#1122,.F.);
#1122 = EDGE_CURVE('',#1080,#1115,#1123,.T.);
#1123 = CIRCLE('',#1124,11.);
#1124 = AXIS2_PLACEMENT_3D('',#1125,#1126,#1127);
#1125 = CARTESIAN_POINT('',(33.,37.,22.3));
#1126 = DIRECTION('',(0.,0.,1.));
#1127 = DIRECTION('',(1.,0.,-0.));
#1128 = FACE_BOUND('',#1129,.T.);
#1129 = EDGE_LOOP('',(#1130,#1141,#1149,#1158));
#1130 = ORIENTED_EDGE('',*,*,#1131,.F.);
#1131 = EDGE_CURVE('',#1132,#1134,#1136,.T.);
#1132 = VERTEX_POINT('',#1133);
#1133 = CARTESIAN_POINT('',(43.712142642814,39.5,22.3));
#1134 = VERTEX_POINT('',#1135);
#1135 = CARTESIAN_POINT('',(43.124722218412,41.3,22.3));
#1136 = CIRCLE('',#1137,11.);
#1137 = AXIS2_PLACEMENT_3D('',#1138,#1139,#1140);
#1138 = CARTESIAN_POINT('',(33.,37.,22.3));
#1139 = DIRECTION('',(0.,0.,1.));
#1140 = DIRECTION('',(1.,0.,-0.));
#1141 = ORIENTED_EDGE('',*,*,#1142,.T.);
#1142 = EDGE_CURVE('',#1132,#1143,#1145,.T.);
#1143 = VERTEX_POINT('',#1144);
#1144 = CARTESIAN_POINT('',(22.287857357186,39.5,22.3));
#1145 = LINE('',#1146,#1147);
#1146 = CARTESIAN_POINT('',(9.5,39.5,22.3));
#1147 = VECTOR('',#1148,1.);
#1148 = DIRECTION('',(-1.,-0.,0.));
#1149 = ORIENTED_EDGE('',*,*,#1150,.F.);
#1150 = EDGE_CURVE('',#1151,#1143,#1153,.T.);
#1151 = VERTEX_POINT('',#1152);
#1152 = CARTESIAN_POINT('',(22.875277781588,41.3,22.3));
#1153 = CIRCLE('',#1154,11.);
#1154 = AXIS2_PLACEMENT_3D('',#1155,#1156,#1157);
#1155 = CARTESIAN_POINT('',(33.,37.,22.3));
#1156 = DIRECTION('',(0.,0.,1.));
#1157 = DIRECTION('',(1.,0.,-0.));
#1158 = ORIENTED_EDGE('',*,*,#1159,.F.);
#1159 = EDGE_CURVE('',#1134,#1151,#1160,.T.);
#1160 = LINE('',#1161,#1162);
#1161 = CARTESIAN_POINT('',(9.5,41.3,22.3));
#1162 = VECTOR('',#1163,1.);
#1163 = DIRECTION('',(-1.,-0.,0.));
#1164 = FACE_BOUND('',#1165,.T.);
#1165 = EDGE_LOOP('',(#1166,#1177,#1185,#1194));
#1166 = ORIENTED_EDGE('',*,*,#1167,.F.);
#1167 = EDGE_CURVE('',#1168,#1170,#1172,.T.);
#1168 = VERTEX_POINT('',#1169);
#1169 = CARTESIAN_POINT('',(42.346657156438,42.8,22.3));
#1170 = VERTEX_POINT('',#1171);
#1171 = CARTESIAN_POINT('',(40.952358140828,44.6,22.3));
#1172 = CIRCLE('',#1173,11.);
#1173 = AXIS2_PLACEMENT_3D('',#1174,#1175,#1176);
#1174 = CARTESIAN_POINT('',(33.,37.,22.3));
#1175 = DIRECTION('',(0.,0.,1.));
#1176 = DIRECTION('',(1.,0.,-0.));
#1177 = ORIENTED_EDGE('',*,*,#1178,.T.);
#1178 = EDGE_CURVE('',#1168,#1179,#1181,.T.);
#1179 = VERTEX_POINT('',#1180);
#1180 = CARTESIAN_POINT('',(23.653342843562,42.8,22.3));
#1181 = LINE('',#1182,#1183);
#1182 = CARTESIAN_POINT('',(9.5,42.8,22.3));
#1183 = VECTOR('',#1184,1.);
#1184 = DIRECTION('',(-1.,-0.,0.));
#1185 = ORIENTED_EDGE('',*,*,#1186,.F.);
#1186 = EDGE_CURVE('',#1187,#1179,#1189,.T.);
#1187 = VERTEX_POINT('',#1188);
#1188 = CARTESIAN_POINT('',(25.047641859172,44.6,22.3));
#1189 = CIRCLE('',#1190,11.);
#1190 = AXIS2_PLACEMENT_3D('',#1191,#1192,#1193);
#1191 = CARTESIAN_POINT('',(33.,37.,22.3));
#1192 = DIRECTION('',(0.,0.,1.));
#1193 = DIRECTION('',(1.,0.,-0.));
#1194 = ORIENTED_EDGE('',*,*,#1195,.F.);
#1195 = EDGE_CURVE('',#1170,#1187,#1196,.T.);
#1196 = LINE('',#1197,#1198);
#1197 = CARTESIAN_POINT('',(9.5,44.6,22.3));
#1198 = VECTOR('',#1199,1.);
#1199 = DIRECTION('',(-1.,-0.,0.));
#1200 = FACE_BOUND('',#1201,.T.);
#1201 = EDGE_LOOP('',(#1202,#1213,#1221,#1230));
#1202 = ORIENTED_EDGE('',*,*,#1203,.F.);
#1203 = EDGE_CURVE('',#1204,#1206,#1208,.T.);
#1204 = VERTEX_POINT('',#1205);
#1205 = CARTESIAN_POINT('',(39.179805822192,46.1,22.3));
#1206 = VERTEX_POINT('',#1207);
#1207 = CARTESIAN_POINT('',(34.479864858695,47.9,22.3));
#1208 = CIRCLE('',#1209,11.);
#1209 = AXIS2_PLACEMENT_3D('',#1210,#1211,#1212);
#1210 = CARTESIAN_POINT('',(33.,37.,22.3));
#1211 = DIRECTION('',(0.,0.,1.));
#1212 = DIRECTION('',(1.,0.,-0.));
#1213 = ORIENTED_EDGE('',*,*,#1214,.T.);
#1214 = EDGE_CURVE('',#1204,#1215,#1217,.T.);
#1215 = VERTEX_POINT('',#1216);
#1216 = CARTESIAN_POINT('',(26.820194177808,46.1,22.3));
#1217 = LINE('',#1218,#1219);
#1218 = CARTESIAN_POINT('',(9.5,46.1,22.3));
#1219 = VECTOR('',#1220,1.);
#1220 = DIRECTION('',(-1.,-0.,0.));
#1221 = ORIENTED_EDGE('',*,*,#1222,.F.);
#1222 = EDGE_CURVE('',#1223,#1215,#1225,.T.);
#1223 = VERTEX_POINT('',#1224);
#1224 = CARTESIAN_POINT('',(31.520135141305,47.9,22.3));
#1225 = CIRCLE('',#1226,11.);
#1226 = AXIS2_PLACEMENT_3D('',#1227,#1228,#1229);
#1227 = CARTESIAN_POINT('',(33.,37.,22.3));
#1228 = DIRECTION('',(0.,0.,1.));
#1229 = DIRECTION('',(1.,0.,-0.));
#1230 = ORIENTED_EDGE('',*,*,#1231,.F.);
#1231 = EDGE_CURVE('',#1206,#1223,#1232,.T.);
#1232 = LINE('',#1233,#1234);
#1233 = CARTESIAN_POINT('',(9.5,47.9,22.3));
#1234 = VECTOR('',#1235,1.);
#1235 = DIRECTION('',(-1.,-0.,0.));
#1236 = FACE_BOUND('',#1237,.T.);
#1237 = EDGE_LOOP('',(#1238,#1248,#1256,#1264,#1272,#1280,#1288,#1296,
    #1304,#1312,#1320,#1328));
#1238 = ORIENTED_EDGE('',*,*,#1239,.F.);
#1239 = EDGE_CURVE('',#1240,#1242,#1244,.T.);
#1240 = VERTEX_POINT('',#1241);
#1241 = CARTESIAN_POINT('',(24.303560939794,60.651982378855,22.3));
#1242 = VERTEX_POINT('',#1243);
#1243 = CARTESIAN_POINT('',(20.27184287812,60.651982378855,22.3));
#1244 = LINE('',#1245,#1246);
#1245 = CARTESIAN_POINT('',(8.63592143906,60.651982378855,22.3));
#1246 = VECTOR('',#1247,1.);
#1247 = DIRECTION('',(-1.,1.224646799147E-16,0.));
#1248 = ORIENTED_EDGE('',*,*,#1249,.F.);
#1249 = EDGE_CURVE('',#1250,#1240,#1252,.T.);
#1250 = VERTEX_POINT('',#1251);
#1251 = CARTESIAN_POINT('',(24.303560939794,59.585095447871,22.3));
#1252 = LINE('',#1253,#1254);
#1253 = CARTESIAN_POINT('',(24.303560939794,28.325991189427,22.3));
#1254 = VECTOR('',#1255,1.);
#1255 = DIRECTION('',(1.224646799147E-16,1.,-0.));
#1256 = ORIENTED_EDGE('',*,*,#1257,.F.);
#1257 = EDGE_CURVE('',#1258,#1250,#1260,.T.);
#1258 = VERTEX_POINT('',#1259);
#1259 = CARTESIAN_POINT('',(23.224155653451,59.088803230543,22.3));
#1260 = LINE('',#1261,#1262);
#1261 = CARTESIAN_POINT('',(0.967384533446,48.855517893287,22.3));
#1262 = VECTOR('',#1263,1.);
#1263 = DIRECTION('',(0.908565286718,0.417742887159,-0.));
#1264 = ORIENTED_EDGE('',*,*,#1265,.F.);
#1265 = EDGE_CURVE('',#1266,#1258,#1268,.T.);
#1266 = VERTEX_POINT('',#1267);
#1267 = CARTESIAN_POINT('',(23.224155653451,53.35781938326,22.3));
#1268 = LINE('',#1269,#1270);
#1269 = CARTESIAN_POINT('',(23.224155653451,27.544401615272,22.3));
#1270 = VECTOR('',#1271,1.);
#1271 = DIRECTION('',(1.224646799147E-16,1.,-0.));
#1272 = ORIENTED_EDGE('',*,*,#1273,.F.);
#1273 = EDGE_CURVE('',#1274,#1266,#1276,.T.);
#1274 = VERTEX_POINT('',#1275);
#1275 = CARTESIAN_POINT('',(24.303560939794,52.861527165932,22.3));
#1276 = LINE('',#1277,#1278);
#1277 = CARTESIAN_POINT('',(23.285240119512,53.329733783264,22.3));
#1278 = VECTOR('',#1279,1.);
#1279 = DIRECTION('',(-0.908565286718,0.417742887159,0.));
#1280 = ORIENTED_EDGE('',*,*,#1281,.F.);
#1281 = EDGE_CURVE('',#1282,#1274,#1284,.T.);
#1282 = VERTEX_POINT('',#1283);
#1283 = CARTESIAN_POINT('',(24.303560939794,51.794640234949,22.3));
#1284 = LINE('',#1285,#1286);
#1285 = CARTESIAN_POINT('',(24.303560939794,24.430763582966,22.3));
#1286 = VECTOR('',#1287,1.);
#1287 = DIRECTION('',(1.224646799147E-16,1.,-0.));
#1288 = ORIENTED_EDGE('',*,*,#1289,.F.);
#1289 = EDGE_CURVE('',#1290,#1282,#1292,.T.);
#1290 = VERTEX_POINT('',#1291);
#1291 = CARTESIAN_POINT('',(20.27184287812,51.794640234949,22.3));
#1292 = LINE('',#1293,#1294);
#1293 = CARTESIAN_POINT('',(10.651780469897,51.794640234949,22.3));
#1294 = VECTOR('',#1295,1.);
#1295 = DIRECTION('',(1.,-1.224646799147E-16,0.));
#1296 = ORIENTED_EDGE('',*,*,#1297,.F.);
#1297 = EDGE_CURVE('',#1298,#1290,#1300,.T.);
#1298 = VERTEX_POINT('',#1299);
#1299 = CARTESIAN_POINT('',(20.27184287812,52.861527165932,22.3));
#1300 = LINE('',#1301,#1302);
#1301 = CARTESIAN_POINT('',(20.27184287812,23.897320117474,22.3));
#1302 = VECTOR('',#1303,1.);
#1303 = DIRECTION('',(-1.224646799147E-16,-1.,0.));
#1304 = ORIENTED_EDGE('',*,*,#1305,.F.);
#1305 = EDGE_CURVE('',#1306,#1298,#1308,.T.);
#1306 = VERTEX_POINT('',#1307);
#1307 = CARTESIAN_POINT('',(21.351248164464,53.35781938326,22.3));
#1308 = LINE('',#1309,#1310);
#1309 = CARTESIAN_POINT('',(-0.12430625254,43.483724217342,22.3));
#1310 = VECTOR('',#1311,1.);
#1311 = DIRECTION('',(-0.908565286718,-0.417742887159,0.));
#1312 = ORIENTED_EDGE('',*,*,#1313,.F.);
#1313 = EDGE_CURVE('',#1314,#1306,#1316,.T.);
#1314 = VERTEX_POINT('',#1315);
#1315 = CARTESIAN_POINT('',(21.351248164464,59.088803230543,22.3));
#1316 = LINE('',#1317,#1318);
#1317 = CARTESIAN_POINT('',(21.351248164464,24.67890969163,22.3));
#1318 = VECTOR('',#1319,1.);
#1319 = DIRECTION('',(-1.224646799147E-16,-1.,0.));
#1320 = ORIENTED_EDGE('',*,*,#1321,.F.);
#1321 = EDGE_CURVE('',#1322,#1314,#1324,.T.);
#1322 = VERTEX_POINT('',#1323);
#1323 = CARTESIAN_POINT('',(20.27184287812,59.585095447871,22.3));
#1324 = LINE('',#1325,#1326);
#1325 = CARTESIAN_POINT('',(23.272954619869,58.205235241882,22.3));
#1326 = VECTOR('',#1327,1.);
#1327 = DIRECTION('',(0.908565286718,-0.417742887159,0.));
#1328 = ORIENTED_EDGE('',*,*,#1329,.F.);
#1329 = EDGE_CURVE('',#1242,#1322,#1330,.T.);
#1330 = LINE('',#1331,#1332);
#1331 = CARTESIAN_POINT('',(20.27184287812,27.792547723935,22.3));
#1332 = VECTOR('',#1333,1.);
#1333 = DIRECTION('',(-1.224646799147E-16,-1.,0.));
#1334 = FACE_BOUND('',#1335,.T.);
#1335 = EDGE_LOOP('',(#1336,#1346,#1354,#1362,#1370,#1378,#1386,#1394));
#1336 = ORIENTED_EDGE('',*,*,#1337,.F.);
#1337 = EDGE_CURVE('',#1338,#1340,#1342,.T.);
#1338 = VERTEX_POINT('',#1339);
#1339 = CARTESIAN_POINT('',(27.36248164464,58.543245227606,22.3));
#1340 = VERTEX_POINT('',#1341);
#1341 = CARTESIAN_POINT('',(26.717584434655,60.651982378855,22.3));
#1342 = LINE('',#1343,#1344);
#1343 = CARTESIAN_POINT('',(34.487205175141,35.246246933132,22.3));
#1344 = VECTOR('',#1345,1.);
#1345 = DIRECTION('',(-0.292451149107,0.956280463769,0.));
#1346 = ORIENTED_EDGE('',*,*,#1347,.F.);
#1347 = EDGE_CURVE('',#1348,#1338,#1350,.T.);
#1348 = VERTEX_POINT('',#1349);
#1349 = CARTESIAN_POINT('',(30.587775330396,58.543245227606,22.3));
#1350 = LINE('',#1351,#1352);
#1351 = CARTESIAN_POINT('',(12.18124082232,58.543245227606,22.3));
#1352 = VECTOR('',#1353,1.);
#1353 = DIRECTION('',(-1.,1.224646799147E-16,0.));
#1354 = ORIENTED_EDGE('',*,*,#1355,.F.);
#1355 = EDGE_CURVE('',#1356,#1348,#1358,.T.);
#1356 = VERTEX_POINT('',#1357);
#1357 = CARTESIAN_POINT('',(31.233076358297,60.651982378855,22.3));
#1358 = LINE('',#1359,#1360);
#1359 = CARTESIAN_POINT('',(20.399660780469,25.250170021271,22.3));
#1360 = VECTOR('',#1361,1.);
#1361 = DIRECTION('',(-0.292618598698,-0.956229238047,0.));
#1362 = ORIENTED_EDGE('',*,*,#1363,.F.);
#1363 = EDGE_CURVE('',#1364,#1356,#1366,.T.);
#1364 = VERTEX_POINT('',#1365);
#1365 = CARTESIAN_POINT('',(33.254992657856,60.651982378855,22.3));
#1366 = LINE('',#1367,#1368);
#1367 = CARTESIAN_POINT('',(14.116538179148,60.651982378855,22.3));
#1368 = VECTOR('',#1369,1.);
#1369 = DIRECTION('',(-1.,1.224646799147E-16,0.));
#1370 = ORIENTED_EDGE('',*,*,#1371,.F.);
#1371 = EDGE_CURVE('',#1372,#1364,#1374,.T.);
#1372 = VERTEX_POINT('',#1373);
#1373 = CARTESIAN_POINT('',(30.129038179148,51.757488986784,22.3));
#1374 = LINE('',#1375,#1376);
#1375 = CARTESIAN_POINT('',(21.15018106224,26.209328948414,22.3));
#1376 = VECTOR('',#1377,1.);
#1377 = DIRECTION('',(0.331567398058,0.943431534636,-0.));
#1378 = ORIENTED_EDGE('',*,*,#1379,.F.);
#1379 = EDGE_CURVE('',#1380,#1372,#1382,.T.);
#1380 = VERTEX_POINT('',#1381);
#1381 = CARTESIAN_POINT('',(27.833737151248,51.757488986784,22.3));
#1382 = LINE('',#1383,#1384);
#1383 = CARTESIAN_POINT('',(13.564519089574,51.757488986784,22.3));
#1384 = VECTOR('',#1385,1.);
#1385 = DIRECTION('',(1.,-1.224646799147E-16,0.));
#1386 = ORIENTED_EDGE('',*,*,#1387,.F.);
#1387 = EDGE_CURVE('',#1388,#1380,#1390,.T.);
#1388 = VERTEX_POINT('',#1389);
#1389 = CARTESIAN_POINT('',(24.695264317181,60.651982378855,22.3));
#1390 = LINE('',#1391,#1392);
#1391 = CARTESIAN_POINT('',(34.874745151054,31.803134611627,22.3));
#1392 = VECTOR('',#1393,1.);
#1393 = DIRECTION('',(0.332748453146,-0.943015623905,0.));
#1394 = ORIENTED_EDGE('',*,*,#1395,.F.);
#1395 = EDGE_CURVE('',#1340,#1388,#1396,.T.);
#1396 = LINE('',#1397,#1398);
#1397 = CARTESIAN_POINT('',(10.84763215859,60.651982378855,22.3));
#1398 = VECTOR('',#1399,1.);
#1399 = DIRECTION('',(-1.,1.224646799147E-16,0.));
#1400 = FACE_BOUND('',#1401,.T.);
#1401 = EDGE_LOOP('',(#1402,#1415,#1425,#1433,#1445,#1456,#1471,#1488,
    #1505,#1513,#1521,#1529,#1537,#1545,#1553,#1561,#1569,#1577,#1585,
    #1593,#1610));
#1402 = ORIENTED_EDGE('',*,*,#1403,.F.);
#1403 = EDGE_CURVE('',#1404,#1406,#1408,.T.);
#1404 = VERTEX_POINT('',#1405);
#1405 = CARTESIAN_POINT('',(34.214464023495,59.237812041116,22.3));
#1406 = VERTEX_POINT('',#1407);
#1407 = CARTESIAN_POINT('',(34.809691629956,59.3,22.3));
#1408 = B_SPLINE_CURVE_WITH_KNOTS('',5,(#1409,#1410,#1411,#1412,#1413,
    #1414),.UNSPECIFIED.,.F.,.F.,(6,6),(0.,1.),
  .PIECEWISE_BEZIER_KNOTS.);
#1409 = CARTESIAN_POINT('',(34.214464023495,59.237812041116,22.3));
#1410 = CARTESIAN_POINT('',(34.32930921953,59.262863259515,22.3));
#1411 = CARTESIAN_POINT('',(34.446412123618,59.281545941793,22.3));
#1412 = CARTESIAN_POINT('',(34.56561939047,59.293893928369,22.3));
#1413 = CARTESIAN_POINT('',(34.686768250668,59.3,22.3));
#1414 = CARTESIAN_POINT('',(34.809691629956,59.3,22.3));
#1415 = ORIENTED_EDGE('',*,*,#1416,.F.);
#1416 = EDGE_CURVE('',#1417,#1404,#1419,.T.);
#1417 = VERTEX_POINT('',#1418);
#1418 = CARTESIAN_POINT('',(33.643869309838,59.088803230543,22.3));
#1419 = B_SPLINE_CURVE_WITH_KNOTS('',4,(#1420,#1421,#1422,#1423,#1424),
  .UNSPECIFIED.,.F.,.F.,(5,5),(0.,1.),.PIECEWISE_BEZIER_KNOTS.);
#1420 = CARTESIAN_POINT('',(33.643869309838,59.088803230543,22.3));
#1421 = CARTESIAN_POINT('',(33.786033248235,59.132096781188,22.3));
#1422 = CARTESIAN_POINT('',(33.928546403075,59.17139291158,22.3));
#1423 = CARTESIAN_POINT('',(34.071370432008,59.20664314,22.3));
#1424 = CARTESIAN_POINT('',(34.214464023495,59.237812041116,22.3));
#1425 = ORIENTED_EDGE('',*,*,#1426,.F.);
#1426 = EDGE_CURVE('',#1427,#1417,#1429,.T.);
#1427 = VERTEX_POINT('',#1428);
#1428 = CARTESIAN_POINT('',(33.643869309838,60.465822320117,22.3));
#1429 = LINE('',#1430,#1431);
#1430 = CARTESIAN_POINT('',(33.643869309838,27.544401615272,22.3));
#1431 = VECTOR('',#1432,1.);
#1432 = DIRECTION('',(-1.224646799147E-16,-1.,0.));
#1433 = ORIENTED_EDGE('',*,*,#1434,.F.);
#1434 = EDGE_CURVE('',#1435,#1427,#1437,.T.);
#1435 = VERTEX_POINT('',#1436);
#1436 = CARTESIAN_POINT('',(34.38204845815,60.682672540382,22.3));
#1437 = B_SPLINE_CURVE_WITH_KNOTS('',6,(#1438,#1439,#1440,#1441,#1442,
    #1443,#1444),.UNSPECIFIED.,.F.,.F.,(7,7),(0.,1.),
  .PIECEWISE_BEZIER_KNOTS.);
#1438 = CARTESIAN_POINT('',(34.38204845815,60.682672540382,22.3));
#1439 = CARTESIAN_POINT('',(34.244135221595,60.653598255865,22.3));
#1440 = CARTESIAN_POINT('',(34.111197643757,60.621972890955,22.3));
#1441 = CARTESIAN_POINT('',(33.983858242486,60.587591787175,22.3));
#1442 = CARTESIAN_POINT('',(33.862897584868,60.550242529392,22.3));
#1443 = CARTESIAN_POINT('',(33.749236210261,60.509713281352,22.3));
#1444 = CARTESIAN_POINT('',(33.643869309838,60.465822320117,22.3));
#1445 = ORIENTED_EDGE('',*,*,#1446,.F.);
#1446 = EDGE_CURVE('',#1447,#1435,#1449,.T.);
#1447 = VERTEX_POINT('',#1448);
#1448 = CARTESIAN_POINT('',(35.343135095448,60.775954478708,22.3));
#1449 = B_SPLINE_CURVE_WITH_KNOTS('',5,(#1450,#1451,#1452,#1453,#1454,
    #1455),.UNSPECIFIED.,.F.,.F.,(6,6),(0.,1.),
  .PIECEWISE_BEZIER_KNOTS.);
#1450 = CARTESIAN_POINT('',(35.343135095448,60.775954478708,22.3));
#1451 = CARTESIAN_POINT('',(35.142336805143,60.775954478708,22.3));
#1452 = CARTESIAN_POINT('',(34.945135611992,60.767291542449,22.3));
#1453 = CARTESIAN_POINT('',(34.752158219161,60.749294405883,22.3));
#1454 = CARTESIAN_POINT('',(34.564180703467,60.721271208885,22.3));
#1455 = CARTESIAN_POINT('',(34.38204845815,60.682672540382,22.3));
#1456 = ORIENTED_EDGE('',*,*,#1457,.F.);
#1457 = EDGE_CURVE('',#1458,#1447,#1460,.T.);
#1458 = VERTEX_POINT('',#1459);
#1459 = CARTESIAN_POINT('',(36.428597650514,60.577679882526,22.3));
#1460 = B_SPLINE_CURVE_WITH_KNOTS('',5,(#1461,#1462,#1463,#1464,#1465,
    #1466,#1467,#1468,#1469,#1470),.UNSPECIFIED.,.F.,.F.,(6,4,6),(0.,
    0.490620835178,1.),.UNSPECIFIED.);
#1461 = CARTESIAN_POINT('',(36.428597650514,60.577679882526,22.3));
#1462 = CARTESIAN_POINT('',(36.331190236578,60.618108487972,22.3));
#1463 = CARTESIAN_POINT('',(36.23094952318,60.653158453238,22.3));
#1464 = CARTESIAN_POINT('',(36.128169238386,60.682855029444,22.3));
#1465 = CARTESIAN_POINT('',(36.023155441743,60.707332589834,22.3));
#1466 = CARTESIAN_POINT('',(35.805159865166,60.746974191918,22.3));
#1467 = CARTESIAN_POINT('',(35.692024876016,60.761746682939,22.3));
#1468 = CARTESIAN_POINT('',(35.577120773632,60.771313842724,22.3));
#1469 = CARTESIAN_POINT('',(35.460741983689,60.775954478708,22.3));
#1470 = CARTESIAN_POINT('',(35.343135095448,60.775954478708,22.3));
#1471 = ORIENTED_EDGE('',*,*,#1472,.F.);
#1472 = EDGE_CURVE('',#1473,#1458,#1475,.T.);
#1473 = VERTEX_POINT('',#1474);
#1474 = CARTESIAN_POINT('',(37.185352422907,59.889170337739,22.3));
#1475 = B_SPLINE_CURVE_WITH_KNOTS('',6,(#1476,#1477,#1478,#1479,#1480,
    #1481,#1482,#1483,#1484,#1485,#1486,#1487),.UNSPECIFIED.,.F.,.F.,(7,
    5,7),(0.,0.705316233415,1.),.UNSPECIFIED.);
#1476 = CARTESIAN_POINT('',(37.185352422907,59.889170337739,22.3));
#1477 = CARTESIAN_POINT('',(37.122464363342,59.999565730289,22.3));
#1478 = CARTESIAN_POINT('',(37.052190600697,60.10342379528,22.3));
#1479 = CARTESIAN_POINT('',(36.974270943691,60.199654685432,22.3));
#1480 = CARTESIAN_POINT('',(36.888637976905,60.287226537439,22.3));
#1481 = CARTESIAN_POINT('',(36.795535481003,60.365301765467,22.3));
#1482 = CARTESIAN_POINT('',(36.653950509512,60.461868742357,22.3));
#1483 = CARTESIAN_POINT('',(36.611042567009,60.488589496677,22.3));
#1484 = CARTESIAN_POINT('',(36.566996502338,60.513542100865,22.3));
#1485 = CARTESIAN_POINT('',(36.521866169316,60.536708924939,22.3));
#1486 = CARTESIAN_POINT('',(36.475711482294,60.558085626198,22.3));
#1487 = CARTESIAN_POINT('',(36.428597650514,60.577679882526,22.3));
#1488 = ORIENTED_EDGE('',*,*,#1489,.F.);
#1489 = EDGE_CURVE('',#1490,#1473,#1492,.T.);
#1490 = VERTEX_POINT('',#1491);
#1491 = CARTESIAN_POINT('',(37.464390602056,58.530726872247,22.3));
#1492 = B_SPLINE_CURVE_WITH_KNOTS('',6,(#1493,#1494,#1495,#1496,#1497,
    #1498,#1499,#1500,#1501,#1502,#1503,#1504),.UNSPECIFIED.,.F.,.F.,(7,
    5,7),(0.,0.536450643269,1.),.UNSPECIFIED.);
#1493 = CARTESIAN_POINT('',(37.464390602056,58.530726872247,22.3));
#1494 = CARTESIAN_POINT('',(37.464390602056,58.66438068261,22.3));
#1495 = CARTESIAN_POINT('',(37.460422778207,58.796675460065,22.3));
#1496 = CARTESIAN_POINT('',(37.452041082824,58.927342517461,22.3));
#1497 = CARTESIAN_POINT('',(37.438707902107,59.055948270389,22.3));
#1498 = CARTESIAN_POINT('',(37.419802765869,59.181898396873,22.3));
#1499 = CARTESIAN_POINT('',(37.372880073323,59.410332460151,22.3));
#1500 = CARTESIAN_POINT('',(37.346454346674,59.513659691612,22.3));
#1501 = CARTESIAN_POINT('',(37.314912333552,59.613925296794,22.3));
#1502 = CARTESIAN_POINT('',(37.27779898784,59.710466732737,22.3));
#1503 = CARTESIAN_POINT('',(37.234691169325,59.802488372253,22.3));
#1504 = CARTESIAN_POINT('',(37.185352422907,59.889170337739,22.3));
#1505 = ORIENTED_EDGE('',*,*,#1506,.F.);
#1506 = EDGE_CURVE('',#1507,#1490,#1509,.T.);
#1507 = VERTEX_POINT('',#1508);
#1508 = CARTESIAN_POINT('',(37.464390602056,55.268281938326,22.3));
#1509 = LINE('',#1510,#1511);
#1510 = CARTESIAN_POINT('',(37.464390602056,27.265363436123,22.3));
#1511 = VECTOR('',#1512,1.);
#1512 = DIRECTION('',(1.224646799147E-16,1.,-0.));
#1513 = ORIENTED_EDGE('',*,*,#1514,.F.);
#1514 = EDGE_CURVE('',#1515,#1507,#1517,.T.);
#1515 = VERTEX_POINT('',#1516);
#1516 = CARTESIAN_POINT('',(38.345117474302,55.268281938326,22.3));
#1517 = LINE('',#1518,#1519);
#1518 = CARTESIAN_POINT('',(17.232195301028,55.268281938326,22.3));
#1519 = VECTOR('',#1520,1.);
#1520 = DIRECTION('',(-1.,1.224646799147E-16,0.));
#1521 = ORIENTED_EDGE('',*,*,#1522,.F.);
#1522 = EDGE_CURVE('',#1523,#1515,#1525,.T.);
#1523 = VERTEX_POINT('',#1524);
#1524 = CARTESIAN_POINT('',(38.345117474302,54.486490455213,22.3));
#1525 = LINE('',#1526,#1527);
#1526 = CARTESIAN_POINT('',(38.345117474302,25.634140969163,22.3));
#1527 = VECTOR('',#1528,1.);
#1528 = DIRECTION('',(1.224646799147E-16,1.,-0.));
#1529 = ORIENTED_EDGE('',*,*,#1530,.F.);
#1530 = EDGE_CURVE('',#1531,#1523,#1533,.T.);
#1531 = VERTEX_POINT('',#1532);
#1532 = CARTESIAN_POINT('',(37.327900146843,53.866226138032,22.3));
#1533 = LINE('',#1534,#1535);
#1534 = CARTESIAN_POINT('',(10.27711381561,37.371582309222,22.3));
#1535 = VECTOR('',#1536,1.);
#1536 = DIRECTION('',(0.853792501217,0.520613450524,-0.));
#1537 = ORIENTED_EDGE('',*,*,#1538,.F.);
#1538 = EDGE_CURVE('',#1539,#1531,#1541,.T.);
#1539 = VERTEX_POINT('',#1540);
#1540 = CARTESIAN_POINT('',(36.794456681351,52.439537444934,22.3));
#1541 = LINE('',#1542,#1543);
#1542 = CARTESIAN_POINT('',(25.363403507486,21.867311204765,22.3));
#1543 = VECTOR('',#1544,1.);
#1544 = DIRECTION('',(0.350222599863,0.936666499105,-0.));
#1545 = ORIENTED_EDGE('',*,*,#1546,.F.);
#1546 = EDGE_CURVE('',#1547,#1539,#1549,.T.);
#1547 = VERTEX_POINT('',#1548);
#1548 = CARTESIAN_POINT('',(35.616116005874,52.439537444934,22.3));
#1549 = LINE('',#1550,#1551);
#1550 = CARTESIAN_POINT('',(16.897228340675,52.439537444934,22.3));
#1551 = VECTOR('',#1552,1.);
#1552 = DIRECTION('',(1.,-1.224646799147E-16,0.));
#1553 = ORIENTED_EDGE('',*,*,#1554,.F.);
#1554 = EDGE_CURVE('',#1555,#1547,#1557,.T.);
#1555 = VERTEX_POINT('',#1556);
#1556 = CARTESIAN_POINT('',(35.616116005874,53.878744493392,22.3));
#1557 = LINE('',#1558,#1559);
#1558 = CARTESIAN_POINT('',(35.616116005874,24.219768722467,22.3));
#1559 = VECTOR('',#1560,1.);
#1560 = DIRECTION('',(-1.224646799147E-16,-1.,0.));
#1561 = ORIENTED_EDGE('',*,*,#1562,.F.);
#1562 = EDGE_CURVE('',#1563,#1555,#1565,.T.);
#1563 = VERTEX_POINT('',#1564);
#1564 = CARTESIAN_POINT('',(33.718171806167,53.878744493392,22.3));
#1565 = LINE('',#1566,#1567);
#1566 = CARTESIAN_POINT('',(16.308058002937,53.878744493392,22.3));
#1567 = VECTOR('',#1568,1.);
#1568 = DIRECTION('',(1.,-1.224646799147E-16,0.));
#1569 = ORIENTED_EDGE('',*,*,#1570,.F.);
#1570 = EDGE_CURVE('',#1571,#1563,#1573,.T.);
#1571 = VERTEX_POINT('',#1572);
#1572 = CARTESIAN_POINT('',(33.718171806167,55.268281938326,22.3));
#1573 = LINE('',#1574,#1575);
#1574 = CARTESIAN_POINT('',(33.718171806167,24.939372246696,22.3));
#1575 = VECTOR('',#1576,1.);
#1576 = DIRECTION('',(-1.224646799147E-16,-1.,0.));
#1577 = ORIENTED_EDGE('',*,*,#1578,.F.);
#1578 = EDGE_CURVE('',#1579,#1571,#1581,.T.);
#1579 = VERTEX_POINT('',#1580);
#1580 = CARTESIAN_POINT('',(35.616116005874,55.268281938326,22.3));
#1581 = LINE('',#1582,#1583);
#1582 = CARTESIAN_POINT('',(15.359085903084,55.268281938326,22.3));
#1583 = VECTOR('',#1584,1.);
#1584 = DIRECTION('',(-1.,1.224646799147E-16,0.));
#1585 = ORIENTED_EDGE('',*,*,#1586,.F.);
#1586 = EDGE_CURVE('',#1587,#1579,#1589,.T.);
#1587 = VERTEX_POINT('',#1588);
#1588 = CARTESIAN_POINT('',(35.616116005874,58.530726872247,22.3));
#1589 = LINE('',#1590,#1591);
#1590 = CARTESIAN_POINT('',(35.616116005874,25.634140969163,22.3));
#1591 = VECTOR('',#1592,1.);
#1592 = DIRECTION('',(-1.224646799147E-16,-1.,0.));
#1593 = ORIENTED_EDGE('',*,*,#1594,.F.);
#1594 = EDGE_CURVE('',#1595,#1587,#1597,.T.);
#1595 = VERTEX_POINT('',#1596);
#1596 = CARTESIAN_POINT('',(35.392804698972,59.10778267254,22.3));
#1597 = B_SPLINE_CURVE_WITH_KNOTS('',6,(#1598,#1599,#1600,#1601,#1602,
    #1603,#1604,#1605,#1606,#1607,#1608,#1609),.UNSPECIFIED.,.F.,.F.,(7,
    5,7),(0.,0.146342353319,1.),.UNSPECIFIED.);
#1598 = CARTESIAN_POINT('',(35.392804698972,59.10778267254,22.3));
#1599 = CARTESIAN_POINT('',(35.403948894972,59.098170047781,22.3));
#1600 = CARTESIAN_POINT('',(35.41477221547,59.088259759126,22.3));
#1601 = CARTESIAN_POINT('',(35.425270047175,59.078053291882,22.3));
#1602 = CARTESIAN_POINT('',(35.435438384129,59.067552721573,22.3));
#1603 = CARTESIAN_POINT('',(35.445273827712,59.056760713945,22.3));
#1604 = CARTESIAN_POINT('',(35.510188452286,58.981046549658,22.3));
#1605 = CARTESIAN_POINT('',(35.554205152899,58.906578795346,22.3));
#1606 = CARTESIAN_POINT('',(35.586172491408,58.823000848984,22.3));
#1607 = CARTESIAN_POINT('',(35.60650281176,58.731570702255,22.3));
#1608 = CARTESIAN_POINT('',(35.616116005874,58.633699773638,22.3));
#1609 = CARTESIAN_POINT('',(35.616116005874,58.530726872247,22.3));
#1610 = ORIENTED_EDGE('',*,*,#1611,.F.);
#1611 = EDGE_CURVE('',#1406,#1595,#1612,.T.);
#1612 = B_SPLINE_CURVE_WITH_KNOTS('',6,(#1613,#1614,#1615,#1616,#1617,
    #1618,#1619,#1620,#1621,#1622,#1623,#1624),.UNSPECIFIED.,.F.,.F.,(7,
    5,7),(0.,0.886082638804,1.),.UNSPECIFIED.);
#1613 = CARTESIAN_POINT('',(34.809691629956,59.3,22.3));
#1614 = CARTESIAN_POINT('',(34.911557740587,59.3,22.3));
#1615 = CARTESIAN_POINT('',(35.009144773263,59.290755571722,22.3));
#1616 = CARTESIAN_POINT('',(35.101535355815,59.271489496746,22.3));
#1617 = CARTESIAN_POINT('',(35.187820775592,59.241614568734,22.3));
#1618 = CARTESIAN_POINT('',(35.267207769435,59.200915032849,22.3));
#1619 = CARTESIAN_POINT('',(35.348410230266,59.143217912448,22.3));
#1620 = CARTESIAN_POINT('',(35.357538055671,59.136472655977,22.3));
#1621 = CARTESIAN_POINT('',(35.366542304351,59.129555582464,22.3));
#1622 = CARTESIAN_POINT('',(35.375422039546,59.122467551342,22.3));
#1623 = CARTESIAN_POINT('',(35.384176419801,59.115209545751,22.3));
#1624 = CARTESIAN_POINT('',(35.392804698972,59.10778267254,22.3));
#1625 = FACE_BOUND('',#1626,.T.);
#1626 = EDGE_LOOP('',(#1627,#1648,#1670,#1692,#1707,#1722,#1744,#1766));
#1627 = ORIENTED_EDGE('',*,*,#1628,.F.);
#1628 = EDGE_CURVE('',#1629,#1631,#1633,.T.);
#1629 = VERTEX_POINT('',#1630);
#1630 = CARTESIAN_POINT('',(47.93983113069,51.416262848752,22.3));
#1631 = VERTEX_POINT('',#1632);
#1632 = CARTESIAN_POINT('',(48.646916299559,51.224045521292,22.3));
#1633 = B_SPLINE_CURVE_WITH_KNOTS('',5,(#1634,#1635,#1636,#1637,#1638,
    #1639,#1640,#1641,#1642,#1643,#1644,#1645,#1646,#1647),
  .UNSPECIFIED.,.F.,.F.,(6,4,4,6),(0.,7.275978391928E-02,0.531074972867,
    1.),.UNSPECIFIED.);
#1634 = CARTESIAN_POINT('',(47.93983113069,51.416262848752,22.3));
#1635 = CARTESIAN_POINT('',(47.948638383518,51.410574582339,22.3));
#1636 = CARTESIAN_POINT('',(47.957508446715,51.404990498842,22.3));
#1637 = CARTESIAN_POINT('',(47.966440836336,51.399511015224,22.3));
#1638 = CARTESIAN_POINT('',(47.975435037737,51.394136498627,22.3));
#1639 = CARTESIAN_POINT('',(48.041531060568,51.355676277532,22.3));
#1640 = CARTESIAN_POINT('',(48.101004162366,51.326661752031,22.3));
#1641 = CARTESIAN_POINT('',(48.162768957761,51.301906369191,22.3));
#1642 = CARTESIAN_POINT('',(48.22664848577,51.281402656783,22.3));
#1643 = CARTESIAN_POINT('',(48.359754733487,51.248365634,22.3));
#1644 = CARTESIAN_POINT('',(48.429073960118,51.236027154839,22.3));
#1645 = CARTESIAN_POINT('',(48.5001841375,51.227974481814,22.3));
#1646 = CARTESIAN_POINT('',(48.572866584283,51.224045521292,22.3));
#1647 = CARTESIAN_POINT('',(48.646916299559,51.224045521292,22.3));
#1648 = ORIENTED_EDGE('',*,*,#1649,.F.);
#1649 = EDGE_CURVE('',#1650,#1629,#1652,.T.);
#1650 = VERTEX_POINT('',#1651);
#1651 = CARTESIAN_POINT('',(47.64221732746,52.129405286344,22.3));
#1652 = B_SPLINE_CURVE_WITH_KNOTS('',6,(#1653,#1654,#1655,#1656,#1657,
    #1658,#1659,#1660,#1661,#1662,#1663,#1664,#1665,#1666,#1667,#1668,
    #1669),.UNSPECIFIED.,.F.,.F.,(7,5,5,7),(0.,0.345935359826,
    0.876633369637,1.),.UNSPECIFIED.);
#1653 = CARTESIAN_POINT('',(47.64221732746,52.129405286344,22.3));
#1654 = CARTESIAN_POINT('',(47.64221732746,52.075851849841,22.3));
#1655 = CARTESIAN_POINT('',(47.644104739666,52.023299133897,22.3));
#1656 = CARTESIAN_POINT('',(47.648022009897,51.971887879887,22.3));
#1657 = CARTESIAN_POINT('',(47.654122622094,51.921791776796,22.3));
#1658 = CARTESIAN_POINT('',(47.662557204207,51.873208748854,22.3));
#1659 = CARTESIAN_POINT('',(47.690185006785,51.754469870913,22.3));
#1660 = CARTESIAN_POINT('',(47.712727549112,51.686609386156,22.3));
#1661 = CARTESIAN_POINT('',(47.741559795269,51.623632522636,22.3));
#1662 = CARTESIAN_POINT('',(47.777016132805,51.566403265381,22.3));
#1663 = CARTESIAN_POINT('',(47.819144645203,51.515655435133,22.3));
#1664 = CARTESIAN_POINT('',(47.878717586176,51.46159855883,22.3));
#1665 = CARTESIAN_POINT('',(47.890290414163,51.451773888077,22.3));
#1666 = CARTESIAN_POINT('',(47.902194604115,51.442325115648,22.3));
#1667 = CARTESIAN_POINT('',(47.914424176706,51.433255689736,22.3));
#1668 = CARTESIAN_POINT('',(47.926972268247,51.424567894237,22.3));
#1669 = CARTESIAN_POINT('',(47.93983113069,51.416262848752,22.3));
#1670 = ORIENTED_EDGE('',*,*,#1671,.F.);
#1671 = EDGE_CURVE('',#1672,#1650,#1674,.T.);
#1672 = VERTEX_POINT('',#1673);
#1673 = CARTESIAN_POINT('',(47.93983113069,52.836894273128,22.3));
#1674 = B_SPLINE_CURVE_WITH_KNOTS('',6,(#1675,#1676,#1677,#1678,#1679,
    #1680,#1681,#1682,#1683,#1684,#1685,#1686,#1687,#1688,#1689,#1690,
    #1691),.UNSPECIFIED.,.F.,.F.,(7,5,5,7),(0.,0.13941075151,
    0.668259152748,1.),.UNSPECIFIED.);
#1675 = CARTESIAN_POINT('',(47.93983113069,52.836894273128,22.3));
#1676 = CARTESIAN_POINT('',(47.925397626627,52.827258880999,22.3));
#1677 = CARTESIAN_POINT('',(47.911354099712,52.817165817536,22.3));
#1678 = CARTESIAN_POINT('',(47.897711131631,52.806616474801,22.3));
#1679 = CARTESIAN_POINT('',(47.884477999987,52.795613892025,22.3));
#1680 = CARTESIAN_POINT('',(47.871662678294,52.784162755608,22.3));
#1681 = CARTESIAN_POINT('',(47.812267734224,52.727152487429,22.3));
#1682 = CARTESIAN_POINT('',(47.771355581496,52.675656645636,22.3));
#1683 = CARTESIAN_POINT('',(47.736948351451,52.618162388783,22.3));
#1684 = CARTESIAN_POINT('',(47.709008170496,52.555324177547,22.3));
#1685 = CARTESIAN_POINT('',(47.68723339349,52.487914446306,22.3));
#1686 = CARTESIAN_POINT('',(47.661123298801,52.372050049499,22.3));
#1687 = CARTESIAN_POINT('',(47.653309813752,52.32588044357,22.3));
#1688 = CARTESIAN_POINT('',(47.647638183896,52.278378203287,22.3));
#1689 = CARTESIAN_POINT('',(47.643983643747,52.229705773712,22.3));
#1690 = CARTESIAN_POINT('',(47.64221732746,52.180007960284,22.3));
#1691 = CARTESIAN_POINT('',(47.64221732746,52.129405286344,22.3));
#1692 = ORIENTED_EDGE('',*,*,#1693,.F.);
#1693 = EDGE_CURVE('',#1694,#1672,#1696,.T.);
#1694 = VERTEX_POINT('',#1695);
#1695 = CARTESIAN_POINT('',(48.646916299559,53.03516886931,22.3));
#1696 = B_SPLINE_CURVE_WITH_KNOTS('',5,(#1697,#1698,#1699,#1700,#1701,
    #1702,#1703,#1704,#1705,#1706),.UNSPECIFIED.,.F.,.F.,(6,4,6),(0.,
    0.885741953895,1.),.UNSPECIFIED.);
#1697 = CARTESIAN_POINT('',(48.646916299559,53.03516886931,22.3));
#1698 = CARTESIAN_POINT('',(48.506915061245,53.03516886931,22.3));
#1699 = CARTESIAN_POINT('',(48.371750039664,53.020681585116,22.3));
#1700 = CARTESIAN_POINT('',(48.242971537043,52.990331105251,22.3));
#1701 = CARTESIAN_POINT('',(48.122135726075,52.943291550223,22.3));
#1702 = CARTESIAN_POINT('',(47.995966882899,52.87209072986,22.3));
#1703 = CARTESIAN_POINT('',(47.9817016963,52.863688505027,22.3));
#1704 = CARTESIAN_POINT('',(47.967589355697,52.855020581217,22.3));
#1705 = CARTESIAN_POINT('',(47.953631890151,52.846088537571,22.3));
#1706 = CARTESIAN_POINT('',(47.93983113069,52.836894273128,22.3));
#1707 = ORIENTED_EDGE('',*,*,#1708,.F.);
#1708 = EDGE_CURVE('',#1709,#1694,#1711,.T.);
#1709 = VERTEX_POINT('',#1710);
#1710 = CARTESIAN_POINT('',(49.360058737151,52.836894273128,22.3));
#1711 = B_SPLINE_CURVE_WITH_KNOTS('',5,(#1712,#1713,#1714,#1715,#1716,
    #1717,#1718,#1719,#1720,#1721),.UNSPECIFIED.,.F.,.F.,(6,4,6),(0.,
    0.503428805971,1.),.UNSPECIFIED.);
#1712 = CARTESIAN_POINT('',(49.360058737151,52.836894273128,22.3));
#1713 = CARTESIAN_POINT('',(49.30001580732,52.877726791891,22.3));
#1714 = CARTESIAN_POINT('',(49.236494036543,52.913325586975,22.3));
#1715 = CARTESIAN_POINT('',(49.169695097037,52.943536986955,22.3));
#1716 = CARTESIAN_POINT('',(49.099894941033,52.968369661028,22.3));
#1717 = CARTESIAN_POINT('',(48.955929174366,53.007265533923,22.3));
#1718 = CARTESIAN_POINT('',(48.881830800769,53.021472078095,22.3));
#1719 = CARTESIAN_POINT('',(48.805427013636,53.030693990263,22.3));
#1720 = CARTESIAN_POINT('',(48.727028348073,53.03516886931,22.3));
#1721 = CARTESIAN_POINT('',(48.646916299559,53.03516886931,22.3));
#1722 = ORIENTED_EDGE('',*,*,#1723,.F.);
#1723 = EDGE_CURVE('',#1724,#1709,#1726,.T.);
#1724 = VERTEX_POINT('',#1725);
#1725 = CARTESIAN_POINT('',(49.651615271659,52.129405286344,22.3));
#1726 = B_SPLINE_CURVE_WITH_KNOTS('',6,(#1727,#1728,#1729,#1730,#1731,
    #1732,#1733,#1734,#1735,#1736,#1737,#1738,#1739,#1740,#1741,#1742,
    #1743),.UNSPECIFIED.,.F.,.F.,(7,5,5,7),(0.,0.340361215665,
    0.876172950415,1.),.UNSPECIFIED.);
#1727 = CARTESIAN_POINT('',(49.651615271659,52.129405286344,22.3));
#1728 = CARTESIAN_POINT('',(49.651615271659,52.181244790578,22.3));
#1729 = CARTESIAN_POINT('',(49.649799274615,52.232134572988,22.3));
#1730 = CARTESIAN_POINT('',(49.646038920813,52.281946928573,22.3));
#1731 = CARTESIAN_POINT('',(49.640197873667,52.330527506906,22.3));
#1732 = CARTESIAN_POINT('',(49.632143722034,52.377702614944,22.3));
#1733 = CARTESIAN_POINT('',(49.60541318142,52.49504672641,22.3));
#1734 = CARTESIAN_POINT('',(49.583284752335,52.562900986501,22.3));
#1735 = CARTESIAN_POINT('',(49.554928701032,52.626043889763,22.3));
#1736 = CARTESIAN_POINT('',(49.520034683036,52.683676592175,22.3));
#1737 = CARTESIAN_POINT('',(49.478562071204,52.735122998603,22.3));
#1738 = CARTESIAN_POINT('',(49.419929690713,52.790367033483,22.3));
#1739 = CARTESIAN_POINT('',(49.408593724023,52.800387195134,22.3));
#1740 = CARTESIAN_POINT('',(49.396932832122,52.810052806692,22.3));
#1741 = CARTESIAN_POINT('',(49.384952424311,52.819360553564,22.3));
#1742 = CARTESIAN_POINT('',(49.372658717688,52.828308136807,22.3));
#1743 = CARTESIAN_POINT('',(49.360058737151,52.836894273128,22.3));
#1744 = ORIENTED_EDGE('',*,*,#1745,.F.);
#1745 = EDGE_CURVE('',#1746,#1724,#1748,.T.);
#1746 = VERTEX_POINT('',#1747);
#1747 = CARTESIAN_POINT('',(49.360058737151,51.416262848752,22.3));
#1748 = B_SPLINE_CURVE_WITH_KNOTS('',6,(#1749,#1750,#1751,#1752,#1753,
    #1754,#1755,#1756,#1757,#1758,#1759,#1760,#1761,#1762,#1763,#1764,
    #1765),.UNSPECIFIED.,.F.,.F.,(7,5,5,7),(0.,0.107904602475,
    0.645431608564,1.),.UNSPECIFIED.);
#1749 = CARTESIAN_POINT('',(49.360058737151,51.416262848752,22.3));
#1750 = CARTESIAN_POINT('',(49.371113253399,51.423550867774,22.3));
#1751 = CARTESIAN_POINT('',(49.381931061421,51.431132148326,22.3));
#1752 = CARTESIAN_POINT('',(49.392507241805,51.439005717987,22.3));
#1753 = CARTESIAN_POINT('',(49.402837390823,51.447169927561,22.3));
#1754 = CARTESIAN_POINT('',(49.412917620437,51.455622451069,22.3));
#1755 = CARTESIAN_POINT('',(49.471697470086,51.507887827783,22.3));
#1756 = CARTESIAN_POINT('',(49.514383432156,51.558511665804,22.3));
#1757 = CARTESIAN_POINT('',(49.550322921844,51.615821336408,22.3));
#1758 = CARTESIAN_POINT('',(49.579566316422,51.679058511403,22.3));
#1759 = CARTESIAN_POINT('',(49.602457143244,51.747328974765,22.3));
#1760 = CARTESIAN_POINT('',(49.630706685498,51.867508559638,22.3));
#1761 = CARTESIAN_POINT('',(49.639385041796,51.917095919385,22.3));
#1762 = CARTESIAN_POINT('',(49.645655883726,51.96827634415,22.3));
#1763 = CARTESIAN_POINT('',(49.649678651645,52.020838560392,22.3));
#1764 = CARTESIAN_POINT('',(49.651615271659,52.074597790339,22.3));
#1765 = CARTESIAN_POINT('',(49.651615271659,52.129405286344,22.3));
#1766 = ORIENTED_EDGE('',*,*,#1767,.F.);
#1767 = EDGE_CURVE('',#1631,#1746,#1768,.T.);
#1768 = B_SPLINE_CURVE_WITH_KNOTS('',5,(#1769,#1770,#1771,#1772,#1773,
    #1774,#1775,#1776,#1777,#1778),.UNSPECIFIED.,.F.,.F.,(6,4,6),(0.,
    0.508901996137,1.),.UNSPECIFIED.);
#1769 = CARTESIAN_POINT('',(48.646916299559,51.224045521292,22.3));
#1770 = CARTESIAN_POINT('',(48.728933704934,51.224045521292,22.3));
#1771 = CARTESIAN_POINT('',(48.809155123739,51.228592510693,22.3));
#1772 = CARTESIAN_POINT('',(48.887287934931,51.237969541255,22.3));
#1773 = CARTESIAN_POINT('',(48.963007324071,51.252427108344,22.3));
#1774 = CARTESIAN_POINT('',(49.106428919943,51.29108434483,22.3));
#1775 = CARTESIAN_POINT('',(49.17432323316,51.314926512178,22.3));
#1776 = CARTESIAN_POINT('',(49.239385095916,51.343746202857,22.3));
#1777 = CARTESIAN_POINT('',(49.3013606445,51.377564383236,22.3));
#1778 = CARTESIAN_POINT('',(49.360058737151,51.416262848752,22.3));
#1779 = FACE_BOUND('',#1780,.T.);
#1780 = EDGE_LOOP('',(#1781,#1793,#1806,#1814,#1831,#1846,#1869,#1891,
    #1899,#1907,#1915,#1957,#1980,#1997,#2005,#2013,#2021,#2029));
#1781 = ORIENTED_EDGE('',*,*,#1782,.F.);
#1782 = EDGE_CURVE('',#1783,#1785,#1787,.T.);
#1783 = VERTEX_POINT('',#1784);
#1784 = CARTESIAN_POINT('',(43.986857562408,54.102055800294,22.3));
#1785 = VERTEX_POINT('',#1786);
#1786 = CARTESIAN_POINT('',(43.955763582966,53.146622613803,22.3));
#1787 = B_SPLINE_CURVE_WITH_KNOTS('',4,(#1788,#1789,#1790,#1791,#1792),
  .UNSPECIFIED.,.F.,.F.,(5,5),(0.,1.),.PIECEWISE_BEZIER_KNOTS.);
#1788 = CARTESIAN_POINT('',(43.986857562408,54.102055800294,22.3));
#1789 = CARTESIAN_POINT('',(43.97102993516,53.868341356376,22.3));
#1790 = CARTESIAN_POINT('',(43.960760810544,53.630973238747,22.3));
#1791 = CARTESIAN_POINT('',(43.955763582966,53.390301815801,22.3));
#1792 = CARTESIAN_POINT('',(43.955763582966,53.146622613803,22.3));
#1793 = ORIENTED_EDGE('',*,*,#1794,.F.);
#1794 = EDGE_CURVE('',#1795,#1783,#1797,.T.);
#1795 = VERTEX_POINT('',#1796);
#1796 = CARTESIAN_POINT('',(44.042584434655,54.746953010279,22.3));
#1797 = B_SPLINE_CURVE_WITH_KNOTS('',7,(#1798,#1799,#1800,#1801,#1802,
    #1803,#1804,#1805),.UNSPECIFIED.,.F.,.F.,(8,8),(0.,1.),
  .PIECEWISE_BEZIER_KNOTS.);
#1798 = CARTESIAN_POINT('',(44.042584434655,54.746953010279,22.3));
#1799 = CARTESIAN_POINT('',(44.034554446392,54.687246162064,22.3));
#1800 = CARTESIAN_POINT('',(44.026463194463,54.613249793874,22.3));
#1801 = CARTESIAN_POINT('',(44.018381648009,54.527217450564,22.3));
#1802 = CARTESIAN_POINT('',(44.010359445107,54.431441819676,22.3));
#1803 = CARTESIAN_POINT('',(44.002426926703,54.327802473339,22.3));
#1804 = CARTESIAN_POINT('',(43.994595446712,54.217716807787,22.3));
#1805 = CARTESIAN_POINT('',(43.986857562408,54.102055800294,22.3));
#1806 = ORIENTED_EDGE('',*,*,#1807,.F.);
#1807 = EDGE_CURVE('',#1808,#1795,#1810,.T.);
#1808 = VERTEX_POINT('',#1809);
#1809 = CARTESIAN_POINT('',(43.943245227606,54.746953010279,22.3));
#1810 = LINE('',#1811,#1812);
#1811 = CARTESIAN_POINT('',(20.521292217327,54.746953010279,22.3));
#1812 = VECTOR('',#1813,1.);
#1813 = DIRECTION('',(1.,-1.224646799147E-16,0.));
#1814 = ORIENTED_EDGE('',*,*,#1815,.F.);
#1815 = EDGE_CURVE('',#1816,#1808,#1818,.T.);
#1816 = VERTEX_POINT('',#1817);
#1817 = CARTESIAN_POINT('',(43.112187958884,53.9906020558,22.3));
#1818 = B_SPLINE_CURVE_WITH_KNOTS('',6,(#1819,#1820,#1821,#1822,#1823,
    #1824,#1825,#1826,#1827,#1828,#1829,#1830),.UNSPECIFIED.,.F.,.F.,(7,
    5,7),(0.,0.230826900662,1.),.UNSPECIFIED.);
#1819 = CARTESIAN_POINT('',(43.112187958884,53.9906020558,22.3));
#1820 = CARTESIAN_POINT('',(43.151693740805,54.008895837262,22.3));
#1821 = CARTESIAN_POINT('',(43.190615680465,54.028265154413,22.3));
#1822 = CARTESIAN_POINT('',(43.228926571769,54.048708957987,22.3));
#1823 = CARTESIAN_POINT('',(43.266601219075,54.070222022326,22.3));
#1824 = CARTESIAN_POINT('',(43.303616437195,54.09279494539,22.3));
#1825 = CARTESIAN_POINT('',(43.461027094688,54.195119255487,22.3));
#1826 = CARTESIAN_POINT('',(43.57458002356,54.285463644327,22.3));
#1827 = CARTESIAN_POINT('',(43.679739762393,54.386900529792,22.3));
#1828 = CARTESIAN_POINT('',(43.776177201119,54.498446564426,22.3));
#1829 = CARTESIAN_POINT('',(43.863925676263,54.618890155169,22.3));
#1830 = CARTESIAN_POINT('',(43.943245227606,54.746953010279,22.3));
#1831 = ORIENTED_EDGE('',*,*,#1832,.F.);
#1832 = EDGE_CURVE('',#1833,#1816,#1835,.T.);
#1833 = VERTEX_POINT('',#1834);
#1834 = CARTESIAN_POINT('',(41.983113069016,53.754772393539,22.3));
#1835 = B_SPLINE_CURVE_WITH_KNOTS('',5,(#1836,#1837,#1838,#1839,#1840,
    #1841,#1842,#1843,#1844,#1845),.UNSPECIFIED.,.F.,.F.,(6,4,6),(0.,
    0.507447584376,1.),.UNSPECIFIED.);
#1836 = CARTESIAN_POINT('',(41.983113069016,53.754772393539,22.3));
#1837 = CARTESIAN_POINT('',(42.104299325992,53.754772393539,22.3));
#1838 = CARTESIAN_POINT('',(42.224440455449,53.760398894807,22.3));
#1839 = CARTESIAN_POINT('',(42.343246119838,53.771951061972,22.3));
#1840 = CARTESIAN_POINT('',(42.460386988061,53.78968326196,22.3));
#1841 = CARTESIAN_POINT('',(42.687261576801,53.837070515116,22.3));
#1842 = CARTESIAN_POINT('',(42.797116942213,53.866361292808,22.3));
#1843 = CARTESIAN_POINT('',(42.904754518622,53.901724365597,22.3));
#1844 = CARTESIAN_POINT('',(43.009868867106,53.943177968818,22.3));
#1845 = CARTESIAN_POINT('',(43.112187958884,53.9906020558,22.3));
#1846 = ORIENTED_EDGE('',*,*,#1847,.F.);
#1847 = EDGE_CURVE('',#1848,#1833,#1850,.T.);
#1848 = VERTEX_POINT('',#1849);
#1849 = CARTESIAN_POINT('',(40.2156020558,54.343942731278,22.3));
#1850 = B_SPLINE_CURVE_WITH_KNOTS('',5,(#1851,#1852,#1853,#1854,#1855,
    #1856,#1857,#1858,#1859,#1860,#1861,#1862,#1863,#1864,#1865,#1866,
    #1867,#1868),.UNSPECIFIED.,.F.,.F.,(6,4,4,4,6),(0.,
    9.536538519542E-02,0.362260820733,0.639808339878,1.),.UNSPECIFIED.);
#1851 = CARTESIAN_POINT('',(40.2156020558,54.343942731278,22.3));
#1852 = CARTESIAN_POINT('',(40.24235854313,54.320182709967,22.3));
#1853 = CARTESIAN_POINT('',(40.269598515878,54.296989877571,22.3));
#1854 = CARTESIAN_POINT('',(40.297312718323,54.274377804036,22.3));
#1855 = CARTESIAN_POINT('',(40.325490091933,54.252358106575,22.3));
#1856 = CARTESIAN_POINT('',(40.434236971896,54.17099967707,22.3));
#1857 = CARTESIAN_POINT('',(40.517888042895,54.115770695744,22.3));
#1858 = CARTESIAN_POINT('',(40.604777221275,54.06547546765,22.3));
#1859 = CARTESIAN_POINT('',(40.694542662218,54.020169541177,22.3));
#1860 = CARTESIAN_POINT('',(40.882707519877,53.937800266529,22.3));
#1861 = CARTESIAN_POINT('',(40.981316158033,53.90113494365,22.3));
#1862 = CARTESIAN_POINT('',(41.082173732681,53.869719735268,22.3));
#1863 = CARTESIAN_POINT('',(41.184862240667,53.843327283774,22.3));
#1864 = CARTESIAN_POINT('',(41.424205932364,53.793595811338,22.3));
#1865 = CARTESIAN_POINT('',(41.561866806008,53.77350719566,22.3));
#1866 = CARTESIAN_POINT('',(41.701259593226,53.760805773268,22.3));
#1867 = CARTESIAN_POINT('',(41.841800025454,53.754772393539,22.3));
#1868 = CARTESIAN_POINT('',(41.983113069016,53.754772393539,22.3));
#1869 = ORIENTED_EDGE('',*,*,#1870,.F.);
#1870 = EDGE_CURVE('',#1871,#1848,#1873,.T.);
#1871 = VERTEX_POINT('',#1872);
#1872 = CARTESIAN_POINT('',(39.551725403818,56.235829662261,22.3));
#1873 = B_SPLINE_CURVE_WITH_KNOTS('',6,(#1874,#1875,#1876,#1877,#1878,
    #1879,#1880,#1881,#1882,#1883,#1884,#1885,#1886,#1887,#1888,#1889,
    #1890),.UNSPECIFIED.,.F.,.F.,(7,5,5,7),(0.,0.474422031682,
    0.735858815978,1.),.UNSPECIFIED.);
#1874 = CARTESIAN_POINT('',(39.551725403818,56.235829662261,22.3));
#1875 = CARTESIAN_POINT('',(39.551725403818,56.066145518987,22.3));
#1876 = CARTESIAN_POINT('',(39.558483148254,55.897454915683,22.3));
#1877 = CARTESIAN_POINT('',(39.572937098457,55.730091046566,22.3));
#1878 = CARTESIAN_POINT('',(39.596253709979,55.564800568935,22.3));
#1879 = CARTESIAN_POINT('',(39.629819485014,55.402743473268,22.3));
#1880 = CARTESIAN_POINT('',(39.699971476477,55.158751143347,22.3));
#1881 = CARTESIAN_POINT('',(39.728430742359,55.073530149161,22.3));
#1882 = CARTESIAN_POINT('',(39.760648364636,54.990052449952,22.3));
#1883 = CARTESIAN_POINT('',(39.796838063406,54.90865835269,22.3));
#1884 = CARTESIAN_POINT('',(39.837162071036,54.829726381153,22.3));
#1885 = CARTESIAN_POINT('',(39.926675922547,54.676785839003,22.3));
#1886 = CARTESIAN_POINT('',(39.975960195552,54.602823544871,22.3));
#1887 = CARTESIAN_POINT('',(40.02959562056,54.532196871146,22.3));
#1888 = CARTESIAN_POINT('',(40.087545770482,54.465302339737,22.3));
#1889 = CARTESIAN_POINT('',(40.149652049433,54.40247135615,22.3));
#1890 = CARTESIAN_POINT('',(40.2156020558,54.343942731278,22.3));
#1891 = ORIENTED_EDGE('',*,*,#1892,.F.);
#1892 = EDGE_CURVE('',#1893,#1871,#1895,.T.);
#1893 = VERTEX_POINT('',#1894);
#1894 = CARTESIAN_POINT('',(39.551725403818,60.651982378855,22.3));
#1895 = LINE('',#1896,#1897);
#1896 = CARTESIAN_POINT('',(39.551725403818,26.117914831131,22.3));
#1897 = VECTOR('',#1898,1.);
#1898 = DIRECTION('',(-1.224646799147E-16,-1.,0.));
#1899 = ORIENTED_EDGE('',*,*,#1900,.F.);
#1900 = EDGE_CURVE('',#1901,#1893,#1903,.T.);
#1901 = VERTEX_POINT('',#1902);
#1902 = CARTESIAN_POINT('',(41.4,60.651982378855,22.3));
#1903 = LINE('',#1904,#1905);
#1904 = CARTESIAN_POINT('',(18.275862701909,60.651982378855,22.3));
#1905 = VECTOR('',#1906,1.);
#1906 = DIRECTION('',(-1.,1.224646799147E-16,0.));
#1907 = ORIENTED_EDGE('',*,*,#1908,.F.);
#1908 = EDGE_CURVE('',#1909,#1901,#1911,.T.);
#1909 = VERTEX_POINT('',#1910);
#1910 = CARTESIAN_POINT('',(41.4,56.69456681351,22.3));
#1911 = LINE('',#1912,#1913);
#1912 = CARTESIAN_POINT('',(41.4,28.325991189427,22.3));
#1913 = VECTOR('',#1914,1.);
#1914 = DIRECTION('',(1.224646799147E-16,1.,-0.));
#1915 = ORIENTED_EDGE('',*,*,#1916,.F.);
#1916 = EDGE_CURVE('',#1917,#1909,#1919,.T.);
#1917 = VERTEX_POINT('',#1918);
#1918 = CARTESIAN_POINT('',(42.491923641703,55.230726872247,22.3));
#1919 = B_SPLINE_CURVE_WITH_KNOTS('',6,(#1920,#1921,#1922,#1923,#1924,
    #1925,#1926,#1927,#1928,#1929,#1930,#1931,#1932,#1933,#1934,#1935,
    #1936,#1937,#1938,#1939,#1940,#1941,#1942,#1943,#1944,#1945,#1946,
    #1947,#1948,#1949,#1950,#1951,#1952,#1953,#1954,#1955,#1956),
  .UNSPECIFIED.,.F.,.F.,(7,5,5,5,5,5,5,7),(0.,0.132075839169,
    0.199239431827,0.331472074875,0.455570230584,0.516781085062,
    0.631040761287,1.),.UNSPECIFIED.);
#1920 = CARTESIAN_POINT('',(42.491923641703,55.230726872247,22.3));
#1921 = CARTESIAN_POINT('',(42.445594119364,55.230726872247,22.3));
#1922 = CARTESIAN_POINT('',(42.399470253425,55.232308188156,22.3));
#1923 = CARTESIAN_POINT('',(42.35362581535,55.23559472368,22.3));
#1924 = CARTESIAN_POINT('',(42.308161601102,55.240721144266,22.3));
#1925 = CARTESIAN_POINT('',(42.263202520509,55.247820455621,22.3));
#1926 = CARTESIAN_POINT('',(42.196363137154,55.261685480862,22.3));
#1927 = CARTESIAN_POINT('',(42.174000384004,55.266900013408,22.3));
#1928 = CARTESIAN_POINT('',(42.151826377159,55.272671020681,22.3));
#1929 = CARTESIAN_POINT('',(42.12986231699,55.279012320221,22.3));
#1930 = CARTESIAN_POINT('',(42.108130654268,55.285935706294,22.3));
#1931 = CARTESIAN_POINT('',(42.044373692005,55.308247069105,22.3));
#1932 = CARTESIAN_POINT('',(42.003078076921,55.325339069841,22.3));
#1933 = CARTESIAN_POINT('',(41.962960532544,55.344794511208,22.3));
#1934 = CARTESIAN_POINT('',(41.924207757516,55.366639605137,22.3));
#1935 = CARTESIAN_POINT('',(41.886990756925,55.390841707447,22.3));
#1936 = CARTESIAN_POINT('',(41.818104769526,55.442114793137,22.3));
#1937 = CARTESIAN_POINT('',(41.786228026964,55.468923126081,22.3));
#1938 = CARTESIAN_POINT('',(41.755944920798,55.497628916676,22.3));
#1939 = CARTESIAN_POINT('',(41.727325874072,55.528107701057,22.3));
#1940 = CARTESIAN_POINT('',(41.70040089093,55.560208692782,22.3));
#1941 = CARTESIAN_POINT('',(41.662723671086,55.610316546224,22.3));
#1942 = CARTESIAN_POINT('',(41.650689473504,55.627223240434,22.3));
#1943 = CARTESIAN_POINT('',(41.639065541382,55.644465882606,22.3));
#1944 = CARTESIAN_POINT('',(41.627849138515,55.662025507093,22.3));
#1945 = CARTESIAN_POINT('',(41.617035783774,55.679883415662,22.3));
#1946 = CARTESIAN_POINT('',(41.587175156411,55.731878159437,22.3));
#1947 = CARTESIAN_POINT('',(41.569114473777,55.766709967122,22.3));
#1948 = CARTESIAN_POINT('',(41.55239693198,55.802399594984,22.3));
#1949 = CARTESIAN_POINT('',(41.536968003004,55.838838210829,22.3));
#1950 = CARTESIAN_POINT('',(41.522765523264,55.875929182178,22.3));
#1951 = CARTESIAN_POINT('',(41.46762102821,56.03521053273,22.3));
#1952 = CARTESIAN_POINT('',(41.437714493681,56.16259073534,22.3));
#1953 = CARTESIAN_POINT('',(41.417644333449,56.293413186984,22.3));
#1954 = CARTESIAN_POINT('',(41.405547770102,56.426113450655,22.3));
#1955 = CARTESIAN_POINT('',(41.4,56.559863250641,22.3));
#1956 = CARTESIAN_POINT('',(41.4,56.69456681351,22.3));
#1957 = ORIENTED_EDGE('',*,*,#1958,.F.);
#1958 = EDGE_CURVE('',#1959,#1917,#1961,.T.);
#1959 = VERTEX_POINT('',#1960);
#1960 = CARTESIAN_POINT('',(43.639574155653,55.80778267254,22.3));
#1961 = B_SPLINE_CURVE_WITH_KNOTS('',5,(#1962,#1963,#1964,#1965,#1966,
    #1967,#1968,#1969,#1970,#1971,#1972,#1973,#1974,#1975,#1976,#1977,
    #1978,#1979),.UNSPECIFIED.,.F.,.F.,(6,4,4,4,6),(0.,0.272889930289,
    0.554645999686,0.701323057784,1.),.UNSPECIFIED.);
#1962 = CARTESIAN_POINT('',(43.639574155653,55.80778267254,22.3));
#1963 = CARTESIAN_POINT('',(43.604350108678,55.743579658346,22.3));
#1964 = CARTESIAN_POINT('',(43.564528364423,55.682715854905,22.3));
#1965 = CARTESIAN_POINT('',(43.519990703164,55.625796497104,22.3));
#1966 = CARTESIAN_POINT('',(43.470796651482,55.573357181332,22.3));
#1967 = CARTESIAN_POINT('',(43.362123515509,55.476559940851,22.3));
#1968 = CARTESIAN_POINT('',(43.302342726135,55.432502618226,22.3));
#1969 = CARTESIAN_POINT('',(43.238402641467,55.393936440041,22.3));
#1970 = CARTESIAN_POINT('',(43.17090280459,55.360843837739,22.3));
#1971 = CARTESIAN_POINT('',(43.063833992059,55.31851233538,22.3));
#1972 = CARTESIAN_POINT('',(43.026384173566,55.305441782635,22.3));
#1973 = CARTESIAN_POINT('',(42.988225523223,55.293760421056,22.3));
#1974 = CARTESIAN_POINT('',(42.949439474717,55.283420037521,22.3));
#1975 = CARTESIAN_POINT('',(42.829989793211,55.255931536604,22.3));
#1976 = CARTESIAN_POINT('',(42.747588079525,55.24283531875,22.3));
#1977 = CARTESIAN_POINT('',(42.663490410729,55.234611716561,22.3));
#1978 = CARTESIAN_POINT('',(42.578169758147,55.230726872247,22.3));
#1979 = CARTESIAN_POINT('',(42.491923641703,55.230726872247,22.3));
#1980 = ORIENTED_EDGE('',*,*,#1981,.F.);
#1981 = EDGE_CURVE('',#1982,#1959,#1984,.T.);
#1982 = VERTEX_POINT('',#1983);
#1983 = CARTESIAN_POINT('',(43.955763582966,57.463839941263,22.3));
#1984 = B_SPLINE_CURVE_WITH_KNOTS('',6,(#1985,#1986,#1987,#1988,#1989,
    #1990,#1991,#1992,#1993,#1994,#1995,#1996),.UNSPECIFIED.,.F.,.F.,(7,
    5,7),(0.,0.585914136945,1.),.UNSPECIFIED.);
#1985 = CARTESIAN_POINT('',(43.955763582966,57.463839941263,22.3));
#1986 = CARTESIAN_POINT('',(43.955763582966,57.288507885853,22.3));
#1987 = CARTESIAN_POINT('',(43.950757825184,57.114644138657,22.3));
#1988 = CARTESIAN_POINT('',(43.94005275497,56.942534868214,22.3));
#1989 = CARTESIAN_POINT('',(43.922750565699,56.772801116839,22.3));
#1990 = CARTESIAN_POINT('',(43.897739229519,56.606401406533,22.3));
#1991 = CARTESIAN_POINT('',(43.839409038451,56.330394563742,22.3));
#1992 = CARTESIAN_POINT('',(43.810688410127,56.218494234744,22.3));
#1993 = CARTESIAN_POINT('',(43.776893745309,56.109462131537,22.3));
#1994 = CARTESIAN_POINT('',(43.73746987927,56.004018221496,22.3));
#1995 = CARTESIAN_POINT('',(43.691841865605,55.903106158888,22.3));
#1996 = CARTESIAN_POINT('',(43.639574155653,55.80778267254,22.3));
#1997 = ORIENTED_EDGE('',*,*,#1998,.F.);
#1998 = EDGE_CURVE('',#1999,#1982,#2001,.T.);
#1999 = VERTEX_POINT('',#2000);
#2000 = CARTESIAN_POINT('',(43.955763582966,60.651982378855,22.3));
#2001 = LINE('',#2002,#2003);
#2002 = CARTESIAN_POINT('',(43.955763582966,26.731919970631,22.3));
#2003 = VECTOR('',#2004,1.);
#2004 = DIRECTION('',(-1.224646799147E-16,-1.,0.));
#2005 = ORIENTED_EDGE('',*,*,#2006,.F.);
#2006 = EDGE_CURVE('',#2007,#1999,#2009,.T.);
#2007 = VERTEX_POINT('',#2008);
#2008 = CARTESIAN_POINT('',(45.804038179148,60.651982378855,22.3));
#2009 = LINE('',#2010,#2011);
#2010 = CARTESIAN_POINT('',(20.477881791483,60.651982378855,22.3));
#2011 = VECTOR('',#2012,1.);
#2012 = DIRECTION('',(-1.,1.224646799147E-16,0.));
#2013 = ORIENTED_EDGE('',*,*,#2014,.F.);
#2014 = EDGE_CURVE('',#2015,#2007,#2017,.T.);
#2015 = VERTEX_POINT('',#2016);
#2016 = CARTESIAN_POINT('',(45.804038179148,51.224045521292,22.3));
#2017 = LINE('',#2018,#2019);
#2018 = CARTESIAN_POINT('',(45.804038179148,28.325991189427,22.3));
#2019 = VECTOR('',#2020,1.);
#2020 = DIRECTION('',(1.224646799147E-16,1.,-0.));
#2021 = ORIENTED_EDGE('',*,*,#2022,.F.);
#2022 = EDGE_CURVE('',#2023,#2015,#2025,.T.);
#2023 = VERTEX_POINT('',#2024);
#2024 = CARTESIAN_POINT('',(43.955763582966,51.224045521292,22.3));
#2025 = LINE('',#2026,#2027);
#2026 = CARTESIAN_POINT('',(21.402019089574,51.224045521292,22.3));
#2027 = VECTOR('',#2028,1.);
#2028 = DIRECTION('',(1.,-1.224646799147E-16,0.));
#2029 = ORIENTED_EDGE('',*,*,#2030,.F.);
#2030 = EDGE_CURVE('',#1785,#2023,#2031,.T.);
#2031 = LINE('',#2032,#2033);
#2032 = CARTESIAN_POINT('',(43.955763582966,23.612022760646,22.3));
#2033 = VECTOR('',#2034,1.);
#2034 = DIRECTION('',(-1.224646799147E-16,-1.,0.));
#2035 = FACE_BOUND('',#2036,.T.);
#2036 = EDGE_LOOP('',(#2037,#2047,#2055,#2063));
#2037 = ORIENTED_EDGE('',*,*,#2038,.F.);
#2038 = EDGE_CURVE('',#2039,#2041,#2043,.T.);
#2039 = VERTEX_POINT('',#2040);
#2040 = CARTESIAN_POINT('',(47.729038179148,60.651982378855,22.3));
#2041 = VERTEX_POINT('',#2042);
#2042 = CARTESIAN_POINT('',(47.729038179148,53.878744493392,22.3));
#2043 = LINE('',#2044,#2045);
#2044 = CARTESIAN_POINT('',(47.729038179148,24.939372246696,22.3));
#2045 = VECTOR('',#2046,1.);
#2046 = DIRECTION('',(-1.224646799147E-16,-1.,0.));
#2047 = ORIENTED_EDGE('',*,*,#2048,.F.);
#2048 = EDGE_CURVE('',#2049,#2039,#2051,.T.);
#2049 = VERTEX_POINT('',#2050);
#2050 = CARTESIAN_POINT('',(49.57731277533,60.651982378855,22.3));
#2051 = LINE('',#2052,#2053);
#2052 = CARTESIAN_POINT('',(22.364519089574,60.651982378855,22.3));
#2053 = VECTOR('',#2054,1.);
#2054 = DIRECTION('',(-1.,1.224646799147E-16,0.));
#2055 = ORIENTED_EDGE('',*,*,#2056,.F.);
#2056 = EDGE_CURVE('',#2057,#2049,#2059,.T.);
#2057 = VERTEX_POINT('',#2058);
#2058 = CARTESIAN_POINT('',(49.57731277533,53.878744493392,22.3));
#2059 = LINE('',#2060,#2061);
#2060 = CARTESIAN_POINT('',(49.57731277533,28.325991189427,22.3));
#2061 = VECTOR('',#2062,1.);
#2062 = DIRECTION('',(1.224646799147E-16,1.,-0.));
#2063 = ORIENTED_EDGE('',*,*,#2064,.F.);
#2064 = EDGE_CURVE('',#2041,#2057,#2065,.T.);
#2065 = LINE('',#2066,#2067);
#2066 = CARTESIAN_POINT('',(23.288656387665,53.878744493392,22.3));
#2067 = VECTOR('',#2068,1.);
#2068 = DIRECTION('',(1.,-1.224646799147E-16,0.));
#2069 = FACE_BOUND('',#2070,.T.);
#2070 = EDGE_LOOP('',(#2071,#2081,#2089,#2097,#2107,#2118,#2126,#2141,
    #2149,#2157,#2165));
#2071 = ORIENTED_EDGE('',*,*,#2072,.F.);
#2072 = EDGE_CURVE('',#2073,#2075,#2077,.T.);
#2073 = VERTEX_POINT('',#2074);
#2074 = CARTESIAN_POINT('',(57.600367107195,53.878744493392,22.3));
#2075 = VERTEX_POINT('',#2076);
#2076 = CARTESIAN_POINT('',(55.019970631424,60.651982378855,22.3));
#2077 = LINE('',#2078,#2079);
#2078 = CARTESIAN_POINT('',(62.09752259926,42.074239161875,22.3));
#2079 = VECTOR('',#2080,1.);
#2080 = DIRECTION('',(-0.356009228345,0.934482439286,0.));
#2081 = ORIENTED_EDGE('',*,*,#2082,.F.);
#2082 = EDGE_CURVE('',#2083,#2073,#2085,.T.);
#2083 = VERTEX_POINT('',#2084);
#2084 = CARTESIAN_POINT('',(55.665271659325,53.878744493392,22.3));
#2085 = LINE('',#2086,#2087);
#2086 = CARTESIAN_POINT('',(27.300183553598,53.878744493392,22.3));
#2087 = VECTOR('',#2088,1.);
#2088 = DIRECTION('',(1.,-1.224646799147E-16,0.));
#2089 = ORIENTED_EDGE('',*,*,#2090,.F.);
#2090 = EDGE_CURVE('',#2091,#2083,#2093,.T.);
#2091 = VERTEX_POINT('',#2092);
#2092 = CARTESIAN_POINT('',(54.362555066079,57.736820851689,22.3));
#2093 = LINE('',#2094,#2095);
#2094 = CARTESIAN_POINT('',(61.434791273076,36.79195268007,22.3));
#2095 = VECTOR('',#2096,1.);
#2096 = DIRECTION('',(0.319914406755,-0.947446448276,0.));
#2097 = ORIENTED_EDGE('',*,*,#2098,.F.);
#2098 = EDGE_CURVE('',#2099,#2091,#2101,.T.);
#2099 = VERTEX_POINT('',#2100);
#2100 = CARTESIAN_POINT('',(54.182856093979,58.456424375918,22.3));
#2101 = B_SPLINE_CURVE_WITH_KNOTS('',4,(#2102,#2103,#2104,#2105,#2106),
  .UNSPECIFIED.,.F.,.F.,(5,5),(0.,1.),.PIECEWISE_BEZIER_KNOTS.);
#2102 = CARTESIAN_POINT('',(54.182856093979,58.456424375918,22.3));
#2103 = CARTESIAN_POINT('',(54.216737187224,58.271581961886,22.3));
#2104 = CARTESIAN_POINT('',(54.257899535315,58.08986157726,22.3));
#2105 = CARTESIAN_POINT('',(54.306487006063,57.911525676377,22.3));
#2106 = CARTESIAN_POINT('',(54.362555066079,57.736820851689,22.3));
#2107 = ORIENTED_EDGE('',*,*,#2108,.F.);
#2108 = EDGE_CURVE('',#2109,#2099,#2111,.T.);
#2109 = VERTEX_POINT('',#2110);
#2110 = CARTESIAN_POINT('',(54.102092511013,59.125954478708,22.3));
#2111 = B_SPLINE_CURVE_WITH_KNOTS('',5,(#2112,#2113,#2114,#2115,#2116,
    #2117),.UNSPECIFIED.,.F.,.F.,(6,6),(0.,1.),
  .PIECEWISE_BEZIER_KNOTS.);
#2112 = CARTESIAN_POINT('',(54.102092511013,59.125954478708,22.3));
#2113 = CARTESIAN_POINT('',(54.107285062771,59.002505748207,22.3));
#2114 = CARTESIAN_POINT('',(54.118379557504,58.873224027903,22.3));
#2115 = CARTESIAN_POINT('',(54.134953099985,58.738744355179,22.3));
#2116 = CARTESIAN_POINT('',(54.156574746939,58.59964994174,22.3));
#2117 = CARTESIAN_POINT('',(54.182856093979,58.456424375918,22.3));
#2118 = ORIENTED_EDGE('',*,*,#2119,.F.);
#2119 = EDGE_CURVE('',#2120,#2109,#2122,.T.);
#2120 = VERTEX_POINT('',#2121);
#2121 = CARTESIAN_POINT('',(54.052422907489,59.125954478708,22.3));
#2122 = LINE('',#2123,#2124);
#2123 = CARTESIAN_POINT('',(25.551046255507,59.125954478708,22.3));
#2124 = VECTOR('',#2125,1.);
#2125 = DIRECTION('',(1.,-1.224646799147E-16,0.));
#2126 = ORIENTED_EDGE('',*,*,#2127,.F.);
#2127 = EDGE_CURVE('',#2128,#2120,#2130,.T.);
#2128 = VERTEX_POINT('',#2129);
#2129 = CARTESIAN_POINT('',(53.779441997063,57.736820851689,22.3));
#2130 = B_SPLINE_CURVE_WITH_KNOTS('',5,(#2131,#2132,#2133,#2134,#2135,
    #2136,#2137,#2138,#2139,#2140),.UNSPECIFIED.,.F.,.F.,(6,4,6),(0.,
    0.51024969369,1.),.UNSPECIFIED.);
#2131 = CARTESIAN_POINT('',(53.779441997063,57.736820851689,22.3));
#2132 = CARTESIAN_POINT('',(53.825504305989,57.877373992965,22.3));
#2133 = CARTESIAN_POINT('',(53.867395325242,58.018460213569,22.3));
#2134 = CARTESIAN_POINT('',(53.904873027698,58.159992149582,22.3));
#2135 = CARTESIAN_POINT('',(53.937687425635,58.301855239834,22.3));
#2136 = CARTESIAN_POINT('',(53.992395209903,58.580249881674,22.3));
#2137 = CARTESIAN_POINT('',(54.014674427355,58.716766838507,22.3));
#2138 = CARTESIAN_POINT('',(54.032230642246,58.85332851803,22.3));
#2139 = CARTESIAN_POINT('',(54.044866944123,58.98978287804,22.3));
#2140 = CARTESIAN_POINT('',(54.052422907489,59.125954478708,22.3));
#2141 = ORIENTED_EDGE('',*,*,#2142,.F.);
#2142 = EDGE_CURVE('',#2143,#2128,#2145,.T.);
#2143 = VERTEX_POINT('',#2144);
#2144 = CARTESIAN_POINT('',(52.477129221733,53.878744493392,22.3));
#2145 = LINE('',#2146,#2147);
#2146 = CARTESIAN_POINT('',(41.521543428679,21.423033899026,22.3));
#2147 = VECTOR('',#2148,1.);
#2148 = DIRECTION('',(0.319825384325,0.947476502897,-0.));
#2149 = ORIENTED_EDGE('',*,*,#2150,.F.);
#2150 = EDGE_CURVE('',#2151,#2143,#2153,.T.);
#2151 = VERTEX_POINT('',#2152);
#2152 = CARTESIAN_POINT('',(50.541629955947,53.878744493392,22.3));
#2153 = LINE('',#2154,#2155);
#2154 = CARTESIAN_POINT('',(24.738564610866,53.878744493392,22.3));
#2155 = VECTOR('',#2156,1.);
#2156 = DIRECTION('',(1.,-1.224646799147E-16,0.));
#2157 = ORIENTED_EDGE('',*,*,#2158,.F.);
#2158 = EDGE_CURVE('',#2159,#2151,#2161,.T.);
#2159 = VERTEX_POINT('',#2160);
#2160 = CARTESIAN_POINT('',(53.122026431718,60.651982378855,22.3));
#2161 = LINE('',#2162,#2163);
#2162 = CARTESIAN_POINT('',(37.520951161575,19.700990906851,22.3));
#2163 = VECTOR('',#2164,1.);
#2164 = DIRECTION('',(-0.356009228345,-0.934482439286,0.));
#2165 = ORIENTED_EDGE('',*,*,#2166,.F.);
#2166 = EDGE_CURVE('',#2075,#2159,#2167,.T.);
#2167 = LINE('',#2168,#2169);
#2168 = CARTESIAN_POINT('',(25.061013215859,60.651982378855,22.3));
#2169 = VECTOR('',#2170,1.);
#2170 = DIRECTION('',(-1.,1.224646799147E-16,0.));
#2171 = FACE_BOUND('',#2172,.T.);
#2172 = EDGE_LOOP('',(#2173,#2183,#2191,#2199,#2207,#2215,#2223,#2231,
    #2239,#2249,#2259,#2267,#2275,#2283));
#2173 = ORIENTED_EDGE('',*,*,#2174,.F.);
#2174 = EDGE_CURVE('',#2175,#2177,#2179,.T.);
#2175 = VERTEX_POINT('',#2176);
#2176 = CARTESIAN_POINT('',(59.74140969163,60.651982378855,22.3));
#2177 = VERTEX_POINT('',#2178);
#2178 = CARTESIAN_POINT('',(57.607635829662,60.651982378855,22.3));
#2179 = LINE('',#2180,#2181);
#2180 = CARTESIAN_POINT('',(27.303817914831,60.651982378855,22.3));
#2181 = VECTOR('',#2182,1.);
#2182 = DIRECTION('',(-1.,1.224646799147E-16,0.));
#2183 = ORIENTED_EDGE('',*,*,#2184,.F.);
#2184 = EDGE_CURVE('',#2185,#2175,#2187,.T.);
#2185 = VERTEX_POINT('',#2186);
#2186 = CARTESIAN_POINT('',(62.06093979442,56.917878120411,22.3));
#2187 = LINE('',#2188,#2189);
#2188 = CARTESIAN_POINT('',(65.496294976931,51.387458661379,22.3));
#2189 = VECTOR('',#2190,1.);
#2190 = DIRECTION('',(-0.527660102352,0.849455600009,0.));
#2191 = ORIENTED_EDGE('',*,*,#2192,.F.);
#2192 = EDGE_CURVE('',#2193,#2185,#2195,.T.);
#2193 = VERTEX_POINT('',#2194);
#2194 = CARTESIAN_POINT('',(62.854845814978,57.488472834068,22.3));
#2195 = LINE('',#2196,#2197);
#2196 = CARTESIAN_POINT('',(26.175770439012,31.126553451443,22.3));
#2197 = VECTOR('',#2198,1.);
#2198 = DIRECTION('',(-0.81202760531,-0.583619026604,0.));
#2199 = ORIENTED_EDGE('',*,*,#2200,.F.);
#2200 = EDGE_CURVE('',#2201,#2193,#2203,.T.);
#2201 = VERTEX_POINT('',#2202);
#2202 = CARTESIAN_POINT('',(62.854845814978,60.651982378855,22.3));
#2203 = LINE('',#2204,#2205);
#2204 = CARTESIAN_POINT('',(62.854845814978,26.744236417034,22.3));
#2205 = VECTOR('',#2206,1.);
#2206 = DIRECTION('',(-1.224646799147E-16,-1.,0.));
#2207 = ORIENTED_EDGE('',*,*,#2208,.F.);
#2208 = EDGE_CURVE('',#2209,#2201,#2211,.T.);
#2209 = VERTEX_POINT('',#2210);
#2210 = CARTESIAN_POINT('',(64.72815712188,60.651982378855,22.3));
#2211 = LINE('',#2212,#2213);
#2212 = CARTESIAN_POINT('',(29.927422907489,60.651982378855,22.3));
#2213 = VECTOR('',#2214,1.);
#2214 = DIRECTION('',(-1.,1.224646799147E-16,0.));
#2215 = ORIENTED_EDGE('',*,*,#2216,.F.);
#2216 = EDGE_CURVE('',#2217,#2209,#2219,.T.);
#2217 = VERTEX_POINT('',#2218);
#2218 = CARTESIAN_POINT('',(64.72815712188,51.794640234949,22.3));
#2219 = LINE('',#2220,#2221);
#2220 = CARTESIAN_POINT('',(64.72815712188,28.325991189427,22.3));
#2221 = VECTOR('',#2222,1.);
#2222 = DIRECTION('',(1.224646799147E-16,1.,-0.));
#2223 = ORIENTED_EDGE('',*,*,#2224,.F.);
#2224 = EDGE_CURVE('',#2225,#2217,#2227,.T.);
#2225 = VERTEX_POINT('',#2226);
#2226 = CARTESIAN_POINT('',(62.854845814978,51.794640234949,22.3));
#2227 = LINE('',#2228,#2229);
#2228 = CARTESIAN_POINT('',(30.86407856094,51.794640234949,22.3));
#2229 = VECTOR('',#2230,1.);
#2230 = DIRECTION('',(1.,-1.224646799147E-16,0.));
#2231 = ORIENTED_EDGE('',*,*,#2232,.F.);
#2232 = EDGE_CURVE('',#2233,#2225,#2235,.T.);
#2233 = VERTEX_POINT('',#2234);
#2234 = CARTESIAN_POINT('',(62.854845814978,55.850991189427,22.3));
#2235 = LINE('',#2236,#2237);
#2236 = CARTESIAN_POINT('',(62.854845814978,23.897320117474,22.3));
#2237 = VECTOR('',#2238,1.);
#2238 = DIRECTION('',(-1.224646799147E-16,-1.,0.));
#2239 = ORIENTED_EDGE('',*,*,#2240,.F.);
#2240 = EDGE_CURVE('',#2241,#2233,#2243,.T.);
#2241 = VERTEX_POINT('',#2242);
#2242 = CARTESIAN_POINT('',(62.482929515419,55.330066079295,22.3));
#2243 = B_SPLINE_CURVE_WITH_KNOTS('',4,(#2244,#2245,#2246,#2247,#2248),
  .UNSPECIFIED.,.F.,.F.,(5,5),(0.,1.),.PIECEWISE_BEZIER_KNOTS.);
#2244 = CARTESIAN_POINT('',(62.482929515419,55.330066079295,22.3));
#2245 = CARTESIAN_POINT('',(62.57599962595,55.460283479063,22.3));
#2246 = CARTESIAN_POINT('',(62.669009063302,55.590510134738,22.3));
#2247 = CARTESIAN_POINT('',(62.761957801597,55.720746040231,22.3));
#2248 = CARTESIAN_POINT('',(62.854845814978,55.850991189427,22.3));
#2249 = ORIENTED_EDGE('',*,*,#2250,.F.);
#2250 = EDGE_CURVE('',#2251,#2241,#2253,.T.);
#2251 = VERTEX_POINT('',#2252);
#2252 = CARTESIAN_POINT('',(62.110609397944,54.809140969163,22.3));
#2253 = B_SPLINE_CURVE_WITH_KNOTS('',4,(#2254,#2255,#2256,#2257,#2258),
  .UNSPECIFIED.,.F.,.F.,(5,5),(0.,1.),.PIECEWISE_BEZIER_KNOTS.);
#2254 = CARTESIAN_POINT('',(62.110609397944,54.809140969163,22.3));
#2255 = CARTESIAN_POINT('',(62.203689427313,54.939372246696,22.3));
#2256 = CARTESIAN_POINT('',(62.296769456681,55.069603524229,22.3));
#2257 = CARTESIAN_POINT('',(62.38984948605,55.199834801762,22.3));
#2258 = CARTESIAN_POINT('',(62.482929515419,55.330066079295,22.3));
#2259 = ORIENTED_EDGE('',*,*,#2260,.F.);
#2260 = EDGE_CURVE('',#2261,#2251,#2263,.T.);
#2261 = VERTEX_POINT('',#2262);
#2262 = CARTESIAN_POINT('',(59.71637298091,51.794640234949,22.3));
#2263 = LINE('',#2264,#2265);
#2264 = CARTESIAN_POINT('',(35.197277929912,20.923490874904,22.3));
#2265 = VECTOR('',#2266,1.);
#2266 = DIRECTION('',(0.621940795751,0.783064267209,-0.));
#2267 = ORIENTED_EDGE('',*,*,#2268,.F.);
#2268 = EDGE_CURVE('',#2269,#2261,#2271,.T.);
#2269 = VERTEX_POINT('',#2270);
#2270 = CARTESIAN_POINT('',(57.632268722467,51.794640234949,22.3));
#2271 = LINE('',#2272,#2273);
#2272 = CARTESIAN_POINT('',(28.358186490455,51.794640234949,22.3));
#2273 = VECTOR('',#2274,1.);
#2274 = DIRECTION('',(1.,-1.224646799147E-16,0.));
#2275 = ORIENTED_EDGE('',*,*,#2276,.F.);
#2276 = EDGE_CURVE('',#2277,#2269,#2279,.T.);
#2277 = VERTEX_POINT('',#2278);
#2278 = CARTESIAN_POINT('',(60.721475770925,55.714500734214,22.3));
#2279 = LINE('',#2280,#2281);
#2280 = CARTESIAN_POINT('',(32.454971952046,19.847448110704,22.3));
#2281 = VECTOR('',#2282,1.);
#2282 = DIRECTION('',(-0.618975091566,-0.785410616188,0.));
#2283 = ORIENTED_EDGE('',*,*,#2284,.F.);
#2284 = EDGE_CURVE('',#2177,#2277,#2285,.T.);
#2285 = LINE('',#2286,#2287);
#2286 = CARTESIAN_POINT('',(65.12707064257,48.728739030725,22.3));
#2287 = VECTOR('',#2288,1.);
#2288 = DIRECTION('',(0.533433284243,-0.845842143229,0.));
#2289 = PLANE('',#2290);
#2290 = AXIS2_PLACEMENT_3D('',#2291,#2292,#2293);
#2291 = CARTESIAN_POINT('',(-3.,-4.,22.3));
#2292 = DIRECTION('',(0.,0.,1.));
#2293 = DIRECTION('',(1.,0.,-0.));
#2294 = ADVANCED_FACE('',(#2295),#2306,.T.);
#2295 = FACE_BOUND('',#2296,.F.);
#2296 = EDGE_LOOP('',(#2297,#2298,#2299,#2305));
#2297 = ORIENTED_EDGE('',*,*,#103,.F.);
#2298 = ORIENTED_EDGE('',*,*,#841,.T.);
#2299 = ORIENTED_EDGE('',*,*,#2300,.T.);
#2300 = EDGE_CURVE('',#834,#942,#2301,.T.);
#2301 = LINE('',#2302,#2303);
#2302 = CARTESIAN_POINT('',(1.,65.5,21.5));
#2303 = VECTOR('',#2304,1.);
#2304 = DIRECTION('',(4.329780281177E-17,-0.707106781187,0.707106781187)
  );
#2305 = ORIENTED_EDGE('',*,*,#949,.F.);
#2306 = CONICAL_SURFACE('',#2307,4.,0.785398163397);
#2307 = AXIS2_PLACEMENT_3D('',#2308,#2309,#2310);
#2308 = CARTESIAN_POINT('',(1.,61.5,21.5));
#2309 = DIRECTION('',(-0.,-0.,-1.));
#2310 = DIRECTION('',(-1.,0.,0.));
#2311 = ADVANCED_FACE('',(#2312),#2330,.T.);
#2312 = FACE_BOUND('',#2313,.T.);
#2313 = EDGE_LOOP('',(#2314,#2315,#2323,#2329));
#2314 = ORIENTED_EDGE('',*,*,#833,.T.);
#2315 = ORIENTED_EDGE('',*,*,#2316,.T.);
#2316 = EDGE_CURVE('',#834,#2317,#2319,.T.);
#2317 = VERTEX_POINT('',#2318);
#2318 = CARTESIAN_POINT('',(84.,65.5,21.5));
#2319 = LINE('',#2320,#2321);
#2320 = CARTESIAN_POINT('',(1.,65.5,21.5));
#2321 = VECTOR('',#2322,1.);
#2322 = DIRECTION('',(1.,0.,-0.));
#2323 = ORIENTED_EDGE('',*,*,#2324,.F.);
#2324 = EDGE_CURVE('',#153,#2317,#2325,.T.);
#2325 = LINE('',#2326,#2327);
#2326 = CARTESIAN_POINT('',(84.,65.5,20.3));
#2327 = VECTOR('',#2328,1.);
#2328 = DIRECTION('',(0.,0.,1.));
#2329 = ORIENTED_EDGE('',*,*,#161,.F.);
#2330 = PLANE('',#2331);
#2331 = AXIS2_PLACEMENT_3D('',#2332,#2333,#2334);
#2332 = CARTESIAN_POINT('',(-3.,65.5,20.3));
#2333 = DIRECTION('',(-0.,1.,0.));
#2334 = DIRECTION('',(0.,0.,1.));
#2335 = ADVANCED_FACE('',(#2336),#2355,.T.);
#2336 = FACE_BOUND('',#2337,.F.);
#2337 = EDGE_LOOP('',(#2338,#2346,#2347,#2348));
#2338 = ORIENTED_EDGE('',*,*,#2339,.F.);
#2339 = EDGE_CURVE('',#136,#2340,#2342,.T.);
#2340 = VERTEX_POINT('',#2341);
#2341 = CARTESIAN_POINT('',(88.,0.,21.5));
#2342 = LINE('',#2343,#2344);
#2343 = CARTESIAN_POINT('',(88.,-8.881784197001E-16,20.3));
#2344 = VECTOR('',#2345,1.);
#2345 = DIRECTION('',(0.,0.,1.));
#2346 = ORIENTED_EDGE('',*,*,#135,.T.);
#2347 = ORIENTED_EDGE('',*,*,#890,.T.);
#2348 = ORIENTED_EDGE('',*,*,#2349,.F.);
#2349 = EDGE_CURVE('',#2340,#883,#2350,.T.);
#2350 = CIRCLE('',#2351,4.);
#2351 = AXIS2_PLACEMENT_3D('',#2352,#2353,#2354);
#2352 = CARTESIAN_POINT('',(84.,-8.881784197001E-16,21.5));
#2353 = DIRECTION('',(0.,-0.,-1.));
#2354 = DIRECTION('',(1.,1.836970198721E-16,-0.));
#2355 = CYLINDRICAL_SURFACE('',#2356,4.);
#2356 = AXIS2_PLACEMENT_3D('',#2357,#2358,#2359);
#2357 = CARTESIAN_POINT('',(84.,-8.881784197001E-16,20.3));
#2358 = DIRECTION('',(0.,0.,1.));
#2359 = DIRECTION('',(1.,0.,-0.));
#2360 = ADVANCED_FACE('',(#2361),#2380,.T.);
#2361 = FACE_BOUND('',#2362,.T.);
#2362 = EDGE_LOOP('',(#2363,#2371,#2372,#2373));
#2363 = ORIENTED_EDGE('',*,*,#2364,.F.);
#2364 = EDGE_CURVE('',#145,#2365,#2367,.T.);
#2365 = VERTEX_POINT('',#2366);
#2366 = CARTESIAN_POINT('',(88.,61.5,21.5));
#2367 = LINE('',#2368,#2369);
#2368 = CARTESIAN_POINT('',(88.,61.5,20.3));
#2369 = VECTOR('',#2370,1.);
#2370 = DIRECTION('',(0.,0.,1.));
#2371 = ORIENTED_EDGE('',*,*,#152,.T.);
#2372 = ORIENTED_EDGE('',*,*,#2324,.T.);
#2373 = ORIENTED_EDGE('',*,*,#2374,.T.);
#2374 = EDGE_CURVE('',#2317,#2365,#2375,.T.);
#2375 = CIRCLE('',#2376,4.);
#2376 = AXIS2_PLACEMENT_3D('',#2377,#2378,#2379);
#2377 = CARTESIAN_POINT('',(84.,61.5,21.5));
#2378 = DIRECTION('',(0.,-0.,-1.));
#2379 = DIRECTION('',(0.,1.,-0.));
#2380 = CYLINDRICAL_SURFACE('',#2381,4.);
#2381 = AXIS2_PLACEMENT_3D('',#2382,#2383,#2384);
#2382 = CARTESIAN_POINT('',(84.,61.5,20.3));
#2383 = DIRECTION('',(0.,0.,1.));
#2384 = DIRECTION('',(1.,0.,-0.));
#2385 = ADVANCED_FACE('',(#2386),#2397,.T.);
#2386 = FACE_BOUND('',#2387,.T.);
#2387 = EDGE_LOOP('',(#2388,#2389,#2390,#2391));
#2388 = ORIENTED_EDGE('',*,*,#2339,.F.);
#2389 = ORIENTED_EDGE('',*,*,#144,.T.);
#2390 = ORIENTED_EDGE('',*,*,#2364,.T.);
#2391 = ORIENTED_EDGE('',*,*,#2392,.T.);
#2392 = EDGE_CURVE('',#2365,#2340,#2393,.T.);
#2393 = LINE('',#2394,#2395);
#2394 = CARTESIAN_POINT('',(88.,61.5,21.5));
#2395 = VECTOR('',#2396,1.);
#2396 = DIRECTION('',(0.,-1.,-0.));
#2397 = PLANE('',#2398);
#2398 = AXIS2_PLACEMENT_3D('',#2399,#2400,#2401);
#2399 = CARTESIAN_POINT('',(88.,-4.,20.3));
#2400 = DIRECTION('',(1.,0.,-0.));
#2401 = DIRECTION('',(0.,0.,1.));
#2402 = ADVANCED_FACE('',(#2403),#2422,.T.);
#2403 = FACE_BOUND('',#2404,.T.);
#2404 = EDGE_LOOP('',(#2405,#2406,#2414,#2421));
#2405 = ORIENTED_EDGE('',*,*,#178,.F.);
#2406 = ORIENTED_EDGE('',*,*,#2407,.F.);
#2407 = EDGE_CURVE('',#2408,#179,#2410,.T.);
#2408 = VERTEX_POINT('',#2409);
#2409 = CARTESIAN_POINT('',(5.9,3.5,1.8));
#2410 = LINE('',#2411,#2412);
#2411 = CARTESIAN_POINT('',(5.9,3.5,1.8));
#2412 = VECTOR('',#2413,1.);
#2413 = DIRECTION('',(0.,0.,1.));
#2414 = ORIENTED_EDGE('',*,*,#2415,.T.);
#2415 = EDGE_CURVE('',#2408,#2408,#2416,.T.);
#2416 = CIRCLE('',#2417,2.4);
#2417 = AXIS2_PLACEMENT_3D('',#2418,#2419,#2420);
#2418 = CARTESIAN_POINT('',(3.5,3.5,1.8));
#2419 = DIRECTION('',(0.,0.,1.));
#2420 = DIRECTION('',(1.,0.,-0.));
#2421 = ORIENTED_EDGE('',*,*,#2407,.T.);
#2422 = CYLINDRICAL_SURFACE('',#2423,2.4);
#2423 = AXIS2_PLACEMENT_3D('',#2424,#2425,#2426);
#2424 = CARTESIAN_POINT('',(3.5,3.5,1.8));
#2425 = DIRECTION('',(0.,0.,1.));
#2426 = DIRECTION('',(1.,0.,-0.));
#2427 = ADVANCED_FACE('',(#2428),#2447,.F.);
#2428 = FACE_BOUND('',#2429,.F.);
#2429 = EDGE_LOOP('',(#2430,#2438,#2445,#2446));
#2430 = ORIENTED_EDGE('',*,*,#2431,.T.);
#2431 = EDGE_CURVE('',#190,#2432,#2434,.T.);
#2432 = VERTEX_POINT('',#2433);
#2433 = CARTESIAN_POINT('',(27.25,11.3,21.25));
#2434 = LINE('',#2435,#2436);
#2435 = CARTESIAN_POINT('',(27.25,11.3,20.1));
#2436 = VECTOR('',#2437,1.);
#2437 = DIRECTION('',(0.,0.,1.));
#2438 = ORIENTED_EDGE('',*,*,#2439,.F.);
#2439 = EDGE_CURVE('',#2432,#2432,#2440,.T.);
#2440 = CIRCLE('',#2441,4.85);
#2441 = AXIS2_PLACEMENT_3D('',#2442,#2443,#2444);
#2442 = CARTESIAN_POINT('',(22.4,11.3,21.25));
#2443 = DIRECTION('',(0.,0.,1.));
#2444 = DIRECTION('',(1.,0.,-0.));
#2445 = ORIENTED_EDGE('',*,*,#2431,.F.);
#2446 = ORIENTED_EDGE('',*,*,#189,.T.);
#2447 = CYLINDRICAL_SURFACE('',#2448,4.85);
#2448 = AXIS2_PLACEMENT_3D('',#2449,#2450,#2451);
#2449 = CARTESIAN_POINT('',(22.4,11.3,20.1));
#2450 = DIRECTION('',(0.,0.,1.));
#2451 = DIRECTION('',(1.,0.,-0.));
#2452 = ADVANCED_FACE('',(#2453),#2472,.T.);
#2453 = FACE_BOUND('',#2454,.T.);
#2454 = EDGE_LOOP('',(#2455,#2456,#2464,#2471));
#2455 = ORIENTED_EDGE('',*,*,#200,.F.);
#2456 = ORIENTED_EDGE('',*,*,#2457,.F.);
#2457 = EDGE_CURVE('',#2458,#201,#2460,.T.);
#2458 = VERTEX_POINT('',#2459);
#2459 = CARTESIAN_POINT('',(12.1,21.8,14.89));
#2460 = LINE('',#2461,#2462);
#2461 = CARTESIAN_POINT('',(12.1,21.8,14.89));
#2462 = VECTOR('',#2463,1.);
#2463 = DIRECTION('',(0.,0.,1.));
#2464 = ORIENTED_EDGE('',*,*,#2465,.T.);
#2465 = EDGE_CURVE('',#2458,#2458,#2466,.T.);
#2466 = CIRCLE('',#2467,2.1);
#2467 = AXIS2_PLACEMENT_3D('',#2468,#2469,#2470);
#2468 = CARTESIAN_POINT('',(10.,21.8,14.89));
#2469 = DIRECTION('',(0.,0.,1.));
#2470 = DIRECTION('',(1.,0.,-0.));
#2471 = ORIENTED_EDGE('',*,*,#2457,.T.);
#2472 = CYLINDRICAL_SURFACE('',#2473,2.1);
#2473 = AXIS2_PLACEMENT_3D('',#2474,#2475,#2476);
#2474 = CARTESIAN_POINT('',(10.,21.8,14.89));
#2475 = DIRECTION('',(0.,0.,1.));
#2476 = DIRECTION('',(1.,0.,-0.));
#2477 = ADVANCED_FACE('',(#2478),#2497,.T.);
#2478 = FACE_BOUND('',#2479,.T.);
#2479 = EDGE_LOOP('',(#2480,#2481,#2489,#2496));
#2480 = ORIENTED_EDGE('',*,*,#211,.F.);
#2481 = ORIENTED_EDGE('',*,*,#2482,.F.);
#2482 = EDGE_CURVE('',#2483,#212,#2485,.T.);
#2483 = VERTEX_POINT('',#2484);
#2484 = CARTESIAN_POINT('',(24.6,21.8,14.89));
#2485 = LINE('',#2486,#2487);
#2486 = CARTESIAN_POINT('',(24.6,21.8,14.89));
#2487 = VECTOR('',#2488,1.);
#2488 = DIRECTION('',(0.,0.,1.));
#2489 = ORIENTED_EDGE('',*,*,#2490,.T.);
#2490 = EDGE_CURVE('',#2483,#2483,#2491,.T.);
#2491 = CIRCLE('',#2492,2.1);
#2492 = AXIS2_PLACEMENT_3D('',#2493,#2494,#2495);
#2493 = CARTESIAN_POINT('',(22.5,21.8,14.89));
#2494 = DIRECTION('',(0.,0.,1.));
#2495 = DIRECTION('',(1.,0.,-0.));
#2496 = ORIENTED_EDGE('',*,*,#2482,.T.);
#2497 = CYLINDRICAL_SURFACE('',#2498,2.1);
#2498 = AXIS2_PLACEMENT_3D('',#2499,#2500,#2501);
#2499 = CARTESIAN_POINT('',(22.5,21.8,14.89));
#2500 = DIRECTION('',(0.,0.,1.));
#2501 = DIRECTION('',(1.,0.,-0.));
#2502 = ADVANCED_FACE('',(#2503),#2522,.T.);
#2503 = FACE_BOUND('',#2504,.T.);
#2504 = EDGE_LOOP('',(#2505,#2506,#2514,#2521));
#2505 = ORIENTED_EDGE('',*,*,#222,.F.);
#2506 = ORIENTED_EDGE('',*,*,#2507,.F.);
#2507 = EDGE_CURVE('',#2508,#223,#2510,.T.);
#2508 = VERTEX_POINT('',#2509);
#2509 = CARTESIAN_POINT('',(25.,27.,17.3));
#2510 = LINE('',#2511,#2512);
#2511 = CARTESIAN_POINT('',(25.,27.,17.3));
#2512 = VECTOR('',#2513,1.);
#2513 = DIRECTION('',(0.,0.,1.));
#2514 = ORIENTED_EDGE('',*,*,#2515,.T.);
#2515 = EDGE_CURVE('',#2508,#2508,#2516,.T.);
#2516 = CIRCLE('',#2517,2.);
#2517 = AXIS2_PLACEMENT_3D('',#2518,#2519,#2520);
#2518 = CARTESIAN_POINT('',(23.,27.,17.3));
#2519 = DIRECTION('',(0.,0.,1.));
#2520 = DIRECTION('',(1.,0.,-0.));
#2521 = ORIENTED_EDGE('',*,*,#2507,.T.);
#2522 = CYLINDRICAL_SURFACE('',#2523,2.);
#2523 = AXIS2_PLACEMENT_3D('',#2524,#2525,#2526);
#2524 = CARTESIAN_POINT('',(23.,27.,17.3));
#2525 = DIRECTION('',(0.,0.,1.));
#2526 = DIRECTION('',(1.,0.,-0.));
#2527 = ADVANCED_FACE('',(#2528),#2544,.F.);
#2528 = FACE_BOUND('',#2529,.F.);
#2529 = EDGE_LOOP('',(#2530,#2531,#2537,#2538));
#2530 = ORIENTED_EDGE('',*,*,#233,.T.);
#2531 = ORIENTED_EDGE('',*,*,#2532,.T.);
#2532 = EDGE_CURVE('',#236,#972,#2533,.T.);
#2533 = LINE('',#2534,#2535);
#2534 = CARTESIAN_POINT('',(39.464518543558,28.1,20.2));
#2535 = VECTOR('',#2536,1.);
#2536 = DIRECTION('',(0.,0.,1.));
#2537 = ORIENTED_EDGE('',*,*,#969,.F.);
#2538 = ORIENTED_EDGE('',*,*,#2539,.F.);
#2539 = EDGE_CURVE('',#234,#970,#2540,.T.);
#2540 = LINE('',#2541,#2542);
#2541 = CARTESIAN_POINT('',(35.551470164435,26.3,20.2));
#2542 = VECTOR('',#2543,1.);
#2543 = DIRECTION('',(0.,0.,1.));
#2544 = CYLINDRICAL_SURFACE('',#2545,11.);
#2545 = AXIS2_PLACEMENT_3D('',#2546,#2547,#2548);
#2546 = CARTESIAN_POINT('',(33.,37.,20.2));
#2547 = DIRECTION('',(0.,0.,1.));
#2548 = DIRECTION('',(1.,0.,-0.));
#2549 = ADVANCED_FACE('',(#2550),#2561,.F.);
#2550 = FACE_BOUND('',#2551,.F.);
#2551 = EDGE_LOOP('',(#2552,#2553,#2559,#2560));
#2552 = ORIENTED_EDGE('',*,*,#261,.T.);
#2553 = ORIENTED_EDGE('',*,*,#2554,.T.);
#2554 = EDGE_CURVE('',#253,#989,#2555,.T.);
#2555 = LINE('',#2556,#2557);
#2556 = CARTESIAN_POINT('',(26.535481456442,28.1,20.2));
#2557 = VECTOR('',#2558,1.);
#2558 = DIRECTION('',(0.,0.,1.));
#2559 = ORIENTED_EDGE('',*,*,#997,.F.);
#2560 = ORIENTED_EDGE('',*,*,#2532,.F.);
#2561 = PLANE('',#2562);
#2562 = AXIS2_PLACEMENT_3D('',#2563,#2564,#2565);
#2563 = CARTESIAN_POINT('',(22.,28.1,20.2));
#2564 = DIRECTION('',(-0.,1.,0.));
#2565 = DIRECTION('',(0.,0.,1.));
#2566 = ADVANCED_FACE('',(#2567),#2578,.F.);
#2567 = FACE_BOUND('',#2568,.F.);
#2568 = EDGE_LOOP('',(#2569,#2570,#2576,#2577));
#2569 = ORIENTED_EDGE('',*,*,#252,.T.);
#2570 = ORIENTED_EDGE('',*,*,#2571,.T.);
#2571 = EDGE_CURVE('',#245,#981,#2572,.T.);
#2572 = LINE('',#2573,#2574);
#2573 = CARTESIAN_POINT('',(30.448529835565,26.3,20.2));
#2574 = VECTOR('',#2575,1.);
#2575 = DIRECTION('',(0.,0.,1.));
#2576 = ORIENTED_EDGE('',*,*,#988,.F.);
#2577 = ORIENTED_EDGE('',*,*,#2554,.F.);
#2578 = CYLINDRICAL_SURFACE('',#2579,11.);
#2579 = AXIS2_PLACEMENT_3D('',#2580,#2581,#2582);
#2580 = CARTESIAN_POINT('',(33.,37.,20.2));
#2581 = DIRECTION('',(0.,0.,1.));
#2582 = DIRECTION('',(1.,0.,-0.));
#2583 = ADVANCED_FACE('',(#2584),#2590,.T.);
#2584 = FACE_BOUND('',#2585,.T.);
#2585 = EDGE_LOOP('',(#2586,#2587,#2588,#2589));
#2586 = ORIENTED_EDGE('',*,*,#244,.T.);
#2587 = ORIENTED_EDGE('',*,*,#2571,.T.);
#2588 = ORIENTED_EDGE('',*,*,#980,.F.);
#2589 = ORIENTED_EDGE('',*,*,#2539,.F.);
#2590 = PLANE('',#2591);
#2591 = AXIS2_PLACEMENT_3D('',#2592,#2593,#2594);
#2592 = CARTESIAN_POINT('',(22.,26.3,20.2));
#2593 = DIRECTION('',(-0.,1.,0.));
#2594 = DIRECTION('',(0.,0.,1.));
#2595 = ADVANCED_FACE('',(#2596),#2612,.F.);
#2596 = FACE_BOUND('',#2597,.F.);
#2597 = EDGE_LOOP('',(#2598,#2599,#2605,#2606));
#2598 = ORIENTED_EDGE('',*,*,#269,.T.);
#2599 = ORIENTED_EDGE('',*,*,#2600,.T.);
#2600 = EDGE_CURVE('',#272,#1008,#2601,.T.);
#2601 = LINE('',#2602,#2603);
#2602 = CARTESIAN_POINT('',(42.467840302836,31.4,20.2));
#2603 = VECTOR('',#2604,1.);
#2604 = DIRECTION('',(0.,0.,1.));
#2605 = ORIENTED_EDGE('',*,*,#1005,.F.);
#2606 = ORIENTED_EDGE('',*,*,#2607,.F.);
#2607 = EDGE_CURVE('',#270,#1006,#2608,.T.);
#2608 = LINE('',#2609,#2610);
#2609 = CARTESIAN_POINT('',(41.13879597975,29.6,20.2));
#2610 = VECTOR('',#2611,1.);
#2611 = DIRECTION('',(0.,0.,1.));
#2612 = CYLINDRICAL_SURFACE('',#2613,11.);
#2613 = AXIS2_PLACEMENT_3D('',#2614,#2615,#2616);
#2614 = CARTESIAN_POINT('',(33.,37.,20.2));
#2615 = DIRECTION('',(0.,0.,1.));
#2616 = DIRECTION('',(1.,0.,-0.));
#2617 = ADVANCED_FACE('',(#2618),#2629,.F.);
#2618 = FACE_BOUND('',#2619,.F.);
#2619 = EDGE_LOOP('',(#2620,#2621,#2627,#2628));
#2620 = ORIENTED_EDGE('',*,*,#297,.T.);
#2621 = ORIENTED_EDGE('',*,*,#2622,.T.);
#2622 = EDGE_CURVE('',#289,#1025,#2623,.T.);
#2623 = LINE('',#2624,#2625);
#2624 = CARTESIAN_POINT('',(23.532159697164,31.4,20.2));
#2625 = VECTOR('',#2626,1.);
#2626 = DIRECTION('',(0.,0.,1.));
#2627 = ORIENTED_EDGE('',*,*,#1033,.F.);
#2628 = ORIENTED_EDGE('',*,*,#2600,.F.);
#2629 = PLANE('',#2630);
#2630 = AXIS2_PLACEMENT_3D('',#2631,#2632,#2633);
#2631 = CARTESIAN_POINT('',(22.,31.4,20.2));
#2632 = DIRECTION('',(-0.,1.,0.));
#2633 = DIRECTION('',(0.,0.,1.));
#2634 = ADVANCED_FACE('',(#2635),#2646,.F.);
#2635 = FACE_BOUND('',#2636,.F.);
#2636 = EDGE_LOOP('',(#2637,#2638,#2644,#2645));
#2637 = ORIENTED_EDGE('',*,*,#288,.T.);
#2638 = ORIENTED_EDGE('',*,*,#2639,.T.);
#2639 = EDGE_CURVE('',#281,#1017,#2640,.T.);
#2640 = LINE('',#2641,#2642);
#2641 = CARTESIAN_POINT('',(24.86120402025,29.6,20.2));
#2642 = VECTOR('',#2643,1.);
#2643 = DIRECTION('',(0.,0.,1.));
#2644 = ORIENTED_EDGE('',*,*,#1024,.F.);
#2645 = ORIENTED_EDGE('',*,*,#2622,.F.);
#2646 = CYLINDRICAL_SURFACE('',#2647,11.);
#2647 = AXIS2_PLACEMENT_3D('',#2648,#2649,#2650);
#2648 = CARTESIAN_POINT('',(33.,37.,20.2));
#2649 = DIRECTION('',(0.,0.,1.));
#2650 = DIRECTION('',(1.,0.,-0.));
#2651 = ADVANCED_FACE('',(#2652),#2658,.T.);
#2652 = FACE_BOUND('',#2653,.T.);
#2653 = EDGE_LOOP('',(#2654,#2655,#2656,#2657));
#2654 = ORIENTED_EDGE('',*,*,#280,.T.);
#2655 = ORIENTED_EDGE('',*,*,#2639,.T.);
#2656 = ORIENTED_EDGE('',*,*,#1016,.F.);
#2657 = ORIENTED_EDGE('',*,*,#2607,.F.);
#2658 = PLANE('',#2659);
#2659 = AXIS2_PLACEMENT_3D('',#2660,#2661,#2662);
#2660 = CARTESIAN_POINT('',(22.,29.6,20.2));
#2661 = DIRECTION('',(-0.,1.,0.));
#2662 = DIRECTION('',(0.,0.,1.));
#2663 = ADVANCED_FACE('',(#2664),#2683,.T.);
#2664 = FACE_BOUND('',#2665,.T.);
#2665 = EDGE_LOOP('',(#2666,#2667,#2675,#2682));
#2666 = ORIENTED_EDGE('',*,*,#305,.F.);
#2667 = ORIENTED_EDGE('',*,*,#2668,.F.);
#2668 = EDGE_CURVE('',#2669,#306,#2671,.T.);
#2669 = VERTEX_POINT('',#2670);
#2670 = CARTESIAN_POINT('',(63.9,3.5,1.8));
#2671 = LINE('',#2672,#2673);
#2672 = CARTESIAN_POINT('',(63.9,3.5,1.8));
#2673 = VECTOR('',#2674,1.);
#2674 = DIRECTION('',(0.,0.,1.));
#2675 = ORIENTED_EDGE('',*,*,#2676,.T.);
#2676 = EDGE_CURVE('',#2669,#2669,#2677,.T.);
#2677 = CIRCLE('',#2678,2.4);
#2678 = AXIS2_PLACEMENT_3D('',#2679,#2680,#2681);
#2679 = CARTESIAN_POINT('',(61.5,3.5,1.8));
#2680 = DIRECTION('',(0.,0.,1.));
#2681 = DIRECTION('',(1.,0.,-0.));
#2682 = ORIENTED_EDGE('',*,*,#2668,.T.);
#2683 = CYLINDRICAL_SURFACE('',#2684,2.4);
#2684 = AXIS2_PLACEMENT_3D('',#2685,#2686,#2687);
#2685 = CARTESIAN_POINT('',(61.5,3.5,1.8));
#2686 = DIRECTION('',(0.,0.,1.));
#2687 = DIRECTION('',(1.,0.,-0.));
#2688 = ADVANCED_FACE('',(#2689),#2708,.T.);
#2689 = FACE_BOUND('',#2690,.T.);
#2690 = EDGE_LOOP('',(#2691,#2692,#2700,#2707));
#2691 = ORIENTED_EDGE('',*,*,#316,.F.);
#2692 = ORIENTED_EDGE('',*,*,#2693,.F.);
#2693 = EDGE_CURVE('',#2694,#317,#2696,.T.);
#2694 = VERTEX_POINT('',#2695);
#2695 = CARTESIAN_POINT('',(45.,27.,17.3));
#2696 = LINE('',#2697,#2698);
#2697 = CARTESIAN_POINT('',(45.,27.,17.3));
#2698 = VECTOR('',#2699,1.);
#2699 = DIRECTION('',(0.,0.,1.));
#2700 = ORIENTED_EDGE('',*,*,#2701,.T.);
#2701 = EDGE_CURVE('',#2694,#2694,#2702,.T.);
#2702 = CIRCLE('',#2703,2.);
#2703 = AXIS2_PLACEMENT_3D('',#2704,#2705,#2706);
#2704 = CARTESIAN_POINT('',(43.,27.,17.3));
#2705 = DIRECTION('',(0.,0.,1.));
#2706 = DIRECTION('',(1.,0.,-0.));
#2707 = ORIENTED_EDGE('',*,*,#2693,.T.);
#2708 = CYLINDRICAL_SURFACE('',#2709,2.);
#2709 = AXIS2_PLACEMENT_3D('',#2710,#2711,#2712);
#2710 = CARTESIAN_POINT('',(43.,27.,17.3));
#2711 = DIRECTION('',(0.,0.,1.));
#2712 = DIRECTION('',(1.,0.,-0.));
#2713 = ADVANCED_FACE('',(#2714),#2730,.F.);
#2714 = FACE_BOUND('',#2715,.F.);
#2715 = EDGE_LOOP('',(#2716,#2717,#2723,#2724));
#2716 = ORIENTED_EDGE('',*,*,#327,.T.);
#2717 = ORIENTED_EDGE('',*,*,#2718,.T.);
#2718 = EDGE_CURVE('',#330,#1044,#2719,.T.);
#2719 = LINE('',#2720,#2721);
#2720 = CARTESIAN_POINT('',(43.756858277397,34.7,20.2));
#2721 = VECTOR('',#2722,1.);
#2722 = DIRECTION('',(0.,0.,1.));
#2723 = ORIENTED_EDGE('',*,*,#1041,.F.);
#2724 = ORIENTED_EDGE('',*,*,#2725,.F.);
#2725 = EDGE_CURVE('',#328,#1042,#2726,.T.);
#2726 = LINE('',#2727,#2728);
#2727 = CARTESIAN_POINT('',(43.207350292804,32.9,20.2));
#2728 = VECTOR('',#2729,1.);
#2729 = DIRECTION('',(0.,0.,1.));
#2730 = CYLINDRICAL_SURFACE('',#2731,11.);
#2731 = AXIS2_PLACEMENT_3D('',#2732,#2733,#2734);
#2732 = CARTESIAN_POINT('',(33.,37.,20.2));
#2733 = DIRECTION('',(0.,0.,1.));
#2734 = DIRECTION('',(1.,0.,-0.));
#2735 = ADVANCED_FACE('',(#2736),#2747,.F.);
#2736 = FACE_BOUND('',#2737,.F.);
#2737 = EDGE_LOOP('',(#2738,#2739,#2745,#2746));
#2738 = ORIENTED_EDGE('',*,*,#355,.T.);
#2739 = ORIENTED_EDGE('',*,*,#2740,.T.);
#2740 = EDGE_CURVE('',#347,#1061,#2741,.T.);
#2741 = LINE('',#2742,#2743);
#2742 = CARTESIAN_POINT('',(22.243141722603,34.7,20.2));
#2743 = VECTOR('',#2744,1.);
#2744 = DIRECTION('',(0.,0.,1.));
#2745 = ORIENTED_EDGE('',*,*,#1069,.F.);
#2746 = ORIENTED_EDGE('',*,*,#2718,.F.);
#2747 = PLANE('',#2748);
#2748 = AXIS2_PLACEMENT_3D('',#2749,#2750,#2751);
#2749 = CARTESIAN_POINT('',(22.,34.7,20.2));
#2750 = DIRECTION('',(-0.,1.,0.));
#2751 = DIRECTION('',(0.,0.,1.));
#2752 = ADVANCED_FACE('',(#2753),#2764,.F.);
#2753 = FACE_BOUND('',#2754,.F.);
#2754 = EDGE_LOOP('',(#2755,#2756,#2762,#2763));
#2755 = ORIENTED_EDGE('',*,*,#346,.T.);
#2756 = ORIENTED_EDGE('',*,*,#2757,.T.);
#2757 = EDGE_CURVE('',#339,#1053,#2758,.T.);
#2758 = LINE('',#2759,#2760);
#2759 = CARTESIAN_POINT('',(22.792649707196,32.9,20.2));
#2760 = VECTOR('',#2761,1.);
#2761 = DIRECTION('',(0.,0.,1.));
#2762 = ORIENTED_EDGE('',*,*,#1060,.F.);
#2763 = ORIENTED_EDGE('',*,*,#2740,.F.);
#2764 = CYLINDRICAL_SURFACE('',#2765,11.);
#2765 = AXIS2_PLACEMENT_3D('',#2766,#2767,#2768);
#2766 = CARTESIAN_POINT('',(33.,37.,20.2));
#2767 = DIRECTION('',(0.,0.,1.));
#2768 = DIRECTION('',(1.,0.,-0.));
#2769 = ADVANCED_FACE('',(#2770),#2776,.T.);
#2770 = FACE_BOUND('',#2771,.T.);
#2771 = EDGE_LOOP('',(#2772,#2773,#2774,#2775));
#2772 = ORIENTED_EDGE('',*,*,#338,.T.);
#2773 = ORIENTED_EDGE('',*,*,#2757,.T.);
#2774 = ORIENTED_EDGE('',*,*,#1052,.F.);
#2775 = ORIENTED_EDGE('',*,*,#2725,.F.);
#2776 = PLANE('',#2777);
#2777 = AXIS2_PLACEMENT_3D('',#2778,#2779,#2780);
#2778 = CARTESIAN_POINT('',(22.,32.9,20.2));
#2779 = DIRECTION('',(-0.,1.,0.));
#2780 = DIRECTION('',(0.,0.,1.));
#2781 = ADVANCED_FACE('',(#2782),#2798,.T.);
#2782 = FACE_BOUND('',#2783,.T.);
#2783 = EDGE_LOOP('',(#2784,#2785,#2791,#2792));
#2784 = ORIENTED_EDGE('',*,*,#400,.T.);
#2785 = ORIENTED_EDGE('',*,*,#2786,.T.);
#2786 = EDGE_CURVE('',#401,#1115,#2787,.T.);
#2787 = LINE('',#2788,#2789);
#2788 = CARTESIAN_POINT('',(22.029129478478,36.2,20.2));
#2789 = VECTOR('',#2790,1.);
#2790 = DIRECTION('',(0.,0.,1.));
#2791 = ORIENTED_EDGE('',*,*,#1114,.F.);
#2792 = ORIENTED_EDGE('',*,*,#2793,.F.);
#2793 = EDGE_CURVE('',#392,#1106,#2794,.T.);
#2794 = LINE('',#2795,#2796);
#2795 = CARTESIAN_POINT('',(43.970870521522,36.2,20.2));
#2796 = VECTOR('',#2797,1.);
#2797 = DIRECTION('',(0.,0.,1.));
#2798 = PLANE('',#2799);
#2799 = AXIS2_PLACEMENT_3D('',#2800,#2801,#2802);
#2800 = CARTESIAN_POINT('',(22.,36.2,20.2));
#2801 = DIRECTION('',(-0.,1.,0.));
#2802 = DIRECTION('',(0.,0.,1.));
#2803 = ADVANCED_FACE('',(#2804),#2820,.F.);
#2804 = FACE_BOUND('',#2805,.F.);
#2805 = EDGE_LOOP('',(#2806,#2807,#2813,#2814));
#2806 = ORIENTED_EDGE('',*,*,#374,.T.);
#2807 = ORIENTED_EDGE('',*,*,#2808,.T.);
#2808 = EDGE_CURVE('',#364,#1078,#2809,.T.);
#2809 = LINE('',#2810,#2811);
#2810 = CARTESIAN_POINT('',(22.045548849897,38.,20.2));
#2811 = VECTOR('',#2812,1.);
#2812 = DIRECTION('',(0.,0.,1.));
#2813 = ORIENTED_EDGE('',*,*,#1088,.F.);
#2814 = ORIENTED_EDGE('',*,*,#2815,.F.);
#2815 = EDGE_CURVE('',#375,#1089,#2816,.T.);
#2816 = LINE('',#2817,#2818);
#2817 = CARTESIAN_POINT('',(43.954451150103,38.,20.2));
#2818 = VECTOR('',#2819,1.);
#2819 = DIRECTION('',(0.,0.,1.));
#2820 = PLANE('',#2821);
#2821 = AXIS2_PLACEMENT_3D('',#2822,#2823,#2824);
#2822 = CARTESIAN_POINT('',(22.,38.,20.2));
#2823 = DIRECTION('',(-0.,1.,0.));
#2824 = DIRECTION('',(0.,0.,1.));
#2825 = ADVANCED_FACE('',(#2826),#2842,.F.);
#2826 = FACE_BOUND('',#2827,.F.);
#2827 = EDGE_LOOP('',(#2828,#2829,#2835,#2836));
#2828 = ORIENTED_EDGE('',*,*,#1131,.F.);
#2829 = ORIENTED_EDGE('',*,*,#2830,.F.);
#2830 = EDGE_CURVE('',#418,#1132,#2831,.T.);
#2831 = LINE('',#2832,#2833);
#2832 = CARTESIAN_POINT('',(43.712142642814,39.5,20.2));
#2833 = VECTOR('',#2834,1.);
#2834 = DIRECTION('',(0.,0.,1.));
#2835 = ORIENTED_EDGE('',*,*,#417,.T.);
#2836 = ORIENTED_EDGE('',*,*,#2837,.T.);
#2837 = EDGE_CURVE('',#420,#1134,#2838,.T.);
#2838 = LINE('',#2839,#2840);
#2839 = CARTESIAN_POINT('',(43.124722218412,41.3,20.2));
#2840 = VECTOR('',#2841,1.);
#2841 = DIRECTION('',(0.,0.,1.));
#2842 = CYLINDRICAL_SURFACE('',#2843,11.);
#2843 = AXIS2_PLACEMENT_3D('',#2844,#2845,#2846);
#2844 = CARTESIAN_POINT('',(33.,37.,20.2));
#2845 = DIRECTION('',(0.,0.,1.));
#2846 = DIRECTION('',(1.,0.,-0.));
#2847 = ADVANCED_FACE('',(#2848),#2859,.F.);
#2848 = FACE_BOUND('',#2849,.F.);
#2849 = EDGE_LOOP('',(#2850,#2851,#2857,#2858));
#2850 = ORIENTED_EDGE('',*,*,#445,.T.);
#2851 = ORIENTED_EDGE('',*,*,#2852,.T.);
#2852 = EDGE_CURVE('',#437,#1151,#2853,.T.);
#2853 = LINE('',#2854,#2855);
#2854 = CARTESIAN_POINT('',(22.875277781588,41.3,20.2));
#2855 = VECTOR('',#2856,1.);
#2856 = DIRECTION('',(0.,0.,1.));
#2857 = ORIENTED_EDGE('',*,*,#1159,.F.);
#2858 = ORIENTED_EDGE('',*,*,#2837,.F.);
#2859 = PLANE('',#2860);
#2860 = AXIS2_PLACEMENT_3D('',#2861,#2862,#2863);
#2861 = CARTESIAN_POINT('',(22.,41.3,20.2));
#2862 = DIRECTION('',(-0.,1.,0.));
#2863 = DIRECTION('',(0.,0.,1.));
#2864 = ADVANCED_FACE('',(#2865),#2876,.F.);
#2865 = FACE_BOUND('',#2866,.F.);
#2866 = EDGE_LOOP('',(#2867,#2868,#2869,#2870));
#2867 = ORIENTED_EDGE('',*,*,#1150,.F.);
#2868 = ORIENTED_EDGE('',*,*,#2852,.F.);
#2869 = ORIENTED_EDGE('',*,*,#436,.T.);
#2870 = ORIENTED_EDGE('',*,*,#2871,.T.);
#2871 = EDGE_CURVE('',#429,#1143,#2872,.T.);
#2872 = LINE('',#2873,#2874);
#2873 = CARTESIAN_POINT('',(22.287857357186,39.5,20.2));
#2874 = VECTOR('',#2875,1.);
#2875 = DIRECTION('',(0.,0.,1.));
#2876 = CYLINDRICAL_SURFACE('',#2877,11.);
#2877 = AXIS2_PLACEMENT_3D('',#2878,#2879,#2880);
#2878 = CARTESIAN_POINT('',(33.,37.,20.2));
#2879 = DIRECTION('',(0.,0.,1.));
#2880 = DIRECTION('',(1.,0.,-0.));
#2881 = ADVANCED_FACE('',(#2882),#2888,.T.);
#2882 = FACE_BOUND('',#2883,.T.);
#2883 = EDGE_LOOP('',(#2884,#2885,#2886,#2887));
#2884 = ORIENTED_EDGE('',*,*,#428,.T.);
#2885 = ORIENTED_EDGE('',*,*,#2871,.T.);
#2886 = ORIENTED_EDGE('',*,*,#1142,.F.);
#2887 = ORIENTED_EDGE('',*,*,#2830,.F.);
#2888 = PLANE('',#2889);
#2889 = AXIS2_PLACEMENT_3D('',#2890,#2891,#2892);
#2890 = CARTESIAN_POINT('',(22.,39.5,20.2));
#2891 = DIRECTION('',(-0.,1.,0.));
#2892 = DIRECTION('',(0.,0.,1.));
#2893 = ADVANCED_FACE('',(#2894),#2910,.F.);
#2894 = FACE_BOUND('',#2895,.F.);
#2895 = EDGE_LOOP('',(#2896,#2897,#2903,#2904));
#2896 = ORIENTED_EDGE('',*,*,#1167,.F.);
#2897 = ORIENTED_EDGE('',*,*,#2898,.F.);
#2898 = EDGE_CURVE('',#454,#1168,#2899,.T.);
#2899 = LINE('',#2900,#2901);
#2900 = CARTESIAN_POINT('',(42.346657156438,42.8,20.2));
#2901 = VECTOR('',#2902,1.);
#2902 = DIRECTION('',(0.,0.,1.));
#2903 = ORIENTED_EDGE('',*,*,#453,.T.);
#2904 = ORIENTED_EDGE('',*,*,#2905,.T.);
#2905 = EDGE_CURVE('',#456,#1170,#2906,.T.);
#2906 = LINE('',#2907,#2908);
#2907 = CARTESIAN_POINT('',(40.952358140828,44.6,20.2));
#2908 = VECTOR('',#2909,1.);
#2909 = DIRECTION('',(0.,0.,1.));
#2910 = CYLINDRICAL_SURFACE('',#2911,11.);
#2911 = AXIS2_PLACEMENT_3D('',#2912,#2913,#2914);
#2912 = CARTESIAN_POINT('',(33.,37.,20.2));
#2913 = DIRECTION('',(0.,0.,1.));
#2914 = DIRECTION('',(1.,0.,-0.));
#2915 = ADVANCED_FACE('',(#2916),#2927,.F.);
#2916 = FACE_BOUND('',#2917,.F.);
#2917 = EDGE_LOOP('',(#2918,#2919,#2925,#2926));
#2918 = ORIENTED_EDGE('',*,*,#481,.T.);
#2919 = ORIENTED_EDGE('',*,*,#2920,.T.);
#2920 = EDGE_CURVE('',#473,#1187,#2921,.T.);
#2921 = LINE('',#2922,#2923);
#2922 = CARTESIAN_POINT('',(25.047641859172,44.6,20.2));
#2923 = VECTOR('',#2924,1.);
#2924 = DIRECTION('',(0.,0.,1.));
#2925 = ORIENTED_EDGE('',*,*,#1195,.F.);
#2926 = ORIENTED_EDGE('',*,*,#2905,.F.);
#2927 = PLANE('',#2928);
#2928 = AXIS2_PLACEMENT_3D('',#2929,#2930,#2931);
#2929 = CARTESIAN_POINT('',(22.,44.6,20.2));
#2930 = DIRECTION('',(-0.,1.,0.));
#2931 = DIRECTION('',(0.,0.,1.));
#2932 = ADVANCED_FACE('',(#2933),#2944,.F.);
#2933 = FACE_BOUND('',#2934,.F.);
#2934 = EDGE_LOOP('',(#2935,#2936,#2937,#2938));
#2935 = ORIENTED_EDGE('',*,*,#1186,.F.);
#2936 = ORIENTED_EDGE('',*,*,#2920,.F.);
#2937 = ORIENTED_EDGE('',*,*,#472,.T.);
#2938 = ORIENTED_EDGE('',*,*,#2939,.T.);
#2939 = EDGE_CURVE('',#465,#1179,#2940,.T.);
#2940 = LINE('',#2941,#2942);
#2941 = CARTESIAN_POINT('',(23.653342843562,42.8,20.2));
#2942 = VECTOR('',#2943,1.);
#2943 = DIRECTION('',(0.,0.,1.));
#2944 = CYLINDRICAL_SURFACE('',#2945,11.);
#2945 = AXIS2_PLACEMENT_3D('',#2946,#2947,#2948);
#2946 = CARTESIAN_POINT('',(33.,37.,20.2));
#2947 = DIRECTION('',(0.,0.,1.));
#2948 = DIRECTION('',(1.,0.,-0.));
#2949 = ADVANCED_FACE('',(#2950),#2956,.T.);
#2950 = FACE_BOUND('',#2951,.T.);
#2951 = EDGE_LOOP('',(#2952,#2953,#2954,#2955));
#2952 = ORIENTED_EDGE('',*,*,#464,.T.);
#2953 = ORIENTED_EDGE('',*,*,#2939,.T.);
#2954 = ORIENTED_EDGE('',*,*,#1178,.F.);
#2955 = ORIENTED_EDGE('',*,*,#2898,.F.);
#2956 = PLANE('',#2957);
#2957 = AXIS2_PLACEMENT_3D('',#2958,#2959,#2960);
#2958 = CARTESIAN_POINT('',(22.,42.8,20.2));
#2959 = DIRECTION('',(-0.,1.,0.));
#2960 = DIRECTION('',(0.,0.,1.));
#2961 = ADVANCED_FACE('',(#2962),#2981,.T.);
#2962 = FACE_BOUND('',#2963,.T.);
#2963 = EDGE_LOOP('',(#2964,#2965,#2973,#2980));
#2964 = ORIENTED_EDGE('',*,*,#489,.F.);
#2965 = ORIENTED_EDGE('',*,*,#2966,.F.);
#2966 = EDGE_CURVE('',#2967,#490,#2969,.T.);
#2967 = VERTEX_POINT('',#2968);
#2968 = CARTESIAN_POINT('',(5.9,52.5,1.8));
#2969 = LINE('',#2970,#2971);
#2970 = CARTESIAN_POINT('',(5.9,52.5,1.8));
#2971 = VECTOR('',#2972,1.);
#2972 = DIRECTION('',(0.,0.,1.));
#2973 = ORIENTED_EDGE('',*,*,#2974,.T.);
#2974 = EDGE_CURVE('',#2967,#2967,#2975,.T.);
#2975 = CIRCLE('',#2976,2.4);
#2976 = AXIS2_PLACEMENT_3D('',#2977,#2978,#2979);
#2977 = CARTESIAN_POINT('',(3.5,52.5,1.8));
#2978 = DIRECTION('',(0.,0.,1.));
#2979 = DIRECTION('',(1.,0.,-0.));
#2980 = ORIENTED_EDGE('',*,*,#2966,.T.);
#2981 = CYLINDRICAL_SURFACE('',#2982,2.4);
#2982 = AXIS2_PLACEMENT_3D('',#2983,#2984,#2985);
#2983 = CARTESIAN_POINT('',(3.5,52.5,1.8));
#2984 = DIRECTION('',(0.,0.,1.));
#2985 = DIRECTION('',(1.,0.,-0.));
#2986 = ADVANCED_FACE('',(#2987),#3006,.T.);
#2987 = FACE_BOUND('',#2988,.T.);
#2988 = EDGE_LOOP('',(#2989,#2990,#2998,#3005));
#2989 = ORIENTED_EDGE('',*,*,#500,.F.);
#2990 = ORIENTED_EDGE('',*,*,#2991,.F.);
#2991 = EDGE_CURVE('',#2992,#501,#2994,.T.);
#2992 = VERTEX_POINT('',#2993);
#2993 = CARTESIAN_POINT('',(25.,47.,17.3));
#2994 = LINE('',#2995,#2996);
#2995 = CARTESIAN_POINT('',(25.,47.,17.3));
#2996 = VECTOR('',#2997,1.);
#2997 = DIRECTION('',(0.,0.,1.));
#2998 = ORIENTED_EDGE('',*,*,#2999,.T.);
#2999 = EDGE_CURVE('',#2992,#2992,#3000,.T.);
#3000 = CIRCLE('',#3001,2.);
#3001 = AXIS2_PLACEMENT_3D('',#3002,#3003,#3004);
#3002 = CARTESIAN_POINT('',(23.,47.,17.3));
#3003 = DIRECTION('',(0.,0.,1.));
#3004 = DIRECTION('',(1.,0.,-0.));
#3005 = ORIENTED_EDGE('',*,*,#2991,.T.);
#3006 = CYLINDRICAL_SURFACE('',#3007,2.);
#3007 = AXIS2_PLACEMENT_3D('',#3008,#3009,#3010);
#3008 = CARTESIAN_POINT('',(23.,47.,17.3));
#3009 = DIRECTION('',(0.,0.,1.));
#3010 = DIRECTION('',(1.,0.,-0.));
#3011 = ADVANCED_FACE('',(#3012),#3028,.F.);
#3012 = FACE_BOUND('',#3013,.F.);
#3013 = EDGE_LOOP('',(#3014,#3015,#3021,#3022));
#3014 = ORIENTED_EDGE('',*,*,#1203,.F.);
#3015 = ORIENTED_EDGE('',*,*,#3016,.F.);
#3016 = EDGE_CURVE('',#512,#1204,#3017,.T.);
#3017 = LINE('',#3018,#3019);
#3018 = CARTESIAN_POINT('',(39.179805822192,46.1,20.2));
#3019 = VECTOR('',#3020,1.);
#3020 = DIRECTION('',(0.,0.,1.));
#3021 = ORIENTED_EDGE('',*,*,#511,.T.);
#3022 = ORIENTED_EDGE('',*,*,#3023,.T.);
#3023 = EDGE_CURVE('',#514,#1206,#3024,.T.);
#3024 = LINE('',#3025,#3026);
#3025 = CARTESIAN_POINT('',(34.479864858695,47.9,20.2));
#3026 = VECTOR('',#3027,1.);
#3027 = DIRECTION('',(0.,0.,1.));
#3028 = CYLINDRICAL_SURFACE('',#3029,11.);
#3029 = AXIS2_PLACEMENT_3D('',#3030,#3031,#3032);
#3030 = CARTESIAN_POINT('',(33.,37.,20.2));
#3031 = DIRECTION('',(0.,0.,1.));
#3032 = DIRECTION('',(1.,0.,-0.));
#3033 = ADVANCED_FACE('',(#3034),#3045,.F.);
#3034 = FACE_BOUND('',#3035,.F.);
#3035 = EDGE_LOOP('',(#3036,#3037,#3043,#3044));
#3036 = ORIENTED_EDGE('',*,*,#539,.T.);
#3037 = ORIENTED_EDGE('',*,*,#3038,.T.);
#3038 = EDGE_CURVE('',#531,#1223,#3039,.T.);
#3039 = LINE('',#3040,#3041);
#3040 = CARTESIAN_POINT('',(31.520135141305,47.9,20.2));
#3041 = VECTOR('',#3042,1.);
#3042 = DIRECTION('',(0.,0.,1.));
#3043 = ORIENTED_EDGE('',*,*,#1231,.F.);
#3044 = ORIENTED_EDGE('',*,*,#3023,.F.);
#3045 = PLANE('',#3046);
#3046 = AXIS2_PLACEMENT_3D('',#3047,#3048,#3049);
#3047 = CARTESIAN_POINT('',(22.,47.9,20.2));
#3048 = DIRECTION('',(-0.,1.,0.));
#3049 = DIRECTION('',(0.,0.,1.));
#3050 = ADVANCED_FACE('',(#3051),#3062,.F.);
#3051 = FACE_BOUND('',#3052,.F.);
#3052 = EDGE_LOOP('',(#3053,#3054,#3055,#3056));
#3053 = ORIENTED_EDGE('',*,*,#1222,.F.);
#3054 = ORIENTED_EDGE('',*,*,#3038,.F.);
#3055 = ORIENTED_EDGE('',*,*,#530,.T.);
#3056 = ORIENTED_EDGE('',*,*,#3057,.T.);
#3057 = EDGE_CURVE('',#523,#1215,#3058,.T.);
#3058 = LINE('',#3059,#3060);
#3059 = CARTESIAN_POINT('',(26.820194177808,46.1,20.2));
#3060 = VECTOR('',#3061,1.);
#3061 = DIRECTION('',(0.,0.,1.));
#3062 = CYLINDRICAL_SURFACE('',#3063,11.);
#3063 = AXIS2_PLACEMENT_3D('',#3064,#3065,#3066);
#3064 = CARTESIAN_POINT('',(33.,37.,20.2));
#3065 = DIRECTION('',(0.,0.,1.));
#3066 = DIRECTION('',(1.,0.,-0.));
#3067 = ADVANCED_FACE('',(#3068),#3074,.T.);
#3068 = FACE_BOUND('',#3069,.T.);
#3069 = EDGE_LOOP('',(#3070,#3071,#3072,#3073));
#3070 = ORIENTED_EDGE('',*,*,#522,.T.);
#3071 = ORIENTED_EDGE('',*,*,#3057,.T.);
#3072 = ORIENTED_EDGE('',*,*,#1214,.F.);
#3073 = ORIENTED_EDGE('',*,*,#3016,.F.);
#3074 = PLANE('',#3075);
#3075 = AXIS2_PLACEMENT_3D('',#3076,#3077,#3078);
#3076 = CARTESIAN_POINT('',(22.,46.1,20.2));
#3077 = DIRECTION('',(-0.,1.,0.));
#3078 = DIRECTION('',(0.,0.,1.));
#3079 = ADVANCED_FACE('',(#3080),#3106,.T.);
#3080 = FACE_BOUND('',#3081,.T.);
#3081 = EDGE_LOOP('',(#3082,#3090,#3099,#3105));
#3082 = ORIENTED_EDGE('',*,*,#3083,.F.);
#3083 = EDGE_CURVE('',#3084,#548,#3086,.T.);
#3084 = VERTEX_POINT('',#3085);
#3085 = CARTESIAN_POINT('',(-0.75,-2.22044604925E-16,17.8));
#3086 = LINE('',#3087,#3088);
#3087 = CARTESIAN_POINT('',(-0.75,-2.22044604925E-16,17.8));
#3088 = VECTOR('',#3089,1.);
#3089 = DIRECTION('',(0.,0.,1.));
#3090 = ORIENTED_EDGE('',*,*,#3091,.T.);
#3091 = EDGE_CURVE('',#3084,#3092,#3094,.T.);
#3092 = VERTEX_POINT('',#3093);
#3093 = CARTESIAN_POINT('',(1.,-1.75,17.8));
#3094 = CIRCLE('',#3095,1.75);
#3095 = AXIS2_PLACEMENT_3D('',#3096,#3097,#3098);
#3096 = CARTESIAN_POINT('',(1.,-2.22044604925E-16,17.8));
#3097 = DIRECTION('',(0.,0.,1.));
#3098 = DIRECTION('',(0.,-1.,0.));
#3099 = ORIENTED_EDGE('',*,*,#3100,.T.);
#3100 = EDGE_CURVE('',#3092,#550,#3101,.T.);
#3101 = LINE('',#3102,#3103);
#3102 = CARTESIAN_POINT('',(1.,-1.75,17.8));
#3103 = VECTOR('',#3104,1.);
#3104 = DIRECTION('',(0.,0.,1.));
#3105 = ORIENTED_EDGE('',*,*,#547,.F.);
#3106 = CYLINDRICAL_SURFACE('',#3107,1.75);
#3107 = AXIS2_PLACEMENT_3D('',#3108,#3109,#3110);
#3108 = CARTESIAN_POINT('',(1.,-2.22044604925E-16,17.8));
#3109 = DIRECTION('',(0.,0.,1.));
#3110 = DIRECTION('',(-1.,-0.,0.));
#3111 = ADVANCED_FACE('',(#3112),#3130,.F.);
#3112 = FACE_BOUND('',#3113,.F.);
#3113 = EDGE_LOOP('',(#3114,#3115,#3116,#3124));
#3114 = ORIENTED_EDGE('',*,*,#558,.F.);
#3115 = ORIENTED_EDGE('',*,*,#3083,.F.);
#3116 = ORIENTED_EDGE('',*,*,#3117,.T.);
#3117 = EDGE_CURVE('',#3084,#3118,#3120,.T.);
#3118 = VERTEX_POINT('',#3119);
#3119 = CARTESIAN_POINT('',(-0.75,61.5,17.8));
#3120 = LINE('',#3121,#3122);
#3121 = CARTESIAN_POINT('',(-0.75,-1.75,17.8));
#3122 = VECTOR('',#3123,1.);
#3123 = DIRECTION('',(-0.,1.,0.));
#3124 = ORIENTED_EDGE('',*,*,#3125,.T.);
#3125 = EDGE_CURVE('',#3118,#559,#3126,.T.);
#3126 = LINE('',#3127,#3128);
#3127 = CARTESIAN_POINT('',(-0.75,61.5,17.8));
#3128 = VECTOR('',#3129,1.);
#3129 = DIRECTION('',(0.,0.,1.));
#3130 = PLANE('',#3131);
#3131 = AXIS2_PLACEMENT_3D('',#3132,#3133,#3134);
#3132 = CARTESIAN_POINT('',(-0.75,-1.75,17.8));
#3133 = DIRECTION('',(1.,0.,-0.));
#3134 = DIRECTION('',(0.,0.,1.));
#3135 = ADVANCED_FACE('',(#3136),#3154,.F.);
#3136 = FACE_BOUND('',#3137,.F.);
#3137 = EDGE_LOOP('',(#3138,#3146,#3147,#3148));
#3138 = ORIENTED_EDGE('',*,*,#3139,.F.);
#3139 = EDGE_CURVE('',#3092,#3140,#3142,.T.);
#3140 = VERTEX_POINT('',#3141);
#3141 = CARTESIAN_POINT('',(84.,-1.75,17.8));
#3142 = LINE('',#3143,#3144);
#3143 = CARTESIAN_POINT('',(-0.75,-1.75,17.8));
#3144 = VECTOR('',#3145,1.);
#3145 = DIRECTION('',(1.,0.,-0.));
#3146 = ORIENTED_EDGE('',*,*,#3100,.T.);
#3147 = ORIENTED_EDGE('',*,*,#761,.F.);
#3148 = ORIENTED_EDGE('',*,*,#3149,.F.);
#3149 = EDGE_CURVE('',#3140,#753,#3150,.T.);
#3150 = LINE('',#3151,#3152);
#3151 = CARTESIAN_POINT('',(84.,-1.75,17.8));
#3152 = VECTOR('',#3153,1.);
#3153 = DIRECTION('',(0.,0.,1.));
#3154 = PLANE('',#3155);
#3155 = AXIS2_PLACEMENT_3D('',#3156,#3157,#3158);
#3156 = CARTESIAN_POINT('',(-0.75,-1.75,17.8));
#3157 = DIRECTION('',(-0.,1.,0.));
#3158 = DIRECTION('',(0.,0.,1.));
#3159 = ADVANCED_FACE('',(#3160),#3179,.T.);
#3160 = FACE_BOUND('',#3161,.F.);
#3161 = EDGE_LOOP('',(#3162,#3163,#3172,#3178));
#3162 = ORIENTED_EDGE('',*,*,#3125,.F.);
#3163 = ORIENTED_EDGE('',*,*,#3164,.T.);
#3164 = EDGE_CURVE('',#3118,#3165,#3167,.T.);
#3165 = VERTEX_POINT('',#3166);
#3166 = CARTESIAN_POINT('',(1.,63.25,17.8));
#3167 = CIRCLE('',#3168,1.75);
#3168 = AXIS2_PLACEMENT_3D('',#3169,#3170,#3171);
#3169 = CARTESIAN_POINT('',(1.,61.5,17.8));
#3170 = DIRECTION('',(-0.,-0.,-1.));
#3171 = DIRECTION('',(0.,-1.,0.));
#3172 = ORIENTED_EDGE('',*,*,#3173,.T.);
#3173 = EDGE_CURVE('',#3165,#567,#3174,.T.);
#3174 = LINE('',#3175,#3176);
#3175 = CARTESIAN_POINT('',(1.,63.25,17.8));
#3176 = VECTOR('',#3177,1.);
#3177 = DIRECTION('',(0.,0.,1.));
#3178 = ORIENTED_EDGE('',*,*,#566,.T.);
#3179 = CYLINDRICAL_SURFACE('',#3180,1.75);
#3180 = AXIS2_PLACEMENT_3D('',#3181,#3182,#3183);
#3181 = CARTESIAN_POINT('',(1.,61.5,17.8));
#3182 = DIRECTION('',(0.,0.,1.));
#3183 = DIRECTION('',(-1.,-0.,0.));
#3184 = ADVANCED_FACE('',(#3185),#3204,.T.);
#3185 = FACE_BOUND('',#3186,.F.);
#3186 = EDGE_LOOP('',(#3187,#3195,#3202,#3203));
#3187 = ORIENTED_EDGE('',*,*,#3188,.F.);
#3188 = EDGE_CURVE('',#3189,#745,#3191,.T.);
#3189 = VERTEX_POINT('',#3190);
#3190 = CARTESIAN_POINT('',(85.75,-2.22044604925E-16,17.8));
#3191 = LINE('',#3192,#3193);
#3192 = CARTESIAN_POINT('',(85.75,-2.22044604925E-16,17.8));
#3193 = VECTOR('',#3194,1.);
#3194 = DIRECTION('',(0.,0.,1.));
#3195 = ORIENTED_EDGE('',*,*,#3196,.T.);
#3196 = EDGE_CURVE('',#3189,#3140,#3197,.T.);
#3197 = CIRCLE('',#3198,1.75);
#3198 = AXIS2_PLACEMENT_3D('',#3199,#3200,#3201);
#3199 = CARTESIAN_POINT('',(84.,-2.22044604925E-16,17.8));
#3200 = DIRECTION('',(-0.,-0.,-1.));
#3201 = DIRECTION('',(0.,-1.,0.));
#3202 = ORIENTED_EDGE('',*,*,#3149,.T.);
#3203 = ORIENTED_EDGE('',*,*,#752,.T.);
#3204 = CYLINDRICAL_SURFACE('',#3205,1.75);
#3205 = AXIS2_PLACEMENT_3D('',#3206,#3207,#3208);
#3206 = CARTESIAN_POINT('',(84.,-2.22044604925E-16,17.8));
#3207 = DIRECTION('',(0.,0.,1.));
#3208 = DIRECTION('',(1.,0.,-0.));
#3209 = ADVANCED_FACE('',(#3210),#3228,.T.);
#3210 = FACE_BOUND('',#3211,.T.);
#3211 = EDGE_LOOP('',(#3212,#3220,#3221,#3222));
#3212 = ORIENTED_EDGE('',*,*,#3213,.F.);
#3213 = EDGE_CURVE('',#3165,#3214,#3216,.T.);
#3214 = VERTEX_POINT('',#3215);
#3215 = CARTESIAN_POINT('',(34.5,63.25,17.8));
#3216 = LINE('',#3217,#3218);
#3217 = CARTESIAN_POINT('',(-0.75,63.25,17.8));
#3218 = VECTOR('',#3219,1.);
#3219 = DIRECTION('',(1.,0.,-0.));
#3220 = ORIENTED_EDGE('',*,*,#3173,.T.);
#3221 = ORIENTED_EDGE('',*,*,#575,.F.);
#3222 = ORIENTED_EDGE('',*,*,#3223,.T.);
#3223 = EDGE_CURVE('',#576,#3214,#3224,.T.);
#3224 = LINE('',#3225,#3226);
#3225 = CARTESIAN_POINT('',(34.5,63.25,17.3));
#3226 = VECTOR('',#3227,1.);
#3227 = DIRECTION('',(-0.,0.,-1.));
#3228 = PLANE('',#3229);
#3229 = AXIS2_PLACEMENT_3D('',#3230,#3231,#3232);
#3230 = CARTESIAN_POINT('',(-0.75,63.25,17.8));
#3231 = DIRECTION('',(-0.,1.,0.));
#3232 = DIRECTION('',(0.,0.,1.));
#3233 = ADVANCED_FACE('',(#3234),#3316,.T.);
#3234 = FACE_BOUND('',#3235,.T.);
#3235 = EDGE_LOOP('',(#3236,#3237,#3238,#3246,#3254,#3262,#3270,#3278,
    #3286,#3294,#3302,#3310));
#3236 = ORIENTED_EDGE('',*,*,#744,.F.);
#3237 = ORIENTED_EDGE('',*,*,#3188,.F.);
#3238 = ORIENTED_EDGE('',*,*,#3239,.T.);
#3239 = EDGE_CURVE('',#3189,#3240,#3242,.T.);
#3240 = VERTEX_POINT('',#3241);
#3241 = CARTESIAN_POINT('',(85.75,0.83,17.8));
#3242 = LINE('',#3243,#3244);
#3243 = CARTESIAN_POINT('',(85.75,-1.75,17.8));
#3244 = VECTOR('',#3245,1.);
#3245 = DIRECTION('',(-0.,1.,0.));
#3246 = ORIENTED_EDGE('',*,*,#3247,.T.);
#3247 = EDGE_CURVE('',#3240,#3248,#3250,.T.);
#3248 = VERTEX_POINT('',#3249);
#3249 = CARTESIAN_POINT('',(85.75,0.83,18.15));
#3250 = LINE('',#3251,#3252);
#3251 = CARTESIAN_POINT('',(85.75,0.83,17.3));
#3252 = VECTOR('',#3253,1.);
#3253 = DIRECTION('',(0.,0.,1.));
#3254 = ORIENTED_EDGE('',*,*,#3255,.F.);
#3255 = EDGE_CURVE('',#3256,#3248,#3258,.T.);
#3256 = VERTEX_POINT('',#3257);
#3257 = CARTESIAN_POINT('',(85.75,17.17,18.15));
#3258 = LINE('',#3259,#3260);
#3259 = CARTESIAN_POINT('',(85.75,-0.46,18.15));
#3260 = VECTOR('',#3261,1.);
#3261 = DIRECTION('',(0.,-1.,0.));
#3262 = ORIENTED_EDGE('',*,*,#3263,.F.);
#3263 = EDGE_CURVE('',#3264,#3256,#3266,.T.);
#3264 = VERTEX_POINT('',#3265);
#3265 = CARTESIAN_POINT('',(85.75,17.17,17.8));
#3266 = LINE('',#3267,#3268);
#3267 = CARTESIAN_POINT('',(85.75,17.17,17.3));
#3268 = VECTOR('',#3269,1.);
#3269 = DIRECTION('',(0.,0.,1.));
#3270 = ORIENTED_EDGE('',*,*,#3271,.T.);
#3271 = EDGE_CURVE('',#3264,#3272,#3274,.T.);
#3272 = VERTEX_POINT('',#3273);
#3273 = CARTESIAN_POINT('',(85.75,18.7,17.8));
#3274 = LINE('',#3275,#3276);
#3275 = CARTESIAN_POINT('',(85.75,-1.75,17.8));
#3276 = VECTOR('',#3277,1.);
#3277 = DIRECTION('',(-0.,1.,0.));
#3278 = ORIENTED_EDGE('',*,*,#3279,.T.);
#3279 = EDGE_CURVE('',#3272,#3280,#3282,.T.);
#3280 = VERTEX_POINT('',#3281);
#3281 = CARTESIAN_POINT('',(85.75,18.7,18.49));
#3282 = LINE('',#3283,#3284);
#3283 = CARTESIAN_POINT('',(85.75,18.7,17.3));
#3284 = VECTOR('',#3285,1.);
#3285 = DIRECTION('',(0.,0.,1.));
#3286 = ORIENTED_EDGE('',*,*,#3287,.F.);
#3287 = EDGE_CURVE('',#3288,#3280,#3290,.T.);
#3288 = VERTEX_POINT('',#3289);
#3289 = CARTESIAN_POINT('',(85.75,35.3,18.49));
#3290 = LINE('',#3291,#3292);
#3291 = CARTESIAN_POINT('',(85.75,8.475,18.49));
#3292 = VECTOR('',#3293,1.);
#3293 = DIRECTION('',(0.,-1.,0.));
#3294 = ORIENTED_EDGE('',*,*,#3295,.F.);
#3295 = EDGE_CURVE('',#3296,#3288,#3298,.T.);
#3296 = VERTEX_POINT('',#3297);
#3297 = CARTESIAN_POINT('',(85.75,35.3,17.8));
#3298 = LINE('',#3299,#3300);
#3299 = CARTESIAN_POINT('',(85.75,35.3,17.3));
#3300 = VECTOR('',#3301,1.);
#3301 = DIRECTION('',(0.,0.,1.));
#3302 = ORIENTED_EDGE('',*,*,#3303,.T.);
#3303 = EDGE_CURVE('',#3296,#3304,#3306,.T.);
#3304 = VERTEX_POINT('',#3305);
#3305 = CARTESIAN_POINT('',(85.75,61.5,17.8));
#3306 = LINE('',#3307,#3308);
#3307 = CARTESIAN_POINT('',(85.75,-1.75,17.8));
#3308 = VECTOR('',#3309,1.);
#3309 = DIRECTION('',(-0.,1.,0.));
#3310 = ORIENTED_EDGE('',*,*,#3311,.T.);
#3311 = EDGE_CURVE('',#3304,#736,#3312,.T.);
#3312 = LINE('',#3313,#3314);
#3313 = CARTESIAN_POINT('',(85.75,61.5,17.8));
#3314 = VECTOR('',#3315,1.);
#3315 = DIRECTION('',(0.,0.,1.));
#3316 = PLANE('',#3317);
#3317 = AXIS2_PLACEMENT_3D('',#3318,#3319,#3320);
#3318 = CARTESIAN_POINT('',(85.75,-1.75,17.8));
#3319 = DIRECTION('',(1.,0.,-0.));
#3320 = DIRECTION('',(0.,0.,1.));
#3321 = ADVANCED_FACE('',(#3322),#3340,.T.);
#3322 = FACE_BOUND('',#3323,.T.);
#3323 = EDGE_LOOP('',(#3324,#3325,#3333,#3339));
#3324 = ORIENTED_EDGE('',*,*,#583,.F.);
#3325 = ORIENTED_EDGE('',*,*,#3326,.T.);
#3326 = EDGE_CURVE('',#584,#3327,#3329,.T.);
#3327 = VERTEX_POINT('',#3328);
#3328 = CARTESIAN_POINT('',(34.5,62.05,17.8));
#3329 = LINE('',#3330,#3331);
#3330 = CARTESIAN_POINT('',(34.5,62.05,16.8));
#3331 = VECTOR('',#3332,1.);
#3332 = DIRECTION('',(-0.,0.,-1.));
#3333 = ORIENTED_EDGE('',*,*,#3334,.T.);
#3334 = EDGE_CURVE('',#3327,#3214,#3335,.T.);
#3335 = LINE('',#3336,#3337);
#3336 = CARTESIAN_POINT('',(34.5,24.125,17.8));
#3337 = VECTOR('',#3338,1.);
#3338 = DIRECTION('',(-0.,1.,0.));
#3339 = ORIENTED_EDGE('',*,*,#3223,.F.);
#3340 = PLANE('',#3341);
#3341 = AXIS2_PLACEMENT_3D('',#3342,#3343,#3344);
#3342 = CARTESIAN_POINT('',(34.5,50.,16.8));
#3343 = DIRECTION('',(1.,0.,-0.));
#3344 = DIRECTION('',(0.,0.,1.));
#3345 = ADVANCED_FACE('',(#3346),#3365,.T.);
#3346 = FACE_BOUND('',#3347,.T.);
#3347 = EDGE_LOOP('',(#3348,#3349,#3358,#3364));
#3348 = ORIENTED_EDGE('',*,*,#3311,.F.);
#3349 = ORIENTED_EDGE('',*,*,#3350,.T.);
#3350 = EDGE_CURVE('',#3304,#3351,#3353,.T.);
#3351 = VERTEX_POINT('',#3352);
#3352 = CARTESIAN_POINT('',(84.,63.25,17.8));
#3353 = CIRCLE('',#3354,1.75);
#3354 = AXIS2_PLACEMENT_3D('',#3355,#3356,#3357);
#3355 = CARTESIAN_POINT('',(84.,61.5,17.8));
#3356 = DIRECTION('',(0.,0.,1.));
#3357 = DIRECTION('',(0.,-1.,0.));
#3358 = ORIENTED_EDGE('',*,*,#3359,.T.);
#3359 = EDGE_CURVE('',#3351,#728,#3360,.T.);
#3360 = LINE('',#3361,#3362);
#3361 = CARTESIAN_POINT('',(84.,63.25,17.8));
#3362 = VECTOR('',#3363,1.);
#3363 = DIRECTION('',(0.,0.,1.));
#3364 = ORIENTED_EDGE('',*,*,#735,.F.);
#3365 = CYLINDRICAL_SURFACE('',#3366,1.75);
#3366 = AXIS2_PLACEMENT_3D('',#3367,#3368,#3369);
#3367 = CARTESIAN_POINT('',(84.,61.5,17.8));
#3368 = DIRECTION('',(0.,0.,1.));
#3369 = DIRECTION('',(1.,0.,-0.));
#3370 = ADVANCED_FACE('',(#3371),#3389,.F.);
#3371 = FACE_BOUND('',#3372,.F.);
#3372 = EDGE_LOOP('',(#3373,#3374,#3375,#3383));
#3373 = ORIENTED_EDGE('',*,*,#591,.F.);
#3374 = ORIENTED_EDGE('',*,*,#3326,.T.);
#3375 = ORIENTED_EDGE('',*,*,#3376,.T.);
#3376 = EDGE_CURVE('',#3327,#3377,#3379,.T.);
#3377 = VERTEX_POINT('',#3378);
#3378 = CARTESIAN_POINT('',(1.,62.05,17.8));
#3379 = LINE('',#3380,#3381);
#3380 = CARTESIAN_POINT('',(-0.15,62.05,17.8));
#3381 = VECTOR('',#3382,1.);
#3382 = DIRECTION('',(-1.,-0.,0.));
#3383 = ORIENTED_EDGE('',*,*,#3384,.T.);
#3384 = EDGE_CURVE('',#3377,#592,#3385,.T.);
#3385 = LINE('',#3386,#3387);
#3386 = CARTESIAN_POINT('',(1.,62.05,16.8));
#3387 = VECTOR('',#3388,1.);
#3388 = DIRECTION('',(0.,0.,1.));
#3389 = PLANE('',#3390);
#3390 = AXIS2_PLACEMENT_3D('',#3391,#3392,#3393);
#3391 = CARTESIAN_POINT('',(0.45,62.05,16.8));
#3392 = DIRECTION('',(-0.,1.,0.));
#3393 = DIRECTION('',(0.,0.,1.));
#3394 = ADVANCED_FACE('',(#3395),#3413,.T.);
#3395 = FACE_BOUND('',#3396,.T.);
#3396 = EDGE_LOOP('',(#3397,#3405,#3411,#3412));
#3397 = ORIENTED_EDGE('',*,*,#3398,.F.);
#3398 = EDGE_CURVE('',#3399,#3351,#3401,.T.);
#3399 = VERTEX_POINT('',#3400);
#3400 = CARTESIAN_POINT('',(50.5,63.25,17.8));
#3401 = LINE('',#3402,#3403);
#3402 = CARTESIAN_POINT('',(-0.75,63.25,17.8));
#3403 = VECTOR('',#3404,1.);
#3404 = DIRECTION('',(1.,0.,-0.));
#3405 = ORIENTED_EDGE('',*,*,#3406,.F.);
#3406 = EDGE_CURVE('',#720,#3399,#3407,.T.);
#3407 = LINE('',#3408,#3409);
#3408 = CARTESIAN_POINT('',(50.5,63.25,17.3));
#3409 = VECTOR('',#3410,1.);
#3410 = DIRECTION('',(-0.,0.,-1.));
#3411 = ORIENTED_EDGE('',*,*,#727,.F.);
#3412 = ORIENTED_EDGE('',*,*,#3359,.F.);
#3413 = PLANE('',#3414);
#3414 = AXIS2_PLACEMENT_3D('',#3415,#3416,#3417);
#3415 = CARTESIAN_POINT('',(-0.75,63.25,17.8));
#3416 = DIRECTION('',(-0.,1.,0.));
#3417 = DIRECTION('',(0.,0.,1.));
#3418 = ADVANCED_FACE('',(#3419),#3438,.F.);
#3419 = FACE_BOUND('',#3420,.T.);
#3420 = EDGE_LOOP('',(#3421,#3429,#3436,#3437));
#3421 = ORIENTED_EDGE('',*,*,#3422,.F.);
#3422 = EDGE_CURVE('',#3423,#600,#3425,.T.);
#3423 = VERTEX_POINT('',#3424);
#3424 = CARTESIAN_POINT('',(0.45,61.5,17.8));
#3425 = LINE('',#3426,#3427);
#3426 = CARTESIAN_POINT('',(0.45,61.5,16.8));
#3427 = VECTOR('',#3428,1.);
#3428 = DIRECTION('',(0.,0.,1.));
#3429 = ORIENTED_EDGE('',*,*,#3430,.F.);
#3430 = EDGE_CURVE('',#3377,#3423,#3431,.T.);
#3431 = CIRCLE('',#3432,0.55);
#3432 = AXIS2_PLACEMENT_3D('',#3433,#3434,#3435);
#3433 = CARTESIAN_POINT('',(1.,61.5,17.8));
#3434 = DIRECTION('',(0.,0.,1.));
#3435 = DIRECTION('',(-1.,-0.,0.));
#3436 = ORIENTED_EDGE('',*,*,#3384,.T.);
#3437 = ORIENTED_EDGE('',*,*,#599,.T.);
#3438 = CYLINDRICAL_SURFACE('',#3439,0.55);
#3439 = AXIS2_PLACEMENT_3D('',#3440,#3441,#3442);
#3440 = CARTESIAN_POINT('',(1.,61.5,16.8));
#3441 = DIRECTION('',(0.,0.,1.));
#3442 = DIRECTION('',(-1.,-0.,0.));
#3443 = ADVANCED_FACE('',(#3444),#3462,.F.);
#3444 = FACE_BOUND('',#3445,.F.);
#3445 = EDGE_LOOP('',(#3446,#3447,#3455,#3461));
#3446 = ORIENTED_EDGE('',*,*,#719,.F.);
#3447 = ORIENTED_EDGE('',*,*,#3448,.T.);
#3448 = EDGE_CURVE('',#712,#3449,#3451,.T.);
#3449 = VERTEX_POINT('',#3450);
#3450 = CARTESIAN_POINT('',(50.5,62.05,17.8));
#3451 = LINE('',#3452,#3453);
#3452 = CARTESIAN_POINT('',(50.5,62.05,16.8));
#3453 = VECTOR('',#3454,1.);
#3454 = DIRECTION('',(-0.,0.,-1.));
#3455 = ORIENTED_EDGE('',*,*,#3456,.T.);
#3456 = EDGE_CURVE('',#3449,#3399,#3457,.T.);
#3457 = LINE('',#3458,#3459);
#3458 = CARTESIAN_POINT('',(50.5,24.125,17.8));
#3459 = VECTOR('',#3460,1.);
#3460 = DIRECTION('',(-0.,1.,0.));
#3461 = ORIENTED_EDGE('',*,*,#3406,.F.);
#3462 = PLANE('',#3463);
#3463 = AXIS2_PLACEMENT_3D('',#3464,#3465,#3466);
#3464 = CARTESIAN_POINT('',(50.5,50.,16.8));
#3465 = DIRECTION('',(1.,0.,-0.));
#3466 = DIRECTION('',(0.,0.,1.));
#3467 = ADVANCED_FACE('',(#3468),#3486,.T.);
#3468 = FACE_BOUND('',#3469,.T.);
#3469 = EDGE_LOOP('',(#3470,#3471,#3479,#3485));
#3470 = ORIENTED_EDGE('',*,*,#608,.F.);
#3471 = ORIENTED_EDGE('',*,*,#3472,.F.);
#3472 = EDGE_CURVE('',#3473,#609,#3475,.T.);
#3473 = VERTEX_POINT('',#3474);
#3474 = CARTESIAN_POINT('',(0.45,-1.110223024625E-16,17.8));
#3475 = LINE('',#3476,#3477);
#3476 = CARTESIAN_POINT('',(0.45,-1.110223024625E-16,16.8));
#3477 = VECTOR('',#3478,1.);
#3478 = DIRECTION('',(0.,0.,1.));
#3479 = ORIENTED_EDGE('',*,*,#3480,.T.);
#3480 = EDGE_CURVE('',#3473,#3423,#3481,.T.);
#3481 = LINE('',#3482,#3483);
#3482 = CARTESIAN_POINT('',(0.45,-1.15,17.8));
#3483 = VECTOR('',#3484,1.);
#3484 = DIRECTION('',(-0.,1.,0.));
#3485 = ORIENTED_EDGE('',*,*,#3422,.T.);
#3486 = PLANE('',#3487);
#3487 = AXIS2_PLACEMENT_3D('',#3488,#3489,#3490);
#3488 = CARTESIAN_POINT('',(0.45,-0.55,16.8));
#3489 = DIRECTION('',(1.,0.,-0.));
#3490 = DIRECTION('',(0.,0.,1.));
#3491 = ADVANCED_FACE('',(#3492),#3510,.F.);
#3492 = FACE_BOUND('',#3493,.F.);
#3493 = EDGE_LOOP('',(#3494,#3502,#3508,#3509));
#3494 = ORIENTED_EDGE('',*,*,#3495,.F.);
#3495 = EDGE_CURVE('',#3496,#703,#3498,.T.);
#3496 = VERTEX_POINT('',#3497);
#3497 = CARTESIAN_POINT('',(84.,62.05,17.8));
#3498 = LINE('',#3499,#3500);
#3499 = CARTESIAN_POINT('',(84.,62.05,16.8));
#3500 = VECTOR('',#3501,1.);
#3501 = DIRECTION('',(0.,0.,1.));
#3502 = ORIENTED_EDGE('',*,*,#3503,.T.);
#3503 = EDGE_CURVE('',#3496,#3449,#3504,.T.);
#3504 = LINE('',#3505,#3506);
#3505 = CARTESIAN_POINT('',(-0.15,62.05,17.8));
#3506 = VECTOR('',#3507,1.);
#3507 = DIRECTION('',(-1.,-0.,0.));
#3508 = ORIENTED_EDGE('',*,*,#3448,.F.);
#3509 = ORIENTED_EDGE('',*,*,#711,.F.);
#3510 = PLANE('',#3511);
#3511 = AXIS2_PLACEMENT_3D('',#3512,#3513,#3514);
#3512 = CARTESIAN_POINT('',(0.45,62.05,16.8));
#3513 = DIRECTION('',(-0.,1.,0.));
#3514 = DIRECTION('',(0.,0.,1.));
#3515 = ADVANCED_FACE('',(#3516),#3535,.F.);
#3516 = FACE_BOUND('',#3517,.F.);
#3517 = EDGE_LOOP('',(#3518,#3519,#3528,#3534));
#3518 = ORIENTED_EDGE('',*,*,#3472,.F.);
#3519 = ORIENTED_EDGE('',*,*,#3520,.T.);
#3520 = EDGE_CURVE('',#3473,#3521,#3523,.T.);
#3521 = VERTEX_POINT('',#3522);
#3522 = CARTESIAN_POINT('',(1.,-0.55,17.8));
#3523 = CIRCLE('',#3524,0.55);
#3524 = AXIS2_PLACEMENT_3D('',#3525,#3526,#3527);
#3525 = CARTESIAN_POINT('',(1.,-1.110223024625E-16,17.8));
#3526 = DIRECTION('',(0.,0.,1.));
#3527 = DIRECTION('',(-1.,-0.,0.));
#3528 = ORIENTED_EDGE('',*,*,#3529,.T.);
#3529 = EDGE_CURVE('',#3521,#617,#3530,.T.);
#3530 = LINE('',#3531,#3532);
#3531 = CARTESIAN_POINT('',(1.,-0.55,16.8));
#3532 = VECTOR('',#3533,1.);
#3533 = DIRECTION('',(0.,0.,1.));
#3534 = ORIENTED_EDGE('',*,*,#616,.F.);
#3535 = CYLINDRICAL_SURFACE('',#3536,0.55);
#3536 = AXIS2_PLACEMENT_3D('',#3537,#3538,#3539);
#3537 = CARTESIAN_POINT('',(1.,-1.110223024625E-16,16.8));
#3538 = DIRECTION('',(0.,0.,1.));
#3539 = DIRECTION('',(-1.,-0.,0.));
#3540 = ADVANCED_FACE('',(#3541),#3560,.F.);
#3541 = FACE_BOUND('',#3542,.F.);
#3542 = EDGE_LOOP('',(#3543,#3551,#3558,#3559));
#3543 = ORIENTED_EDGE('',*,*,#3544,.F.);
#3544 = EDGE_CURVE('',#3545,#695,#3547,.T.);
#3545 = VERTEX_POINT('',#3546);
#3546 = CARTESIAN_POINT('',(84.55,61.5,17.8));
#3547 = LINE('',#3548,#3549);
#3548 = CARTESIAN_POINT('',(84.55,61.5,16.8));
#3549 = VECTOR('',#3550,1.);
#3550 = DIRECTION('',(0.,0.,1.));
#3551 = ORIENTED_EDGE('',*,*,#3552,.T.);
#3552 = EDGE_CURVE('',#3545,#3496,#3553,.T.);
#3553 = CIRCLE('',#3554,0.55);
#3554 = AXIS2_PLACEMENT_3D('',#3555,#3556,#3557);
#3555 = CARTESIAN_POINT('',(84.,61.5,17.8));
#3556 = DIRECTION('',(0.,0.,1.));
#3557 = DIRECTION('',(1.,0.,-0.));
#3558 = ORIENTED_EDGE('',*,*,#3495,.T.);
#3559 = ORIENTED_EDGE('',*,*,#702,.F.);
#3560 = CYLINDRICAL_SURFACE('',#3561,0.55);
#3561 = AXIS2_PLACEMENT_3D('',#3562,#3563,#3564);
#3562 = CARTESIAN_POINT('',(84.,61.5,16.8));
#3563 = DIRECTION('',(0.,0.,1.));
#3564 = DIRECTION('',(1.,0.,-0.));
#3565 = ADVANCED_FACE('',(#3566),#3584,.T.);
#3566 = FACE_BOUND('',#3567,.T.);
#3567 = EDGE_LOOP('',(#3568,#3576,#3582,#3583));
#3568 = ORIENTED_EDGE('',*,*,#3569,.F.);
#3569 = EDGE_CURVE('',#3570,#626,#3572,.T.);
#3570 = VERTEX_POINT('',#3571);
#3571 = CARTESIAN_POINT('',(8.391429205785,-0.55,17.8));
#3572 = LINE('',#3573,#3574);
#3573 = CARTESIAN_POINT('',(8.391429205785,-0.55,14.89));
#3574 = VECTOR('',#3575,1.);
#3575 = DIRECTION('',(0.,0.,1.));
#3576 = ORIENTED_EDGE('',*,*,#3577,.T.);
#3577 = EDGE_CURVE('',#3570,#3521,#3578,.T.);
#3578 = LINE('',#3579,#3580);
#3579 = CARTESIAN_POINT('',(-0.15,-0.55,17.8));
#3580 = VECTOR('',#3581,1.);
#3581 = DIRECTION('',(-1.,-0.,0.));
#3582 = ORIENTED_EDGE('',*,*,#3529,.T.);
#3583 = ORIENTED_EDGE('',*,*,#625,.F.);
#3584 = PLANE('',#3585);
#3585 = AXIS2_PLACEMENT_3D('',#3586,#3587,#3588);
#3586 = CARTESIAN_POINT('',(0.45,-0.55,16.8));
#3587 = DIRECTION('',(-0.,1.,0.));
#3588 = DIRECTION('',(0.,0.,1.));
#3589 = ADVANCED_FACE('',(#3590),#3672,.F.);
#3590 = FACE_BOUND('',#3591,.F.);
#3591 = EDGE_LOOP('',(#3592,#3593,#3601,#3609,#3617,#3625,#3633,#3641,
    #3649,#3657,#3665,#3671));
#3592 = ORIENTED_EDGE('',*,*,#694,.F.);
#3593 = ORIENTED_EDGE('',*,*,#3594,.F.);
#3594 = EDGE_CURVE('',#3595,#686,#3597,.T.);
#3595 = VERTEX_POINT('',#3596);
#3596 = CARTESIAN_POINT('',(84.55,-1.110223024625E-16,17.8));
#3597 = LINE('',#3598,#3599);
#3598 = CARTESIAN_POINT('',(84.55,-1.110223024625E-16,16.8));
#3599 = VECTOR('',#3600,1.);
#3600 = DIRECTION('',(0.,0.,1.));
#3601 = ORIENTED_EDGE('',*,*,#3602,.T.);
#3602 = EDGE_CURVE('',#3595,#3603,#3605,.T.);
#3603 = VERTEX_POINT('',#3604);
#3604 = CARTESIAN_POINT('',(84.55,0.83,17.8));
#3605 = LINE('',#3606,#3607);
#3606 = CARTESIAN_POINT('',(84.55,-1.15,17.8));
#3607 = VECTOR('',#3608,1.);
#3608 = DIRECTION('',(-0.,1.,0.));
#3609 = ORIENTED_EDGE('',*,*,#3610,.T.);
#3610 = EDGE_CURVE('',#3603,#3611,#3613,.T.);
#3611 = VERTEX_POINT('',#3612);
#3612 = CARTESIAN_POINT('',(84.55,0.83,18.15));
#3613 = LINE('',#3614,#3615);
#3614 = CARTESIAN_POINT('',(84.55,0.83,16.8));
#3615 = VECTOR('',#3616,1.);
#3616 = DIRECTION('',(0.,0.,1.));
#3617 = ORIENTED_EDGE('',*,*,#3618,.F.);
#3618 = EDGE_CURVE('',#3619,#3611,#3621,.T.);
#3619 = VERTEX_POINT('',#3620);
#3620 = CARTESIAN_POINT('',(84.55,17.17,18.15));
#3621 = LINE('',#3622,#3623);
#3622 = CARTESIAN_POINT('',(84.55,0.14,18.15));
#3623 = VECTOR('',#3624,1.);
#3624 = DIRECTION('',(0.,-1.,0.));
#3625 = ORIENTED_EDGE('',*,*,#3626,.F.);
#3626 = EDGE_CURVE('',#3627,#3619,#3629,.T.);
#3627 = VERTEX_POINT('',#3628);
#3628 = CARTESIAN_POINT('',(84.55,17.17,17.8));
#3629 = LINE('',#3630,#3631);
#3630 = CARTESIAN_POINT('',(84.55,17.17,16.8));
#3631 = VECTOR('',#3632,1.);
#3632 = DIRECTION('',(0.,0.,1.));
#3633 = ORIENTED_EDGE('',*,*,#3634,.T.);
#3634 = EDGE_CURVE('',#3627,#3635,#3637,.T.);
#3635 = VERTEX_POINT('',#3636);
#3636 = CARTESIAN_POINT('',(84.55,18.7,17.8));
#3637 = LINE('',#3638,#3639);
#3638 = CARTESIAN_POINT('',(84.55,-1.15,17.8));
#3639 = VECTOR('',#3640,1.);
#3640 = DIRECTION('',(-0.,1.,0.));
#3641 = ORIENTED_EDGE('',*,*,#3642,.T.);
#3642 = EDGE_CURVE('',#3635,#3643,#3645,.T.);
#3643 = VERTEX_POINT('',#3644);
#3644 = CARTESIAN_POINT('',(84.55,18.7,18.49));
#3645 = LINE('',#3646,#3647);
#3646 = CARTESIAN_POINT('',(84.55,18.7,16.8));
#3647 = VECTOR('',#3648,1.);
#3648 = DIRECTION('',(0.,0.,1.));
#3649 = ORIENTED_EDGE('',*,*,#3650,.F.);
#3650 = EDGE_CURVE('',#3651,#3643,#3653,.T.);
#3651 = VERTEX_POINT('',#3652);
#3652 = CARTESIAN_POINT('',(84.55,35.3,18.49));
#3653 = LINE('',#3654,#3655);
#3654 = CARTESIAN_POINT('',(84.55,9.075,18.49));
#3655 = VECTOR('',#3656,1.);
#3656 = DIRECTION('',(0.,-1.,0.));
#3657 = ORIENTED_EDGE('',*,*,#3658,.F.);
#3658 = EDGE_CURVE('',#3659,#3651,#3661,.T.);
#3659 = VERTEX_POINT('',#3660);
#3660 = CARTESIAN_POINT('',(84.55,35.3,17.8));
#3661 = LINE('',#3662,#3663);
#3662 = CARTESIAN_POINT('',(84.55,35.3,16.8));
#3663 = VECTOR('',#3664,1.);
#3664 = DIRECTION('',(0.,0.,1.));
#3665 = ORIENTED_EDGE('',*,*,#3666,.T.);
#3666 = EDGE_CURVE('',#3659,#3545,#3667,.T.);
#3667 = LINE('',#3668,#3669);
#3668 = CARTESIAN_POINT('',(84.55,-1.15,17.8));
#3669 = VECTOR('',#3670,1.);
#3670 = DIRECTION('',(-0.,1.,0.));
#3671 = ORIENTED_EDGE('',*,*,#3544,.T.);
#3672 = PLANE('',#3673);
#3673 = AXIS2_PLACEMENT_3D('',#3674,#3675,#3676);
#3674 = CARTESIAN_POINT('',(84.55,-0.55,16.8));
#3675 = DIRECTION('',(1.,0.,-0.));
#3676 = DIRECTION('',(0.,0.,1.));
#3677 = ADVANCED_FACE('',(#3678),#3714,.T.);
#3678 = FACE_BOUND('',#3679,.T.);
#3679 = EDGE_LOOP('',(#3680,#3681,#3689,#3696,#3697,#3698,#3706,#3713));
#3680 = ORIENTED_EDGE('',*,*,#633,.F.);
#3681 = ORIENTED_EDGE('',*,*,#3682,.F.);
#3682 = EDGE_CURVE('',#3683,#634,#3685,.T.);
#3683 = VERTEX_POINT('',#3684);
#3684 = CARTESIAN_POINT('',(12.1,0.8,14.89));
#3685 = LINE('',#3686,#3687);
#3686 = CARTESIAN_POINT('',(12.1,0.8,14.89));
#3687 = VECTOR('',#3688,1.);
#3688 = DIRECTION('',(0.,0.,1.));
#3689 = ORIENTED_EDGE('',*,*,#3690,.T.);
#3690 = EDGE_CURVE('',#3683,#3683,#3691,.T.);
#3691 = CIRCLE('',#3692,2.1);
#3692 = AXIS2_PLACEMENT_3D('',#3693,#3694,#3695);
#3693 = CARTESIAN_POINT('',(10.,0.8,14.89));
#3694 = DIRECTION('',(0.,0.,1.));
#3695 = DIRECTION('',(1.,0.,-0.));
#3696 = ORIENTED_EDGE('',*,*,#3682,.T.);
#3697 = ORIENTED_EDGE('',*,*,#642,.F.);
#3698 = ORIENTED_EDGE('',*,*,#3699,.F.);
#3699 = EDGE_CURVE('',#3700,#643,#3702,.T.);
#3700 = VERTEX_POINT('',#3701);
#3701 = CARTESIAN_POINT('',(11.608570794215,-0.55,17.8));
#3702 = LINE('',#3703,#3704);
#3703 = CARTESIAN_POINT('',(11.608570794215,-0.55,14.89));
#3704 = VECTOR('',#3705,1.);
#3705 = DIRECTION('',(0.,0.,1.));
#3706 = ORIENTED_EDGE('',*,*,#3707,.F.);
#3707 = EDGE_CURVE('',#3570,#3700,#3708,.T.);
#3708 = CIRCLE('',#3709,2.1);
#3709 = AXIS2_PLACEMENT_3D('',#3710,#3711,#3712);
#3710 = CARTESIAN_POINT('',(10.,0.8,17.8));
#3711 = DIRECTION('',(0.,0.,1.));
#3712 = DIRECTION('',(1.,0.,-0.));
#3713 = ORIENTED_EDGE('',*,*,#3569,.T.);
#3714 = CYLINDRICAL_SURFACE('',#3715,2.1);
#3715 = AXIS2_PLACEMENT_3D('',#3716,#3717,#3718);
#3716 = CARTESIAN_POINT('',(10.,0.8,14.89));
#3717 = DIRECTION('',(0.,0.,1.));
#3718 = DIRECTION('',(1.,0.,-0.));
#3719 = ADVANCED_FACE('',(#3720),#3739,.F.);
#3720 = FACE_BOUND('',#3721,.T.);
#3721 = EDGE_LOOP('',(#3722,#3723,#3732,#3738));
#3722 = ORIENTED_EDGE('',*,*,#3594,.F.);
#3723 = ORIENTED_EDGE('',*,*,#3724,.F.);
#3724 = EDGE_CURVE('',#3725,#3595,#3727,.T.);
#3725 = VERTEX_POINT('',#3726);
#3726 = CARTESIAN_POINT('',(84.,-0.55,17.8));
#3727 = CIRCLE('',#3728,0.55);
#3728 = AXIS2_PLACEMENT_3D('',#3729,#3730,#3731);
#3729 = CARTESIAN_POINT('',(84.,-1.110223024625E-16,17.8));
#3730 = DIRECTION('',(0.,0.,1.));
#3731 = DIRECTION('',(1.,0.,-0.));
#3732 = ORIENTED_EDGE('',*,*,#3733,.T.);
#3733 = EDGE_CURVE('',#3725,#678,#3734,.T.);
#3734 = LINE('',#3735,#3736);
#3735 = CARTESIAN_POINT('',(84.,-0.55,16.8));
#3736 = VECTOR('',#3737,1.);
#3737 = DIRECTION('',(0.,0.,1.));
#3738 = ORIENTED_EDGE('',*,*,#685,.T.);
#3739 = CYLINDRICAL_SURFACE('',#3740,0.55);
#3740 = AXIS2_PLACEMENT_3D('',#3741,#3742,#3743);
#3741 = CARTESIAN_POINT('',(84.,-1.110223024625E-16,16.8));
#3742 = DIRECTION('',(0.,0.,1.));
#3743 = DIRECTION('',(1.,0.,-0.));
#3744 = ADVANCED_FACE('',(#3745),#3763,.T.);
#3745 = FACE_BOUND('',#3746,.T.);
#3746 = EDGE_LOOP('',(#3747,#3748,#3756,#3762));
#3747 = ORIENTED_EDGE('',*,*,#3733,.F.);
#3748 = ORIENTED_EDGE('',*,*,#3749,.T.);
#3749 = EDGE_CURVE('',#3725,#3750,#3752,.T.);
#3750 = VERTEX_POINT('',#3751);
#3751 = CARTESIAN_POINT('',(24.108570794215,-0.55,17.8));
#3752 = LINE('',#3753,#3754);
#3753 = CARTESIAN_POINT('',(-0.15,-0.55,17.8));
#3754 = VECTOR('',#3755,1.);
#3755 = DIRECTION('',(-1.,-0.,0.));
#3756 = ORIENTED_EDGE('',*,*,#3757,.T.);
#3757 = EDGE_CURVE('',#3750,#669,#3758,.T.);
#3758 = LINE('',#3759,#3760);
#3759 = CARTESIAN_POINT('',(24.108570794215,-0.55,14.89));
#3760 = VECTOR('',#3761,1.);
#3761 = DIRECTION('',(0.,0.,1.));
#3762 = ORIENTED_EDGE('',*,*,#677,.F.);
#3763 = PLANE('',#3764);
#3764 = AXIS2_PLACEMENT_3D('',#3765,#3766,#3767);
#3765 = CARTESIAN_POINT('',(0.45,-0.55,16.8));
#3766 = DIRECTION('',(-0.,1.,0.));
#3767 = DIRECTION('',(0.,0.,1.));
#3768 = ADVANCED_FACE('',(#3769),#3787,.T.);
#3769 = FACE_BOUND('',#3770,.T.);
#3770 = EDGE_LOOP('',(#3771,#3779,#3785,#3786));
#3771 = ORIENTED_EDGE('',*,*,#3772,.F.);
#3772 = EDGE_CURVE('',#3773,#652,#3775,.T.);
#3773 = VERTEX_POINT('',#3774);
#3774 = CARTESIAN_POINT('',(20.891429205785,-0.55,17.8));
#3775 = LINE('',#3776,#3777);
#3776 = CARTESIAN_POINT('',(20.891429205785,-0.55,14.89));
#3777 = VECTOR('',#3778,1.);
#3778 = DIRECTION('',(0.,0.,1.));
#3779 = ORIENTED_EDGE('',*,*,#3780,.T.);
#3780 = EDGE_CURVE('',#3773,#3700,#3781,.T.);
#3781 = LINE('',#3782,#3783);
#3782 = CARTESIAN_POINT('',(-0.15,-0.55,17.8));
#3783 = VECTOR('',#3784,1.);
#3784 = DIRECTION('',(-1.,-0.,0.));
#3785 = ORIENTED_EDGE('',*,*,#3699,.T.);
#3786 = ORIENTED_EDGE('',*,*,#651,.F.);
#3787 = PLANE('',#3788);
#3788 = AXIS2_PLACEMENT_3D('',#3789,#3790,#3791);
#3789 = CARTESIAN_POINT('',(0.45,-0.55,16.8));
#3790 = DIRECTION('',(-0.,1.,0.));
#3791 = DIRECTION('',(0.,0.,1.));
#3792 = ADVANCED_FACE('',(#3793),#3822,.T.);
#3793 = FACE_BOUND('',#3794,.T.);
#3794 = EDGE_LOOP('',(#3795,#3796,#3804,#3811,#3812,#3813,#3814,#3821));
#3795 = ORIENTED_EDGE('',*,*,#659,.F.);
#3796 = ORIENTED_EDGE('',*,*,#3797,.F.);
#3797 = EDGE_CURVE('',#3798,#660,#3800,.T.);
#3798 = VERTEX_POINT('',#3799);
#3799 = CARTESIAN_POINT('',(24.6,0.8,14.89));
#3800 = LINE('',#3801,#3802);
#3801 = CARTESIAN_POINT('',(24.6,0.8,14.89));
#3802 = VECTOR('',#3803,1.);
#3803 = DIRECTION('',(0.,0.,1.));
#3804 = ORIENTED_EDGE('',*,*,#3805,.T.);
#3805 = EDGE_CURVE('',#3798,#3798,#3806,.T.);
#3806 = CIRCLE('',#3807,2.1);
#3807 = AXIS2_PLACEMENT_3D('',#3808,#3809,#3810);
#3808 = CARTESIAN_POINT('',(22.5,0.8,14.89));
#3809 = DIRECTION('',(0.,0.,1.));
#3810 = DIRECTION('',(1.,0.,-0.));
#3811 = ORIENTED_EDGE('',*,*,#3797,.T.);
#3812 = ORIENTED_EDGE('',*,*,#668,.F.);
#3813 = ORIENTED_EDGE('',*,*,#3757,.F.);
#3814 = ORIENTED_EDGE('',*,*,#3815,.F.);
#3815 = EDGE_CURVE('',#3773,#3750,#3816,.T.);
#3816 = CIRCLE('',#3817,2.1);
#3817 = AXIS2_PLACEMENT_3D('',#3818,#3819,#3820);
#3818 = CARTESIAN_POINT('',(22.5,0.8,17.8));
#3819 = DIRECTION('',(0.,0.,1.));
#3820 = DIRECTION('',(1.,0.,-0.));
#3821 = ORIENTED_EDGE('',*,*,#3772,.T.);
#3822 = CYLINDRICAL_SURFACE('',#3823,2.1);
#3823 = AXIS2_PLACEMENT_3D('',#3824,#3825,#3826);
#3824 = CARTESIAN_POINT('',(22.5,0.8,14.89));
#3825 = DIRECTION('',(0.,0.,1.));
#3826 = DIRECTION('',(1.,0.,-0.));
#3827 = ADVANCED_FACE('',(#3828),#3847,.T.);
#3828 = FACE_BOUND('',#3829,.T.);
#3829 = EDGE_LOOP('',(#3830,#3831,#3839,#3846));
#3830 = ORIENTED_EDGE('',*,*,#769,.F.);
#3831 = ORIENTED_EDGE('',*,*,#3832,.F.);
#3832 = EDGE_CURVE('',#3833,#770,#3835,.T.);
#3833 = VERTEX_POINT('',#3834);
#3834 = CARTESIAN_POINT('',(45.,47.,17.3));
#3835 = LINE('',#3836,#3837);
#3836 = CARTESIAN_POINT('',(45.,47.,17.3));
#3837 = VECTOR('',#3838,1.);
#3838 = DIRECTION('',(0.,0.,1.));
#3839 = ORIENTED_EDGE('',*,*,#3840,.T.);
#3840 = EDGE_CURVE('',#3833,#3833,#3841,.T.);
#3841 = CIRCLE('',#3842,2.);
#3842 = AXIS2_PLACEMENT_3D('',#3843,#3844,#3845);
#3843 = CARTESIAN_POINT('',(43.,47.,17.3));
#3844 = DIRECTION('',(0.,0.,1.));
#3845 = DIRECTION('',(1.,0.,-0.));
#3846 = ORIENTED_EDGE('',*,*,#3832,.T.);
#3847 = CYLINDRICAL_SURFACE('',#3848,2.);
#3848 = AXIS2_PLACEMENT_3D('',#3849,#3850,#3851);
#3849 = CARTESIAN_POINT('',(43.,47.,17.3));
#3850 = DIRECTION('',(0.,0.,1.));
#3851 = DIRECTION('',(1.,0.,-0.));
#3852 = ADVANCED_FACE('',(#3853),#3872,.T.);
#3853 = FACE_BOUND('',#3854,.T.);
#3854 = EDGE_LOOP('',(#3855,#3856,#3864,#3871));
#3855 = ORIENTED_EDGE('',*,*,#780,.F.);
#3856 = ORIENTED_EDGE('',*,*,#3857,.F.);
#3857 = EDGE_CURVE('',#3858,#781,#3860,.T.);
#3858 = VERTEX_POINT('',#3859);
#3859 = CARTESIAN_POINT('',(63.9,52.5,1.8));
#3860 = LINE('',#3861,#3862);
#3861 = CARTESIAN_POINT('',(63.9,52.5,1.8));
#3862 = VECTOR('',#3863,1.);
#3863 = DIRECTION('',(0.,0.,1.));
#3864 = ORIENTED_EDGE('',*,*,#3865,.T.);
#3865 = EDGE_CURVE('',#3858,#3858,#3866,.T.);
#3866 = CIRCLE('',#3867,2.4);
#3867 = AXIS2_PLACEMENT_3D('',#3868,#3869,#3870);
#3868 = CARTESIAN_POINT('',(61.5,52.5,1.8));
#3869 = DIRECTION('',(0.,0.,1.));
#3870 = DIRECTION('',(1.,0.,-0.));
#3871 = ORIENTED_EDGE('',*,*,#3857,.T.);
#3872 = CYLINDRICAL_SURFACE('',#3873,2.4);
#3873 = AXIS2_PLACEMENT_3D('',#3874,#3875,#3876);
#3874 = CARTESIAN_POINT('',(61.5,52.5,1.8));
#3875 = DIRECTION('',(0.,0.,1.));
#3876 = DIRECTION('',(1.,0.,-0.));
#3877 = ADVANCED_FACE('',(#3878),#3903,.F.);
#3878 = FACE_BOUND('',#3879,.F.);
#3879 = EDGE_LOOP('',(#3880,#3888,#3896,#3902));
#3880 = ORIENTED_EDGE('',*,*,#3881,.F.);
#3881 = EDGE_CURVE('',#3882,#792,#3884,.T.);
#3882 = VERTEX_POINT('',#3883);
#3883 = CARTESIAN_POINT('',(47.93,57.85,16.916434084913));
#3884 = LINE('',#3885,#3886);
#3885 = CARTESIAN_POINT('',(47.93,57.85,16.916434084913));
#3886 = VECTOR('',#3887,1.);
#3887 = DIRECTION('',(0.,0.,1.));
#3888 = ORIENTED_EDGE('',*,*,#3889,.F.);
#3889 = EDGE_CURVE('',#3890,#3882,#3892,.T.);
#3890 = VERTEX_POINT('',#3891);
#3891 = CARTESIAN_POINT('',(37.07,57.85,16.916434084913));
#3892 = LINE('',#3893,#3894);
#3893 = CARTESIAN_POINT('',(37.07,57.85,16.916434084913));
#3894 = VECTOR('',#3895,1.);
#3895 = DIRECTION('',(1.,0.,-0.));
#3896 = ORIENTED_EDGE('',*,*,#3897,.T.);
#3897 = EDGE_CURVE('',#3890,#794,#3898,.T.);
#3898 = LINE('',#3899,#3900);
#3899 = CARTESIAN_POINT('',(37.07,57.85,16.916434084913));
#3900 = VECTOR('',#3901,1.);
#3901 = DIRECTION('',(0.,0.,1.));
#3902 = ORIENTED_EDGE('',*,*,#791,.F.);
#3903 = PLANE('',#3904);
#3904 = AXIS2_PLACEMENT_3D('',#3905,#3906,#3907);
#3905 = CARTESIAN_POINT('',(37.07,57.85,16.916434084913));
#3906 = DIRECTION('',(-0.,1.,0.));
#3907 = DIRECTION('',(0.,0.,1.));
#3908 = ADVANCED_FACE('',(#3909),#3927,.T.);
#3909 = FACE_BOUND('',#3910,.T.);
#3910 = EDGE_LOOP('',(#3911,#3912,#3920,#3926));
#3911 = ORIENTED_EDGE('',*,*,#3881,.F.);
#3912 = ORIENTED_EDGE('',*,*,#3913,.T.);
#3913 = EDGE_CURVE('',#3882,#3914,#3916,.T.);
#3914 = VERTEX_POINT('',#3915);
#3915 = CARTESIAN_POINT('',(47.93,63.25,16.916434084913));
#3916 = LINE('',#3917,#3918);
#3917 = CARTESIAN_POINT('',(47.93,57.85,16.916434084913));
#3918 = VECTOR('',#3919,1.);
#3919 = DIRECTION('',(-0.,1.,0.));
#3920 = ORIENTED_EDGE('',*,*,#3921,.T.);
#3921 = EDGE_CURVE('',#3914,#810,#3922,.T.);
#3922 = LINE('',#3923,#3924);
#3923 = CARTESIAN_POINT('',(47.93,63.25,16.916434084913));
#3924 = VECTOR('',#3925,1.);
#3925 = DIRECTION('',(0.,0.,1.));
#3926 = ORIENTED_EDGE('',*,*,#817,.F.);
#3927 = PLANE('',#3928);
#3928 = AXIS2_PLACEMENT_3D('',#3929,#3930,#3931);
#3929 = CARTESIAN_POINT('',(47.93,57.85,16.916434084913));
#3930 = DIRECTION('',(1.,0.,-0.));
#3931 = DIRECTION('',(0.,0.,1.));
#3932 = ADVANCED_FACE('',(#3933),#3951,.F.);
#3933 = FACE_BOUND('',#3934,.F.);
#3934 = EDGE_LOOP('',(#3935,#3936,#3944,#3950));
#3935 = ORIENTED_EDGE('',*,*,#3897,.F.);
#3936 = ORIENTED_EDGE('',*,*,#3937,.T.);
#3937 = EDGE_CURVE('',#3890,#3938,#3940,.T.);
#3938 = VERTEX_POINT('',#3939);
#3939 = CARTESIAN_POINT('',(37.07,63.25,16.916434084913));
#3940 = LINE('',#3941,#3942);
#3941 = CARTESIAN_POINT('',(37.07,57.85,16.916434084913));
#3942 = VECTOR('',#3943,1.);
#3943 = DIRECTION('',(-0.,1.,0.));
#3944 = ORIENTED_EDGE('',*,*,#3945,.T.);
#3945 = EDGE_CURVE('',#3938,#802,#3946,.T.);
#3946 = LINE('',#3947,#3948);
#3947 = CARTESIAN_POINT('',(37.07,63.25,16.916434084913));
#3948 = VECTOR('',#3949,1.);
#3949 = DIRECTION('',(0.,0.,1.));
#3950 = ORIENTED_EDGE('',*,*,#801,.F.);
#3951 = PLANE('',#3952);
#3952 = AXIS2_PLACEMENT_3D('',#3953,#3954,#3955);
#3953 = CARTESIAN_POINT('',(37.07,57.85,16.916434084913));
#3954 = DIRECTION('',(1.,0.,-0.));
#3955 = DIRECTION('',(0.,0.,1.));
#3956 = ADVANCED_FACE('',(#3957),#3968,.T.);
#3957 = FACE_BOUND('',#3958,.T.);
#3958 = EDGE_LOOP('',(#3959,#3960,#3966,#3967));
#3959 = ORIENTED_EDGE('',*,*,#3921,.F.);
#3960 = ORIENTED_EDGE('',*,*,#3961,.F.);
#3961 = EDGE_CURVE('',#3938,#3914,#3962,.T.);
#3962 = LINE('',#3963,#3964);
#3963 = CARTESIAN_POINT('',(37.07,63.25,16.916434084913));
#3964 = VECTOR('',#3965,1.);
#3965 = DIRECTION('',(1.,0.,-0.));
#3966 = ORIENTED_EDGE('',*,*,#3945,.T.);
#3967 = ORIENTED_EDGE('',*,*,#809,.F.);
#3968 = PLANE('',#3969);
#3969 = AXIS2_PLACEMENT_3D('',#3970,#3971,#3972);
#3970 = CARTESIAN_POINT('',(37.07,63.25,16.916434084913));
#3971 = DIRECTION('',(-0.,1.,0.));
#3972 = DIRECTION('',(0.,0.,1.));
#3973 = ADVANCED_FACE('',(#3974),#3985,.F.);
#3974 = FACE_BOUND('',#3975,.F.);
#3975 = EDGE_LOOP('',(#3976,#3982,#3983,#3984));
#3976 = ORIENTED_EDGE('',*,*,#3977,.F.);
#3977 = EDGE_CURVE('',#883,#908,#3978,.T.);
#3978 = LINE('',#3979,#3980);
#3979 = CARTESIAN_POINT('',(84.,-4.,21.5));
#3980 = VECTOR('',#3981,1.);
#3981 = DIRECTION('',(-1.731912112471E-16,0.707106781187,0.707106781187)
  );
#3982 = ORIENTED_EDGE('',*,*,#882,.T.);
#3983 = ORIENTED_EDGE('',*,*,#856,.T.);
#3984 = ORIENTED_EDGE('',*,*,#907,.F.);
#3985 = PLANE('',#3986);
#3986 = AXIS2_PLACEMENT_3D('',#3987,#3988,#3989);
#3987 = CARTESIAN_POINT('',(84.,-3.6,21.9));
#3988 = DIRECTION('',(6.983161618628E-18,0.707106781187,-0.707106781187)
  );
#3989 = DIRECTION('',(-1.,4.937840934654E-18,-4.937840934654E-18));
#3990 = ADVANCED_FACE('',(#3991),#4002,.T.);
#3991 = FACE_BOUND('',#3992,.F.);
#3992 = EDGE_LOOP('',(#3993,#3994,#3995,#4001));
#3993 = ORIENTED_EDGE('',*,*,#2300,.F.);
#3994 = ORIENTED_EDGE('',*,*,#2316,.T.);
#3995 = ORIENTED_EDGE('',*,*,#3996,.T.);
#3996 = EDGE_CURVE('',#2317,#933,#3997,.T.);
#3997 = LINE('',#3998,#3999);
#3998 = CARTESIAN_POINT('',(84.,65.1,21.9));
#3999 = VECTOR('',#4000,1.);
#4000 = DIRECTION('',(-0.,-0.707106781187,0.707106781187));
#4001 = ORIENTED_EDGE('',*,*,#941,.F.);
#4002 = PLANE('',#4003);
#4003 = AXIS2_PLACEMENT_3D('',#4004,#4005,#4006);
#4004 = CARTESIAN_POINT('',(1.,65.1,21.9));
#4005 = DIRECTION('',(-6.983161618628E-18,0.707106781187,0.707106781187)
  );
#4006 = DIRECTION('',(-1.,-4.937840934654E-18,-4.937840934654E-18));
#4007 = ADVANCED_FACE('',(#4008),#4019,.T.);
#4008 = FACE_BOUND('',#4009,.F.);
#4009 = EDGE_LOOP('',(#4010,#4016,#4017,#4018));
#4010 = ORIENTED_EDGE('',*,*,#4011,.F.);
#4011 = EDGE_CURVE('',#2340,#916,#4012,.T.);
#4012 = LINE('',#4013,#4014);
#4013 = CARTESIAN_POINT('',(87.6,0.,21.9));
#4014 = VECTOR('',#4015,1.);
#4015 = DIRECTION('',(-0.707106781187,-0.,0.707106781187));
#4016 = ORIENTED_EDGE('',*,*,#2349,.T.);
#4017 = ORIENTED_EDGE('',*,*,#3977,.T.);
#4018 = ORIENTED_EDGE('',*,*,#915,.F.);
#4019 = CONICAL_SURFACE('',#4020,4.,0.785398163397);
#4020 = AXIS2_PLACEMENT_3D('',#4021,#4022,#4023);
#4021 = CARTESIAN_POINT('',(84.,-8.881784197001E-16,21.5));
#4022 = DIRECTION('',(-0.,-0.,-1.));
#4023 = DIRECTION('',(1.,1.836970198721E-16,-0.));
#4024 = ADVANCED_FACE('',(#4025),#4036,.T.);
#4025 = FACE_BOUND('',#4026,.F.);
#4026 = EDGE_LOOP('',(#4027,#4028,#4029,#4035));
#4027 = ORIENTED_EDGE('',*,*,#3996,.F.);
#4028 = ORIENTED_EDGE('',*,*,#2374,.T.);
#4029 = ORIENTED_EDGE('',*,*,#4030,.T.);
#4030 = EDGE_CURVE('',#2365,#925,#4031,.T.);
#4031 = LINE('',#4032,#4033);
#4032 = CARTESIAN_POINT('',(88.,61.5,21.5));
#4033 = VECTOR('',#4034,1.);
#4034 = DIRECTION('',(-0.707106781187,-4.329780281177E-17,0.707106781187
    ));
#4035 = ORIENTED_EDGE('',*,*,#932,.F.);
#4036 = CONICAL_SURFACE('',#4037,4.,0.785398163397);
#4037 = AXIS2_PLACEMENT_3D('',#4038,#4039,#4040);
#4038 = CARTESIAN_POINT('',(84.,61.5,21.5));
#4039 = DIRECTION('',(-0.,-0.,-1.));
#4040 = DIRECTION('',(0.,1.,-0.));
#4041 = ADVANCED_FACE('',(#4042),#4048,.T.);
#4042 = FACE_BOUND('',#4043,.F.);
#4043 = EDGE_LOOP('',(#4044,#4045,#4046,#4047));
#4044 = ORIENTED_EDGE('',*,*,#4030,.F.);
#4045 = ORIENTED_EDGE('',*,*,#2392,.T.);
#4046 = ORIENTED_EDGE('',*,*,#4011,.T.);
#4047 = ORIENTED_EDGE('',*,*,#924,.F.);
#4048 = PLANE('',#4049);
#4049 = AXIS2_PLACEMENT_3D('',#4050,#4051,#4052);
#4050 = CARTESIAN_POINT('',(87.6,61.5,21.9));
#4051 = DIRECTION('',(0.707106781187,6.983161618628E-18,0.707106781187)
  );
#4052 = DIRECTION('',(-4.937840934654E-18,1.,-4.937840934654E-18));
#4053 = ADVANCED_FACE('',(#4054),#4073,.F.);
#4054 = FACE_BOUND('',#4055,.F.);
#4055 = EDGE_LOOP('',(#4056,#4057,#4065,#4072));
#4056 = ORIENTED_EDGE('',*,*,#958,.F.);
#4057 = ORIENTED_EDGE('',*,*,#4058,.F.);
#4058 = EDGE_CURVE('',#4059,#959,#4061,.T.);
#4059 = VERTEX_POINT('',#4060);
#4060 = CARTESIAN_POINT('',(25.885,11.3,21.7));
#4061 = LINE('',#4062,#4063);
#4062 = CARTESIAN_POINT('',(25.885,11.3,21.7));
#4063 = VECTOR('',#4064,1.);
#4064 = DIRECTION('',(0.707106781187,-1.731912112471E-16,0.707106781187)
  );
#4065 = ORIENTED_EDGE('',*,*,#4066,.T.);
#4066 = EDGE_CURVE('',#4059,#4059,#4067,.T.);
#4067 = CIRCLE('',#4068,3.485);
#4068 = AXIS2_PLACEMENT_3D('',#4069,#4070,#4071);
#4069 = CARTESIAN_POINT('',(22.4,11.3,21.7));
#4070 = DIRECTION('',(0.,0.,1.));
#4071 = DIRECTION('',(1.,0.,-0.));
#4072 = ORIENTED_EDGE('',*,*,#4058,.T.);
#4073 = CONICAL_SURFACE('',#4074,3.485,0.785398163397);
#4074 = AXIS2_PLACEMENT_3D('',#4075,#4076,#4077);
#4075 = CARTESIAN_POINT('',(22.4,11.3,21.7));
#4076 = DIRECTION('',(0.,0.,1.));
#4077 = DIRECTION('',(1.,0.,-0.));
#4078 = ADVANCED_FACE('',(#4079),#4104,.F.);
#4079 = FACE_BOUND('',#4080,.F.);
#4080 = EDGE_LOOP('',(#4081,#4091,#4097,#4098));
#4081 = ORIENTED_EDGE('',*,*,#4082,.F.);
#4082 = EDGE_CURVE('',#4083,#4085,#4087,.T.);
#4083 = VERTEX_POINT('',#4084);
#4084 = CARTESIAN_POINT('',(20.27184287812,60.651982378855,21.7));
#4085 = VERTEX_POINT('',#4086);
#4086 = CARTESIAN_POINT('',(24.303560939794,60.651982378855,21.7));
#4087 = LINE('',#4088,#4089);
#4088 = CARTESIAN_POINT('',(20.27184287812,60.651982378855,21.7));
#4089 = VECTOR('',#4090,1.);
#4090 = DIRECTION('',(1.,-1.224646799147E-16,0.));
#4091 = ORIENTED_EDGE('',*,*,#4092,.T.);
#4092 = EDGE_CURVE('',#4083,#1242,#4093,.T.);
#4093 = LINE('',#4094,#4095);
#4094 = CARTESIAN_POINT('',(20.27184287812,60.651982378855,21.7));
#4095 = VECTOR('',#4096,1.);
#4096 = DIRECTION('',(0.,0.,1.));
#4097 = ORIENTED_EDGE('',*,*,#1239,.F.);
#4098 = ORIENTED_EDGE('',*,*,#4099,.F.);
#4099 = EDGE_CURVE('',#4085,#1240,#4100,.T.);
#4100 = LINE('',#4101,#4102);
#4101 = CARTESIAN_POINT('',(24.303560939794,60.651982378855,21.7));
#4102 = VECTOR('',#4103,1.);
#4103 = DIRECTION('',(0.,0.,1.));
#4104 = PLANE('',#4105);
#4105 = AXIS2_PLACEMENT_3D('',#4106,#4107,#4108);
#4106 = CARTESIAN_POINT('',(20.27184287812,60.651982378855,21.7));
#4107 = DIRECTION('',(1.224646799147E-16,1.,0.));
#4108 = DIRECTION('',(1.,-1.224646799147E-16,0.));
#4109 = ADVANCED_FACE('',(#4110),#4128,.F.);
#4110 = FACE_BOUND('',#4111,.F.);
#4111 = EDGE_LOOP('',(#4112,#4120,#4126,#4127));
#4112 = ORIENTED_EDGE('',*,*,#4113,.F.);
#4113 = EDGE_CURVE('',#4114,#4083,#4116,.T.);
#4114 = VERTEX_POINT('',#4115);
#4115 = CARTESIAN_POINT('',(20.27184287812,59.585095447871,21.7));
#4116 = LINE('',#4117,#4118);
#4117 = CARTESIAN_POINT('',(20.27184287812,59.585095447871,21.7));
#4118 = VECTOR('',#4119,1.);
#4119 = DIRECTION('',(1.224646799147E-16,1.,0.));
#4120 = ORIENTED_EDGE('',*,*,#4121,.T.);
#4121 = EDGE_CURVE('',#4114,#1322,#4122,.T.);
#4122 = LINE('',#4123,#4124);
#4123 = CARTESIAN_POINT('',(20.27184287812,59.585095447871,21.7));
#4124 = VECTOR('',#4125,1.);
#4125 = DIRECTION('',(0.,0.,1.));
#4126 = ORIENTED_EDGE('',*,*,#1329,.F.);
#4127 = ORIENTED_EDGE('',*,*,#4092,.F.);
#4128 = PLANE('',#4129);
#4129 = AXIS2_PLACEMENT_3D('',#4130,#4131,#4132);
#4130 = CARTESIAN_POINT('',(20.27184287812,59.585095447871,21.7));
#4131 = DIRECTION('',(-1.,1.224646799147E-16,0.));
#4132 = DIRECTION('',(1.224646799147E-16,1.,0.));
#4133 = ADVANCED_FACE('',(#4134),#4152,.F.);
#4134 = FACE_BOUND('',#4135,.F.);
#4135 = EDGE_LOOP('',(#4136,#4144,#4150,#4151));
#4136 = ORIENTED_EDGE('',*,*,#4137,.F.);
#4137 = EDGE_CURVE('',#4138,#4114,#4140,.T.);
#4138 = VERTEX_POINT('',#4139);
#4139 = CARTESIAN_POINT('',(21.351248164464,59.088803230543,21.7));
#4140 = LINE('',#4141,#4142);
#4141 = CARTESIAN_POINT('',(21.351248164464,59.088803230543,21.7));
#4142 = VECTOR('',#4143,1.);
#4143 = DIRECTION('',(-0.908565286718,0.417742887159,0.));
#4144 = ORIENTED_EDGE('',*,*,#4145,.T.);
#4145 = EDGE_CURVE('',#4138,#1314,#4146,.T.);
#4146 = LINE('',#4147,#4148);
#4147 = CARTESIAN_POINT('',(21.351248164464,59.088803230543,21.7));
#4148 = VECTOR('',#4149,1.);
#4149 = DIRECTION('',(0.,0.,1.));
#4150 = ORIENTED_EDGE('',*,*,#1321,.F.);
#4151 = ORIENTED_EDGE('',*,*,#4121,.F.);
#4152 = PLANE('',#4153);
#4153 = AXIS2_PLACEMENT_3D('',#4154,#4155,#4156);
#4154 = CARTESIAN_POINT('',(21.351248164464,59.088803230543,21.7));
#4155 = DIRECTION('',(-0.417742887159,-0.908565286718,0.));
#4156 = DIRECTION('',(-0.908565286718,0.417742887159,0.));
#4157 = ADVANCED_FACE('',(#4158),#4176,.F.);
#4158 = FACE_BOUND('',#4159,.F.);
#4159 = EDGE_LOOP('',(#4160,#4168,#4174,#4175));
#4160 = ORIENTED_EDGE('',*,*,#4161,.F.);
#4161 = EDGE_CURVE('',#4162,#4138,#4164,.T.);
#4162 = VERTEX_POINT('',#4163);
#4163 = CARTESIAN_POINT('',(21.351248164464,53.35781938326,21.7));
#4164 = LINE('',#4165,#4166);
#4165 = CARTESIAN_POINT('',(21.351248164464,53.35781938326,21.7));
#4166 = VECTOR('',#4167,1.);
#4167 = DIRECTION('',(1.224646799147E-16,1.,0.));
#4168 = ORIENTED_EDGE('',*,*,#4169,.T.);
#4169 = EDGE_CURVE('',#4162,#1306,#4170,.T.);
#4170 = LINE('',#4171,#4172);
#4171 = CARTESIAN_POINT('',(21.351248164464,53.35781938326,21.7));
#4172 = VECTOR('',#4173,1.);
#4173 = DIRECTION('',(0.,0.,1.));
#4174 = ORIENTED_EDGE('',*,*,#1313,.F.);
#4175 = ORIENTED_EDGE('',*,*,#4145,.F.);
#4176 = PLANE('',#4177);
#4177 = AXIS2_PLACEMENT_3D('',#4178,#4179,#4180);
#4178 = CARTESIAN_POINT('',(21.351248164464,53.35781938326,21.7));
#4179 = DIRECTION('',(-1.,1.224646799147E-16,0.));
#4180 = DIRECTION('',(1.224646799147E-16,1.,0.));
#4181 = ADVANCED_FACE('',(#4182),#4200,.F.);
#4182 = FACE_BOUND('',#4183,.F.);
#4183 = EDGE_LOOP('',(#4184,#4192,#4198,#4199));
#4184 = ORIENTED_EDGE('',*,*,#4185,.F.);
#4185 = EDGE_CURVE('',#4186,#4162,#4188,.T.);
#4186 = VERTEX_POINT('',#4187);
#4187 = CARTESIAN_POINT('',(20.27184287812,52.861527165932,21.7));
#4188 = LINE('',#4189,#4190);
#4189 = CARTESIAN_POINT('',(20.27184287812,52.861527165932,21.7));
#4190 = VECTOR('',#4191,1.);
#4191 = DIRECTION('',(0.908565286718,0.417742887159,0.));
#4192 = ORIENTED_EDGE('',*,*,#4193,.T.);
#4193 = EDGE_CURVE('',#4186,#1298,#4194,.T.);
#4194 = LINE('',#4195,#4196);
#4195 = CARTESIAN_POINT('',(20.27184287812,52.861527165932,21.7));
#4196 = VECTOR('',#4197,1.);
#4197 = DIRECTION('',(0.,0.,1.));
#4198 = ORIENTED_EDGE('',*,*,#1305,.F.);
#4199 = ORIENTED_EDGE('',*,*,#4169,.F.);
#4200 = PLANE('',#4201);
#4201 = AXIS2_PLACEMENT_3D('',#4202,#4203,#4204);
#4202 = CARTESIAN_POINT('',(20.27184287812,52.861527165932,21.7));
#4203 = DIRECTION('',(-0.417742887159,0.908565286718,0.));
#4204 = DIRECTION('',(0.908565286718,0.417742887159,0.));
#4205 = ADVANCED_FACE('',(#4206),#4224,.F.);
#4206 = FACE_BOUND('',#4207,.F.);
#4207 = EDGE_LOOP('',(#4208,#4216,#4222,#4223));
#4208 = ORIENTED_EDGE('',*,*,#4209,.F.);
#4209 = EDGE_CURVE('',#4210,#4186,#4212,.T.);
#4210 = VERTEX_POINT('',#4211);
#4211 = CARTESIAN_POINT('',(20.27184287812,51.794640234949,21.7));
#4212 = LINE('',#4213,#4214);
#4213 = CARTESIAN_POINT('',(20.27184287812,51.794640234949,21.7));
#4214 = VECTOR('',#4215,1.);
#4215 = DIRECTION('',(1.224646799147E-16,1.,0.));
#4216 = ORIENTED_EDGE('',*,*,#4217,.T.);
#4217 = EDGE_CURVE('',#4210,#1290,#4218,.T.);
#4218 = LINE('',#4219,#4220);
#4219 = CARTESIAN_POINT('',(20.27184287812,51.794640234949,21.7));
#4220 = VECTOR('',#4221,1.);
#4221 = DIRECTION('',(0.,0.,1.));
#4222 = ORIENTED_EDGE('',*,*,#1297,.F.);
#4223 = ORIENTED_EDGE('',*,*,#4193,.F.);
#4224 = PLANE('',#4225);
#4225 = AXIS2_PLACEMENT_3D('',#4226,#4227,#4228);
#4226 = CARTESIAN_POINT('',(20.27184287812,51.794640234949,21.7));
#4227 = DIRECTION('',(-1.,1.224646799147E-16,0.));
#4228 = DIRECTION('',(1.224646799147E-16,1.,0.));
#4229 = ADVANCED_FACE('',(#4230),#4248,.F.);
#4230 = FACE_BOUND('',#4231,.F.);
#4231 = EDGE_LOOP('',(#4232,#4240,#4246,#4247));
#4232 = ORIENTED_EDGE('',*,*,#4233,.F.);
#4233 = EDGE_CURVE('',#4234,#4210,#4236,.T.);
#4234 = VERTEX_POINT('',#4235);
#4235 = CARTESIAN_POINT('',(24.303560939794,51.794640234949,21.7));
#4236 = LINE('',#4237,#4238);
#4237 = CARTESIAN_POINT('',(24.303560939794,51.794640234949,21.7));
#4238 = VECTOR('',#4239,1.);
#4239 = DIRECTION('',(-1.,1.224646799147E-16,0.));
#4240 = ORIENTED_EDGE('',*,*,#4241,.T.);
#4241 = EDGE_CURVE('',#4234,#1282,#4242,.T.);
#4242 = LINE('',#4243,#4244);
#4243 = CARTESIAN_POINT('',(24.303560939794,51.794640234949,21.7));
#4244 = VECTOR('',#4245,1.);
#4245 = DIRECTION('',(0.,0.,1.));
#4246 = ORIENTED_EDGE('',*,*,#1289,.F.);
#4247 = ORIENTED_EDGE('',*,*,#4217,.F.);
#4248 = PLANE('',#4249);
#4249 = AXIS2_PLACEMENT_3D('',#4250,#4251,#4252);
#4250 = CARTESIAN_POINT('',(24.303560939794,51.794640234949,21.7));
#4251 = DIRECTION('',(-1.224646799147E-16,-1.,0.));
#4252 = DIRECTION('',(-1.,1.224646799147E-16,0.));
#4253 = ADVANCED_FACE('',(#4254),#4272,.F.);
#4254 = FACE_BOUND('',#4255,.F.);
#4255 = EDGE_LOOP('',(#4256,#4264,#4270,#4271));
#4256 = ORIENTED_EDGE('',*,*,#4257,.F.);
#4257 = EDGE_CURVE('',#4258,#4234,#4260,.T.);
#4258 = VERTEX_POINT('',#4259);
#4259 = CARTESIAN_POINT('',(24.303560939794,52.861527165932,21.7));
#4260 = LINE('',#4261,#4262);
#4261 = CARTESIAN_POINT('',(24.303560939794,52.861527165932,21.7));
#4262 = VECTOR('',#4263,1.);
#4263 = DIRECTION('',(-1.224646799147E-16,-1.,0.));
#4264 = ORIENTED_EDGE('',*,*,#4265,.T.);
#4265 = EDGE_CURVE('',#4258,#1274,#4266,.T.);
#4266 = LINE('',#4267,#4268);
#4267 = CARTESIAN_POINT('',(24.303560939794,52.861527165932,21.7));
#4268 = VECTOR('',#4269,1.);
#4269 = DIRECTION('',(0.,0.,1.));
#4270 = ORIENTED_EDGE('',*,*,#1281,.F.);
#4271 = ORIENTED_EDGE('',*,*,#4241,.F.);
#4272 = PLANE('',#4273);
#4273 = AXIS2_PLACEMENT_3D('',#4274,#4275,#4276);
#4274 = CARTESIAN_POINT('',(24.303560939794,52.861527165932,21.7));
#4275 = DIRECTION('',(1.,-1.224646799147E-16,0.));
#4276 = DIRECTION('',(-1.224646799147E-16,-1.,0.));
#4277 = ADVANCED_FACE('',(#4278),#4296,.F.);
#4278 = FACE_BOUND('',#4279,.F.);
#4279 = EDGE_LOOP('',(#4280,#4288,#4294,#4295));
#4280 = ORIENTED_EDGE('',*,*,#4281,.F.);
#4281 = EDGE_CURVE('',#4282,#4258,#4284,.T.);
#4282 = VERTEX_POINT('',#4283);
#4283 = CARTESIAN_POINT('',(23.224155653451,53.35781938326,21.7));
#4284 = LINE('',#4285,#4286);
#4285 = CARTESIAN_POINT('',(23.224155653451,53.35781938326,21.7));
#4286 = VECTOR('',#4287,1.);
#4287 = DIRECTION('',(0.908565286718,-0.417742887159,0.));
#4288 = ORIENTED_EDGE('',*,*,#4289,.T.);
#4289 = EDGE_CURVE('',#4282,#1266,#4290,.T.);
#4290 = LINE('',#4291,#4292);
#4291 = CARTESIAN_POINT('',(23.224155653451,53.35781938326,21.7));
#4292 = VECTOR('',#4293,1.);
#4293 = DIRECTION('',(0.,0.,1.));
#4294 = ORIENTED_EDGE('',*,*,#1273,.F.);
#4295 = ORIENTED_EDGE('',*,*,#4265,.F.);
#4296 = PLANE('',#4297);
#4297 = AXIS2_PLACEMENT_3D('',#4298,#4299,#4300);
#4298 = CARTESIAN_POINT('',(23.224155653451,53.35781938326,21.7));
#4299 = DIRECTION('',(0.417742887159,0.908565286718,0.));
#4300 = DIRECTION('',(0.908565286718,-0.417742887159,0.));
#4301 = ADVANCED_FACE('',(#4302),#4320,.F.);
#4302 = FACE_BOUND('',#4303,.F.);
#4303 = EDGE_LOOP('',(#4304,#4312,#4318,#4319));
#4304 = ORIENTED_EDGE('',*,*,#4305,.F.);
#4305 = EDGE_CURVE('',#4306,#4282,#4308,.T.);
#4306 = VERTEX_POINT('',#4307);
#4307 = CARTESIAN_POINT('',(23.224155653451,59.088803230543,21.7));
#4308 = LINE('',#4309,#4310);
#4309 = CARTESIAN_POINT('',(23.224155653451,59.088803230543,21.7));
#4310 = VECTOR('',#4311,1.);
#4311 = DIRECTION('',(-1.224646799147E-16,-1.,0.));
#4312 = ORIENTED_EDGE('',*,*,#4313,.T.);
#4313 = EDGE_CURVE('',#4306,#1258,#4314,.T.);
#4314 = LINE('',#4315,#4316);
#4315 = CARTESIAN_POINT('',(23.224155653451,59.088803230543,21.7));
#4316 = VECTOR('',#4317,1.);
#4317 = DIRECTION('',(0.,0.,1.));
#4318 = ORIENTED_EDGE('',*,*,#1265,.F.);
#4319 = ORIENTED_EDGE('',*,*,#4289,.F.);
#4320 = PLANE('',#4321);
#4321 = AXIS2_PLACEMENT_3D('',#4322,#4323,#4324);
#4322 = CARTESIAN_POINT('',(23.224155653451,59.088803230543,21.7));
#4323 = DIRECTION('',(1.,-1.224646799147E-16,0.));
#4324 = DIRECTION('',(-1.224646799147E-16,-1.,0.));
#4325 = ADVANCED_FACE('',(#4326),#4344,.F.);
#4326 = FACE_BOUND('',#4327,.F.);
#4327 = EDGE_LOOP('',(#4328,#4336,#4342,#4343));
#4328 = ORIENTED_EDGE('',*,*,#4329,.F.);
#4329 = EDGE_CURVE('',#4330,#4306,#4332,.T.);
#4330 = VERTEX_POINT('',#4331);
#4331 = CARTESIAN_POINT('',(24.303560939794,59.585095447871,21.7));
#4332 = LINE('',#4333,#4334);
#4333 = CARTESIAN_POINT('',(24.303560939794,59.585095447871,21.7));
#4334 = VECTOR('',#4335,1.);
#4335 = DIRECTION('',(-0.908565286718,-0.417742887159,0.));
#4336 = ORIENTED_EDGE('',*,*,#4337,.T.);
#4337 = EDGE_CURVE('',#4330,#1250,#4338,.T.);
#4338 = LINE('',#4339,#4340);
#4339 = CARTESIAN_POINT('',(24.303560939794,59.585095447871,21.7));
#4340 = VECTOR('',#4341,1.);
#4341 = DIRECTION('',(0.,0.,1.));
#4342 = ORIENTED_EDGE('',*,*,#1257,.F.);
#4343 = ORIENTED_EDGE('',*,*,#4313,.F.);
#4344 = PLANE('',#4345);
#4345 = AXIS2_PLACEMENT_3D('',#4346,#4347,#4348);
#4346 = CARTESIAN_POINT('',(24.303560939794,59.585095447871,21.7));
#4347 = DIRECTION('',(0.417742887159,-0.908565286718,0.));
#4348 = DIRECTION('',(-0.908565286718,-0.417742887159,0.));
#4349 = ADVANCED_FACE('',(#4350),#4361,.F.);
#4350 = FACE_BOUND('',#4351,.F.);
#4351 = EDGE_LOOP('',(#4352,#4358,#4359,#4360));
#4352 = ORIENTED_EDGE('',*,*,#4353,.F.);
#4353 = EDGE_CURVE('',#4085,#4330,#4354,.T.);
#4354 = LINE('',#4355,#4356);
#4355 = CARTESIAN_POINT('',(24.303560939794,60.651982378855,21.7));
#4356 = VECTOR('',#4357,1.);
#4357 = DIRECTION('',(-1.224646799147E-16,-1.,0.));
#4358 = ORIENTED_EDGE('',*,*,#4099,.T.);
#4359 = ORIENTED_EDGE('',*,*,#1249,.F.);
#4360 = ORIENTED_EDGE('',*,*,#4337,.F.);
#4361 = PLANE('',#4362);
#4362 = AXIS2_PLACEMENT_3D('',#4363,#4364,#4365);
#4363 = CARTESIAN_POINT('',(24.303560939794,60.651982378855,21.7));
#4364 = DIRECTION('',(1.,-1.224646799147E-16,0.));
#4365 = DIRECTION('',(-1.224646799147E-16,-1.,0.));
#4366 = ADVANCED_FACE('',(#4367),#4392,.F.);
#4367 = FACE_BOUND('',#4368,.F.);
#4368 = EDGE_LOOP('',(#4369,#4379,#4385,#4386));
#4369 = ORIENTED_EDGE('',*,*,#4370,.F.);
#4370 = EDGE_CURVE('',#4371,#4373,#4375,.T.);
#4371 = VERTEX_POINT('',#4372);
#4372 = CARTESIAN_POINT('',(26.717584434655,60.651982378855,21.7));
#4373 = VERTEX_POINT('',#4374);
#4374 = CARTESIAN_POINT('',(27.36248164464,58.543245227606,21.7));
#4375 = LINE('',#4376,#4377);
#4376 = CARTESIAN_POINT('',(26.717584434655,60.651982378855,21.7));
#4377 = VECTOR('',#4378,1.);
#4378 = DIRECTION('',(0.292451149107,-0.956280463769,0.));
#4379 = ORIENTED_EDGE('',*,*,#4380,.T.);
#4380 = EDGE_CURVE('',#4371,#1340,#4381,.T.);
#4381 = LINE('',#4382,#4383);
#4382 = CARTESIAN_POINT('',(26.717584434655,60.651982378855,21.7));
#4383 = VECTOR('',#4384,1.);
#4384 = DIRECTION('',(0.,0.,1.));
#4385 = ORIENTED_EDGE('',*,*,#1337,.F.);
#4386 = ORIENTED_EDGE('',*,*,#4387,.F.);
#4387 = EDGE_CURVE('',#4373,#1338,#4388,.T.);
#4388 = LINE('',#4389,#4390);
#4389 = CARTESIAN_POINT('',(27.36248164464,58.543245227606,21.7));
#4390 = VECTOR('',#4391,1.);
#4391 = DIRECTION('',(0.,0.,1.));
#4392 = PLANE('',#4393);
#4393 = AXIS2_PLACEMENT_3D('',#4394,#4395,#4396);
#4394 = CARTESIAN_POINT('',(26.717584434655,60.651982378855,21.7));
#4395 = DIRECTION('',(0.956280463769,0.292451149107,0.));
#4396 = DIRECTION('',(0.292451149107,-0.956280463769,0.));
#4397 = ADVANCED_FACE('',(#4398),#4416,.F.);
#4398 = FACE_BOUND('',#4399,.F.);
#4399 = EDGE_LOOP('',(#4400,#4408,#4414,#4415));
#4400 = ORIENTED_EDGE('',*,*,#4401,.F.);
#4401 = EDGE_CURVE('',#4402,#4371,#4404,.T.);
#4402 = VERTEX_POINT('',#4403);
#4403 = CARTESIAN_POINT('',(24.695264317181,60.651982378855,21.7));
#4404 = LINE('',#4405,#4406);
#4405 = CARTESIAN_POINT('',(24.695264317181,60.651982378855,21.7));
#4406 = VECTOR('',#4407,1.);
#4407 = DIRECTION('',(1.,-1.224646799147E-16,0.));
#4408 = ORIENTED_EDGE('',*,*,#4409,.T.);
#4409 = EDGE_CURVE('',#4402,#1388,#4410,.T.);
#4410 = LINE('',#4411,#4412);
#4411 = CARTESIAN_POINT('',(24.695264317181,60.651982378855,21.7));
#4412 = VECTOR('',#4413,1.);
#4413 = DIRECTION('',(0.,0.,1.));
#4414 = ORIENTED_EDGE('',*,*,#1395,.F.);
#4415 = ORIENTED_EDGE('',*,*,#4380,.F.);
#4416 = PLANE('',#4417);
#4417 = AXIS2_PLACEMENT_3D('',#4418,#4419,#4420);
#4418 = CARTESIAN_POINT('',(24.695264317181,60.651982378855,21.7));
#4419 = DIRECTION('',(1.224646799147E-16,1.,0.));
#4420 = DIRECTION('',(1.,-1.224646799147E-16,0.));
#4421 = ADVANCED_FACE('',(#4422),#4440,.F.);
#4422 = FACE_BOUND('',#4423,.F.);
#4423 = EDGE_LOOP('',(#4424,#4432,#4438,#4439));
#4424 = ORIENTED_EDGE('',*,*,#4425,.F.);
#4425 = EDGE_CURVE('',#4426,#4402,#4428,.T.);
#4426 = VERTEX_POINT('',#4427);
#4427 = CARTESIAN_POINT('',(27.833737151248,51.757488986784,21.7));
#4428 = LINE('',#4429,#4430);
#4429 = CARTESIAN_POINT('',(27.833737151248,51.757488986784,21.7));
#4430 = VECTOR('',#4431,1.);
#4431 = DIRECTION('',(-0.332748453146,0.943015623905,0.));
#4432 = ORIENTED_EDGE('',*,*,#4433,.T.);
#4433 = EDGE_CURVE('',#4426,#1380,#4434,.T.);
#4434 = LINE('',#4435,#4436);
#4435 = CARTESIAN_POINT('',(27.833737151248,51.757488986784,21.7));
#4436 = VECTOR('',#4437,1.);
#4437 = DIRECTION('',(0.,0.,1.));
#4438 = ORIENTED_EDGE('',*,*,#1387,.F.);
#4439 = ORIENTED_EDGE('',*,*,#4409,.F.);
#4440 = PLANE('',#4441);
#4441 = AXIS2_PLACEMENT_3D('',#4442,#4443,#4444);
#4442 = CARTESIAN_POINT('',(27.833737151248,51.757488986784,21.7));
#4443 = DIRECTION('',(-0.943015623905,-0.332748453146,0.));
#4444 = DIRECTION('',(-0.332748453146,0.943015623905,0.));
#4445 = ADVANCED_FACE('',(#4446),#4464,.F.);
#4446 = FACE_BOUND('',#4447,.F.);
#4447 = EDGE_LOOP('',(#4448,#4456,#4462,#4463));
#4448 = ORIENTED_EDGE('',*,*,#4449,.F.);
#4449 = EDGE_CURVE('',#4450,#4426,#4452,.T.);
#4450 = VERTEX_POINT('',#4451);
#4451 = CARTESIAN_POINT('',(30.129038179148,51.757488986784,21.7));
#4452 = LINE('',#4453,#4454);
#4453 = CARTESIAN_POINT('',(30.129038179148,51.757488986784,21.7));
#4454 = VECTOR('',#4455,1.);
#4455 = DIRECTION('',(-1.,1.224646799147E-16,0.));
#4456 = ORIENTED_EDGE('',*,*,#4457,.T.);
#4457 = EDGE_CURVE('',#4450,#1372,#4458,.T.);
#4458 = LINE('',#4459,#4460);
#4459 = CARTESIAN_POINT('',(30.129038179148,51.757488986784,21.7));
#4460 = VECTOR('',#4461,1.);
#4461 = DIRECTION('',(0.,0.,1.));
#4462 = ORIENTED_EDGE('',*,*,#1379,.F.);
#4463 = ORIENTED_EDGE('',*,*,#4433,.F.);
#4464 = PLANE('',#4465);
#4465 = AXIS2_PLACEMENT_3D('',#4466,#4467,#4468);
#4466 = CARTESIAN_POINT('',(30.129038179148,51.757488986784,21.7));
#4467 = DIRECTION('',(-1.224646799147E-16,-1.,0.));
#4468 = DIRECTION('',(-1.,1.224646799147E-16,0.));
#4469 = ADVANCED_FACE('',(#4470),#4488,.F.);
#4470 = FACE_BOUND('',#4471,.F.);
#4471 = EDGE_LOOP('',(#4472,#4480,#4486,#4487));
#4472 = ORIENTED_EDGE('',*,*,#4473,.F.);
#4473 = EDGE_CURVE('',#4474,#4450,#4476,.T.);
#4474 = VERTEX_POINT('',#4475);
#4475 = CARTESIAN_POINT('',(33.254992657856,60.651982378855,21.7));
#4476 = LINE('',#4477,#4478);
#4477 = CARTESIAN_POINT('',(33.254992657856,60.651982378855,21.7));
#4478 = VECTOR('',#4479,1.);
#4479 = DIRECTION('',(-0.331567398058,-0.943431534636,0.));
#4480 = ORIENTED_EDGE('',*,*,#4481,.T.);
#4481 = EDGE_CURVE('',#4474,#1364,#4482,.T.);
#4482 = LINE('',#4483,#4484);
#4483 = CARTESIAN_POINT('',(33.254992657856,60.651982378855,21.7));
#4484 = VECTOR('',#4485,1.);
#4485 = DIRECTION('',(0.,0.,1.));
#4486 = ORIENTED_EDGE('',*,*,#1371,.F.);
#4487 = ORIENTED_EDGE('',*,*,#4457,.F.);
#4488 = PLANE('',#4489);
#4489 = AXIS2_PLACEMENT_3D('',#4490,#4491,#4492);
#4490 = CARTESIAN_POINT('',(33.254992657856,60.651982378855,21.7));
#4491 = DIRECTION('',(0.943431534636,-0.331567398058,0.));
#4492 = DIRECTION('',(-0.331567398058,-0.943431534636,0.));
#4493 = ADVANCED_FACE('',(#4494),#4512,.F.);
#4494 = FACE_BOUND('',#4495,.F.);
#4495 = EDGE_LOOP('',(#4496,#4504,#4510,#4511));
#4496 = ORIENTED_EDGE('',*,*,#4497,.F.);
#4497 = EDGE_CURVE('',#4498,#4474,#4500,.T.);
#4498 = VERTEX_POINT('',#4499);
#4499 = CARTESIAN_POINT('',(31.233076358297,60.651982378855,21.7));
#4500 = LINE('',#4501,#4502);
#4501 = CARTESIAN_POINT('',(31.233076358297,60.651982378855,21.7));
#4502 = VECTOR('',#4503,1.);
#4503 = DIRECTION('',(1.,-1.224646799147E-16,0.));
#4504 = ORIENTED_EDGE('',*,*,#4505,.T.);
#4505 = EDGE_CURVE('',#4498,#1356,#4506,.T.);
#4506 = LINE('',#4507,#4508);
#4507 = CARTESIAN_POINT('',(31.233076358297,60.651982378855,21.7));
#4508 = VECTOR('',#4509,1.);
#4509 = DIRECTION('',(0.,0.,1.));
#4510 = ORIENTED_EDGE('',*,*,#1363,.F.);
#4511 = ORIENTED_EDGE('',*,*,#4481,.F.);
#4512 = PLANE('',#4513);
#4513 = AXIS2_PLACEMENT_3D('',#4514,#4515,#4516);
#4514 = CARTESIAN_POINT('',(31.233076358297,60.651982378855,21.7));
#4515 = DIRECTION('',(1.224646799147E-16,1.,0.));
#4516 = DIRECTION('',(1.,-1.224646799147E-16,0.));
#4517 = ADVANCED_FACE('',(#4518),#4536,.F.);
#4518 = FACE_BOUND('',#4519,.F.);
#4519 = EDGE_LOOP('',(#4520,#4528,#4534,#4535));
#4520 = ORIENTED_EDGE('',*,*,#4521,.F.);
#4521 = EDGE_CURVE('',#4522,#4498,#4524,.T.);
#4522 = VERTEX_POINT('',#4523);
#4523 = CARTESIAN_POINT('',(30.587775330396,58.543245227606,21.7));
#4524 = LINE('',#4525,#4526);
#4525 = CARTESIAN_POINT('',(30.587775330396,58.543245227606,21.7));
#4526 = VECTOR('',#4527,1.);
#4527 = DIRECTION('',(0.292618598698,0.956229238047,0.));
#4528 = ORIENTED_EDGE('',*,*,#4529,.T.);
#4529 = EDGE_CURVE('',#4522,#1348,#4530,.T.);
#4530 = LINE('',#4531,#4532);
#4531 = CARTESIAN_POINT('',(30.587775330396,58.543245227606,21.7));
#4532 = VECTOR('',#4533,1.);
#4533 = DIRECTION('',(0.,0.,1.));
#4534 = ORIENTED_EDGE('',*,*,#1355,.F.);
#4535 = ORIENTED_EDGE('',*,*,#4505,.F.);
#4536 = PLANE('',#4537);
#4537 = AXIS2_PLACEMENT_3D('',#4538,#4539,#4540);
#4538 = CARTESIAN_POINT('',(30.587775330396,58.543245227606,21.7));
#4539 = DIRECTION('',(-0.956229238047,0.292618598698,0.));
#4540 = DIRECTION('',(0.292618598698,0.956229238047,0.));
#4541 = ADVANCED_FACE('',(#4542),#4553,.F.);
#4542 = FACE_BOUND('',#4543,.F.);
#4543 = EDGE_LOOP('',(#4544,#4550,#4551,#4552));
#4544 = ORIENTED_EDGE('',*,*,#4545,.F.);
#4545 = EDGE_CURVE('',#4373,#4522,#4546,.T.);
#4546 = LINE('',#4547,#4548);
#4547 = CARTESIAN_POINT('',(27.36248164464,58.543245227606,21.7));
#4548 = VECTOR('',#4549,1.);
#4549 = DIRECTION('',(1.,-1.224646799147E-16,0.));
#4550 = ORIENTED_EDGE('',*,*,#4387,.T.);
#4551 = ORIENTED_EDGE('',*,*,#1347,.F.);
#4552 = ORIENTED_EDGE('',*,*,#4529,.F.);
#4553 = PLANE('',#4554);
#4554 = AXIS2_PLACEMENT_3D('',#4555,#4556,#4557);
#4555 = CARTESIAN_POINT('',(27.36248164464,58.543245227606,21.7));
#4556 = DIRECTION('',(1.224646799147E-16,1.,0.));
#4557 = DIRECTION('',(1.,-1.224646799147E-16,0.));
#4558 = ADVANCED_FACE('',(#4559),#4584,.F.);
#4559 = FACE_BOUND('',#4560,.F.);
#4560 = EDGE_LOOP('',(#4561,#4571,#4577,#4578));
#4561 = ORIENTED_EDGE('',*,*,#4562,.F.);
#4562 = EDGE_CURVE('',#4563,#4565,#4567,.T.);
#4563 = VERTEX_POINT('',#4564);
#4564 = CARTESIAN_POINT('',(34.809691629956,59.3,21.7));
#4565 = VERTEX_POINT('',#4566);
#4566 = CARTESIAN_POINT('',(34.214464023495,59.237812041116,21.7));
#4567 = B_SPLINE_CURVE_WITH_KNOTS('',2,(#4568,#4569,#4570),
  .UNSPECIFIED.,.F.,.F.,(3,3),(0.,1.),.PIECEWISE_BEZIER_KNOTS.);
#4568 = CARTESIAN_POINT('',(34.809691629956,59.3,21.7));
#4569 = CARTESIAN_POINT('',(34.499559471366,59.3,21.7));
#4570 = CARTESIAN_POINT('',(34.214464023495,59.237812041116,21.7));
#4571 = ORIENTED_EDGE('',*,*,#4572,.T.);
#4572 = EDGE_CURVE('',#4563,#1406,#4573,.T.);
#4573 = LINE('',#4574,#4575);
#4574 = CARTESIAN_POINT('',(34.809691629956,59.3,21.7));
#4575 = VECTOR('',#4576,1.);
#4576 = DIRECTION('',(0.,0.,1.));
#4577 = ORIENTED_EDGE('',*,*,#1403,.F.);
#4578 = ORIENTED_EDGE('',*,*,#4579,.F.);
#4579 = EDGE_CURVE('',#4565,#1404,#4580,.T.);
#4580 = LINE('',#4581,#4582);
#4581 = CARTESIAN_POINT('',(34.214464023495,59.237812041116,21.7));
#4582 = VECTOR('',#4583,1.);
#4583 = DIRECTION('',(0.,0.,1.));
#4584 = SURFACE_OF_LINEAR_EXTRUSION('',#4585,#4589);
#4585 = B_SPLINE_CURVE_WITH_KNOTS('',2,(#4586,#4587,#4588),
  .UNSPECIFIED.,.F.,.F.,(3,3),(0.,1.),.PIECEWISE_BEZIER_KNOTS.);
#4586 = CARTESIAN_POINT('',(34.809691629956,59.3,21.7));
#4587 = CARTESIAN_POINT('',(34.499559471366,59.3,21.7));
#4588 = CARTESIAN_POINT('',(34.214464023495,59.237812041116,21.7));
#4589 = VECTOR('',#4590,1.);
#4590 = DIRECTION('',(0.,0.,-1.));
#4591 = ADVANCED_FACE('',(#4592),#4610,.F.);
#4592 = FACE_BOUND('',#4593,.F.);
#4593 = EDGE_LOOP('',(#4594,#4602,#4608,#4609));
#4594 = ORIENTED_EDGE('',*,*,#4595,.F.);
#4595 = EDGE_CURVE('',#4596,#4563,#4598,.T.);
#4596 = VERTEX_POINT('',#4597);
#4597 = CARTESIAN_POINT('',(35.392804698972,59.10778267254,21.7));
#4598 = B_SPLINE_CURVE_WITH_KNOTS('',2,(#4599,#4600,#4601),
  .UNSPECIFIED.,.F.,.F.,(3,3),(0.,1.),.PIECEWISE_BEZIER_KNOTS.);
#4599 = CARTESIAN_POINT('',(35.392804698972,59.10778267254,21.7));
#4600 = CARTESIAN_POINT('',(35.16949339207,59.3,21.7));
#4601 = CARTESIAN_POINT('',(34.809691629956,59.3,21.7));
#4602 = ORIENTED_EDGE('',*,*,#4603,.T.);
#4603 = EDGE_CURVE('',#4596,#1595,#4604,.T.);
#4604 = LINE('',#4605,#4606);
#4605 = CARTESIAN_POINT('',(35.392804698972,59.10778267254,21.7));
#4606 = VECTOR('',#4607,1.);
#4607 = DIRECTION('',(0.,0.,1.));
#4608 = ORIENTED_EDGE('',*,*,#1611,.F.);
#4609 = ORIENTED_EDGE('',*,*,#4572,.F.);
#4610 = SURFACE_OF_LINEAR_EXTRUSION('',#4611,#4615);
#4611 = B_SPLINE_CURVE_WITH_KNOTS('',2,(#4612,#4613,#4614),
  .UNSPECIFIED.,.F.,.F.,(3,3),(0.,1.),.PIECEWISE_BEZIER_KNOTS.);
#4612 = CARTESIAN_POINT('',(35.392804698972,59.10778267254,21.7));
#4613 = CARTESIAN_POINT('',(35.16949339207,59.3,21.7));
#4614 = CARTESIAN_POINT('',(34.809691629956,59.3,21.7));
#4615 = VECTOR('',#4616,1.);
#4616 = DIRECTION('',(0.,0.,-1.));
#4617 = ADVANCED_FACE('',(#4618),#4636,.F.);
#4618 = FACE_BOUND('',#4619,.F.);
#4619 = EDGE_LOOP('',(#4620,#4628,#4634,#4635));
#4620 = ORIENTED_EDGE('',*,*,#4621,.F.);
#4621 = EDGE_CURVE('',#4622,#4596,#4624,.T.);
#4622 = VERTEX_POINT('',#4623);
#4623 = CARTESIAN_POINT('',(35.616116005874,58.530726872247,21.7));
#4624 = B_SPLINE_CURVE_WITH_KNOTS('',2,(#4625,#4626,#4627),
  .UNSPECIFIED.,.F.,.F.,(3,3),(0.,1.),.PIECEWISE_BEZIER_KNOTS.);
#4625 = CARTESIAN_POINT('',(35.616116005874,58.530726872247,21.7));
#4626 = CARTESIAN_POINT('',(35.616116005874,58.915161527166,21.7));
#4627 = CARTESIAN_POINT('',(35.392804698972,59.10778267254,21.7));
#4628 = ORIENTED_EDGE('',*,*,#4629,.T.);
#4629 = EDGE_CURVE('',#4622,#1587,#4630,.T.);
#4630 = LINE('',#4631,#4632);
#4631 = CARTESIAN_POINT('',(35.616116005874,58.530726872247,21.7));
#4632 = VECTOR('',#4633,1.);
#4633 = DIRECTION('',(0.,0.,1.));
#4634 = ORIENTED_EDGE('',*,*,#1594,.F.);
#4635 = ORIENTED_EDGE('',*,*,#4603,.F.);
#4636 = SURFACE_OF_LINEAR_EXTRUSION('',#4637,#4641);
#4637 = B_SPLINE_CURVE_WITH_KNOTS('',2,(#4638,#4639,#4640),
  .UNSPECIFIED.,.F.,.F.,(3,3),(0.,1.),.PIECEWISE_BEZIER_KNOTS.);
#4638 = CARTESIAN_POINT('',(35.616116005874,58.530726872247,21.7));
#4639 = CARTESIAN_POINT('',(35.616116005874,58.915161527166,21.7));
#4640 = CARTESIAN_POINT('',(35.392804698972,59.10778267254,21.7));
#4641 = VECTOR('',#4642,1.);
#4642 = DIRECTION('',(0.,0.,-1.));
#4643 = ADVANCED_FACE('',(#4644),#4662,.F.);
#4644 = FACE_BOUND('',#4645,.F.);
#4645 = EDGE_LOOP('',(#4646,#4654,#4660,#4661));
#4646 = ORIENTED_EDGE('',*,*,#4647,.F.);
#4647 = EDGE_CURVE('',#4648,#4622,#4650,.T.);
#4648 = VERTEX_POINT('',#4649);
#4649 = CARTESIAN_POINT('',(35.616116005874,55.268281938326,21.7));
#4650 = LINE('',#4651,#4652);
#4651 = CARTESIAN_POINT('',(35.616116005874,55.268281938326,21.7));
#4652 = VECTOR('',#4653,1.);
#4653 = DIRECTION('',(1.224646799147E-16,1.,0.));
#4654 = ORIENTED_EDGE('',*,*,#4655,.T.);
#4655 = EDGE_CURVE('',#4648,#1579,#4656,.T.);
#4656 = LINE('',#4657,#4658);
#4657 = CARTESIAN_POINT('',(35.616116005874,55.268281938326,21.7));
#4658 = VECTOR('',#4659,1.);
#4659 = DIRECTION('',(0.,0.,1.));
#4660 = ORIENTED_EDGE('',*,*,#1586,.F.);
#4661 = ORIENTED_EDGE('',*,*,#4629,.F.);
#4662 = PLANE('',#4663);
#4663 = AXIS2_PLACEMENT_3D('',#4664,#4665,#4666);
#4664 = CARTESIAN_POINT('',(35.616116005874,55.268281938326,21.7));
#4665 = DIRECTION('',(-1.,1.224646799147E-16,0.));
#4666 = DIRECTION('',(1.224646799147E-16,1.,0.));
#4667 = ADVANCED_FACE('',(#4668),#4686,.F.);
#4668 = FACE_BOUND('',#4669,.F.);
#4669 = EDGE_LOOP('',(#4670,#4678,#4684,#4685));
#4670 = ORIENTED_EDGE('',*,*,#4671,.F.);
#4671 = EDGE_CURVE('',#4672,#4648,#4674,.T.);
#4672 = VERTEX_POINT('',#4673);
#4673 = CARTESIAN_POINT('',(33.718171806167,55.268281938326,21.7));
#4674 = LINE('',#4675,#4676);
#4675 = CARTESIAN_POINT('',(33.718171806167,55.268281938326,21.7));
#4676 = VECTOR('',#4677,1.);
#4677 = DIRECTION('',(1.,-1.224646799147E-16,0.));
#4678 = ORIENTED_EDGE('',*,*,#4679,.T.);
#4679 = EDGE_CURVE('',#4672,#1571,#4680,.T.);
#4680 = LINE('',#4681,#4682);
#4681 = CARTESIAN_POINT('',(33.718171806167,55.268281938326,21.7));
#4682 = VECTOR('',#4683,1.);
#4683 = DIRECTION('',(0.,0.,1.));
#4684 = ORIENTED_EDGE('',*,*,#1578,.F.);
#4685 = ORIENTED_EDGE('',*,*,#4655,.F.);
#4686 = PLANE('',#4687);
#4687 = AXIS2_PLACEMENT_3D('',#4688,#4689,#4690);
#4688 = CARTESIAN_POINT('',(33.718171806167,55.268281938326,21.7));
#4689 = DIRECTION('',(1.224646799147E-16,1.,0.));
#4690 = DIRECTION('',(1.,-1.224646799147E-16,0.));
#4691 = ADVANCED_FACE('',(#4692),#4710,.F.);
#4692 = FACE_BOUND('',#4693,.F.);
#4693 = EDGE_LOOP('',(#4694,#4702,#4708,#4709));
#4694 = ORIENTED_EDGE('',*,*,#4695,.F.);
#4695 = EDGE_CURVE('',#4696,#4672,#4698,.T.);
#4696 = VERTEX_POINT('',#4697);
#4697 = CARTESIAN_POINT('',(33.718171806167,53.878744493392,21.7));
#4698 = LINE('',#4699,#4700);
#4699 = CARTESIAN_POINT('',(33.718171806167,53.878744493392,21.7));
#4700 = VECTOR('',#4701,1.);
#4701 = DIRECTION('',(1.224646799147E-16,1.,0.));
#4702 = ORIENTED_EDGE('',*,*,#4703,.T.);
#4703 = EDGE_CURVE('',#4696,#1563,#4704,.T.);
#4704 = LINE('',#4705,#4706);
#4705 = CARTESIAN_POINT('',(33.718171806167,53.878744493392,21.7));
#4706 = VECTOR('',#4707,1.);
#4707 = DIRECTION('',(0.,0.,1.));
#4708 = ORIENTED_EDGE('',*,*,#1570,.F.);
#4709 = ORIENTED_EDGE('',*,*,#4679,.F.);
#4710 = PLANE('',#4711);
#4711 = AXIS2_PLACEMENT_3D('',#4712,#4713,#4714);
#4712 = CARTESIAN_POINT('',(33.718171806167,53.878744493392,21.7));
#4713 = DIRECTION('',(-1.,1.224646799147E-16,0.));
#4714 = DIRECTION('',(1.224646799147E-16,1.,0.));
#4715 = ADVANCED_FACE('',(#4716),#4734,.F.);
#4716 = FACE_BOUND('',#4717,.F.);
#4717 = EDGE_LOOP('',(#4718,#4726,#4732,#4733));
#4718 = ORIENTED_EDGE('',*,*,#4719,.F.);
#4719 = EDGE_CURVE('',#4720,#4696,#4722,.T.);
#4720 = VERTEX_POINT('',#4721);
#4721 = CARTESIAN_POINT('',(35.616116005874,53.878744493392,21.7));
#4722 = LINE('',#4723,#4724);
#4723 = CARTESIAN_POINT('',(35.616116005874,53.878744493392,21.7));
#4724 = VECTOR('',#4725,1.);
#4725 = DIRECTION('',(-1.,1.224646799147E-16,0.));
#4726 = ORIENTED_EDGE('',*,*,#4727,.T.);
#4727 = EDGE_CURVE('',#4720,#1555,#4728,.T.);
#4728 = LINE('',#4729,#4730);
#4729 = CARTESIAN_POINT('',(35.616116005874,53.878744493392,21.7));
#4730 = VECTOR('',#4731,1.);
#4731 = DIRECTION('',(0.,0.,1.));
#4732 = ORIENTED_EDGE('',*,*,#1562,.F.);
#4733 = ORIENTED_EDGE('',*,*,#4703,.F.);
#4734 = PLANE('',#4735);
#4735 = AXIS2_PLACEMENT_3D('',#4736,#4737,#4738);
#4736 = CARTESIAN_POINT('',(35.616116005874,53.878744493392,21.7));
#4737 = DIRECTION('',(-1.224646799147E-16,-1.,0.));
#4738 = DIRECTION('',(-1.,1.224646799147E-16,0.));
#4739 = ADVANCED_FACE('',(#4740),#4758,.F.);
#4740 = FACE_BOUND('',#4741,.F.);
#4741 = EDGE_LOOP('',(#4742,#4750,#4756,#4757));
#4742 = ORIENTED_EDGE('',*,*,#4743,.F.);
#4743 = EDGE_CURVE('',#4744,#4720,#4746,.T.);
#4744 = VERTEX_POINT('',#4745);
#4745 = CARTESIAN_POINT('',(35.616116005874,52.439537444934,21.7));
#4746 = LINE('',#4747,#4748);
#4747 = CARTESIAN_POINT('',(35.616116005874,52.439537444934,21.7));
#4748 = VECTOR('',#4749,1.);
#4749 = DIRECTION('',(1.224646799147E-16,1.,0.));
#4750 = ORIENTED_EDGE('',*,*,#4751,.T.);
#4751 = EDGE_CURVE('',#4744,#1547,#4752,.T.);
#4752 = LINE('',#4753,#4754);
#4753 = CARTESIAN_POINT('',(35.616116005874,52.439537444934,21.7));
#4754 = VECTOR('',#4755,1.);
#4755 = DIRECTION('',(0.,0.,1.));
#4756 = ORIENTED_EDGE('',*,*,#1554,.F.);
#4757 = ORIENTED_EDGE('',*,*,#4727,.F.);
#4758 = PLANE('',#4759);
#4759 = AXIS2_PLACEMENT_3D('',#4760,#4761,#4762);
#4760 = CARTESIAN_POINT('',(35.616116005874,52.439537444934,21.7));
#4761 = DIRECTION('',(-1.,1.224646799147E-16,0.));
#4762 = DIRECTION('',(1.224646799147E-16,1.,0.));
#4763 = ADVANCED_FACE('',(#4764),#4782,.F.);
#4764 = FACE_BOUND('',#4765,.F.);
#4765 = EDGE_LOOP('',(#4766,#4774,#4780,#4781));
#4766 = ORIENTED_EDGE('',*,*,#4767,.F.);
#4767 = EDGE_CURVE('',#4768,#4744,#4770,.T.);
#4768 = VERTEX_POINT('',#4769);
#4769 = CARTESIAN_POINT('',(36.794456681351,52.439537444934,21.7));
#4770 = LINE('',#4771,#4772);
#4771 = CARTESIAN_POINT('',(36.794456681351,52.439537444934,21.7));
#4772 = VECTOR('',#4773,1.);
#4773 = DIRECTION('',(-1.,1.224646799147E-16,0.));
#4774 = ORIENTED_EDGE('',*,*,#4775,.T.);
#4775 = EDGE_CURVE('',#4768,#1539,#4776,.T.);
#4776 = LINE('',#4777,#4778);
#4777 = CARTESIAN_POINT('',(36.794456681351,52.439537444934,21.7));
#4778 = VECTOR('',#4779,1.);
#4779 = DIRECTION('',(0.,0.,1.));
#4780 = ORIENTED_EDGE('',*,*,#1546,.F.);
#4781 = ORIENTED_EDGE('',*,*,#4751,.F.);
#4782 = PLANE('',#4783);
#4783 = AXIS2_PLACEMENT_3D('',#4784,#4785,#4786);
#4784 = CARTESIAN_POINT('',(36.794456681351,52.439537444934,21.7));
#4785 = DIRECTION('',(-1.224646799147E-16,-1.,0.));
#4786 = DIRECTION('',(-1.,1.224646799147E-16,0.));
#4787 = ADVANCED_FACE('',(#4788),#4806,.F.);
#4788 = FACE_BOUND('',#4789,.F.);
#4789 = EDGE_LOOP('',(#4790,#4798,#4804,#4805));
#4790 = ORIENTED_EDGE('',*,*,#4791,.F.);
#4791 = EDGE_CURVE('',#4792,#4768,#4794,.T.);
#4792 = VERTEX_POINT('',#4793);
#4793 = CARTESIAN_POINT('',(37.327900146843,53.866226138032,21.7));
#4794 = LINE('',#4795,#4796);
#4795 = CARTESIAN_POINT('',(37.327900146843,53.866226138032,21.7));
#4796 = VECTOR('',#4797,1.);
#4797 = DIRECTION('',(-0.350222599863,-0.936666499105,0.));
#4798 = ORIENTED_EDGE('',*,*,#4799,.T.);
#4799 = EDGE_CURVE('',#4792,#1531,#4800,.T.);
#4800 = LINE('',#4801,#4802);
#4801 = CARTESIAN_POINT('',(37.327900146843,53.866226138032,21.7));
#4802 = VECTOR('',#4803,1.);
#4803 = DIRECTION('',(0.,0.,1.));
#4804 = ORIENTED_EDGE('',*,*,#1538,.F.);
#4805 = ORIENTED_EDGE('',*,*,#4775,.F.);
#4806 = PLANE('',#4807);
#4807 = AXIS2_PLACEMENT_3D('',#4808,#4809,#4810);
#4808 = CARTESIAN_POINT('',(37.327900146843,53.866226138032,21.7));
#4809 = DIRECTION('',(0.936666499105,-0.350222599863,0.));
#4810 = DIRECTION('',(-0.350222599863,-0.936666499105,0.));
#4811 = ADVANCED_FACE('',(#4812),#4830,.F.);
#4812 = FACE_BOUND('',#4813,.F.);
#4813 = EDGE_LOOP('',(#4814,#4822,#4828,#4829));
#4814 = ORIENTED_EDGE('',*,*,#4815,.F.);
#4815 = EDGE_CURVE('',#4816,#4792,#4818,.T.);
#4816 = VERTEX_POINT('',#4817);
#4817 = CARTESIAN_POINT('',(38.345117474302,54.486490455213,21.7));
#4818 = LINE('',#4819,#4820);
#4819 = CARTESIAN_POINT('',(38.345117474302,54.486490455213,21.7));
#4820 = VECTOR('',#4821,1.);
#4821 = DIRECTION('',(-0.853792501217,-0.520613450524,0.));
#4822 = ORIENTED_EDGE('',*,*,#4823,.T.);
#4823 = EDGE_CURVE('',#4816,#1523,#4824,.T.);
#4824 = LINE('',#4825,#4826);
#4825 = CARTESIAN_POINT('',(38.345117474302,54.486490455213,21.7));
#4826 = VECTOR('',#4827,1.);
#4827 = DIRECTION('',(0.,0.,1.));
#4828 = ORIENTED_EDGE('',*,*,#1530,.F.);
#4829 = ORIENTED_EDGE('',*,*,#4799,.F.);
#4830 = PLANE('',#4831);
#4831 = AXIS2_PLACEMENT_3D('',#4832,#4833,#4834);
#4832 = CARTESIAN_POINT('',(38.345117474302,54.486490455213,21.7));
#4833 = DIRECTION('',(0.520613450524,-0.853792501217,0.));
#4834 = DIRECTION('',(-0.853792501217,-0.520613450524,0.));
#4835 = ADVANCED_FACE('',(#4836),#4854,.F.);
#4836 = FACE_BOUND('',#4837,.F.);
#4837 = EDGE_LOOP('',(#4838,#4846,#4852,#4853));
#4838 = ORIENTED_EDGE('',*,*,#4839,.F.);
#4839 = EDGE_CURVE('',#4840,#4816,#4842,.T.);
#4840 = VERTEX_POINT('',#4841);
#4841 = CARTESIAN_POINT('',(38.345117474302,55.268281938326,21.7));
#4842 = LINE('',#4843,#4844);
#4843 = CARTESIAN_POINT('',(38.345117474302,55.268281938326,21.7));
#4844 = VECTOR('',#4845,1.);
#4845 = DIRECTION('',(-1.224646799147E-16,-1.,0.));
#4846 = ORIENTED_EDGE('',*,*,#4847,.T.);
#4847 = EDGE_CURVE('',#4840,#1515,#4848,.T.);
#4848 = LINE('',#4849,#4850);
#4849 = CARTESIAN_POINT('',(38.345117474302,55.268281938326,21.7));
#4850 = VECTOR('',#4851,1.);
#4851 = DIRECTION('',(0.,0.,1.));
#4852 = ORIENTED_EDGE('',*,*,#1522,.F.);
#4853 = ORIENTED_EDGE('',*,*,#4823,.F.);
#4854 = PLANE('',#4855);
#4855 = AXIS2_PLACEMENT_3D('',#4856,#4857,#4858);
#4856 = CARTESIAN_POINT('',(38.345117474302,55.268281938326,21.7));
#4857 = DIRECTION('',(1.,-1.224646799147E-16,0.));
#4858 = DIRECTION('',(-1.224646799147E-16,-1.,0.));
#4859 = ADVANCED_FACE('',(#4860),#4878,.F.);
#4860 = FACE_BOUND('',#4861,.F.);
#4861 = EDGE_LOOP('',(#4862,#4870,#4876,#4877));
#4862 = ORIENTED_EDGE('',*,*,#4863,.F.);
#4863 = EDGE_CURVE('',#4864,#4840,#4866,.T.);
#4864 = VERTEX_POINT('',#4865);
#4865 = CARTESIAN_POINT('',(37.464390602056,55.268281938326,21.7));
#4866 = LINE('',#4867,#4868);
#4867 = CARTESIAN_POINT('',(37.464390602056,55.268281938326,21.7));
#4868 = VECTOR('',#4869,1.);
#4869 = DIRECTION('',(1.,-1.224646799147E-16,0.));
#4870 = ORIENTED_EDGE('',*,*,#4871,.T.);
#4871 = EDGE_CURVE('',#4864,#1507,#4872,.T.);
#4872 = LINE('',#4873,#4874);
#4873 = CARTESIAN_POINT('',(37.464390602056,55.268281938326,21.7));
#4874 = VECTOR('',#4875,1.);
#4875 = DIRECTION('',(0.,0.,1.));
#4876 = ORIENTED_EDGE('',*,*,#1514,.F.);
#4877 = ORIENTED_EDGE('',*,*,#4847,.F.);
#4878 = PLANE('',#4879);
#4879 = AXIS2_PLACEMENT_3D('',#4880,#4881,#4882);
#4880 = CARTESIAN_POINT('',(37.464390602056,55.268281938326,21.7));
#4881 = DIRECTION('',(1.224646799147E-16,1.,0.));
#4882 = DIRECTION('',(1.,-1.224646799147E-16,0.));
#4883 = ADVANCED_FACE('',(#4884),#4902,.F.);
#4884 = FACE_BOUND('',#4885,.F.);
#4885 = EDGE_LOOP('',(#4886,#4894,#4900,#4901));
#4886 = ORIENTED_EDGE('',*,*,#4887,.F.);
#4887 = EDGE_CURVE('',#4888,#4864,#4890,.T.);
#4888 = VERTEX_POINT('',#4889);
#4889 = CARTESIAN_POINT('',(37.464390602056,58.530726872247,21.7));
#4890 = LINE('',#4891,#4892);
#4891 = CARTESIAN_POINT('',(37.464390602056,58.530726872247,21.7));
#4892 = VECTOR('',#4893,1.);
#4893 = DIRECTION('',(-1.224646799147E-16,-1.,0.));
#4894 = ORIENTED_EDGE('',*,*,#4895,.T.);
#4895 = EDGE_CURVE('',#4888,#1490,#4896,.T.);
#4896 = LINE('',#4897,#4898);
#4897 = CARTESIAN_POINT('',(37.464390602056,58.530726872247,21.7));
#4898 = VECTOR('',#4899,1.);
#4899 = DIRECTION('',(0.,0.,1.));
#4900 = ORIENTED_EDGE('',*,*,#1506,.F.);
#4901 = ORIENTED_EDGE('',*,*,#4871,.F.);
#4902 = PLANE('',#4903);
#4903 = AXIS2_PLACEMENT_3D('',#4904,#4905,#4906);
#4904 = CARTESIAN_POINT('',(37.464390602056,58.530726872247,21.7));
#4905 = DIRECTION('',(1.,-1.224646799147E-16,0.));
#4906 = DIRECTION('',(-1.224646799147E-16,-1.,0.));
#4907 = ADVANCED_FACE('',(#4908),#4926,.F.);
#4908 = FACE_BOUND('',#4909,.F.);
#4909 = EDGE_LOOP('',(#4910,#4918,#4924,#4925));
#4910 = ORIENTED_EDGE('',*,*,#4911,.F.);
#4911 = EDGE_CURVE('',#4912,#4888,#4914,.T.);
#4912 = VERTEX_POINT('',#4913);
#4913 = CARTESIAN_POINT('',(37.185352422907,59.889170337739,21.7));
#4914 = B_SPLINE_CURVE_WITH_KNOTS('',2,(#4915,#4916,#4917),
  .UNSPECIFIED.,.F.,.F.,(3,3),(0.,1.),.PIECEWISE_BEZIER_KNOTS.);
#4915 = CARTESIAN_POINT('',(37.185352422907,59.889170337739,21.7));
#4916 = CARTESIAN_POINT('',(37.464390602056,59.398935389134,21.7));
#4917 = CARTESIAN_POINT('',(37.464390602056,58.530726872247,21.7));
#4918 = ORIENTED_EDGE('',*,*,#4919,.T.);
#4919 = EDGE_CURVE('',#4912,#1473,#4920,.T.);
#4920 = LINE('',#4921,#4922);
#4921 = CARTESIAN_POINT('',(37.185352422907,59.889170337739,21.7));
#4922 = VECTOR('',#4923,1.);
#4923 = DIRECTION('',(0.,0.,1.));
#4924 = ORIENTED_EDGE('',*,*,#1489,.F.);
#4925 = ORIENTED_EDGE('',*,*,#4895,.F.);
#4926 = SURFACE_OF_LINEAR_EXTRUSION('',#4927,#4931);
#4927 = B_SPLINE_CURVE_WITH_KNOTS('',2,(#4928,#4929,#4930),
  .UNSPECIFIED.,.F.,.F.,(3,3),(0.,1.),.PIECEWISE_BEZIER_KNOTS.);
#4928 = CARTESIAN_POINT('',(37.185352422907,59.889170337739,21.7));
#4929 = CARTESIAN_POINT('',(37.464390602056,59.398935389134,21.7));
#4930 = CARTESIAN_POINT('',(37.464390602056,58.530726872247,21.7));
#4931 = VECTOR('',#4932,1.);
#4932 = DIRECTION('',(0.,0.,-1.));
#4933 = ADVANCED_FACE('',(#4934),#4952,.F.);
#4934 = FACE_BOUND('',#4935,.F.);
#4935 = EDGE_LOOP('',(#4936,#4944,#4950,#4951));
#4936 = ORIENTED_EDGE('',*,*,#4937,.F.);
#4937 = EDGE_CURVE('',#4938,#4912,#4940,.T.);
#4938 = VERTEX_POINT('',#4939);
#4939 = CARTESIAN_POINT('',(36.428597650514,60.577679882526,21.7));
#4940 = B_SPLINE_CURVE_WITH_KNOTS('',2,(#4941,#4942,#4943),
  .UNSPECIFIED.,.F.,.F.,(3,3),(0.,1.),.PIECEWISE_BEZIER_KNOTS.);
#4941 = CARTESIAN_POINT('',(36.428597650514,60.577679882526,21.7));
#4942 = CARTESIAN_POINT('',(36.906314243759,60.379001468429,21.7));
#4943 = CARTESIAN_POINT('',(37.185352422907,59.889170337739,21.7));
#4944 = ORIENTED_EDGE('',*,*,#4945,.T.);
#4945 = EDGE_CURVE('',#4938,#1458,#4946,.T.);
#4946 = LINE('',#4947,#4948);
#4947 = CARTESIAN_POINT('',(36.428597650514,60.577679882526,21.7));
#4948 = VECTOR('',#4949,1.);
#4949 = DIRECTION('',(0.,0.,1.));
#4950 = ORIENTED_EDGE('',*,*,#1472,.F.);
#4951 = ORIENTED_EDGE('',*,*,#4919,.F.);
#4952 = SURFACE_OF_LINEAR_EXTRUSION('',#4953,#4957);
#4953 = B_SPLINE_CURVE_WITH_KNOTS('',2,(#4954,#4955,#4956),
  .UNSPECIFIED.,.F.,.F.,(3,3),(0.,1.),.PIECEWISE_BEZIER_KNOTS.);
#4954 = CARTESIAN_POINT('',(36.428597650514,60.577679882526,21.7));
#4955 = CARTESIAN_POINT('',(36.906314243759,60.379001468429,21.7));
#4956 = CARTESIAN_POINT('',(37.185352422907,59.889170337739,21.7));
#4957 = VECTOR('',#4958,1.);
#4958 = DIRECTION('',(0.,0.,-1.));
#4959 = ADVANCED_FACE('',(#4960),#4978,.F.);
#4960 = FACE_BOUND('',#4961,.F.);
#4961 = EDGE_LOOP('',(#4962,#4970,#4976,#4977));
#4962 = ORIENTED_EDGE('',*,*,#4963,.F.);
#4963 = EDGE_CURVE('',#4964,#4938,#4966,.T.);
#4964 = VERTEX_POINT('',#4965);
#4965 = CARTESIAN_POINT('',(35.343135095448,60.775954478708,21.7));
#4966 = B_SPLINE_CURVE_WITH_KNOTS('',2,(#4967,#4968,#4969),
  .UNSPECIFIED.,.F.,.F.,(3,3),(0.,1.),.PIECEWISE_BEZIER_KNOTS.);
#4967 = CARTESIAN_POINT('',(35.343135095448,60.775954478708,21.7));
#4968 = CARTESIAN_POINT('',(35.950881057269,60.775954478708,21.7));
#4969 = CARTESIAN_POINT('',(36.428597650514,60.577679882526,21.7));
#4970 = ORIENTED_EDGE('',*,*,#4971,.T.);
#4971 = EDGE_CURVE('',#4964,#1447,#4972,.T.);
#4972 = LINE('',#4973,#4974);
#4973 = CARTESIAN_POINT('',(35.343135095448,60.775954478708,21.7));
#4974 = VECTOR('',#4975,1.);
#4975 = DIRECTION('',(0.,0.,1.));
#4976 = ORIENTED_EDGE('',*,*,#1457,.F.);
#4977 = ORIENTED_EDGE('',*,*,#4945,.F.);
#4978 = SURFACE_OF_LINEAR_EXTRUSION('',#4979,#4983);
#4979 = B_SPLINE_CURVE_WITH_KNOTS('',2,(#4980,#4981,#4982),
  .UNSPECIFIED.,.F.,.F.,(3,3),(0.,1.),.PIECEWISE_BEZIER_KNOTS.);
#4980 = CARTESIAN_POINT('',(35.343135095448,60.775954478708,21.7));
#4981 = CARTESIAN_POINT('',(35.950881057269,60.775954478708,21.7));
#4982 = CARTESIAN_POINT('',(36.428597650514,60.577679882526,21.7));
#4983 = VECTOR('',#4984,1.);
#4984 = DIRECTION('',(0.,0.,-1.));
#4985 = ADVANCED_FACE('',(#4986),#5004,.F.);
#4986 = FACE_BOUND('',#4987,.F.);
#4987 = EDGE_LOOP('',(#4988,#4996,#5002,#5003));
#4988 = ORIENTED_EDGE('',*,*,#4989,.F.);
#4989 = EDGE_CURVE('',#4990,#4964,#4992,.T.);
#4990 = VERTEX_POINT('',#4991);
#4991 = CARTESIAN_POINT('',(34.38204845815,60.682672540382,21.7));
#4992 = B_SPLINE_CURVE_WITH_KNOTS('',2,(#4993,#4994,#4995),
  .UNSPECIFIED.,.F.,.F.,(3,3),(0.,1.),.PIECEWISE_BEZIER_KNOTS.);
#4993 = CARTESIAN_POINT('',(34.38204845815,60.682672540382,21.7));
#4994 = CARTESIAN_POINT('',(34.822209985316,60.775954478708,21.7));
#4995 = CARTESIAN_POINT('',(35.343135095448,60.775954478708,21.7));
#4996 = ORIENTED_EDGE('',*,*,#4997,.T.);
#4997 = EDGE_CURVE('',#4990,#1435,#4998,.T.);
#4998 = LINE('',#4999,#5000);
#4999 = CARTESIAN_POINT('',(34.38204845815,60.682672540382,21.7));
#5000 = VECTOR('',#5001,1.);
#5001 = DIRECTION('',(0.,0.,1.));
#5002 = ORIENTED_EDGE('',*,*,#1446,.F.);
#5003 = ORIENTED_EDGE('',*,*,#4971,.F.);
#5004 = SURFACE_OF_LINEAR_EXTRUSION('',#5005,#5009);
#5005 = B_SPLINE_CURVE_WITH_KNOTS('',2,(#5006,#5007,#5008),
  .UNSPECIFIED.,.F.,.F.,(3,3),(0.,1.),.PIECEWISE_BEZIER_KNOTS.);
#5006 = CARTESIAN_POINT('',(34.38204845815,60.682672540382,21.7));
#5007 = CARTESIAN_POINT('',(34.822209985316,60.775954478708,21.7));
#5008 = CARTESIAN_POINT('',(35.343135095448,60.775954478708,21.7));
#5009 = VECTOR('',#5010,1.);
#5010 = DIRECTION('',(0.,0.,-1.));
#5011 = ADVANCED_FACE('',(#5012),#5030,.F.);
#5012 = FACE_BOUND('',#5013,.F.);
#5013 = EDGE_LOOP('',(#5014,#5022,#5028,#5029));
#5014 = ORIENTED_EDGE('',*,*,#5015,.F.);
#5015 = EDGE_CURVE('',#5016,#4990,#5018,.T.);
#5016 = VERTEX_POINT('',#5017);
#5017 = CARTESIAN_POINT('',(33.643869309838,60.465822320117,21.7));
#5018 = B_SPLINE_CURVE_WITH_KNOTS('',2,(#5019,#5020,#5021),
  .UNSPECIFIED.,.F.,.F.,(3,3),(0.,1.),.PIECEWISE_BEZIER_KNOTS.);
#5019 = CARTESIAN_POINT('',(33.643869309838,60.465822320117,21.7));
#5020 = CARTESIAN_POINT('',(33.941483113069,60.589794419971,21.7));
#5021 = CARTESIAN_POINT('',(34.38204845815,60.682672540382,21.7));
#5022 = ORIENTED_EDGE('',*,*,#5023,.T.);
#5023 = EDGE_CURVE('',#5016,#1427,#5024,.T.);
#5024 = LINE('',#5025,#5026);
#5025 = CARTESIAN_POINT('',(33.643869309838,60.465822320117,21.7));
#5026 = VECTOR('',#5027,1.);
#5027 = DIRECTION('',(0.,0.,1.));
#5028 = ORIENTED_EDGE('',*,*,#1434,.F.);
#5029 = ORIENTED_EDGE('',*,*,#4997,.F.);
#5030 = SURFACE_OF_LINEAR_EXTRUSION('',#5031,#5035);
#5031 = B_SPLINE_CURVE_WITH_KNOTS('',2,(#5032,#5033,#5034),
  .UNSPECIFIED.,.F.,.F.,(3,3),(0.,1.),.PIECEWISE_BEZIER_KNOTS.);
#5032 = CARTESIAN_POINT('',(33.643869309838,60.465822320117,21.7));
#5033 = CARTESIAN_POINT('',(33.941483113069,60.589794419971,21.7));
#5034 = CARTESIAN_POINT('',(34.38204845815,60.682672540382,21.7));
#5035 = VECTOR('',#5036,1.);
#5036 = DIRECTION('',(0.,0.,-1.));
#5037 = ADVANCED_FACE('',(#5038),#5056,.F.);
#5038 = FACE_BOUND('',#5039,.F.);
#5039 = EDGE_LOOP('',(#5040,#5048,#5054,#5055));
#5040 = ORIENTED_EDGE('',*,*,#5041,.F.);
#5041 = EDGE_CURVE('',#5042,#5016,#5044,.T.);
#5042 = VERTEX_POINT('',#5043);
#5043 = CARTESIAN_POINT('',(33.643869309838,59.088803230543,21.7));
#5044 = LINE('',#5045,#5046);
#5045 = CARTESIAN_POINT('',(33.643869309838,59.088803230543,21.7));
#5046 = VECTOR('',#5047,1.);
#5047 = DIRECTION('',(1.224646799147E-16,1.,0.));
#5048 = ORIENTED_EDGE('',*,*,#5049,.T.);
#5049 = EDGE_CURVE('',#5042,#1417,#5050,.T.);
#5050 = LINE('',#5051,#5052);
#5051 = CARTESIAN_POINT('',(33.643869309838,59.088803230543,21.7));
#5052 = VECTOR('',#5053,1.);
#5053 = DIRECTION('',(0.,0.,1.));
#5054 = ORIENTED_EDGE('',*,*,#1426,.F.);
#5055 = ORIENTED_EDGE('',*,*,#5023,.F.);
#5056 = PLANE('',#5057);
#5057 = AXIS2_PLACEMENT_3D('',#5058,#5059,#5060);
#5058 = CARTESIAN_POINT('',(33.643869309838,59.088803230543,21.7));
#5059 = DIRECTION('',(-1.,1.224646799147E-16,0.));
#5060 = DIRECTION('',(1.224646799147E-16,1.,0.));
#5061 = ADVANCED_FACE('',(#5062),#5073,.F.);
#5062 = FACE_BOUND('',#5063,.F.);
#5063 = EDGE_LOOP('',(#5064,#5070,#5071,#5072));
#5064 = ORIENTED_EDGE('',*,*,#5065,.F.);
#5065 = EDGE_CURVE('',#4565,#5042,#5066,.T.);
#5066 = B_SPLINE_CURVE_WITH_KNOTS('',2,(#5067,#5068,#5069),
  .UNSPECIFIED.,.F.,.F.,(3,3),(0.,1.),.PIECEWISE_BEZIER_KNOTS.);
#5067 = CARTESIAN_POINT('',(34.214464023495,59.237812041116,21.7));
#5068 = CARTESIAN_POINT('',(33.928964757709,59.175624082232,21.7));
#5069 = CARTESIAN_POINT('',(33.643869309838,59.088803230543,21.7));
#5070 = ORIENTED_EDGE('',*,*,#4579,.T.);
#5071 = ORIENTED_EDGE('',*,*,#1416,.F.);
#5072 = ORIENTED_EDGE('',*,*,#5049,.F.);
#5073 = SURFACE_OF_LINEAR_EXTRUSION('',#5074,#5078);
#5074 = B_SPLINE_CURVE_WITH_KNOTS('',2,(#5075,#5076,#5077),
  .UNSPECIFIED.,.F.,.F.,(3,3),(0.,1.),.PIECEWISE_BEZIER_KNOTS.);
#5075 = CARTESIAN_POINT('',(34.214464023495,59.237812041116,21.7));
#5076 = CARTESIAN_POINT('',(33.928964757709,59.175624082232,21.7));
#5077 = CARTESIAN_POINT('',(33.643869309838,59.088803230543,21.7));
#5078 = VECTOR('',#5079,1.);
#5079 = DIRECTION('',(0.,0.,-1.));
#5080 = ADVANCED_FACE('',(#5081),#5106,.F.);
#5081 = FACE_BOUND('',#5082,.F.);
#5082 = EDGE_LOOP('',(#5083,#5093,#5099,#5100));
#5083 = ORIENTED_EDGE('',*,*,#5084,.F.);
#5084 = EDGE_CURVE('',#5085,#5087,#5089,.T.);
#5085 = VERTEX_POINT('',#5086);
#5086 = CARTESIAN_POINT('',(48.646916299559,51.224045521292,21.7));
#5087 = VERTEX_POINT('',#5088);
#5088 = CARTESIAN_POINT('',(47.93983113069,51.416262848752,21.7));
#5089 = B_SPLINE_CURVE_WITH_KNOTS('',2,(#5090,#5091,#5092),
  .UNSPECIFIED.,.F.,.F.,(3,3),(0.,1.),.PIECEWISE_BEZIER_KNOTS.);
#5090 = CARTESIAN_POINT('',(48.646916299559,51.224045521292,21.7));
#5091 = CARTESIAN_POINT('',(48.237444933921,51.224045521292,21.7));
#5092 = CARTESIAN_POINT('',(47.93983113069,51.416262848752,21.7));
#5093 = ORIENTED_EDGE('',*,*,#5094,.T.);
#5094 = EDGE_CURVE('',#5085,#1631,#5095,.T.);
#5095 = LINE('',#5096,#5097);
#5096 = CARTESIAN_POINT('',(48.646916299559,51.224045521292,21.7));
#5097 = VECTOR('',#5098,1.);
#5098 = DIRECTION('',(0.,0.,1.));
#5099 = ORIENTED_EDGE('',*,*,#1628,.F.);
#5100 = ORIENTED_EDGE('',*,*,#5101,.F.);
#5101 = EDGE_CURVE('',#5087,#1629,#5102,.T.);
#5102 = LINE('',#5103,#5104);
#5103 = CARTESIAN_POINT('',(47.93983113069,51.416262848752,21.7));
#5104 = VECTOR('',#5105,1.);
#5105 = DIRECTION('',(0.,0.,1.));
#5106 = SURFACE_OF_LINEAR_EXTRUSION('',#5107,#5111);
#5107 = B_SPLINE_CURVE_WITH_KNOTS('',2,(#5108,#5109,#5110),
  .UNSPECIFIED.,.F.,.F.,(3,3),(0.,1.),.PIECEWISE_BEZIER_KNOTS.);
#5108 = CARTESIAN_POINT('',(48.646916299559,51.224045521292,21.7));
#5109 = CARTESIAN_POINT('',(48.237444933921,51.224045521292,21.7));
#5110 = CARTESIAN_POINT('',(47.93983113069,51.416262848752,21.7));
#5111 = VECTOR('',#5112,1.);
#5112 = DIRECTION('',(0.,0.,-1.));
#5113 = ADVANCED_FACE('',(#5114),#5132,.F.);
#5114 = FACE_BOUND('',#5115,.F.);
#5115 = EDGE_LOOP('',(#5116,#5124,#5130,#5131));
#5116 = ORIENTED_EDGE('',*,*,#5117,.F.);
#5117 = EDGE_CURVE('',#5118,#5085,#5120,.T.);
#5118 = VERTEX_POINT('',#5119);
#5119 = CARTESIAN_POINT('',(49.360058737151,51.416262848752,21.7));
#5120 = B_SPLINE_CURVE_WITH_KNOTS('',2,(#5121,#5122,#5123),
  .UNSPECIFIED.,.F.,.F.,(3,3),(0.,1.),.PIECEWISE_BEZIER_KNOTS.);
#5121 = CARTESIAN_POINT('',(49.360058737151,51.416262848752,21.7));
#5122 = CARTESIAN_POINT('',(49.068502202643,51.224045521292,21.7));
#5123 = CARTESIAN_POINT('',(48.646916299559,51.224045521292,21.7));
#5124 = ORIENTED_EDGE('',*,*,#5125,.T.);
#5125 = EDGE_CURVE('',#5118,#1746,#5126,.T.);
#5126 = LINE('',#5127,#5128);
#5127 = CARTESIAN_POINT('',(49.360058737151,51.416262848752,21.7));
#5128 = VECTOR('',#5129,1.);
#5129 = DIRECTION('',(0.,0.,1.));
#5130 = ORIENTED_EDGE('',*,*,#1767,.F.);
#5131 = ORIENTED_EDGE('',*,*,#5094,.F.);
#5132 = SURFACE_OF_LINEAR_EXTRUSION('',#5133,#5137);
#5133 = B_SPLINE_CURVE_WITH_KNOTS('',2,(#5134,#5135,#5136),
  .UNSPECIFIED.,.F.,.F.,(3,3),(0.,1.),.PIECEWISE_BEZIER_KNOTS.);
#5134 = CARTESIAN_POINT('',(49.360058737151,51.416262848752,21.7));
#5135 = CARTESIAN_POINT('',(49.068502202643,51.224045521292,21.7));
#5136 = CARTESIAN_POINT('',(48.646916299559,51.224045521292,21.7));
#5137 = VECTOR('',#5138,1.);
#5138 = DIRECTION('',(0.,0.,-1.));
#5139 = ADVANCED_FACE('',(#5140),#5158,.F.);
#5140 = FACE_BOUND('',#5141,.F.);
#5141 = EDGE_LOOP('',(#5142,#5150,#5156,#5157));
#5142 = ORIENTED_EDGE('',*,*,#5143,.F.);
#5143 = EDGE_CURVE('',#5144,#5118,#5146,.T.);
#5144 = VERTEX_POINT('',#5145);
#5145 = CARTESIAN_POINT('',(49.651615271659,52.129405286344,21.7));
#5146 = B_SPLINE_CURVE_WITH_KNOTS('',2,(#5147,#5148,#5149),
  .UNSPECIFIED.,.F.,.F.,(3,3),(0.,1.),.PIECEWISE_BEZIER_KNOTS.);
#5147 = CARTESIAN_POINT('',(49.651615271659,52.129405286344,21.7));
#5148 = CARTESIAN_POINT('',(49.651615271659,51.608480176211,21.7));
#5149 = CARTESIAN_POINT('',(49.360058737151,51.416262848752,21.7));
#5150 = ORIENTED_EDGE('',*,*,#5151,.T.);
#5151 = EDGE_CURVE('',#5144,#1724,#5152,.T.);
#5152 = LINE('',#5153,#5154);
#5153 = CARTESIAN_POINT('',(49.651615271659,52.129405286344,21.7));
#5154 = VECTOR('',#5155,1.);
#5155 = DIRECTION('',(0.,0.,1.));
#5156 = ORIENTED_EDGE('',*,*,#1745,.F.);
#5157 = ORIENTED_EDGE('',*,*,#5125,.F.);
#5158 = SURFACE_OF_LINEAR_EXTRUSION('',#5159,#5163);
#5159 = B_SPLINE_CURVE_WITH_KNOTS('',2,(#5160,#5161,#5162),
  .UNSPECIFIED.,.F.,.F.,(3,3),(0.,1.),.PIECEWISE_BEZIER_KNOTS.);
#5160 = CARTESIAN_POINT('',(49.651615271659,52.129405286344,21.7));
#5161 = CARTESIAN_POINT('',(49.651615271659,51.608480176211,21.7));
#5162 = CARTESIAN_POINT('',(49.360058737151,51.416262848752,21.7));
#5163 = VECTOR('',#5164,1.);
#5164 = DIRECTION('',(0.,0.,-1.));
#5165 = ADVANCED_FACE('',(#5166),#5184,.F.);
#5166 = FACE_BOUND('',#5167,.F.);
#5167 = EDGE_LOOP('',(#5168,#5176,#5182,#5183));
#5168 = ORIENTED_EDGE('',*,*,#5169,.F.);
#5169 = EDGE_CURVE('',#5170,#5144,#5172,.T.);
#5170 = VERTEX_POINT('',#5171);
#5171 = CARTESIAN_POINT('',(49.360058737151,52.836894273128,21.7));
#5172 = B_SPLINE_CURVE_WITH_KNOTS('',2,(#5173,#5174,#5175),
  .UNSPECIFIED.,.F.,.F.,(3,3),(0.,1.),.PIECEWISE_BEZIER_KNOTS.);
#5173 = CARTESIAN_POINT('',(49.360058737151,52.836894273128,21.7));
#5174 = CARTESIAN_POINT('',(49.651615271659,52.638215859031,21.7));
#5175 = CARTESIAN_POINT('',(49.651615271659,52.129405286344,21.7));
#5176 = ORIENTED_EDGE('',*,*,#5177,.T.);
#5177 = EDGE_CURVE('',#5170,#1709,#5178,.T.);
#5178 = LINE('',#5179,#5180);
#5179 = CARTESIAN_POINT('',(49.360058737151,52.836894273128,21.7));
#5180 = VECTOR('',#5181,1.);
#5181 = DIRECTION('',(0.,0.,1.));
#5182 = ORIENTED_EDGE('',*,*,#1723,.F.);
#5183 = ORIENTED_EDGE('',*,*,#5151,.F.);
#5184 = SURFACE_OF_LINEAR_EXTRUSION('',#5185,#5189);
#5185 = B_SPLINE_CURVE_WITH_KNOTS('',2,(#5186,#5187,#5188),
  .UNSPECIFIED.,.F.,.F.,(3,3),(0.,1.),.PIECEWISE_BEZIER_KNOTS.);
#5186 = CARTESIAN_POINT('',(49.360058737151,52.836894273128,21.7));
#5187 = CARTESIAN_POINT('',(49.651615271659,52.638215859031,21.7));
#5188 = CARTESIAN_POINT('',(49.651615271659,52.129405286344,21.7));
#5189 = VECTOR('',#5190,1.);
#5190 = DIRECTION('',(0.,0.,-1.));
#5191 = ADVANCED_FACE('',(#5192),#5210,.F.);
#5192 = FACE_BOUND('',#5193,.F.);
#5193 = EDGE_LOOP('',(#5194,#5202,#5208,#5209));
#5194 = ORIENTED_EDGE('',*,*,#5195,.F.);
#5195 = EDGE_CURVE('',#5196,#5170,#5198,.T.);
#5196 = VERTEX_POINT('',#5197);
#5197 = CARTESIAN_POINT('',(48.646916299559,53.03516886931,21.7));
#5198 = B_SPLINE_CURVE_WITH_KNOTS('',2,(#5199,#5200,#5201),
  .UNSPECIFIED.,.F.,.F.,(3,3),(0.,1.),.PIECEWISE_BEZIER_KNOTS.);
#5199 = CARTESIAN_POINT('',(48.646916299559,53.03516886931,21.7));
#5200 = CARTESIAN_POINT('',(49.068502202643,53.03516886931,21.7));
#5201 = CARTESIAN_POINT('',(49.360058737151,52.836894273128,21.7));
#5202 = ORIENTED_EDGE('',*,*,#5203,.T.);
#5203 = EDGE_CURVE('',#5196,#1694,#5204,.T.);
#5204 = LINE('',#5205,#5206);
#5205 = CARTESIAN_POINT('',(48.646916299559,53.03516886931,21.7));
#5206 = VECTOR('',#5207,1.);
#5207 = DIRECTION('',(0.,0.,1.));
#5208 = ORIENTED_EDGE('',*,*,#1708,.F.);
#5209 = ORIENTED_EDGE('',*,*,#5177,.F.);
#5210 = SURFACE_OF_LINEAR_EXTRUSION('',#5211,#5215);
#5211 = B_SPLINE_CURVE_WITH_KNOTS('',2,(#5212,#5213,#5214),
  .UNSPECIFIED.,.F.,.F.,(3,3),(0.,1.),.PIECEWISE_BEZIER_KNOTS.);
#5212 = CARTESIAN_POINT('',(48.646916299559,53.03516886931,21.7));
#5213 = CARTESIAN_POINT('',(49.068502202643,53.03516886931,21.7));
#5214 = CARTESIAN_POINT('',(49.360058737151,52.836894273128,21.7));
#5215 = VECTOR('',#5216,1.);
#5216 = DIRECTION('',(0.,0.,-1.));
#5217 = ADVANCED_FACE('',(#5218),#5236,.F.);
#5218 = FACE_BOUND('',#5219,.F.);
#5219 = EDGE_LOOP('',(#5220,#5228,#5234,#5235));
#5220 = ORIENTED_EDGE('',*,*,#5221,.F.);
#5221 = EDGE_CURVE('',#5222,#5196,#5224,.T.);
#5222 = VERTEX_POINT('',#5223);
#5223 = CARTESIAN_POINT('',(47.93983113069,52.836894273128,21.7));
#5224 = B_SPLINE_CURVE_WITH_KNOTS('',2,(#5225,#5226,#5227),
  .UNSPECIFIED.,.F.,.F.,(3,3),(0.,1.),.PIECEWISE_BEZIER_KNOTS.);
#5225 = CARTESIAN_POINT('',(47.93983113069,52.836894273128,21.7));
#5226 = CARTESIAN_POINT('',(48.237444933921,53.03516886931,21.7));
#5227 = CARTESIAN_POINT('',(48.646916299559,53.03516886931,21.7));
#5228 = ORIENTED_EDGE('',*,*,#5229,.T.);
#5229 = EDGE_CURVE('',#5222,#1672,#5230,.T.);
#5230 = LINE('',#5231,#5232);
#5231 = CARTESIAN_POINT('',(47.93983113069,52.836894273128,21.7));
#5232 = VECTOR('',#5233,1.);
#5233 = DIRECTION('',(0.,0.,1.));
#5234 = ORIENTED_EDGE('',*,*,#1693,.F.);
#5235 = ORIENTED_EDGE('',*,*,#5203,.F.);
#5236 = SURFACE_OF_LINEAR_EXTRUSION('',#5237,#5241);
#5237 = B_SPLINE_CURVE_WITH_KNOTS('',2,(#5238,#5239,#5240),
  .UNSPECIFIED.,.F.,.F.,(3,3),(0.,1.),.PIECEWISE_BEZIER_KNOTS.);
#5238 = CARTESIAN_POINT('',(47.93983113069,52.836894273128,21.7));
#5239 = CARTESIAN_POINT('',(48.237444933921,53.03516886931,21.7));
#5240 = CARTESIAN_POINT('',(48.646916299559,53.03516886931,21.7));
#5241 = VECTOR('',#5242,1.);
#5242 = DIRECTION('',(0.,0.,-1.));
#5243 = ADVANCED_FACE('',(#5244),#5262,.F.);
#5244 = FACE_BOUND('',#5245,.F.);
#5245 = EDGE_LOOP('',(#5246,#5254,#5260,#5261));
#5246 = ORIENTED_EDGE('',*,*,#5247,.F.);
#5247 = EDGE_CURVE('',#5248,#5222,#5250,.T.);
#5248 = VERTEX_POINT('',#5249);
#5249 = CARTESIAN_POINT('',(47.64221732746,52.129405286344,21.7));
#5250 = B_SPLINE_CURVE_WITH_KNOTS('',2,(#5251,#5252,#5253),
  .UNSPECIFIED.,.F.,.F.,(3,3),(0.,1.),.PIECEWISE_BEZIER_KNOTS.);
#5251 = CARTESIAN_POINT('',(47.64221732746,52.129405286344,21.7));
#5252 = CARTESIAN_POINT('',(47.64221732746,52.638215859031,21.7));
#5253 = CARTESIAN_POINT('',(47.93983113069,52.836894273128,21.7));
#5254 = ORIENTED_EDGE('',*,*,#5255,.T.);
#5255 = EDGE_CURVE('',#5248,#1650,#5256,.T.);
#5256 = LINE('',#5257,#5258);
#5257 = CARTESIAN_POINT('',(47.64221732746,52.129405286344,21.7));
#5258 = VECTOR('',#5259,1.);
#5259 = DIRECTION('',(0.,0.,1.));
#5260 = ORIENTED_EDGE('',*,*,#1671,.F.);
#5261 = ORIENTED_EDGE('',*,*,#5229,.F.);
#5262 = SURFACE_OF_LINEAR_EXTRUSION('',#5263,#5267);
#5263 = B_SPLINE_CURVE_WITH_KNOTS('',2,(#5264,#5265,#5266),
  .UNSPECIFIED.,.F.,.F.,(3,3),(0.,1.),.PIECEWISE_BEZIER_KNOTS.);
#5264 = CARTESIAN_POINT('',(47.64221732746,52.129405286344,21.7));
#5265 = CARTESIAN_POINT('',(47.64221732746,52.638215859031,21.7));
#5266 = CARTESIAN_POINT('',(47.93983113069,52.836894273128,21.7));
#5267 = VECTOR('',#5268,1.);
#5268 = DIRECTION('',(0.,0.,-1.));
#5269 = ADVANCED_FACE('',(#5270),#5281,.F.);
#5270 = FACE_BOUND('',#5271,.F.);
#5271 = EDGE_LOOP('',(#5272,#5278,#5279,#5280));
#5272 = ORIENTED_EDGE('',*,*,#5273,.F.);
#5273 = EDGE_CURVE('',#5087,#5248,#5274,.T.);
#5274 = B_SPLINE_CURVE_WITH_KNOTS('',2,(#5275,#5276,#5277),
  .UNSPECIFIED.,.F.,.F.,(3,3),(0.,1.),.PIECEWISE_BEZIER_KNOTS.);
#5275 = CARTESIAN_POINT('',(47.93983113069,51.416262848752,21.7));
#5276 = CARTESIAN_POINT('',(47.64221732746,51.608480176211,21.7));
#5277 = CARTESIAN_POINT('',(47.64221732746,52.129405286344,21.7));
#5278 = ORIENTED_EDGE('',*,*,#5101,.T.);
#5279 = ORIENTED_EDGE('',*,*,#1649,.F.);
#5280 = ORIENTED_EDGE('',*,*,#5255,.F.);
#5281 = SURFACE_OF_LINEAR_EXTRUSION('',#5282,#5286);
#5282 = B_SPLINE_CURVE_WITH_KNOTS('',2,(#5283,#5284,#5285),
  .UNSPECIFIED.,.F.,.F.,(3,3),(0.,1.),.PIECEWISE_BEZIER_KNOTS.);
#5283 = CARTESIAN_POINT('',(47.93983113069,51.416262848752,21.7));
#5284 = CARTESIAN_POINT('',(47.64221732746,51.608480176211,21.7));
#5285 = CARTESIAN_POINT('',(47.64221732746,52.129405286344,21.7));
#5286 = VECTOR('',#5287,1.);
#5287 = DIRECTION('',(0.,0.,-1.));
#5288 = ADVANCED_FACE('',(#5289),#5314,.F.);
#5289 = FACE_BOUND('',#5290,.F.);
#5290 = EDGE_LOOP('',(#5291,#5301,#5307,#5308));
#5291 = ORIENTED_EDGE('',*,*,#5292,.F.);
#5292 = EDGE_CURVE('',#5293,#5295,#5297,.T.);
#5293 = VERTEX_POINT('',#5294);
#5294 = CARTESIAN_POINT('',(43.955763582966,53.146622613803,21.7));
#5295 = VERTEX_POINT('',#5296);
#5296 = CARTESIAN_POINT('',(43.986857562408,54.102055800294,21.7));
#5297 = B_SPLINE_CURVE_WITH_KNOTS('',2,(#5298,#5299,#5300),
  .UNSPECIFIED.,.F.,.F.,(3,3),(0.,1.),.PIECEWISE_BEZIER_KNOTS.);
#5298 = CARTESIAN_POINT('',(43.955763582966,53.146622613803,21.7));
#5299 = CARTESIAN_POINT('',(43.955763582966,53.642914831131,21.7));
#5300 = CARTESIAN_POINT('',(43.986857562408,54.102055800294,21.7));
#5301 = ORIENTED_EDGE('',*,*,#5302,.T.);
#5302 = EDGE_CURVE('',#5293,#1785,#5303,.T.);
#5303 = LINE('',#5304,#5305);
#5304 = CARTESIAN_POINT('',(43.955763582966,53.146622613803,21.7));
#5305 = VECTOR('',#5306,1.);
#5306 = DIRECTION('',(0.,0.,1.));
#5307 = ORIENTED_EDGE('',*,*,#1782,.F.);
#5308 = ORIENTED_EDGE('',*,*,#5309,.F.);
#5309 = EDGE_CURVE('',#5295,#1783,#5310,.T.);
#5310 = LINE('',#5311,#5312);
#5311 = CARTESIAN_POINT('',(43.986857562408,54.102055800294,21.7));
#5312 = VECTOR('',#5313,1.);
#5313 = DIRECTION('',(0.,0.,1.));
#5314 = SURFACE_OF_LINEAR_EXTRUSION('',#5315,#5319);
#5315 = B_SPLINE_CURVE_WITH_KNOTS('',2,(#5316,#5317,#5318),
  .UNSPECIFIED.,.F.,.F.,(3,3),(0.,1.),.PIECEWISE_BEZIER_KNOTS.);
#5316 = CARTESIAN_POINT('',(43.955763582966,53.146622613803,21.7));
#5317 = CARTESIAN_POINT('',(43.955763582966,53.642914831131,21.7));
#5318 = CARTESIAN_POINT('',(43.986857562408,54.102055800294,21.7));
#5319 = VECTOR('',#5320,1.);
#5320 = DIRECTION('',(0.,0.,-1.));
#5321 = ADVANCED_FACE('',(#5322),#5340,.F.);
#5322 = FACE_BOUND('',#5323,.F.);
#5323 = EDGE_LOOP('',(#5324,#5332,#5338,#5339));
#5324 = ORIENTED_EDGE('',*,*,#5325,.F.);
#5325 = EDGE_CURVE('',#5326,#5293,#5328,.T.);
#5326 = VERTEX_POINT('',#5327);
#5327 = CARTESIAN_POINT('',(43.955763582966,51.224045521292,21.7));
#5328 = LINE('',#5329,#5330);
#5329 = CARTESIAN_POINT('',(43.955763582966,51.224045521292,21.7));
#5330 = VECTOR('',#5331,1.);
#5331 = DIRECTION('',(1.224646799147E-16,1.,0.));
#5332 = ORIENTED_EDGE('',*,*,#5333,.T.);
#5333 = EDGE_CURVE('',#5326,#2023,#5334,.T.);
#5334 = LINE('',#5335,#5336);
#5335 = CARTESIAN_POINT('',(43.955763582966,51.224045521292,21.7));
#5336 = VECTOR('',#5337,1.);
#5337 = DIRECTION('',(0.,0.,1.));
#5338 = ORIENTED_EDGE('',*,*,#2030,.F.);
#5339 = ORIENTED_EDGE('',*,*,#5302,.F.);
#5340 = PLANE('',#5341);
#5341 = AXIS2_PLACEMENT_3D('',#5342,#5343,#5344);
#5342 = CARTESIAN_POINT('',(43.955763582966,51.224045521292,21.7));
#5343 = DIRECTION('',(-1.,1.224646799147E-16,0.));
#5344 = DIRECTION('',(1.224646799147E-16,1.,0.));
#5345 = ADVANCED_FACE('',(#5346),#5364,.F.);
#5346 = FACE_BOUND('',#5347,.F.);
#5347 = EDGE_LOOP('',(#5348,#5356,#5362,#5363));
#5348 = ORIENTED_EDGE('',*,*,#5349,.F.);
#5349 = EDGE_CURVE('',#5350,#5326,#5352,.T.);
#5350 = VERTEX_POINT('',#5351);
#5351 = CARTESIAN_POINT('',(45.804038179148,51.224045521292,21.7));
#5352 = LINE('',#5353,#5354);
#5353 = CARTESIAN_POINT('',(45.804038179148,51.224045521292,21.7));
#5354 = VECTOR('',#5355,1.);
#5355 = DIRECTION('',(-1.,1.224646799147E-16,0.));
#5356 = ORIENTED_EDGE('',*,*,#5357,.T.);
#5357 = EDGE_CURVE('',#5350,#2015,#5358,.T.);
#5358 = LINE('',#5359,#5360);
#5359 = CARTESIAN_POINT('',(45.804038179148,51.224045521292,21.7));
#5360 = VECTOR('',#5361,1.);
#5361 = DIRECTION('',(0.,0.,1.));
#5362 = ORIENTED_EDGE('',*,*,#2022,.F.);
#5363 = ORIENTED_EDGE('',*,*,#5333,.F.);
#5364 = PLANE('',#5365);
#5365 = AXIS2_PLACEMENT_3D('',#5366,#5367,#5368);
#5366 = CARTESIAN_POINT('',(45.804038179148,51.224045521292,21.7));
#5367 = DIRECTION('',(-1.224646799147E-16,-1.,0.));
#5368 = DIRECTION('',(-1.,1.224646799147E-16,0.));
#5369 = ADVANCED_FACE('',(#5370),#5388,.F.);
#5370 = FACE_BOUND('',#5371,.F.);
#5371 = EDGE_LOOP('',(#5372,#5380,#5386,#5387));
#5372 = ORIENTED_EDGE('',*,*,#5373,.F.);
#5373 = EDGE_CURVE('',#5374,#5350,#5376,.T.);
#5374 = VERTEX_POINT('',#5375);
#5375 = CARTESIAN_POINT('',(45.804038179148,60.651982378855,21.7));
#5376 = LINE('',#5377,#5378);
#5377 = CARTESIAN_POINT('',(45.804038179148,60.651982378855,21.7));
#5378 = VECTOR('',#5379,1.);
#5379 = DIRECTION('',(-1.224646799147E-16,-1.,0.));
#5380 = ORIENTED_EDGE('',*,*,#5381,.T.);
#5381 = EDGE_CURVE('',#5374,#2007,#5382,.T.);
#5382 = LINE('',#5383,#5384);
#5383 = CARTESIAN_POINT('',(45.804038179148,60.651982378855,21.7));
#5384 = VECTOR('',#5385,1.);
#5385 = DIRECTION('',(0.,0.,1.));
#5386 = ORIENTED_EDGE('',*,*,#2014,.F.);
#5387 = ORIENTED_EDGE('',*,*,#5357,.F.);
#5388 = PLANE('',#5389);
#5389 = AXIS2_PLACEMENT_3D('',#5390,#5391,#5392);
#5390 = CARTESIAN_POINT('',(45.804038179148,60.651982378855,21.7));
#5391 = DIRECTION('',(1.,-1.224646799147E-16,0.));
#5392 = DIRECTION('',(-1.224646799147E-16,-1.,0.));
#5393 = ADVANCED_FACE('',(#5394),#5412,.F.);
#5394 = FACE_BOUND('',#5395,.F.);
#5395 = EDGE_LOOP('',(#5396,#5404,#5410,#5411));
#5396 = ORIENTED_EDGE('',*,*,#5397,.F.);
#5397 = EDGE_CURVE('',#5398,#5374,#5400,.T.);
#5398 = VERTEX_POINT('',#5399);
#5399 = CARTESIAN_POINT('',(43.955763582966,60.651982378855,21.7));
#5400 = LINE('',#5401,#5402);
#5401 = CARTESIAN_POINT('',(43.955763582966,60.651982378855,21.7));
#5402 = VECTOR('',#5403,1.);
#5403 = DIRECTION('',(1.,-1.224646799147E-16,0.));
#5404 = ORIENTED_EDGE('',*,*,#5405,.T.);
#5405 = EDGE_CURVE('',#5398,#1999,#5406,.T.);
#5406 = LINE('',#5407,#5408);
#5407 = CARTESIAN_POINT('',(43.955763582966,60.651982378855,21.7));
#5408 = VECTOR('',#5409,1.);
#5409 = DIRECTION('',(0.,0.,1.));
#5410 = ORIENTED_EDGE('',*,*,#2006,.F.);
#5411 = ORIENTED_EDGE('',*,*,#5381,.F.);
#5412 = PLANE('',#5413);
#5413 = AXIS2_PLACEMENT_3D('',#5414,#5415,#5416);
#5414 = CARTESIAN_POINT('',(43.955763582966,60.651982378855,21.7));
#5415 = DIRECTION('',(1.224646799147E-16,1.,0.));
#5416 = DIRECTION('',(1.,-1.224646799147E-16,0.));
#5417 = ADVANCED_FACE('',(#5418),#5436,.F.);
#5418 = FACE_BOUND('',#5419,.F.);
#5419 = EDGE_LOOP('',(#5420,#5428,#5434,#5435));
#5420 = ORIENTED_EDGE('',*,*,#5421,.F.);
#5421 = EDGE_CURVE('',#5422,#5398,#5424,.T.);
#5422 = VERTEX_POINT('',#5423);
#5423 = CARTESIAN_POINT('',(43.955763582966,57.463839941263,21.7));
#5424 = LINE('',#5425,#5426);
#5425 = CARTESIAN_POINT('',(43.955763582966,57.463839941263,21.7));
#5426 = VECTOR('',#5427,1.);
#5427 = DIRECTION('',(1.224646799147E-16,1.,0.));
#5428 = ORIENTED_EDGE('',*,*,#5429,.T.);
#5429 = EDGE_CURVE('',#5422,#1982,#5430,.T.);
#5430 = LINE('',#5431,#5432);
#5431 = CARTESIAN_POINT('',(43.955763582966,57.463839941263,21.7));
#5432 = VECTOR('',#5433,1.);
#5433 = DIRECTION('',(0.,0.,1.));
#5434 = ORIENTED_EDGE('',*,*,#1998,.F.);
#5435 = ORIENTED_EDGE('',*,*,#5405,.F.);
#5436 = PLANE('',#5437);
#5437 = AXIS2_PLACEMENT_3D('',#5438,#5439,#5440);
#5438 = CARTESIAN_POINT('',(43.955763582966,57.463839941263,21.7));
#5439 = DIRECTION('',(-1.,1.224646799147E-16,0.));
#5440 = DIRECTION('',(1.224646799147E-16,1.,0.));
#5441 = ADVANCED_FACE('',(#5442),#5460,.F.);
#5442 = FACE_BOUND('',#5443,.F.);
#5443 = EDGE_LOOP('',(#5444,#5452,#5458,#5459));
#5444 = ORIENTED_EDGE('',*,*,#5445,.F.);
#5445 = EDGE_CURVE('',#5446,#5422,#5448,.T.);
#5446 = VERTEX_POINT('',#5447);
#5447 = CARTESIAN_POINT('',(43.639574155653,55.80778267254,21.7));
#5448 = B_SPLINE_CURVE_WITH_KNOTS('',2,(#5449,#5450,#5451),
  .UNSPECIFIED.,.F.,.F.,(3,3),(0.,1.),.PIECEWISE_BEZIER_KNOTS.);
#5449 = CARTESIAN_POINT('',(43.639574155653,55.80778267254,21.7));
#5450 = CARTESIAN_POINT('',(43.955763582966,56.384434654919,21.7));
#5451 = CARTESIAN_POINT('',(43.955763582966,57.463839941263,21.7));
#5452 = ORIENTED_EDGE('',*,*,#5453,.T.);
#5453 = EDGE_CURVE('',#5446,#1959,#5454,.T.);
#5454 = LINE('',#5455,#5456);
#5455 = CARTESIAN_POINT('',(43.639574155653,55.80778267254,21.7));
#5456 = VECTOR('',#5457,1.);
#5457 = DIRECTION('',(0.,0.,1.));
#5458 = ORIENTED_EDGE('',*,*,#1981,.F.);
#5459 = ORIENTED_EDGE('',*,*,#5429,.F.);
#5460 = SURFACE_OF_LINEAR_EXTRUSION('',#5461,#5465);
#5461 = B_SPLINE_CURVE_WITH_KNOTS('',2,(#5462,#5463,#5464),
  .UNSPECIFIED.,.F.,.F.,(3,3),(0.,1.),.PIECEWISE_BEZIER_KNOTS.);
#5462 = CARTESIAN_POINT('',(43.639574155653,55.80778267254,21.7));
#5463 = CARTESIAN_POINT('',(43.955763582966,56.384434654919,21.7));
#5464 = CARTESIAN_POINT('',(43.955763582966,57.463839941263,21.7));
#5465 = VECTOR('',#5466,1.);
#5466 = DIRECTION('',(0.,0.,-1.));
#5467 = ADVANCED_FACE('',(#5468),#5486,.F.);
#5468 = FACE_BOUND('',#5469,.F.);
#5469 = EDGE_LOOP('',(#5470,#5478,#5484,#5485));
#5470 = ORIENTED_EDGE('',*,*,#5471,.F.);
#5471 = EDGE_CURVE('',#5472,#5446,#5474,.T.);
#5472 = VERTEX_POINT('',#5473);
#5473 = CARTESIAN_POINT('',(42.491923641703,55.230726872247,21.7));
#5474 = B_SPLINE_CURVE_WITH_KNOTS('',2,(#5475,#5476,#5477),
  .UNSPECIFIED.,.F.,.F.,(3,3),(0.,1.),.PIECEWISE_BEZIER_KNOTS.);
#5475 = CARTESIAN_POINT('',(42.491923641703,55.230726872247,21.7));
#5476 = CARTESIAN_POINT('',(43.322980910426,55.230726872247,21.7));
#5477 = CARTESIAN_POINT('',(43.639574155653,55.80778267254,21.7));
#5478 = ORIENTED_EDGE('',*,*,#5479,.T.);
#5479 = EDGE_CURVE('',#5472,#1917,#5480,.T.);
#5480 = LINE('',#5481,#5482);
#5481 = CARTESIAN_POINT('',(42.491923641703,55.230726872247,21.7));
#5482 = VECTOR('',#5483,1.);
#5483 = DIRECTION('',(0.,0.,1.));
#5484 = ORIENTED_EDGE('',*,*,#1958,.F.);
#5485 = ORIENTED_EDGE('',*,*,#5453,.F.);
#5486 = SURFACE_OF_LINEAR_EXTRUSION('',#5487,#5491);
#5487 = B_SPLINE_CURVE_WITH_KNOTS('',2,(#5488,#5489,#5490),
  .UNSPECIFIED.,.F.,.F.,(3,3),(0.,1.),.PIECEWISE_BEZIER_KNOTS.);
#5488 = CARTESIAN_POINT('',(42.491923641703,55.230726872247,21.7));
#5489 = CARTESIAN_POINT('',(43.322980910426,55.230726872247,21.7));
#5490 = CARTESIAN_POINT('',(43.639574155653,55.80778267254,21.7));
#5491 = VECTOR('',#5492,1.);
#5492 = DIRECTION('',(0.,0.,-1.));
#5493 = ADVANCED_FACE('',(#5494),#5512,.F.);
#5494 = FACE_BOUND('',#5495,.F.);
#5495 = EDGE_LOOP('',(#5496,#5504,#5510,#5511));
#5496 = ORIENTED_EDGE('',*,*,#5497,.F.);
#5497 = EDGE_CURVE('',#5498,#5472,#5500,.T.);
#5498 = VERTEX_POINT('',#5499);
#5499 = CARTESIAN_POINT('',(41.4,56.69456681351,21.7));
#5500 = B_SPLINE_CURVE_WITH_KNOTS('',2,(#5501,#5502,#5503),
  .UNSPECIFIED.,.F.,.F.,(3,3),(0.,1.),.PIECEWISE_BEZIER_KNOTS.);
#5501 = CARTESIAN_POINT('',(41.4,56.69456681351,21.7));
#5502 = CARTESIAN_POINT('',(41.4,55.230726872247,21.7));
#5503 = CARTESIAN_POINT('',(42.491923641703,55.230726872247,21.7));
#5504 = ORIENTED_EDGE('',*,*,#5505,.T.);
#5505 = EDGE_CURVE('',#5498,#1909,#5506,.T.);
#5506 = LINE('',#5507,#5508);
#5507 = CARTESIAN_POINT('',(41.4,56.69456681351,21.7));
#5508 = VECTOR('',#5509,1.);
#5509 = DIRECTION('',(0.,0.,1.));
#5510 = ORIENTED_EDGE('',*,*,#1916,.F.);
#5511 = ORIENTED_EDGE('',*,*,#5479,.F.);
#5512 = SURFACE_OF_LINEAR_EXTRUSION('',#5513,#5517);
#5513 = B_SPLINE_CURVE_WITH_KNOTS('',2,(#5514,#5515,#5516),
  .UNSPECIFIED.,.F.,.F.,(3,3),(0.,1.),.PIECEWISE_BEZIER_KNOTS.);
#5514 = CARTESIAN_POINT('',(41.4,56.69456681351,21.7));
#5515 = CARTESIAN_POINT('',(41.4,55.230726872247,21.7));
#5516 = CARTESIAN_POINT('',(42.491923641703,55.230726872247,21.7));
#5517 = VECTOR('',#5518,1.);
#5518 = DIRECTION('',(0.,0.,-1.));
#5519 = ADVANCED_FACE('',(#5520),#5538,.F.);
#5520 = FACE_BOUND('',#5521,.F.);
#5521 = EDGE_LOOP('',(#5522,#5530,#5536,#5537));
#5522 = ORIENTED_EDGE('',*,*,#5523,.F.);
#5523 = EDGE_CURVE('',#5524,#5498,#5526,.T.);
#5524 = VERTEX_POINT('',#5525);
#5525 = CARTESIAN_POINT('',(41.4,60.651982378855,21.7));
#5526 = LINE('',#5527,#5528);
#5527 = CARTESIAN_POINT('',(41.4,60.651982378855,21.7));
#5528 = VECTOR('',#5529,1.);
#5529 = DIRECTION('',(-1.224646799147E-16,-1.,0.));
#5530 = ORIENTED_EDGE('',*,*,#5531,.T.);
#5531 = EDGE_CURVE('',#5524,#1901,#5532,.T.);
#5532 = LINE('',#5533,#5534);
#5533 = CARTESIAN_POINT('',(41.4,60.651982378855,21.7));
#5534 = VECTOR('',#5535,1.);
#5535 = DIRECTION('',(0.,0.,1.));
#5536 = ORIENTED_EDGE('',*,*,#1908,.F.);
#5537 = ORIENTED_EDGE('',*,*,#5505,.F.);
#5538 = PLANE('',#5539);
#5539 = AXIS2_PLACEMENT_3D('',#5540,#5541,#5542);
#5540 = CARTESIAN_POINT('',(41.4,60.651982378855,21.7));
#5541 = DIRECTION('',(1.,-1.224646799147E-16,0.));
#5542 = DIRECTION('',(-1.224646799147E-16,-1.,0.));
#5543 = ADVANCED_FACE('',(#5544),#5562,.F.);
#5544 = FACE_BOUND('',#5545,.F.);
#5545 = EDGE_LOOP('',(#5546,#5554,#5560,#5561));
#5546 = ORIENTED_EDGE('',*,*,#5547,.F.);
#5547 = EDGE_CURVE('',#5548,#5524,#5550,.T.);
#5548 = VERTEX_POINT('',#5549);
#5549 = CARTESIAN_POINT('',(39.551725403818,60.651982378855,21.7));
#5550 = LINE('',#5551,#5552);
#5551 = CARTESIAN_POINT('',(39.551725403818,60.651982378855,21.7));
#5552 = VECTOR('',#5553,1.);
#5553 = DIRECTION('',(1.,-1.224646799147E-16,0.));
#5554 = ORIENTED_EDGE('',*,*,#5555,.T.);
#5555 = EDGE_CURVE('',#5548,#1893,#5556,.T.);
#5556 = LINE('',#5557,#5558);
#5557 = CARTESIAN_POINT('',(39.551725403818,60.651982378855,21.7));
#5558 = VECTOR('',#5559,1.);
#5559 = DIRECTION('',(0.,0.,1.));
#5560 = ORIENTED_EDGE('',*,*,#1900,.F.);
#5561 = ORIENTED_EDGE('',*,*,#5531,.F.);
#5562 = PLANE('',#5563);
#5563 = AXIS2_PLACEMENT_3D('',#5564,#5565,#5566);
#5564 = CARTESIAN_POINT('',(39.551725403818,60.651982378855,21.7));
#5565 = DIRECTION('',(1.224646799147E-16,1.,0.));
#5566 = DIRECTION('',(1.,-1.224646799147E-16,0.));
#5567 = ADVANCED_FACE('',(#5568),#5586,.F.);
#5568 = FACE_BOUND('',#5569,.F.);
#5569 = EDGE_LOOP('',(#5570,#5578,#5584,#5585));
#5570 = ORIENTED_EDGE('',*,*,#5571,.F.);
#5571 = EDGE_CURVE('',#5572,#5548,#5574,.T.);
#5572 = VERTEX_POINT('',#5573);
#5573 = CARTESIAN_POINT('',(39.551725403818,56.235829662261,21.7));
#5574 = LINE('',#5575,#5576);
#5575 = CARTESIAN_POINT('',(39.551725403818,56.235829662261,21.7));
#5576 = VECTOR('',#5577,1.);
#5577 = DIRECTION('',(1.224646799147E-16,1.,0.));
#5578 = ORIENTED_EDGE('',*,*,#5579,.T.);
#5579 = EDGE_CURVE('',#5572,#1871,#5580,.T.);
#5580 = LINE('',#5581,#5582);
#5581 = CARTESIAN_POINT('',(39.551725403818,56.235829662261,21.7));
#5582 = VECTOR('',#5583,1.);
#5583 = DIRECTION('',(0.,0.,1.));
#5584 = ORIENTED_EDGE('',*,*,#1892,.F.);
#5585 = ORIENTED_EDGE('',*,*,#5555,.F.);
#5586 = PLANE('',#5587);
#5587 = AXIS2_PLACEMENT_3D('',#5588,#5589,#5590);
#5588 = CARTESIAN_POINT('',(39.551725403818,56.235829662261,21.7));
#5589 = DIRECTION('',(-1.,1.224646799147E-16,0.));
#5590 = DIRECTION('',(1.224646799147E-16,1.,0.));
#5591 = ADVANCED_FACE('',(#5592),#5610,.F.);
#5592 = FACE_BOUND('',#5593,.F.);
#5593 = EDGE_LOOP('',(#5594,#5602,#5608,#5609));
#5594 = ORIENTED_EDGE('',*,*,#5595,.F.);
#5595 = EDGE_CURVE('',#5596,#5572,#5598,.T.);
#5596 = VERTEX_POINT('',#5597);
#5597 = CARTESIAN_POINT('',(40.2156020558,54.343942731278,21.7));
#5598 = B_SPLINE_CURVE_WITH_KNOTS('',2,(#5599,#5600,#5601),
  .UNSPECIFIED.,.F.,.F.,(3,3),(0.,1.),.PIECEWISE_BEZIER_KNOTS.);
#5599 = CARTESIAN_POINT('',(40.2156020558,54.343942731278,21.7));
#5600 = CARTESIAN_POINT('',(39.551725403818,54.933113069016,21.7));
#5601 = CARTESIAN_POINT('',(39.551725403818,56.235829662261,21.7));
#5602 = ORIENTED_EDGE('',*,*,#5603,.T.);
#5603 = EDGE_CURVE('',#5596,#1848,#5604,.T.);
#5604 = LINE('',#5605,#5606);
#5605 = CARTESIAN_POINT('',(40.2156020558,54.343942731278,21.7));
#5606 = VECTOR('',#5607,1.);
#5607 = DIRECTION('',(0.,0.,1.));
#5608 = ORIENTED_EDGE('',*,*,#1870,.F.);
#5609 = ORIENTED_EDGE('',*,*,#5579,.F.);
#5610 = SURFACE_OF_LINEAR_EXTRUSION('',#5611,#5615);
#5611 = B_SPLINE_CURVE_WITH_KNOTS('',2,(#5612,#5613,#5614),
  .UNSPECIFIED.,.F.,.F.,(3,3),(0.,1.),.PIECEWISE_BEZIER_KNOTS.);
#5612 = CARTESIAN_POINT('',(40.2156020558,54.343942731278,21.7));
#5613 = CARTESIAN_POINT('',(39.551725403818,54.933113069016,21.7));
#5614 = CARTESIAN_POINT('',(39.551725403818,56.235829662261,21.7));
#5615 = VECTOR('',#5616,1.);
#5616 = DIRECTION('',(0.,0.,-1.));
#5617 = ADVANCED_FACE('',(#5618),#5636,.F.);
#5618 = FACE_BOUND('',#5619,.F.);
#5619 = EDGE_LOOP('',(#5620,#5628,#5634,#5635));
#5620 = ORIENTED_EDGE('',*,*,#5621,.F.);
#5621 = EDGE_CURVE('',#5622,#5596,#5624,.T.);
#5622 = VERTEX_POINT('',#5623);
#5623 = CARTESIAN_POINT('',(41.983113069016,53.754772393539,21.7));
#5624 = B_SPLINE_CURVE_WITH_KNOTS('',2,(#5625,#5626,#5627),
  .UNSPECIFIED.,.F.,.F.,(3,3),(0.,1.),.PIECEWISE_BEZIER_KNOTS.);
#5625 = CARTESIAN_POINT('',(41.983113069016,53.754772393539,21.7));
#5626 = CARTESIAN_POINT('',(40.879074889868,53.754772393539,21.7));
#5627 = CARTESIAN_POINT('',(40.2156020558,54.343942731278,21.7));
#5628 = ORIENTED_EDGE('',*,*,#5629,.T.);
#5629 = EDGE_CURVE('',#5622,#1833,#5630,.T.);
#5630 = LINE('',#5631,#5632);
#5631 = CARTESIAN_POINT('',(41.983113069016,53.754772393539,21.7));
#5632 = VECTOR('',#5633,1.);
#5633 = DIRECTION('',(0.,0.,1.));
#5634 = ORIENTED_EDGE('',*,*,#1847,.F.);
#5635 = ORIENTED_EDGE('',*,*,#5603,.F.);
#5636 = SURFACE_OF_LINEAR_EXTRUSION('',#5637,#5641);
#5637 = B_SPLINE_CURVE_WITH_KNOTS('',2,(#5638,#5639,#5640),
  .UNSPECIFIED.,.F.,.F.,(3,3),(0.,1.),.PIECEWISE_BEZIER_KNOTS.);
#5638 = CARTESIAN_POINT('',(41.983113069016,53.754772393539,21.7));
#5639 = CARTESIAN_POINT('',(40.879074889868,53.754772393539,21.7));
#5640 = CARTESIAN_POINT('',(40.2156020558,54.343942731278,21.7));
#5641 = VECTOR('',#5642,1.);
#5642 = DIRECTION('',(0.,0.,-1.));
#5643 = ADVANCED_FACE('',(#5644),#5662,.F.);
#5644 = FACE_BOUND('',#5645,.F.);
#5645 = EDGE_LOOP('',(#5646,#5654,#5660,#5661));
#5646 = ORIENTED_EDGE('',*,*,#5647,.F.);
#5647 = EDGE_CURVE('',#5648,#5622,#5650,.T.);
#5648 = VERTEX_POINT('',#5649);
#5649 = CARTESIAN_POINT('',(43.112187958884,53.9906020558,21.7));
#5650 = B_SPLINE_CURVE_WITH_KNOTS('',2,(#5651,#5652,#5653),
  .UNSPECIFIED.,.F.,.F.,(3,3),(0.,1.),.PIECEWISE_BEZIER_KNOTS.);
#5651 = CARTESIAN_POINT('',(43.112187958884,53.9906020558,21.7));
#5652 = CARTESIAN_POINT('',(42.603377386197,53.754772393539,21.7));
#5653 = CARTESIAN_POINT('',(41.983113069016,53.754772393539,21.7));
#5654 = ORIENTED_EDGE('',*,*,#5655,.T.);
#5655 = EDGE_CURVE('',#5648,#1816,#5656,.T.);
#5656 = LINE('',#5657,#5658);
#5657 = CARTESIAN_POINT('',(43.112187958884,53.9906020558,21.7));
#5658 = VECTOR('',#5659,1.);
#5659 = DIRECTION('',(0.,0.,1.));
#5660 = ORIENTED_EDGE('',*,*,#1832,.F.);
#5661 = ORIENTED_EDGE('',*,*,#5629,.F.);
#5662 = SURFACE_OF_LINEAR_EXTRUSION('',#5663,#5667);
#5663 = B_SPLINE_CURVE_WITH_KNOTS('',2,(#5664,#5665,#5666),
  .UNSPECIFIED.,.F.,.F.,(3,3),(0.,1.),.PIECEWISE_BEZIER_KNOTS.);
#5664 = CARTESIAN_POINT('',(43.112187958884,53.9906020558,21.7));
#5665 = CARTESIAN_POINT('',(42.603377386197,53.754772393539,21.7));
#5666 = CARTESIAN_POINT('',(41.983113069016,53.754772393539,21.7));
#5667 = VECTOR('',#5668,1.);
#5668 = DIRECTION('',(0.,0.,-1.));
#5669 = ADVANCED_FACE('',(#5670),#5688,.F.);
#5670 = FACE_BOUND('',#5671,.F.);
#5671 = EDGE_LOOP('',(#5672,#5680,#5686,#5687));
#5672 = ORIENTED_EDGE('',*,*,#5673,.F.);
#5673 = EDGE_CURVE('',#5674,#5648,#5676,.T.);
#5674 = VERTEX_POINT('',#5675);
#5675 = CARTESIAN_POINT('',(43.943245227606,54.746953010279,21.7));
#5676 = B_SPLINE_CURVE_WITH_KNOTS('',2,(#5677,#5678,#5679),
  .UNSPECIFIED.,.F.,.F.,(3,3),(0.,1.),.PIECEWISE_BEZIER_KNOTS.);
#5677 = CARTESIAN_POINT('',(43.943245227606,54.746953010279,21.7));
#5678 = CARTESIAN_POINT('',(43.620594713656,54.226027900147,21.7));
#5679 = CARTESIAN_POINT('',(43.112187958884,53.9906020558,21.7));
#5680 = ORIENTED_EDGE('',*,*,#5681,.T.);
#5681 = EDGE_CURVE('',#5674,#1808,#5682,.T.);
#5682 = LINE('',#5683,#5684);
#5683 = CARTESIAN_POINT('',(43.943245227606,54.746953010279,21.7));
#5684 = VECTOR('',#5685,1.);
#5685 = DIRECTION('',(0.,0.,1.));
#5686 = ORIENTED_EDGE('',*,*,#1815,.F.);
#5687 = ORIENTED_EDGE('',*,*,#5655,.F.);
#5688 = SURFACE_OF_LINEAR_EXTRUSION('',#5689,#5693);
#5689 = B_SPLINE_CURVE_WITH_KNOTS('',2,(#5690,#5691,#5692),
  .UNSPECIFIED.,.F.,.F.,(3,3),(0.,1.),.PIECEWISE_BEZIER_KNOTS.);
#5690 = CARTESIAN_POINT('',(43.943245227606,54.746953010279,21.7));
#5691 = CARTESIAN_POINT('',(43.620594713656,54.226027900147,21.7));
#5692 = CARTESIAN_POINT('',(43.112187958884,53.9906020558,21.7));
#5693 = VECTOR('',#5694,1.);
#5694 = DIRECTION('',(0.,0.,-1.));
#5695 = ADVANCED_FACE('',(#5696),#5714,.F.);
#5696 = FACE_BOUND('',#5697,.F.);
#5697 = EDGE_LOOP('',(#5698,#5706,#5712,#5713));
#5698 = ORIENTED_EDGE('',*,*,#5699,.F.);
#5699 = EDGE_CURVE('',#5700,#5674,#5702,.T.);
#5700 = VERTEX_POINT('',#5701);
#5701 = CARTESIAN_POINT('',(44.042584434655,54.746953010279,21.7));
#5702 = LINE('',#5703,#5704);
#5703 = CARTESIAN_POINT('',(44.042584434655,54.746953010279,21.7));
#5704 = VECTOR('',#5705,1.);
#5705 = DIRECTION('',(-1.,1.224646799147E-16,0.));
#5706 = ORIENTED_EDGE('',*,*,#5707,.T.);
#5707 = EDGE_CURVE('',#5700,#1795,#5708,.T.);
#5708 = LINE('',#5709,#5710);
#5709 = CARTESIAN_POINT('',(44.042584434655,54.746953010279,21.7));
#5710 = VECTOR('',#5711,1.);
#5711 = DIRECTION('',(0.,0.,1.));
#5712 = ORIENTED_EDGE('',*,*,#1807,.F.);
#5713 = ORIENTED_EDGE('',*,*,#5681,.F.);
#5714 = PLANE('',#5715);
#5715 = AXIS2_PLACEMENT_3D('',#5716,#5717,#5718);
#5716 = CARTESIAN_POINT('',(44.042584434655,54.746953010279,21.7));
#5717 = DIRECTION('',(-1.224646799147E-16,-1.,0.));
#5718 = DIRECTION('',(-1.,1.224646799147E-16,0.));
#5719 = ADVANCED_FACE('',(#5720),#5731,.F.);
#5720 = FACE_BOUND('',#5721,.F.);
#5721 = EDGE_LOOP('',(#5722,#5728,#5729,#5730));
#5722 = ORIENTED_EDGE('',*,*,#5723,.F.);
#5723 = EDGE_CURVE('',#5295,#5700,#5724,.T.);
#5724 = B_SPLINE_CURVE_WITH_KNOTS('',2,(#5725,#5726,#5727),
  .UNSPECIFIED.,.F.,.F.,(3,3),(0.,1.),.PIECEWISE_BEZIER_KNOTS.);
#5725 = CARTESIAN_POINT('',(43.986857562408,54.102055800294,21.7));
#5726 = CARTESIAN_POINT('',(44.017547723935,54.560792951542,21.7));
#5727 = CARTESIAN_POINT('',(44.042584434655,54.746953010279,21.7));
#5728 = ORIENTED_EDGE('',*,*,#5309,.T.);
#5729 = ORIENTED_EDGE('',*,*,#1794,.F.);
#5730 = ORIENTED_EDGE('',*,*,#5707,.F.);
#5731 = SURFACE_OF_LINEAR_EXTRUSION('',#5732,#5736);
#5732 = B_SPLINE_CURVE_WITH_KNOTS('',2,(#5733,#5734,#5735),
  .UNSPECIFIED.,.F.,.F.,(3,3),(0.,1.),.PIECEWISE_BEZIER_KNOTS.);
#5733 = CARTESIAN_POINT('',(43.986857562408,54.102055800294,21.7));
#5734 = CARTESIAN_POINT('',(44.017547723935,54.560792951542,21.7));
#5735 = CARTESIAN_POINT('',(44.042584434655,54.746953010279,21.7));
#5736 = VECTOR('',#5737,1.);
#5737 = DIRECTION('',(0.,0.,-1.));
#5738 = ADVANCED_FACE('',(#5739),#5764,.F.);
#5739 = FACE_BOUND('',#5740,.F.);
#5740 = EDGE_LOOP('',(#5741,#5751,#5757,#5758));
#5741 = ORIENTED_EDGE('',*,*,#5742,.F.);
#5742 = EDGE_CURVE('',#5743,#5745,#5747,.T.);
#5743 = VERTEX_POINT('',#5744);
#5744 = CARTESIAN_POINT('',(47.729038179148,53.878744493392,21.7));
#5745 = VERTEX_POINT('',#5746);
#5746 = CARTESIAN_POINT('',(47.729038179148,60.651982378855,21.7));
#5747 = LINE('',#5748,#5749);
#5748 = CARTESIAN_POINT('',(47.729038179148,53.878744493392,21.7));
#5749 = VECTOR('',#5750,1.);
#5750 = DIRECTION('',(1.224646799147E-16,1.,0.));
#5751 = ORIENTED_EDGE('',*,*,#5752,.T.);
#5752 = EDGE_CURVE('',#5743,#2041,#5753,.T.);
#5753 = LINE('',#5754,#5755);
#5754 = CARTESIAN_POINT('',(47.729038179148,53.878744493392,21.7));
#5755 = VECTOR('',#5756,1.);
#5756 = DIRECTION('',(0.,0.,1.));
#5757 = ORIENTED_EDGE('',*,*,#2038,.F.);
#5758 = ORIENTED_EDGE('',*,*,#5759,.F.);
#5759 = EDGE_CURVE('',#5745,#2039,#5760,.T.);
#5760 = LINE('',#5761,#5762);
#5761 = CARTESIAN_POINT('',(47.729038179148,60.651982378855,21.7));
#5762 = VECTOR('',#5763,1.);
#5763 = DIRECTION('',(0.,0.,1.));
#5764 = PLANE('',#5765);
#5765 = AXIS2_PLACEMENT_3D('',#5766,#5767,#5768);
#5766 = CARTESIAN_POINT('',(47.729038179148,53.878744493392,21.7));
#5767 = DIRECTION('',(-1.,1.224646799147E-16,0.));
#5768 = DIRECTION('',(1.224646799147E-16,1.,0.));
#5769 = ADVANCED_FACE('',(#5770),#5788,.F.);
#5770 = FACE_BOUND('',#5771,.F.);
#5771 = EDGE_LOOP('',(#5772,#5780,#5786,#5787));
#5772 = ORIENTED_EDGE('',*,*,#5773,.F.);
#5773 = EDGE_CURVE('',#5774,#5743,#5776,.T.);
#5774 = VERTEX_POINT('',#5775);
#5775 = CARTESIAN_POINT('',(49.57731277533,53.878744493392,21.7));
#5776 = LINE('',#5777,#5778);
#5777 = CARTESIAN_POINT('',(49.57731277533,53.878744493392,21.7));
#5778 = VECTOR('',#5779,1.);
#5779 = DIRECTION('',(-1.,1.224646799147E-16,0.));
#5780 = ORIENTED_EDGE('',*,*,#5781,.T.);
#5781 = EDGE_CURVE('',#5774,#2057,#5782,.T.);
#5782 = LINE('',#5783,#5784);
#5783 = CARTESIAN_POINT('',(49.57731277533,53.878744493392,21.7));
#5784 = VECTOR('',#5785,1.);
#5785 = DIRECTION('',(0.,0.,1.));
#5786 = ORIENTED_EDGE('',*,*,#2064,.F.);
#5787 = ORIENTED_EDGE('',*,*,#5752,.F.);
#5788 = PLANE('',#5789);
#5789 = AXIS2_PLACEMENT_3D('',#5790,#5791,#5792);
#5790 = CARTESIAN_POINT('',(49.57731277533,53.878744493392,21.7));
#5791 = DIRECTION('',(-1.224646799147E-16,-1.,0.));
#5792 = DIRECTION('',(-1.,1.224646799147E-16,0.));
#5793 = ADVANCED_FACE('',(#5794),#5812,.F.);
#5794 = FACE_BOUND('',#5795,.F.);
#5795 = EDGE_LOOP('',(#5796,#5804,#5810,#5811));
#5796 = ORIENTED_EDGE('',*,*,#5797,.F.);
#5797 = EDGE_CURVE('',#5798,#5774,#5800,.T.);
#5798 = VERTEX_POINT('',#5799);
#5799 = CARTESIAN_POINT('',(49.57731277533,60.651982378855,21.7));
#5800 = LINE('',#5801,#5802);
#5801 = CARTESIAN_POINT('',(49.57731277533,60.651982378855,21.7));
#5802 = VECTOR('',#5803,1.);
#5803 = DIRECTION('',(-1.224646799147E-16,-1.,0.));
#5804 = ORIENTED_EDGE('',*,*,#5805,.T.);
#5805 = EDGE_CURVE('',#5798,#2049,#5806,.T.);
#5806 = LINE('',#5807,#5808);
#5807 = CARTESIAN_POINT('',(49.57731277533,60.651982378855,21.7));
#5808 = VECTOR('',#5809,1.);
#5809 = DIRECTION('',(0.,0.,1.));
#5810 = ORIENTED_EDGE('',*,*,#2056,.F.);
#5811 = ORIENTED_EDGE('',*,*,#5781,.F.);
#5812 = PLANE('',#5813);
#5813 = AXIS2_PLACEMENT_3D('',#5814,#5815,#5816);
#5814 = CARTESIAN_POINT('',(49.57731277533,60.651982378855,21.7));
#5815 = DIRECTION('',(1.,-1.224646799147E-16,0.));
#5816 = DIRECTION('',(-1.224646799147E-16,-1.,0.));
#5817 = ADVANCED_FACE('',(#5818),#5829,.F.);
#5818 = FACE_BOUND('',#5819,.F.);
#5819 = EDGE_LOOP('',(#5820,#5826,#5827,#5828));
#5820 = ORIENTED_EDGE('',*,*,#5821,.F.);
#5821 = EDGE_CURVE('',#5745,#5798,#5822,.T.);
#5822 = LINE('',#5823,#5824);
#5823 = CARTESIAN_POINT('',(47.729038179148,60.651982378855,21.7));
#5824 = VECTOR('',#5825,1.);
#5825 = DIRECTION('',(1.,-1.224646799147E-16,0.));
#5826 = ORIENTED_EDGE('',*,*,#5759,.T.);
#5827 = ORIENTED_EDGE('',*,*,#2048,.F.);
#5828 = ORIENTED_EDGE('',*,*,#5805,.F.);
#5829 = PLANE('',#5830);
#5830 = AXIS2_PLACEMENT_3D('',#5831,#5832,#5833);
#5831 = CARTESIAN_POINT('',(47.729038179148,60.651982378855,21.7));
#5832 = DIRECTION('',(1.224646799147E-16,1.,0.));
#5833 = DIRECTION('',(1.,-1.224646799147E-16,0.));
#5834 = ADVANCED_FACE('',(#5835),#5860,.F.);
#5835 = FACE_BOUND('',#5836,.F.);
#5836 = EDGE_LOOP('',(#5837,#5847,#5853,#5854));
#5837 = ORIENTED_EDGE('',*,*,#5838,.F.);
#5838 = EDGE_CURVE('',#5839,#5841,#5843,.T.);
#5839 = VERTEX_POINT('',#5840);
#5840 = CARTESIAN_POINT('',(55.019970631424,60.651982378855,21.7));
#5841 = VERTEX_POINT('',#5842);
#5842 = CARTESIAN_POINT('',(57.600367107195,53.878744493392,21.7));
#5843 = LINE('',#5844,#5845);
#5844 = CARTESIAN_POINT('',(55.019970631424,60.651982378855,21.7));
#5845 = VECTOR('',#5846,1.);
#5846 = DIRECTION('',(0.356009228345,-0.934482439286,0.));
#5847 = ORIENTED_EDGE('',*,*,#5848,.T.);
#5848 = EDGE_CURVE('',#5839,#2075,#5849,.T.);
#5849 = LINE('',#5850,#5851);
#5850 = CARTESIAN_POINT('',(55.019970631424,60.651982378855,21.7));
#5851 = VECTOR('',#5852,1.);
#5852 = DIRECTION('',(0.,0.,1.));
#5853 = ORIENTED_EDGE('',*,*,#2072,.F.);
#5854 = ORIENTED_EDGE('',*,*,#5855,.F.);
#5855 = EDGE_CURVE('',#5841,#2073,#5856,.T.);
#5856 = LINE('',#5857,#5858);
#5857 = CARTESIAN_POINT('',(57.600367107195,53.878744493392,21.7));
#5858 = VECTOR('',#5859,1.);
#5859 = DIRECTION('',(0.,0.,1.));
#5860 = PLANE('',#5861);
#5861 = AXIS2_PLACEMENT_3D('',#5862,#5863,#5864);
#5862 = CARTESIAN_POINT('',(55.019970631424,60.651982378855,21.7));
#5863 = DIRECTION('',(0.934482439286,0.356009228345,0.));
#5864 = DIRECTION('',(0.356009228345,-0.934482439286,0.));
#5865 = ADVANCED_FACE('',(#5866),#5884,.F.);
#5866 = FACE_BOUND('',#5867,.F.);
#5867 = EDGE_LOOP('',(#5868,#5876,#5882,#5883));
#5868 = ORIENTED_EDGE('',*,*,#5869,.F.);
#5869 = EDGE_CURVE('',#5870,#5839,#5872,.T.);
#5870 = VERTEX_POINT('',#5871);
#5871 = CARTESIAN_POINT('',(53.122026431718,60.651982378855,21.7));
#5872 = LINE('',#5873,#5874);
#5873 = CARTESIAN_POINT('',(53.122026431718,60.651982378855,21.7));
#5874 = VECTOR('',#5875,1.);
#5875 = DIRECTION('',(1.,-1.224646799147E-16,0.));
#5876 = ORIENTED_EDGE('',*,*,#5877,.T.);
#5877 = EDGE_CURVE('',#5870,#2159,#5878,.T.);
#5878 = LINE('',#5879,#5880);
#5879 = CARTESIAN_POINT('',(53.122026431718,60.651982378855,21.7));
#5880 = VECTOR('',#5881,1.);
#5881 = DIRECTION('',(0.,0.,1.));
#5882 = ORIENTED_EDGE('',*,*,#2166,.F.);
#5883 = ORIENTED_EDGE('',*,*,#5848,.F.);
#5884 = PLANE('',#5885);
#5885 = AXIS2_PLACEMENT_3D('',#5886,#5887,#5888);
#5886 = CARTESIAN_POINT('',(53.122026431718,60.651982378855,21.7));
#5887 = DIRECTION('',(1.224646799147E-16,1.,0.));
#5888 = DIRECTION('',(1.,-1.224646799147E-16,0.));
#5889 = ADVANCED_FACE('',(#5890),#5908,.F.);
#5890 = FACE_BOUND('',#5891,.F.);
#5891 = EDGE_LOOP('',(#5892,#5900,#5906,#5907));
#5892 = ORIENTED_EDGE('',*,*,#5893,.F.);
#5893 = EDGE_CURVE('',#5894,#5870,#5896,.T.);
#5894 = VERTEX_POINT('',#5895);
#5895 = CARTESIAN_POINT('',(50.541629955947,53.878744493392,21.7));
#5896 = LINE('',#5897,#5898);
#5897 = CARTESIAN_POINT('',(50.541629955947,53.878744493392,21.7));
#5898 = VECTOR('',#5899,1.);
#5899 = DIRECTION('',(0.356009228345,0.934482439286,0.));
#5900 = ORIENTED_EDGE('',*,*,#5901,.T.);
#5901 = EDGE_CURVE('',#5894,#2151,#5902,.T.);
#5902 = LINE('',#5903,#5904);
#5903 = CARTESIAN_POINT('',(50.541629955947,53.878744493392,21.7));
#5904 = VECTOR('',#5905,1.);
#5905 = DIRECTION('',(0.,0.,1.));
#5906 = ORIENTED_EDGE('',*,*,#2158,.F.);
#5907 = ORIENTED_EDGE('',*,*,#5877,.F.);
#5908 = PLANE('',#5909);
#5909 = AXIS2_PLACEMENT_3D('',#5910,#5911,#5912);
#5910 = CARTESIAN_POINT('',(50.541629955947,53.878744493392,21.7));
#5911 = DIRECTION('',(-0.934482439286,0.356009228345,0.));
#5912 = DIRECTION('',(0.356009228345,0.934482439286,0.));
#5913 = ADVANCED_FACE('',(#5914),#5932,.F.);
#5914 = FACE_BOUND('',#5915,.F.);
#5915 = EDGE_LOOP('',(#5916,#5924,#5930,#5931));
#5916 = ORIENTED_EDGE('',*,*,#5917,.F.);
#5917 = EDGE_CURVE('',#5918,#5894,#5920,.T.);
#5918 = VERTEX_POINT('',#5919);
#5919 = CARTESIAN_POINT('',(52.477129221733,53.878744493392,21.7));
#5920 = LINE('',#5921,#5922);
#5921 = CARTESIAN_POINT('',(52.477129221733,53.878744493392,21.7));
#5922 = VECTOR('',#5923,1.);
#5923 = DIRECTION('',(-1.,1.224646799147E-16,0.));
#5924 = ORIENTED_EDGE('',*,*,#5925,.T.);
#5925 = EDGE_CURVE('',#5918,#2143,#5926,.T.);
#5926 = LINE('',#5927,#5928);
#5927 = CARTESIAN_POINT('',(52.477129221733,53.878744493392,21.7));
#5928 = VECTOR('',#5929,1.);
#5929 = DIRECTION('',(0.,0.,1.));
#5930 = ORIENTED_EDGE('',*,*,#2150,.F.);
#5931 = ORIENTED_EDGE('',*,*,#5901,.F.);
#5932 = PLANE('',#5933);
#5933 = AXIS2_PLACEMENT_3D('',#5934,#5935,#5936);
#5934 = CARTESIAN_POINT('',(52.477129221733,53.878744493392,21.7));
#5935 = DIRECTION('',(-1.224646799147E-16,-1.,0.));
#5936 = DIRECTION('',(-1.,1.224646799147E-16,0.));
#5937 = ADVANCED_FACE('',(#5938),#5956,.F.);
#5938 = FACE_BOUND('',#5939,.F.);
#5939 = EDGE_LOOP('',(#5940,#5948,#5954,#5955));
#5940 = ORIENTED_EDGE('',*,*,#5941,.F.);
#5941 = EDGE_CURVE('',#5942,#5918,#5944,.T.);
#5942 = VERTEX_POINT('',#5943);
#5943 = CARTESIAN_POINT('',(53.779441997063,57.736820851689,21.7));
#5944 = LINE('',#5945,#5946);
#5945 = CARTESIAN_POINT('',(53.779441997063,57.736820851689,21.7));
#5946 = VECTOR('',#5947,1.);
#5947 = DIRECTION('',(-0.319825384325,-0.947476502897,0.));
#5948 = ORIENTED_EDGE('',*,*,#5949,.T.);
#5949 = EDGE_CURVE('',#5942,#2128,#5950,.T.);
#5950 = LINE('',#5951,#5952);
#5951 = CARTESIAN_POINT('',(53.779441997063,57.736820851689,21.7));
#5952 = VECTOR('',#5953,1.);
#5953 = DIRECTION('',(0.,0.,1.));
#5954 = ORIENTED_EDGE('',*,*,#2142,.F.);
#5955 = ORIENTED_EDGE('',*,*,#5925,.F.);
#5956 = PLANE('',#5957);
#5957 = AXIS2_PLACEMENT_3D('',#5958,#5959,#5960);
#5958 = CARTESIAN_POINT('',(53.779441997063,57.736820851689,21.7));
#5959 = DIRECTION('',(0.947476502897,-0.319825384325,0.));
#5960 = DIRECTION('',(-0.319825384325,-0.947476502897,0.));
#5961 = ADVANCED_FACE('',(#5962),#5980,.F.);
#5962 = FACE_BOUND('',#5963,.F.);
#5963 = EDGE_LOOP('',(#5964,#5972,#5978,#5979));
#5964 = ORIENTED_EDGE('',*,*,#5965,.F.);
#5965 = EDGE_CURVE('',#5966,#5942,#5968,.T.);
#5966 = VERTEX_POINT('',#5967);
#5967 = CARTESIAN_POINT('',(54.052422907489,59.125954478708,21.7));
#5968 = B_SPLINE_CURVE_WITH_KNOTS('',2,(#5969,#5970,#5971),
  .UNSPECIFIED.,.F.,.F.,(3,3),(0.,1.),.PIECEWISE_BEZIER_KNOTS.);
#5969 = CARTESIAN_POINT('',(54.052422907489,59.125954478708,21.7));
#5970 = CARTESIAN_POINT('',(54.015271659325,58.456424375918,21.7));
#5971 = CARTESIAN_POINT('',(53.779441997063,57.736820851689,21.7));
#5972 = ORIENTED_EDGE('',*,*,#5973,.T.);
#5973 = EDGE_CURVE('',#5966,#2120,#5974,.T.);
#5974 = LINE('',#5975,#5976);
#5975 = CARTESIAN_POINT('',(54.052422907489,59.125954478708,21.7));
#5976 = VECTOR('',#5977,1.);
#5977 = DIRECTION('',(0.,0.,1.));
#5978 = ORIENTED_EDGE('',*,*,#2127,.F.);
#5979 = ORIENTED_EDGE('',*,*,#5949,.F.);
#5980 = SURFACE_OF_LINEAR_EXTRUSION('',#5981,#5985);
#5981 = B_SPLINE_CURVE_WITH_KNOTS('',2,(#5982,#5983,#5984),
  .UNSPECIFIED.,.F.,.F.,(3,3),(0.,1.),.PIECEWISE_BEZIER_KNOTS.);
#5982 = CARTESIAN_POINT('',(54.052422907489,59.125954478708,21.7));
#5983 = CARTESIAN_POINT('',(54.015271659325,58.456424375918,21.7));
#5984 = CARTESIAN_POINT('',(53.779441997063,57.736820851689,21.7));
#5985 = VECTOR('',#5986,1.);
#5986 = DIRECTION('',(0.,0.,-1.));
#5987 = ADVANCED_FACE('',(#5988),#6006,.F.);
#5988 = FACE_BOUND('',#5989,.F.);
#5989 = EDGE_LOOP('',(#5990,#5998,#6004,#6005));
#5990 = ORIENTED_EDGE('',*,*,#5991,.F.);
#5991 = EDGE_CURVE('',#5992,#5966,#5994,.T.);
#5992 = VERTEX_POINT('',#5993);
#5993 = CARTESIAN_POINT('',(54.102092511013,59.125954478708,21.7));
#5994 = LINE('',#5995,#5996);
#5995 = CARTESIAN_POINT('',(54.102092511013,59.125954478708,21.7));
#5996 = VECTOR('',#5997,1.);
#5997 = DIRECTION('',(-1.,1.224646799147E-16,0.));
#5998 = ORIENTED_EDGE('',*,*,#5999,.T.);
#5999 = EDGE_CURVE('',#5992,#2109,#6000,.T.);
#6000 = LINE('',#6001,#6002);
#6001 = CARTESIAN_POINT('',(54.102092511013,59.125954478708,21.7));
#6002 = VECTOR('',#6003,1.);
#6003 = DIRECTION('',(0.,0.,1.));
#6004 = ORIENTED_EDGE('',*,*,#2119,.F.);
#6005 = ORIENTED_EDGE('',*,*,#5973,.F.);
#6006 = PLANE('',#6007);
#6007 = AXIS2_PLACEMENT_3D('',#6008,#6009,#6010);
#6008 = CARTESIAN_POINT('',(54.102092511013,59.125954478708,21.7));
#6009 = DIRECTION('',(-1.224646799147E-16,-1.,0.));
#6010 = DIRECTION('',(-1.,1.224646799147E-16,0.));
#6011 = ADVANCED_FACE('',(#6012),#6030,.F.);
#6012 = FACE_BOUND('',#6013,.F.);
#6013 = EDGE_LOOP('',(#6014,#6022,#6028,#6029));
#6014 = ORIENTED_EDGE('',*,*,#6015,.F.);
#6015 = EDGE_CURVE('',#6016,#5992,#6018,.T.);
#6016 = VERTEX_POINT('',#6017);
#6017 = CARTESIAN_POINT('',(54.182856093979,58.456424375918,21.7));
#6018 = B_SPLINE_CURVE_WITH_KNOTS('',2,(#6019,#6020,#6021),
  .UNSPECIFIED.,.F.,.F.,(3,3),(0.,1.),.PIECEWISE_BEZIER_KNOTS.);
#6019 = CARTESIAN_POINT('',(54.182856093979,58.456424375918,21.7));
#6020 = CARTESIAN_POINT('',(54.114610866373,58.828340675477,21.7));
#6021 = CARTESIAN_POINT('',(54.102092511013,59.125954478708,21.7));
#6022 = ORIENTED_EDGE('',*,*,#6023,.T.);
#6023 = EDGE_CURVE('',#6016,#2099,#6024,.T.);
#6024 = LINE('',#6025,#6026);
#6025 = CARTESIAN_POINT('',(54.182856093979,58.456424375918,21.7));
#6026 = VECTOR('',#6027,1.);
#6027 = DIRECTION('',(0.,0.,1.));
#6028 = ORIENTED_EDGE('',*,*,#2108,.F.);
#6029 = ORIENTED_EDGE('',*,*,#5999,.F.);
#6030 = SURFACE_OF_LINEAR_EXTRUSION('',#6031,#6035);
#6031 = B_SPLINE_CURVE_WITH_KNOTS('',2,(#6032,#6033,#6034),
  .UNSPECIFIED.,.F.,.F.,(3,3),(0.,1.),.PIECEWISE_BEZIER_KNOTS.);
#6032 = CARTESIAN_POINT('',(54.182856093979,58.456424375918,21.7));
#6033 = CARTESIAN_POINT('',(54.114610866373,58.828340675477,21.7));
#6034 = CARTESIAN_POINT('',(54.102092511013,59.125954478708,21.7));
#6035 = VECTOR('',#6036,1.);
#6036 = DIRECTION('',(0.,0.,-1.));
#6037 = ADVANCED_FACE('',(#6038),#6056,.F.);
#6038 = FACE_BOUND('',#6039,.F.);
#6039 = EDGE_LOOP('',(#6040,#6048,#6054,#6055));
#6040 = ORIENTED_EDGE('',*,*,#6041,.F.);
#6041 = EDGE_CURVE('',#6042,#6016,#6044,.T.);
#6042 = VERTEX_POINT('',#6043);
#6043 = CARTESIAN_POINT('',(54.362555066079,57.736820851689,21.7));
#6044 = B_SPLINE_CURVE_WITH_KNOTS('',2,(#6045,#6046,#6047),
  .UNSPECIFIED.,.F.,.F.,(3,3),(0.,1.),.PIECEWISE_BEZIER_KNOTS.);
#6045 = CARTESIAN_POINT('',(54.362555066079,57.736820851689,21.7));
#6046 = CARTESIAN_POINT('',(54.251101321586,58.084104258443,21.7));
#6047 = CARTESIAN_POINT('',(54.182856093979,58.456424375918,21.7));
#6048 = ORIENTED_EDGE('',*,*,#6049,.T.);
#6049 = EDGE_CURVE('',#6042,#2091,#6050,.T.);
#6050 = LINE('',#6051,#6052);
#6051 = CARTESIAN_POINT('',(54.362555066079,57.736820851689,21.7));
#6052 = VECTOR('',#6053,1.);
#6053 = DIRECTION('',(0.,0.,1.));
#6054 = ORIENTED_EDGE('',*,*,#2098,.F.);
#6055 = ORIENTED_EDGE('',*,*,#6023,.F.);
#6056 = SURFACE_OF_LINEAR_EXTRUSION('',#6057,#6061);
#6057 = B_SPLINE_CURVE_WITH_KNOTS('',2,(#6058,#6059,#6060),
  .UNSPECIFIED.,.F.,.F.,(3,3),(0.,1.),.PIECEWISE_BEZIER_KNOTS.);
#6058 = CARTESIAN_POINT('',(54.362555066079,57.736820851689,21.7));
#6059 = CARTESIAN_POINT('',(54.251101321586,58.084104258443,21.7));
#6060 = CARTESIAN_POINT('',(54.182856093979,58.456424375918,21.7));
#6061 = VECTOR('',#6062,1.);
#6062 = DIRECTION('',(0.,0.,-1.));
#6063 = ADVANCED_FACE('',(#6064),#6082,.F.);
#6064 = FACE_BOUND('',#6065,.F.);
#6065 = EDGE_LOOP('',(#6066,#6074,#6080,#6081));
#6066 = ORIENTED_EDGE('',*,*,#6067,.F.);
#6067 = EDGE_CURVE('',#6068,#6042,#6070,.T.);
#6068 = VERTEX_POINT('',#6069);
#6069 = CARTESIAN_POINT('',(55.665271659325,53.878744493392,21.7));
#6070 = LINE('',#6071,#6072);
#6071 = CARTESIAN_POINT('',(55.665271659325,53.878744493392,21.7));
#6072 = VECTOR('',#6073,1.);
#6073 = DIRECTION('',(-0.319914406755,0.947446448276,0.));
#6074 = ORIENTED_EDGE('',*,*,#6075,.T.);
#6075 = EDGE_CURVE('',#6068,#2083,#6076,.T.);
#6076 = LINE('',#6077,#6078);
#6077 = CARTESIAN_POINT('',(55.665271659325,53.878744493392,21.7));
#6078 = VECTOR('',#6079,1.);
#6079 = DIRECTION('',(0.,0.,1.));
#6080 = ORIENTED_EDGE('',*,*,#2090,.F.);
#6081 = ORIENTED_EDGE('',*,*,#6049,.F.);
#6082 = PLANE('',#6083);
#6083 = AXIS2_PLACEMENT_3D('',#6084,#6085,#6086);
#6084 = CARTESIAN_POINT('',(55.665271659325,53.878744493392,21.7));
#6085 = DIRECTION('',(-0.947446448276,-0.319914406755,0.));
#6086 = DIRECTION('',(-0.319914406755,0.947446448276,0.));
#6087 = ADVANCED_FACE('',(#6088),#6099,.F.);
#6088 = FACE_BOUND('',#6089,.F.);
#6089 = EDGE_LOOP('',(#6090,#6096,#6097,#6098));
#6090 = ORIENTED_EDGE('',*,*,#6091,.F.);
#6091 = EDGE_CURVE('',#5841,#6068,#6092,.T.);
#6092 = LINE('',#6093,#6094);
#6093 = CARTESIAN_POINT('',(57.600367107195,53.878744493392,21.7));
#6094 = VECTOR('',#6095,1.);
#6095 = DIRECTION('',(-1.,1.224646799147E-16,0.));
#6096 = ORIENTED_EDGE('',*,*,#5855,.T.);
#6097 = ORIENTED_EDGE('',*,*,#2082,.F.);
#6098 = ORIENTED_EDGE('',*,*,#6075,.F.);
#6099 = PLANE('',#6100);
#6100 = AXIS2_PLACEMENT_3D('',#6101,#6102,#6103);
#6101 = CARTESIAN_POINT('',(57.600367107195,53.878744493392,21.7));
#6102 = DIRECTION('',(-1.224646799147E-16,-1.,0.));
#6103 = DIRECTION('',(-1.,1.224646799147E-16,0.));
#6104 = ADVANCED_FACE('',(#6105),#6130,.F.);
#6105 = FACE_BOUND('',#6106,.F.);
#6106 = EDGE_LOOP('',(#6107,#6117,#6123,#6124));
#6107 = ORIENTED_EDGE('',*,*,#6108,.F.);
#6108 = EDGE_CURVE('',#6109,#6111,#6113,.T.);
#6109 = VERTEX_POINT('',#6110);
#6110 = CARTESIAN_POINT('',(57.607635829662,60.651982378855,21.7));
#6111 = VERTEX_POINT('',#6112);
#6112 = CARTESIAN_POINT('',(59.74140969163,60.651982378855,21.7));
#6113 = LINE('',#6114,#6115);
#6114 = CARTESIAN_POINT('',(57.607635829662,60.651982378855,21.7));
#6115 = VECTOR('',#6116,1.);
#6116 = DIRECTION('',(1.,-1.224646799147E-16,0.));
#6117 = ORIENTED_EDGE('',*,*,#6118,.T.);
#6118 = EDGE_CURVE('',#6109,#2177,#6119,.T.);
#6119 = LINE('',#6120,#6121);
#6120 = CARTESIAN_POINT('',(57.607635829662,60.651982378855,21.7));
#6121 = VECTOR('',#6122,1.);
#6122 = DIRECTION('',(0.,0.,1.));
#6123 = ORIENTED_EDGE('',*,*,#2174,.F.);
#6124 = ORIENTED_EDGE('',*,*,#6125,.F.);
#6125 = EDGE_CURVE('',#6111,#2175,#6126,.T.);
#6126 = LINE('',#6127,#6128);
#6127 = CARTESIAN_POINT('',(59.74140969163,60.651982378855,21.7));
#6128 = VECTOR('',#6129,1.);
#6129 = DIRECTION('',(0.,0.,1.));
#6130 = PLANE('',#6131);
#6131 = AXIS2_PLACEMENT_3D('',#6132,#6133,#6134);
#6132 = CARTESIAN_POINT('',(57.607635829662,60.651982378855,21.7));
#6133 = DIRECTION('',(1.224646799147E-16,1.,0.));
#6134 = DIRECTION('',(1.,-1.224646799147E-16,0.));
#6135 = ADVANCED_FACE('',(#6136),#6154,.F.);
#6136 = FACE_BOUND('',#6137,.F.);
#6137 = EDGE_LOOP('',(#6138,#6146,#6152,#6153));
#6138 = ORIENTED_EDGE('',*,*,#6139,.F.);
#6139 = EDGE_CURVE('',#6140,#6109,#6142,.T.);
#6140 = VERTEX_POINT('',#6141);
#6141 = CARTESIAN_POINT('',(60.721475770925,55.714500734214,21.7));
#6142 = LINE('',#6143,#6144);
#6143 = CARTESIAN_POINT('',(60.721475770925,55.714500734214,21.7));
#6144 = VECTOR('',#6145,1.);
#6145 = DIRECTION('',(-0.533433284243,0.845842143229,0.));
#6146 = ORIENTED_EDGE('',*,*,#6147,.T.);
#6147 = EDGE_CURVE('',#6140,#2277,#6148,.T.);
#6148 = LINE('',#6149,#6150);
#6149 = CARTESIAN_POINT('',(60.721475770925,55.714500734214,21.7));
#6150 = VECTOR('',#6151,1.);
#6151 = DIRECTION('',(0.,0.,1.));
#6152 = ORIENTED_EDGE('',*,*,#2284,.F.);
#6153 = ORIENTED_EDGE('',*,*,#6118,.F.);
#6154 = PLANE('',#6155);
#6155 = AXIS2_PLACEMENT_3D('',#6156,#6157,#6158);
#6156 = CARTESIAN_POINT('',(60.721475770925,55.714500734214,21.7));
#6157 = DIRECTION('',(-0.845842143229,-0.533433284243,0.));
#6158 = DIRECTION('',(-0.533433284243,0.845842143229,0.));
#6159 = ADVANCED_FACE('',(#6160),#6178,.F.);
#6160 = FACE_BOUND('',#6161,.F.);
#6161 = EDGE_LOOP('',(#6162,#6170,#6176,#6177));
#6162 = ORIENTED_EDGE('',*,*,#6163,.F.);
#6163 = EDGE_CURVE('',#6164,#6140,#6166,.T.);
#6164 = VERTEX_POINT('',#6165);
#6165 = CARTESIAN_POINT('',(57.632268722467,51.794640234949,21.7));
#6166 = LINE('',#6167,#6168);
#6167 = CARTESIAN_POINT('',(57.632268722467,51.794640234949,21.7));
#6168 = VECTOR('',#6169,1.);
#6169 = DIRECTION('',(0.618975091566,0.785410616188,0.));
#6170 = ORIENTED_EDGE('',*,*,#6171,.T.);
#6171 = EDGE_CURVE('',#6164,#2269,#6172,.T.);
#6172 = LINE('',#6173,#6174);
#6173 = CARTESIAN_POINT('',(57.632268722467,51.794640234949,21.7));
#6174 = VECTOR('',#6175,1.);
#6175 = DIRECTION('',(0.,0.,1.));
#6176 = ORIENTED_EDGE('',*,*,#2276,.F.);
#6177 = ORIENTED_EDGE('',*,*,#6147,.F.);
#6178 = PLANE('',#6179);
#6179 = AXIS2_PLACEMENT_3D('',#6180,#6181,#6182);
#6180 = CARTESIAN_POINT('',(57.632268722467,51.794640234949,21.7));
#6181 = DIRECTION('',(-0.785410616188,0.618975091566,0.));
#6182 = DIRECTION('',(0.618975091566,0.785410616188,0.));
#6183 = ADVANCED_FACE('',(#6184),#6202,.F.);
#6184 = FACE_BOUND('',#6185,.F.);
#6185 = EDGE_LOOP('',(#6186,#6194,#6200,#6201));
#6186 = ORIENTED_EDGE('',*,*,#6187,.F.);
#6187 = EDGE_CURVE('',#6188,#6164,#6190,.T.);
#6188 = VERTEX_POINT('',#6189);
#6189 = CARTESIAN_POINT('',(59.71637298091,51.794640234949,21.7));
#6190 = LINE('',#6191,#6192);
#6191 = CARTESIAN_POINT('',(59.71637298091,51.794640234949,21.7));
#6192 = VECTOR('',#6193,1.);
#6193 = DIRECTION('',(-1.,1.224646799147E-16,0.));
#6194 = ORIENTED_EDGE('',*,*,#6195,.T.);
#6195 = EDGE_CURVE('',#6188,#2261,#6196,.T.);
#6196 = LINE('',#6197,#6198);
#6197 = CARTESIAN_POINT('',(59.71637298091,51.794640234949,21.7));
#6198 = VECTOR('',#6199,1.);
#6199 = DIRECTION('',(0.,0.,1.));
#6200 = ORIENTED_EDGE('',*,*,#2268,.F.);
#6201 = ORIENTED_EDGE('',*,*,#6171,.F.);
#6202 = PLANE('',#6203);
#6203 = AXIS2_PLACEMENT_3D('',#6204,#6205,#6206);
#6204 = CARTESIAN_POINT('',(59.71637298091,51.794640234949,21.7));
#6205 = DIRECTION('',(-1.224646799147E-16,-1.,0.));
#6206 = DIRECTION('',(-1.,1.224646799147E-16,0.));
#6207 = ADVANCED_FACE('',(#6208),#6226,.F.);
#6208 = FACE_BOUND('',#6209,.F.);
#6209 = EDGE_LOOP('',(#6210,#6218,#6224,#6225));
#6210 = ORIENTED_EDGE('',*,*,#6211,.F.);
#6211 = EDGE_CURVE('',#6212,#6188,#6214,.T.);
#6212 = VERTEX_POINT('',#6213);
#6213 = CARTESIAN_POINT('',(62.110609397944,54.809140969163,21.7));
#6214 = LINE('',#6215,#6216);
#6215 = CARTESIAN_POINT('',(62.110609397944,54.809140969163,21.7));
#6216 = VECTOR('',#6217,1.);
#6217 = DIRECTION('',(-0.621940795751,-0.783064267209,0.));
#6218 = ORIENTED_EDGE('',*,*,#6219,.T.);
#6219 = EDGE_CURVE('',#6212,#2251,#6220,.T.);
#6220 = LINE('',#6221,#6222);
#6221 = CARTESIAN_POINT('',(62.110609397944,54.809140969163,21.7));
#6222 = VECTOR('',#6223,1.);
#6223 = DIRECTION('',(0.,0.,1.));
#6224 = ORIENTED_EDGE('',*,*,#2260,.F.);
#6225 = ORIENTED_EDGE('',*,*,#6195,.F.);
#6226 = PLANE('',#6227);
#6227 = AXIS2_PLACEMENT_3D('',#6228,#6229,#6230);
#6228 = CARTESIAN_POINT('',(62.110609397944,54.809140969163,21.7));
#6229 = DIRECTION('',(0.783064267209,-0.621940795751,0.));
#6230 = DIRECTION('',(-0.621940795751,-0.783064267209,0.));
#6231 = ADVANCED_FACE('',(#6232),#6250,.F.);
#6232 = FACE_BOUND('',#6233,.F.);
#6233 = EDGE_LOOP('',(#6234,#6242,#6248,#6249));
#6234 = ORIENTED_EDGE('',*,*,#6235,.F.);
#6235 = EDGE_CURVE('',#6236,#6212,#6238,.T.);
#6236 = VERTEX_POINT('',#6237);
#6237 = CARTESIAN_POINT('',(62.482929515419,55.330066079295,21.7));
#6238 = B_SPLINE_CURVE_WITH_KNOTS('',2,(#6239,#6240,#6241),
  .UNSPECIFIED.,.F.,.F.,(3,3),(0.,1.),.PIECEWISE_BEZIER_KNOTS.);
#6239 = CARTESIAN_POINT('',(62.482929515419,55.330066079295,21.7));
#6240 = CARTESIAN_POINT('',(62.296769456681,55.069603524229,21.7));
#6241 = CARTESIAN_POINT('',(62.110609397944,54.809140969163,21.7));
#6242 = ORIENTED_EDGE('',*,*,#6243,.T.);
#6243 = EDGE_CURVE('',#6236,#2241,#6244,.T.);
#6244 = LINE('',#6245,#6246);
#6245 = CARTESIAN_POINT('',(62.482929515419,55.330066079295,21.7));
#6246 = VECTOR('',#6247,1.);
#6247 = DIRECTION('',(0.,0.,1.));
#6248 = ORIENTED_EDGE('',*,*,#2250,.F.);
#6249 = ORIENTED_EDGE('',*,*,#6219,.F.);
#6250 = SURFACE_OF_LINEAR_EXTRUSION('',#6251,#6255);
#6251 = B_SPLINE_CURVE_WITH_KNOTS('',2,(#6252,#6253,#6254),
  .UNSPECIFIED.,.F.,.F.,(3,3),(0.,1.),.PIECEWISE_BEZIER_KNOTS.);
#6252 = CARTESIAN_POINT('',(62.482929515419,55.330066079295,21.7));
#6253 = CARTESIAN_POINT('',(62.296769456681,55.069603524229,21.7));
#6254 = CARTESIAN_POINT('',(62.110609397944,54.809140969163,21.7));
#6255 = VECTOR('',#6256,1.);
#6256 = DIRECTION('',(0.,0.,-1.));
#6257 = ADVANCED_FACE('',(#6258),#6276,.F.);
#6258 = FACE_BOUND('',#6259,.F.);
#6259 = EDGE_LOOP('',(#6260,#6268,#6274,#6275));
#6260 = ORIENTED_EDGE('',*,*,#6261,.F.);
#6261 = EDGE_CURVE('',#6262,#6236,#6264,.T.);
#6262 = VERTEX_POINT('',#6263);
#6263 = CARTESIAN_POINT('',(62.854845814978,55.850991189427,21.7));
#6264 = B_SPLINE_CURVE_WITH_KNOTS('',2,(#6265,#6266,#6267),
  .UNSPECIFIED.,.F.,.F.,(3,3),(0.,1.),.PIECEWISE_BEZIER_KNOTS.);
#6265 = CARTESIAN_POINT('',(62.854845814978,55.850991189427,21.7));
#6266 = CARTESIAN_POINT('',(62.669089574156,55.590528634361,21.7));
#6267 = CARTESIAN_POINT('',(62.482929515419,55.330066079295,21.7));
#6268 = ORIENTED_EDGE('',*,*,#6269,.T.);
#6269 = EDGE_CURVE('',#6262,#2233,#6270,.T.);
#6270 = LINE('',#6271,#6272);
#6271 = CARTESIAN_POINT('',(62.854845814978,55.850991189427,21.7));
#6272 = VECTOR('',#6273,1.);
#6273 = DIRECTION('',(0.,0.,1.));
#6274 = ORIENTED_EDGE('',*,*,#2240,.F.);
#6275 = ORIENTED_EDGE('',*,*,#6243,.F.);
#6276 = SURFACE_OF_LINEAR_EXTRUSION('',#6277,#6281);
#6277 = B_SPLINE_CURVE_WITH_KNOTS('',2,(#6278,#6279,#6280),
  .UNSPECIFIED.,.F.,.F.,(3,3),(0.,1.),.PIECEWISE_BEZIER_KNOTS.);
#6278 = CARTESIAN_POINT('',(62.854845814978,55.850991189427,21.7));
#6279 = CARTESIAN_POINT('',(62.669089574156,55.590528634361,21.7));
#6280 = CARTESIAN_POINT('',(62.482929515419,55.330066079295,21.7));
#6281 = VECTOR('',#6282,1.);
#6282 = DIRECTION('',(0.,0.,-1.));
#6283 = ADVANCED_FACE('',(#6284),#6302,.F.);
#6284 = FACE_BOUND('',#6285,.F.);
#6285 = EDGE_LOOP('',(#6286,#6294,#6300,#6301));
#6286 = ORIENTED_EDGE('',*,*,#6287,.F.);
#6287 = EDGE_CURVE('',#6288,#6262,#6290,.T.);
#6288 = VERTEX_POINT('',#6289);
#6289 = CARTESIAN_POINT('',(62.854845814978,51.794640234949,21.7));
#6290 = LINE('',#6291,#6292);
#6291 = CARTESIAN_POINT('',(62.854845814978,51.794640234949,21.7));
#6292 = VECTOR('',#6293,1.);
#6293 = DIRECTION('',(1.224646799147E-16,1.,0.));
#6294 = ORIENTED_EDGE('',*,*,#6295,.T.);
#6295 = EDGE_CURVE('',#6288,#2225,#6296,.T.);
#6296 = LINE('',#6297,#6298);
#6297 = CARTESIAN_POINT('',(62.854845814978,51.794640234949,21.7));
#6298 = VECTOR('',#6299,1.);
#6299 = DIRECTION('',(0.,0.,1.));
#6300 = ORIENTED_EDGE('',*,*,#2232,.F.);
#6301 = ORIENTED_EDGE('',*,*,#6269,.F.);
#6302 = PLANE('',#6303);
#6303 = AXIS2_PLACEMENT_3D('',#6304,#6305,#6306);
#6304 = CARTESIAN_POINT('',(62.854845814978,51.794640234949,21.7));
#6305 = DIRECTION('',(-1.,1.224646799147E-16,0.));
#6306 = DIRECTION('',(1.224646799147E-16,1.,0.));
#6307 = ADVANCED_FACE('',(#6308),#6326,.F.);
#6308 = FACE_BOUND('',#6309,.F.);
#6309 = EDGE_LOOP('',(#6310,#6318,#6324,#6325));
#6310 = ORIENTED_EDGE('',*,*,#6311,.F.);
#6311 = EDGE_CURVE('',#6312,#6288,#6314,.T.);
#6312 = VERTEX_POINT('',#6313);
#6313 = CARTESIAN_POINT('',(64.72815712188,51.794640234949,21.7));
#6314 = LINE('',#6315,#6316);
#6315 = CARTESIAN_POINT('',(64.72815712188,51.794640234949,21.7));
#6316 = VECTOR('',#6317,1.);
#6317 = DIRECTION('',(-1.,1.224646799147E-16,0.));
#6318 = ORIENTED_EDGE('',*,*,#6319,.T.);
#6319 = EDGE_CURVE('',#6312,#2217,#6320,.T.);
#6320 = LINE('',#6321,#6322);
#6321 = CARTESIAN_POINT('',(64.72815712188,51.794640234949,21.7));
#6322 = VECTOR('',#6323,1.);
#6323 = DIRECTION('',(0.,0.,1.));
#6324 = ORIENTED_EDGE('',*,*,#2224,.F.);
#6325 = ORIENTED_EDGE('',*,*,#6295,.F.);
#6326 = PLANE('',#6327);
#6327 = AXIS2_PLACEMENT_3D('',#6328,#6329,#6330);
#6328 = CARTESIAN_POINT('',(64.72815712188,51.794640234949,21.7));
#6329 = DIRECTION('',(-1.224646799147E-16,-1.,0.));
#6330 = DIRECTION('',(-1.,1.224646799147E-16,0.));
#6331 = ADVANCED_FACE('',(#6332),#6350,.F.);
#6332 = FACE_BOUND('',#6333,.F.);
#6333 = EDGE_LOOP('',(#6334,#6342,#6348,#6349));
#6334 = ORIENTED_EDGE('',*,*,#6335,.F.);
#6335 = EDGE_CURVE('',#6336,#6312,#6338,.T.);
#6336 = VERTEX_POINT('',#6337);
#6337 = CARTESIAN_POINT('',(64.72815712188,60.651982378855,21.7));
#6338 = LINE('',#6339,#6340);
#6339 = CARTESIAN_POINT('',(64.72815712188,60.651982378855,21.7));
#6340 = VECTOR('',#6341,1.);
#6341 = DIRECTION('',(-1.224646799147E-16,-1.,0.));
#6342 = ORIENTED_EDGE('',*,*,#6343,.T.);
#6343 = EDGE_CURVE('',#6336,#2209,#6344,.T.);
#6344 = LINE('',#6345,#6346);
#6345 = CARTESIAN_POINT('',(64.72815712188,60.651982378855,21.7));
#6346 = VECTOR('',#6347,1.);
#6347 = DIRECTION('',(0.,0.,1.));
#6348 = ORIENTED_EDGE('',*,*,#2216,.F.);
#6349 = ORIENTED_EDGE('',*,*,#6319,.F.);
#6350 = PLANE('',#6351);
#6351 = AXIS2_PLACEMENT_3D('',#6352,#6353,#6354);
#6352 = CARTESIAN_POINT('',(64.72815712188,60.651982378855,21.7));
#6353 = DIRECTION('',(1.,-1.224646799147E-16,0.));
#6354 = DIRECTION('',(-1.224646799147E-16,-1.,0.));
#6355 = ADVANCED_FACE('',(#6356),#6374,.F.);
#6356 = FACE_BOUND('',#6357,.F.);
#6357 = EDGE_LOOP('',(#6358,#6366,#6372,#6373));
#6358 = ORIENTED_EDGE('',*,*,#6359,.F.);
#6359 = EDGE_CURVE('',#6360,#6336,#6362,.T.);
#6360 = VERTEX_POINT('',#6361);
#6361 = CARTESIAN_POINT('',(62.854845814978,60.651982378855,21.7));
#6362 = LINE('',#6363,#6364);
#6363 = CARTESIAN_POINT('',(62.854845814978,60.651982378855,21.7));
#6364 = VECTOR('',#6365,1.);
#6365 = DIRECTION('',(1.,-1.224646799147E-16,0.));
#6366 = ORIENTED_EDGE('',*,*,#6367,.T.);
#6367 = EDGE_CURVE('',#6360,#2201,#6368,.T.);
#6368 = LINE('',#6369,#6370);
#6369 = CARTESIAN_POINT('',(62.854845814978,60.651982378855,21.7));
#6370 = VECTOR('',#6371,1.);
#6371 = DIRECTION('',(0.,0.,1.));
#6372 = ORIENTED_EDGE('',*,*,#2208,.F.);
#6373 = ORIENTED_EDGE('',*,*,#6343,.F.);
#6374 = PLANE('',#6375);
#6375 = AXIS2_PLACEMENT_3D('',#6376,#6377,#6378);
#6376 = CARTESIAN_POINT('',(62.854845814978,60.651982378855,21.7));
#6377 = DIRECTION('',(1.224646799147E-16,1.,0.));
#6378 = DIRECTION('',(1.,-1.224646799147E-16,0.));
#6379 = ADVANCED_FACE('',(#6380),#6398,.F.);
#6380 = FACE_BOUND('',#6381,.F.);
#6381 = EDGE_LOOP('',(#6382,#6390,#6396,#6397));
#6382 = ORIENTED_EDGE('',*,*,#6383,.F.);
#6383 = EDGE_CURVE('',#6384,#6360,#6386,.T.);
#6384 = VERTEX_POINT('',#6385);
#6385 = CARTESIAN_POINT('',(62.854845814978,57.488472834068,21.7));
#6386 = LINE('',#6387,#6388);
#6387 = CARTESIAN_POINT('',(62.854845814978,57.488472834068,21.7));
#6388 = VECTOR('',#6389,1.);
#6389 = DIRECTION('',(1.224646799147E-16,1.,0.));
#6390 = ORIENTED_EDGE('',*,*,#6391,.T.);
#6391 = EDGE_CURVE('',#6384,#2193,#6392,.T.);
#6392 = LINE('',#6393,#6394);
#6393 = CARTESIAN_POINT('',(62.854845814978,57.488472834068,21.7));
#6394 = VECTOR('',#6395,1.);
#6395 = DIRECTION('',(0.,0.,1.));
#6396 = ORIENTED_EDGE('',*,*,#2200,.F.);
#6397 = ORIENTED_EDGE('',*,*,#6367,.F.);
#6398 = PLANE('',#6399);
#6399 = AXIS2_PLACEMENT_3D('',#6400,#6401,#6402);
#6400 = CARTESIAN_POINT('',(62.854845814978,57.488472834068,21.7));
#6401 = DIRECTION('',(-1.,1.224646799147E-16,0.));
#6402 = DIRECTION('',(1.224646799147E-16,1.,0.));
#6403 = ADVANCED_FACE('',(#6404),#6422,.F.);
#6404 = FACE_BOUND('',#6405,.F.);
#6405 = EDGE_LOOP('',(#6406,#6414,#6420,#6421));
#6406 = ORIENTED_EDGE('',*,*,#6407,.F.);
#6407 = EDGE_CURVE('',#6408,#6384,#6410,.T.);
#6408 = VERTEX_POINT('',#6409);
#6409 = CARTESIAN_POINT('',(62.06093979442,56.917878120411,21.7));
#6410 = LINE('',#6411,#6412);
#6411 = CARTESIAN_POINT('',(62.06093979442,56.917878120411,21.7));
#6412 = VECTOR('',#6413,1.);
#6413 = DIRECTION('',(0.81202760531,0.583619026604,0.));
#6414 = ORIENTED_EDGE('',*,*,#6415,.T.);
#6415 = EDGE_CURVE('',#6408,#2185,#6416,.T.);
#6416 = LINE('',#6417,#6418);
#6417 = CARTESIAN_POINT('',(62.06093979442,56.917878120411,21.7));
#6418 = VECTOR('',#6419,1.);
#6419 = DIRECTION('',(0.,0.,1.));
#6420 = ORIENTED_EDGE('',*,*,#2192,.F.);
#6421 = ORIENTED_EDGE('',*,*,#6391,.F.);
#6422 = PLANE('',#6423);
#6423 = AXIS2_PLACEMENT_3D('',#6424,#6425,#6426);
#6424 = CARTESIAN_POINT('',(62.06093979442,56.917878120411,21.7));
#6425 = DIRECTION('',(-0.583619026604,0.81202760531,0.));
#6426 = DIRECTION('',(0.81202760531,0.583619026604,0.));
#6427 = ADVANCED_FACE('',(#6428),#6439,.F.);
#6428 = FACE_BOUND('',#6429,.F.);
#6429 = EDGE_LOOP('',(#6430,#6436,#6437,#6438));
#6430 = ORIENTED_EDGE('',*,*,#6431,.F.);
#6431 = EDGE_CURVE('',#6111,#6408,#6432,.T.);
#6432 = LINE('',#6433,#6434);
#6433 = CARTESIAN_POINT('',(59.74140969163,60.651982378855,21.7));
#6434 = VECTOR('',#6435,1.);
#6435 = DIRECTION('',(0.527660102352,-0.849455600009,0.));
#6436 = ORIENTED_EDGE('',*,*,#6125,.T.);
#6437 = ORIENTED_EDGE('',*,*,#2184,.F.);
#6438 = ORIENTED_EDGE('',*,*,#6415,.F.);
#6439 = PLANE('',#6440);
#6440 = AXIS2_PLACEMENT_3D('',#6441,#6442,#6443);
#6441 = CARTESIAN_POINT('',(59.74140969163,60.651982378855,21.7));
#6442 = DIRECTION('',(0.849455600009,0.527660102352,0.));
#6443 = DIRECTION('',(0.527660102352,-0.849455600009,0.));
#6444 = ADVANCED_FACE('',(#6445,#6448),#6459,.F.);
#6445 = FACE_BOUND('',#6446,.F.);
#6446 = EDGE_LOOP('',(#6447));
#6447 = ORIENTED_EDGE('',*,*,#2415,.T.);
#6448 = FACE_BOUND('',#6449,.F.);
#6449 = EDGE_LOOP('',(#6450));
#6450 = ORIENTED_EDGE('',*,*,#6451,.F.);
#6451 = EDGE_CURVE('',#6452,#6452,#6454,.T.);
#6452 = VERTEX_POINT('',#6453);
#6453 = CARTESIAN_POINT('',(4.6,3.5,1.8));
#6454 = CIRCLE('',#6455,1.1);
#6455 = AXIS2_PLACEMENT_3D('',#6456,#6457,#6458);
#6456 = CARTESIAN_POINT('',(3.5,3.5,1.8));
#6457 = DIRECTION('',(0.,0.,1.));
#6458 = DIRECTION('',(1.,0.,-0.));
#6459 = PLANE('',#6460);
#6460 = AXIS2_PLACEMENT_3D('',#6461,#6462,#6463);
#6461 = CARTESIAN_POINT('',(3.5,3.5,1.8));
#6462 = DIRECTION('',(0.,0.,1.));
#6463 = DIRECTION('',(1.,0.,-0.));
#6464 = ADVANCED_FACE('',(#6465,#6468),#6479,.F.);
#6465 = FACE_BOUND('',#6466,.F.);
#6466 = EDGE_LOOP('',(#6467));
#6467 = ORIENTED_EDGE('',*,*,#2439,.T.);
#6468 = FACE_BOUND('',#6469,.F.);
#6469 = EDGE_LOOP('',(#6470));
#6470 = ORIENTED_EDGE('',*,*,#6471,.F.);
#6471 = EDGE_CURVE('',#6472,#6472,#6474,.T.);
#6472 = VERTEX_POINT('',#6473);
#6473 = CARTESIAN_POINT('',(25.885,11.3,21.25));
#6474 = CIRCLE('',#6475,3.485);
#6475 = AXIS2_PLACEMENT_3D('',#6476,#6477,#6478);
#6476 = CARTESIAN_POINT('',(22.4,11.3,21.25));
#6477 = DIRECTION('',(0.,0.,1.));
#6478 = DIRECTION('',(1.,0.,-0.));
#6479 = PLANE('',#6480);
#6480 = AXIS2_PLACEMENT_3D('',#6481,#6482,#6483);
#6481 = CARTESIAN_POINT('',(22.4,11.3,21.25));
#6482 = DIRECTION('',(0.,0.,1.));
#6483 = DIRECTION('',(1.,0.,-0.));
#6484 = ADVANCED_FACE('',(#6485,#6488),#6499,.F.);
#6485 = FACE_BOUND('',#6486,.F.);
#6486 = EDGE_LOOP('',(#6487));
#6487 = ORIENTED_EDGE('',*,*,#2465,.T.);
#6488 = FACE_BOUND('',#6489,.F.);
#6489 = EDGE_LOOP('',(#6490));
#6490 = ORIENTED_EDGE('',*,*,#6491,.F.);
#6491 = EDGE_CURVE('',#6492,#6492,#6494,.T.);
#6492 = VERTEX_POINT('',#6493);
#6493 = CARTESIAN_POINT('',(10.85,21.8,14.89));
#6494 = CIRCLE('',#6495,0.85);
#6495 = AXIS2_PLACEMENT_3D('',#6496,#6497,#6498);
#6496 = CARTESIAN_POINT('',(10.,21.8,14.89));
#6497 = DIRECTION('',(0.,0.,1.));
#6498 = DIRECTION('',(1.,0.,-0.));
#6499 = PLANE('',#6500);
#6500 = AXIS2_PLACEMENT_3D('',#6501,#6502,#6503);
#6501 = CARTESIAN_POINT('',(10.,21.8,14.89));
#6502 = DIRECTION('',(0.,0.,1.));
#6503 = DIRECTION('',(1.,0.,-0.));
#6504 = ADVANCED_FACE('',(#6505,#6508),#6519,.F.);
#6505 = FACE_BOUND('',#6506,.F.);
#6506 = EDGE_LOOP('',(#6507));
#6507 = ORIENTED_EDGE('',*,*,#2490,.T.);
#6508 = FACE_BOUND('',#6509,.F.);
#6509 = EDGE_LOOP('',(#6510));
#6510 = ORIENTED_EDGE('',*,*,#6511,.F.);
#6511 = EDGE_CURVE('',#6512,#6512,#6514,.T.);
#6512 = VERTEX_POINT('',#6513);
#6513 = CARTESIAN_POINT('',(23.35,21.8,14.89));
#6514 = CIRCLE('',#6515,0.85);
#6515 = AXIS2_PLACEMENT_3D('',#6516,#6517,#6518);
#6516 = CARTESIAN_POINT('',(22.5,21.8,14.89));
#6517 = DIRECTION('',(0.,0.,1.));
#6518 = DIRECTION('',(1.,0.,-0.));
#6519 = PLANE('',#6520);
#6520 = AXIS2_PLACEMENT_3D('',#6521,#6522,#6523);
#6521 = CARTESIAN_POINT('',(22.5,21.8,14.89));
#6522 = DIRECTION('',(0.,0.,1.));
#6523 = DIRECTION('',(1.,0.,-0.));
#6524 = ADVANCED_FACE('',(#6525,#6528),#6539,.F.);
#6525 = FACE_BOUND('',#6526,.F.);
#6526 = EDGE_LOOP('',(#6527));
#6527 = ORIENTED_EDGE('',*,*,#2515,.T.);
#6528 = FACE_BOUND('',#6529,.F.);
#6529 = EDGE_LOOP('',(#6530));
#6530 = ORIENTED_EDGE('',*,*,#6531,.F.);
#6531 = EDGE_CURVE('',#6532,#6532,#6534,.T.);
#6532 = VERTEX_POINT('',#6533);
#6533 = CARTESIAN_POINT('',(23.85,27.,17.3));
#6534 = CIRCLE('',#6535,0.85);
#6535 = AXIS2_PLACEMENT_3D('',#6536,#6537,#6538);
#6536 = CARTESIAN_POINT('',(23.,27.,17.3));
#6537 = DIRECTION('',(0.,0.,1.));
#6538 = DIRECTION('',(1.,0.,-0.));
#6539 = PLANE('',#6540);
#6540 = AXIS2_PLACEMENT_3D('',#6541,#6542,#6543);
#6541 = CARTESIAN_POINT('',(23.,27.,17.3));
#6542 = DIRECTION('',(0.,0.,1.));
#6543 = DIRECTION('',(1.,0.,-0.));
#6544 = ADVANCED_FACE('',(#6545,#6548),#6559,.F.);
#6545 = FACE_BOUND('',#6546,.F.);
#6546 = EDGE_LOOP('',(#6547));
#6547 = ORIENTED_EDGE('',*,*,#2676,.T.);
#6548 = FACE_BOUND('',#6549,.F.);
#6549 = EDGE_LOOP('',(#6550));
#6550 = ORIENTED_EDGE('',*,*,#6551,.F.);
#6551 = EDGE_CURVE('',#6552,#6552,#6554,.T.);
#6552 = VERTEX_POINT('',#6553);
#6553 = CARTESIAN_POINT('',(62.6,3.5,1.8));
#6554 = CIRCLE('',#6555,1.1);
#6555 = AXIS2_PLACEMENT_3D('',#6556,#6557,#6558);
#6556 = CARTESIAN_POINT('',(61.5,3.5,1.8));
#6557 = DIRECTION('',(0.,0.,1.));
#6558 = DIRECTION('',(1.,0.,-0.));
#6559 = PLANE('',#6560);
#6560 = AXIS2_PLACEMENT_3D('',#6561,#6562,#6563);
#6561 = CARTESIAN_POINT('',(61.5,3.5,1.8));
#6562 = DIRECTION('',(0.,0.,1.));
#6563 = DIRECTION('',(1.,0.,-0.));
#6564 = ADVANCED_FACE('',(#6565,#6568),#6579,.F.);
#6565 = FACE_BOUND('',#6566,.F.);
#6566 = EDGE_LOOP('',(#6567));
#6567 = ORIENTED_EDGE('',*,*,#2701,.T.);
#6568 = FACE_BOUND('',#6569,.F.);
#6569 = EDGE_LOOP('',(#6570));
#6570 = ORIENTED_EDGE('',*,*,#6571,.F.);
#6571 = EDGE_CURVE('',#6572,#6572,#6574,.T.);
#6572 = VERTEX_POINT('',#6573);
#6573 = CARTESIAN_POINT('',(43.85,27.,17.3));
#6574 = CIRCLE('',#6575,0.85);
#6575 = AXIS2_PLACEMENT_3D('',#6576,#6577,#6578);
#6576 = CARTESIAN_POINT('',(43.,27.,17.3));
#6577 = DIRECTION('',(0.,0.,1.));
#6578 = DIRECTION('',(1.,0.,-0.));
#6579 = PLANE('',#6580);
#6580 = AXIS2_PLACEMENT_3D('',#6581,#6582,#6583);
#6581 = CARTESIAN_POINT('',(43.,27.,17.3));
#6582 = DIRECTION('',(0.,0.,1.));
#6583 = DIRECTION('',(1.,0.,-0.));
#6584 = ADVANCED_FACE('',(#6585,#6588),#6599,.F.);
#6585 = FACE_BOUND('',#6586,.F.);
#6586 = EDGE_LOOP('',(#6587));
#6587 = ORIENTED_EDGE('',*,*,#2974,.T.);
#6588 = FACE_BOUND('',#6589,.F.);
#6589 = EDGE_LOOP('',(#6590));
#6590 = ORIENTED_EDGE('',*,*,#6591,.F.);
#6591 = EDGE_CURVE('',#6592,#6592,#6594,.T.);
#6592 = VERTEX_POINT('',#6593);
#6593 = CARTESIAN_POINT('',(4.6,52.5,1.8));
#6594 = CIRCLE('',#6595,1.1);
#6595 = AXIS2_PLACEMENT_3D('',#6596,#6597,#6598);
#6596 = CARTESIAN_POINT('',(3.5,52.5,1.8));
#6597 = DIRECTION('',(0.,0.,1.));
#6598 = DIRECTION('',(1.,0.,-0.));
#6599 = PLANE('',#6600);
#6600 = AXIS2_PLACEMENT_3D('',#6601,#6602,#6603);
#6601 = CARTESIAN_POINT('',(3.5,52.5,1.8));
#6602 = DIRECTION('',(0.,0.,1.));
#6603 = DIRECTION('',(1.,0.,-0.));
#6604 = ADVANCED_FACE('',(#6605,#6608),#6619,.F.);
#6605 = FACE_BOUND('',#6606,.F.);
#6606 = EDGE_LOOP('',(#6607));
#6607 = ORIENTED_EDGE('',*,*,#2999,.T.);
#6608 = FACE_BOUND('',#6609,.F.);
#6609 = EDGE_LOOP('',(#6610));
#6610 = ORIENTED_EDGE('',*,*,#6611,.F.);
#6611 = EDGE_CURVE('',#6612,#6612,#6614,.T.);
#6612 = VERTEX_POINT('',#6613);
#6613 = CARTESIAN_POINT('',(23.85,47.,17.3));
#6614 = CIRCLE('',#6615,0.85);
#6615 = AXIS2_PLACEMENT_3D('',#6616,#6617,#6618);
#6616 = CARTESIAN_POINT('',(23.,47.,17.3));
#6617 = DIRECTION('',(0.,0.,1.));
#6618 = DIRECTION('',(1.,0.,-0.));
#6619 = PLANE('',#6620);
#6620 = AXIS2_PLACEMENT_3D('',#6621,#6622,#6623);
#6621 = CARTESIAN_POINT('',(23.,47.,17.3));
#6622 = DIRECTION('',(0.,0.,1.));
#6623 = DIRECTION('',(1.,0.,-0.));
#6624 = ADVANCED_FACE('',(#6625),#6652,.F.);
#6625 = FACE_BOUND('',#6626,.F.);
#6626 = EDGE_LOOP('',(#6627,#6628,#6629,#6630,#6631,#6632,#6638,#6639,
    #6640,#6641,#6642,#6643,#6644,#6645,#6646,#6647,#6648,#6649,#6650,
    #6651));
#6627 = ORIENTED_EDGE('',*,*,#3117,.F.);
#6628 = ORIENTED_EDGE('',*,*,#3091,.T.);
#6629 = ORIENTED_EDGE('',*,*,#3139,.T.);
#6630 = ORIENTED_EDGE('',*,*,#3196,.F.);
#6631 = ORIENTED_EDGE('',*,*,#3239,.T.);
#6632 = ORIENTED_EDGE('',*,*,#6633,.T.);
#6633 = EDGE_CURVE('',#3240,#3603,#6634,.T.);
#6634 = LINE('',#6635,#6636);
#6635 = CARTESIAN_POINT('',(41.4,0.83,17.8));
#6636 = VECTOR('',#6637,1.);
#6637 = DIRECTION('',(-1.,-0.,0.));
#6638 = ORIENTED_EDGE('',*,*,#3602,.F.);
#6639 = ORIENTED_EDGE('',*,*,#3724,.F.);
#6640 = ORIENTED_EDGE('',*,*,#3749,.T.);
#6641 = ORIENTED_EDGE('',*,*,#3815,.F.);
#6642 = ORIENTED_EDGE('',*,*,#3780,.T.);
#6643 = ORIENTED_EDGE('',*,*,#3707,.F.);
#6644 = ORIENTED_EDGE('',*,*,#3577,.T.);
#6645 = ORIENTED_EDGE('',*,*,#3520,.F.);
#6646 = ORIENTED_EDGE('',*,*,#3480,.T.);
#6647 = ORIENTED_EDGE('',*,*,#3430,.F.);
#6648 = ORIENTED_EDGE('',*,*,#3376,.F.);
#6649 = ORIENTED_EDGE('',*,*,#3334,.T.);
#6650 = ORIENTED_EDGE('',*,*,#3213,.F.);
#6651 = ORIENTED_EDGE('',*,*,#3164,.F.);
#6652 = PLANE('',#6653);
#6653 = AXIS2_PLACEMENT_3D('',#6654,#6655,#6656);
#6654 = CARTESIAN_POINT('',(-0.75,-1.75,17.8));
#6655 = DIRECTION('',(0.,0.,1.));
#6656 = DIRECTION('',(1.,0.,-0.));
#6657 = ADVANCED_FACE('',(#6658),#6673,.F.);
#6658 = FACE_BOUND('',#6659,.F.);
#6659 = EDGE_LOOP('',(#6660,#6666,#6667,#6668,#6669,#6670,#6671,#6672));
#6660 = ORIENTED_EDGE('',*,*,#6661,.F.);
#6661 = EDGE_CURVE('',#3296,#3659,#6662,.T.);
#6662 = LINE('',#6663,#6664);
#6663 = CARTESIAN_POINT('',(41.4,35.3,17.8));
#6664 = VECTOR('',#6665,1.);
#6665 = DIRECTION('',(-1.,-0.,0.));
#6666 = ORIENTED_EDGE('',*,*,#3303,.T.);
#6667 = ORIENTED_EDGE('',*,*,#3350,.T.);
#6668 = ORIENTED_EDGE('',*,*,#3398,.F.);
#6669 = ORIENTED_EDGE('',*,*,#3456,.F.);
#6670 = ORIENTED_EDGE('',*,*,#3503,.F.);
#6671 = ORIENTED_EDGE('',*,*,#3552,.F.);
#6672 = ORIENTED_EDGE('',*,*,#3666,.F.);
#6673 = PLANE('',#6674);
#6674 = AXIS2_PLACEMENT_3D('',#6675,#6676,#6677);
#6675 = CARTESIAN_POINT('',(-0.75,-1.75,17.8));
#6676 = DIRECTION('',(0.,0.,1.));
#6677 = DIRECTION('',(1.,0.,-0.));
#6678 = ADVANCED_FACE('',(#6679),#6690,.F.);
#6679 = FACE_BOUND('',#6680,.F.);
#6680 = EDGE_LOOP('',(#6681,#6687,#6688,#6689));
#6681 = ORIENTED_EDGE('',*,*,#6682,.T.);
#6682 = EDGE_CURVE('',#3651,#3288,#6683,.T.);
#6683 = LINE('',#6684,#6685);
#6684 = CARTESIAN_POINT('',(83.55,35.3,18.49));
#6685 = VECTOR('',#6686,1.);
#6686 = DIRECTION('',(1.,0.,-0.));
#6687 = ORIENTED_EDGE('',*,*,#3295,.F.);
#6688 = ORIENTED_EDGE('',*,*,#6661,.T.);
#6689 = ORIENTED_EDGE('',*,*,#3658,.T.);
#6690 = PLANE('',#6691);
#6691 = AXIS2_PLACEMENT_3D('',#6692,#6693,#6694);
#6692 = CARTESIAN_POINT('',(83.55,35.3,16.8));
#6693 = DIRECTION('',(-0.,1.,0.));
#6694 = DIRECTION('',(0.,0.,1.));
#6695 = ADVANCED_FACE('',(#6696),#6707,.F.);
#6696 = FACE_BOUND('',#6697,.F.);
#6697 = EDGE_LOOP('',(#6698,#6699,#6700,#6706));
#6698 = ORIENTED_EDGE('',*,*,#6682,.F.);
#6699 = ORIENTED_EDGE('',*,*,#3650,.T.);
#6700 = ORIENTED_EDGE('',*,*,#6701,.T.);
#6701 = EDGE_CURVE('',#3643,#3280,#6702,.T.);
#6702 = LINE('',#6703,#6704);
#6703 = CARTESIAN_POINT('',(83.55,18.7,18.49));
#6704 = VECTOR('',#6705,1.);
#6705 = DIRECTION('',(1.,0.,-0.));
#6706 = ORIENTED_EDGE('',*,*,#3287,.F.);
#6707 = PLANE('',#6708);
#6708 = AXIS2_PLACEMENT_3D('',#6709,#6710,#6711);
#6709 = CARTESIAN_POINT('',(83.55,18.7,18.49));
#6710 = DIRECTION('',(0.,0.,1.));
#6711 = DIRECTION('',(1.,0.,-0.));
#6712 = ADVANCED_FACE('',(#6713),#6724,.T.);
#6713 = FACE_BOUND('',#6714,.T.);
#6714 = EDGE_LOOP('',(#6715,#6716,#6717,#6723));
#6715 = ORIENTED_EDGE('',*,*,#6701,.T.);
#6716 = ORIENTED_EDGE('',*,*,#3279,.F.);
#6717 = ORIENTED_EDGE('',*,*,#6718,.T.);
#6718 = EDGE_CURVE('',#3272,#3635,#6719,.T.);
#6719 = LINE('',#6720,#6721);
#6720 = CARTESIAN_POINT('',(41.4,18.7,17.8));
#6721 = VECTOR('',#6722,1.);
#6722 = DIRECTION('',(-1.,-0.,0.));
#6723 = ORIENTED_EDGE('',*,*,#3642,.T.);
#6724 = PLANE('',#6725);
#6725 = AXIS2_PLACEMENT_3D('',#6726,#6727,#6728);
#6726 = CARTESIAN_POINT('',(83.55,18.7,16.8));
#6727 = DIRECTION('',(-0.,1.,0.));
#6728 = DIRECTION('',(0.,0.,1.));
#6729 = ADVANCED_FACE('',(#6730),#6741,.F.);
#6730 = FACE_BOUND('',#6731,.F.);
#6731 = EDGE_LOOP('',(#6732,#6738,#6739,#6740));
#6732 = ORIENTED_EDGE('',*,*,#6733,.F.);
#6733 = EDGE_CURVE('',#3264,#3627,#6734,.T.);
#6734 = LINE('',#6735,#6736);
#6735 = CARTESIAN_POINT('',(41.4,17.17,17.8));
#6736 = VECTOR('',#6737,1.);
#6737 = DIRECTION('',(-1.,-0.,0.));
#6738 = ORIENTED_EDGE('',*,*,#3271,.T.);
#6739 = ORIENTED_EDGE('',*,*,#6718,.T.);
#6740 = ORIENTED_EDGE('',*,*,#3634,.F.);
#6741 = PLANE('',#6742);
#6742 = AXIS2_PLACEMENT_3D('',#6743,#6744,#6745);
#6743 = CARTESIAN_POINT('',(-0.75,-1.75,17.8));
#6744 = DIRECTION('',(0.,0.,1.));
#6745 = DIRECTION('',(1.,0.,-0.));
#6746 = ADVANCED_FACE('',(#6747),#6758,.F.);
#6747 = FACE_BOUND('',#6748,.F.);
#6748 = EDGE_LOOP('',(#6749,#6755,#6756,#6757));
#6749 = ORIENTED_EDGE('',*,*,#6750,.T.);
#6750 = EDGE_CURVE('',#3619,#3256,#6751,.T.);
#6751 = LINE('',#6752,#6753);
#6752 = CARTESIAN_POINT('',(83.55,17.17,18.15));
#6753 = VECTOR('',#6754,1.);
#6754 = DIRECTION('',(1.,0.,-0.));
#6755 = ORIENTED_EDGE('',*,*,#3263,.F.);
#6756 = ORIENTED_EDGE('',*,*,#6733,.T.);
#6757 = ORIENTED_EDGE('',*,*,#3626,.T.);
#6758 = PLANE('',#6759);
#6759 = AXIS2_PLACEMENT_3D('',#6760,#6761,#6762);
#6760 = CARTESIAN_POINT('',(83.55,17.17,16.8));
#6761 = DIRECTION('',(-0.,1.,0.));
#6762 = DIRECTION('',(0.,0.,1.));
#6763 = ADVANCED_FACE('',(#6764),#6775,.F.);
#6764 = FACE_BOUND('',#6765,.F.);
#6765 = EDGE_LOOP('',(#6766,#6767,#6768,#6774));
#6766 = ORIENTED_EDGE('',*,*,#6750,.F.);
#6767 = ORIENTED_EDGE('',*,*,#3618,.T.);
#6768 = ORIENTED_EDGE('',*,*,#6769,.T.);
#6769 = EDGE_CURVE('',#3611,#3248,#6770,.T.);
#6770 = LINE('',#6771,#6772);
#6771 = CARTESIAN_POINT('',(83.55,0.83,18.15));
#6772 = VECTOR('',#6773,1.);
#6773 = DIRECTION('',(1.,0.,-0.));
#6774 = ORIENTED_EDGE('',*,*,#3255,.F.);
#6775 = PLANE('',#6776);
#6776 = AXIS2_PLACEMENT_3D('',#6777,#6778,#6779);
#6777 = CARTESIAN_POINT('',(83.55,0.83,18.15));
#6778 = DIRECTION('',(0.,0.,1.));
#6779 = DIRECTION('',(1.,0.,-0.));
#6780 = ADVANCED_FACE('',(#6781),#6787,.T.);
#6781 = FACE_BOUND('',#6782,.T.);
#6782 = EDGE_LOOP('',(#6783,#6784,#6785,#6786));
#6783 = ORIENTED_EDGE('',*,*,#6769,.T.);
#6784 = ORIENTED_EDGE('',*,*,#3247,.F.);
#6785 = ORIENTED_EDGE('',*,*,#6633,.T.);
#6786 = ORIENTED_EDGE('',*,*,#3610,.T.);
#6787 = PLANE('',#6788);
#6788 = AXIS2_PLACEMENT_3D('',#6789,#6790,#6791);
#6789 = CARTESIAN_POINT('',(83.55,0.83,16.8));
#6790 = DIRECTION('',(-0.,1.,0.));
#6791 = DIRECTION('',(0.,0.,1.));
#6792 = ADVANCED_FACE('',(#6793,#6796),#6807,.F.);
#6793 = FACE_BOUND('',#6794,.F.);
#6794 = EDGE_LOOP('',(#6795));
#6795 = ORIENTED_EDGE('',*,*,#3690,.T.);
#6796 = FACE_BOUND('',#6797,.F.);
#6797 = EDGE_LOOP('',(#6798));
#6798 = ORIENTED_EDGE('',*,*,#6799,.F.);
#6799 = EDGE_CURVE('',#6800,#6800,#6802,.T.);
#6800 = VERTEX_POINT('',#6801);
#6801 = CARTESIAN_POINT('',(10.85,0.8,14.89));
#6802 = CIRCLE('',#6803,0.85);
#6803 = AXIS2_PLACEMENT_3D('',#6804,#6805,#6806);
#6804 = CARTESIAN_POINT('',(10.,0.8,14.89));
#6805 = DIRECTION('',(0.,0.,1.));
#6806 = DIRECTION('',(1.,0.,-0.));
#6807 = PLANE('',#6808);
#6808 = AXIS2_PLACEMENT_3D('',#6809,#6810,#6811);
#6809 = CARTESIAN_POINT('',(10.,0.8,14.89));
#6810 = DIRECTION('',(0.,0.,1.));
#6811 = DIRECTION('',(1.,0.,-0.));
#6812 = ADVANCED_FACE('',(#6813,#6816),#6827,.F.);
#6813 = FACE_BOUND('',#6814,.F.);
#6814 = EDGE_LOOP('',(#6815));
#6815 = ORIENTED_EDGE('',*,*,#3805,.T.);
#6816 = FACE_BOUND('',#6817,.F.);
#6817 = EDGE_LOOP('',(#6818));
#6818 = ORIENTED_EDGE('',*,*,#6819,.F.);
#6819 = EDGE_CURVE('',#6820,#6820,#6822,.T.);
#6820 = VERTEX_POINT('',#6821);
#6821 = CARTESIAN_POINT('',(23.35,0.8,14.89));
#6822 = CIRCLE('',#6823,0.85);
#6823 = AXIS2_PLACEMENT_3D('',#6824,#6825,#6826);
#6824 = CARTESIAN_POINT('',(22.5,0.8,14.89));
#6825 = DIRECTION('',(0.,0.,1.));
#6826 = DIRECTION('',(1.,0.,-0.));
#6827 = PLANE('',#6828);
#6828 = AXIS2_PLACEMENT_3D('',#6829,#6830,#6831);
#6829 = CARTESIAN_POINT('',(22.5,0.8,14.89));
#6830 = DIRECTION('',(0.,0.,1.));
#6831 = DIRECTION('',(1.,0.,-0.));
#6832 = ADVANCED_FACE('',(#6833,#6836),#6847,.F.);
#6833 = FACE_BOUND('',#6834,.F.);
#6834 = EDGE_LOOP('',(#6835));
#6835 = ORIENTED_EDGE('',*,*,#3840,.T.);
#6836 = FACE_BOUND('',#6837,.F.);
#6837 = EDGE_LOOP('',(#6838));
#6838 = ORIENTED_EDGE('',*,*,#6839,.F.);
#6839 = EDGE_CURVE('',#6840,#6840,#6842,.T.);
#6840 = VERTEX_POINT('',#6841);
#6841 = CARTESIAN_POINT('',(43.85,47.,17.3));
#6842 = CIRCLE('',#6843,0.85);
#6843 = AXIS2_PLACEMENT_3D('',#6844,#6845,#6846);
#6844 = CARTESIAN_POINT('',(43.,47.,17.3));
#6845 = DIRECTION('',(0.,0.,1.));
#6846 = DIRECTION('',(1.,0.,-0.));
#6847 = PLANE('',#6848);
#6848 = AXIS2_PLACEMENT_3D('',#6849,#6850,#6851);
#6849 = CARTESIAN_POINT('',(43.,47.,17.3));
#6850 = DIRECTION('',(0.,0.,1.));
#6851 = DIRECTION('',(1.,0.,-0.));
#6852 = ADVANCED_FACE('',(#6853,#6856),#6867,.F.);
#6853 = FACE_BOUND('',#6854,.F.);
#6854 = EDGE_LOOP('',(#6855));
#6855 = ORIENTED_EDGE('',*,*,#3865,.T.);
#6856 = FACE_BOUND('',#6857,.F.);
#6857 = EDGE_LOOP('',(#6858));
#6858 = ORIENTED_EDGE('',*,*,#6859,.F.);
#6859 = EDGE_CURVE('',#6860,#6860,#6862,.T.);
#6860 = VERTEX_POINT('',#6861);
#6861 = CARTESIAN_POINT('',(62.6,52.5,1.8));
#6862 = CIRCLE('',#6863,1.1);
#6863 = AXIS2_PLACEMENT_3D('',#6864,#6865,#6866);
#6864 = CARTESIAN_POINT('',(61.5,52.5,1.8));
#6865 = DIRECTION('',(0.,0.,1.));
#6866 = DIRECTION('',(1.,0.,-0.));
#6867 = PLANE('',#6868);
#6868 = AXIS2_PLACEMENT_3D('',#6869,#6870,#6871);
#6869 = CARTESIAN_POINT('',(61.5,52.5,1.8));
#6870 = DIRECTION('',(0.,0.,1.));
#6871 = DIRECTION('',(1.,0.,-0.));
#6872 = ADVANCED_FACE('',(#6873),#6879,.F.);
#6873 = FACE_BOUND('',#6874,.F.);
#6874 = EDGE_LOOP('',(#6875,#6876,#6877,#6878));
#6875 = ORIENTED_EDGE('',*,*,#3937,.F.);
#6876 = ORIENTED_EDGE('',*,*,#3889,.T.);
#6877 = ORIENTED_EDGE('',*,*,#3913,.T.);
#6878 = ORIENTED_EDGE('',*,*,#3961,.F.);
#6879 = PLANE('',#6880);
#6880 = AXIS2_PLACEMENT_3D('',#6881,#6882,#6883);
#6881 = CARTESIAN_POINT('',(37.07,57.85,16.916434084913));
#6882 = DIRECTION('',(0.,0.,1.));
#6883 = DIRECTION('',(1.,0.,-0.));
#6884 = ADVANCED_FACE('',(#6885),#6896,.F.);
#6885 = FACE_BOUND('',#6886,.F.);
#6886 = EDGE_LOOP('',(#6887,#6888,#6894,#6895));
#6887 = ORIENTED_EDGE('',*,*,#4066,.F.);
#6888 = ORIENTED_EDGE('',*,*,#6889,.F.);
#6889 = EDGE_CURVE('',#6472,#4059,#6890,.T.);
#6890 = LINE('',#6891,#6892);
#6891 = CARTESIAN_POINT('',(25.885,11.3,20.1));
#6892 = VECTOR('',#6893,1.);
#6893 = DIRECTION('',(0.,0.,1.));
#6894 = ORIENTED_EDGE('',*,*,#6471,.T.);
#6895 = ORIENTED_EDGE('',*,*,#6889,.T.);
#6896 = CYLINDRICAL_SURFACE('',#6897,3.485);
#6897 = AXIS2_PLACEMENT_3D('',#6898,#6899,#6900);
#6898 = CARTESIAN_POINT('',(22.4,11.3,20.1));
#6899 = DIRECTION('',(0.,0.,1.));
#6900 = DIRECTION('',(1.,0.,-0.));
#6901 = ADVANCED_FACE('',(#6902),#6916,.T.);
#6902 = FACE_BOUND('',#6903,.F.);
#6903 = EDGE_LOOP('',(#6904,#6905,#6906,#6907,#6908,#6909,#6910,#6911,
    #6912,#6913,#6914,#6915));
#6904 = ORIENTED_EDGE('',*,*,#4082,.T.);
#6905 = ORIENTED_EDGE('',*,*,#4353,.T.);
#6906 = ORIENTED_EDGE('',*,*,#4329,.T.);
#6907 = ORIENTED_EDGE('',*,*,#4305,.T.);
#6908 = ORIENTED_EDGE('',*,*,#4281,.T.);
#6909 = ORIENTED_EDGE('',*,*,#4257,.T.);
#6910 = ORIENTED_EDGE('',*,*,#4233,.T.);
#6911 = ORIENTED_EDGE('',*,*,#4209,.T.);
#6912 = ORIENTED_EDGE('',*,*,#4185,.T.);
#6913 = ORIENTED_EDGE('',*,*,#4161,.T.);
#6914 = ORIENTED_EDGE('',*,*,#4137,.T.);
#6915 = ORIENTED_EDGE('',*,*,#4113,.T.);
#6916 = PLANE('',#6917);
#6917 = AXIS2_PLACEMENT_3D('',#6918,#6919,#6920);
#6918 = CARTESIAN_POINT('',(22.287701908957,56.223311306902,21.7));
#6919 = DIRECTION('',(0.,0.,1.));
#6920 = DIRECTION('',(-1.,1.224646799147E-16,0.));
#6921 = ADVANCED_FACE('',(#6922,#6932),#7006,.T.);
#6922 = FACE_BOUND('',#6923,.F.);
#6923 = EDGE_LOOP('',(#6924,#6925,#6926,#6927,#6928,#6929,#6930,#6931));
#6924 = ORIENTED_EDGE('',*,*,#4370,.T.);
#6925 = ORIENTED_EDGE('',*,*,#4545,.T.);
#6926 = ORIENTED_EDGE('',*,*,#4521,.T.);
#6927 = ORIENTED_EDGE('',*,*,#4497,.T.);
#6928 = ORIENTED_EDGE('',*,*,#4473,.T.);
#6929 = ORIENTED_EDGE('',*,*,#4449,.T.);
#6930 = ORIENTED_EDGE('',*,*,#4425,.T.);
#6931 = ORIENTED_EDGE('',*,*,#4401,.T.);
#6932 = FACE_BOUND('',#6933,.F.);
#6933 = EDGE_LOOP('',(#6934,#6944,#6952,#6960,#6968,#6976,#6984,#6992,
    #7000));
#6934 = ORIENTED_EDGE('',*,*,#6935,.T.);
#6935 = EDGE_CURVE('',#6936,#6938,#6940,.T.);
#6936 = VERTEX_POINT('',#6937);
#6937 = CARTESIAN_POINT('',(28.454001468429,54.908480176211,21.7));
#6938 = VERTEX_POINT('',#6939);
#6939 = CARTESIAN_POINT('',(28.615528634361,54.37503671072,21.7));
#6940 = B_SPLINE_CURVE_WITH_KNOTS('',2,(#6941,#6942,#6943),
  .UNSPECIFIED.,.F.,.F.,(3,3),(0.,1.),.PIECEWISE_BEZIER_KNOTS.);
#6941 = CARTESIAN_POINT('',(28.454001468429,54.908480176211,21.7));
#6942 = CARTESIAN_POINT('',(28.516189427313,54.697283406755,21.7));
#6943 = CARTESIAN_POINT('',(28.615528634361,54.37503671072,21.7));
#6944 = ORIENTED_EDGE('',*,*,#6945,.T.);
#6945 = EDGE_CURVE('',#6938,#6946,#6948,.T.);
#6946 = VERTEX_POINT('',#6947);
#6947 = CARTESIAN_POINT('',(28.813803230543,53.717621145374,21.7));
#6948 = B_SPLINE_CURVE_WITH_KNOTS('',2,(#6949,#6950,#6951),
  .UNSPECIFIED.,.F.,.F.,(3,3),(0.,1.),.PIECEWISE_BEZIER_KNOTS.);
#6949 = CARTESIAN_POINT('',(28.615528634361,54.37503671072,21.7));
#6950 = CARTESIAN_POINT('',(28.714464023495,54.052386196769,21.7));
#6951 = CARTESIAN_POINT('',(28.813803230543,53.717621145374,21.7));
#6952 = ORIENTED_EDGE('',*,*,#6953,.T.);
#6953 = EDGE_CURVE('',#6946,#6954,#6956,.T.);
#6954 = VERTEX_POINT('',#6955);
#6955 = CARTESIAN_POINT('',(28.975330396476,53.134508076358,21.7));
#6956 = B_SPLINE_CURVE_WITH_KNOTS('',2,(#6957,#6958,#6959),
  .UNSPECIFIED.,.F.,.F.,(3,3),(0.,1.),.PIECEWISE_BEZIER_KNOTS.);
#6957 = CARTESIAN_POINT('',(28.813803230543,53.717621145374,21.7));
#6958 = CARTESIAN_POINT('',(28.913142437592,53.382452276065,21.7));
#6959 = CARTESIAN_POINT('',(28.975330396476,53.134508076358,21.7));
#6960 = ORIENTED_EDGE('',*,*,#6961,.T.);
#6961 = EDGE_CURVE('',#6954,#6962,#6964,.T.);
#6962 = VERTEX_POINT('',#6963);
#6963 = CARTESIAN_POINT('',(29.142511013216,53.748715124816,21.7));
#6964 = B_SPLINE_CURVE_WITH_KNOTS('',2,(#6965,#6966,#6967),
  .UNSPECIFIED.,.F.,.F.,(3,3),(0.,1.),.PIECEWISE_BEZIER_KNOTS.);
#6965 = CARTESIAN_POINT('',(28.975330396476,53.134508076358,21.7));
#6966 = CARTESIAN_POINT('',(29.037114537445,53.382452276065,21.7));
#6967 = CARTESIAN_POINT('',(29.142511013216,53.748715124816,21.7));
#6968 = ORIENTED_EDGE('',*,*,#6969,.T.);
#6969 = EDGE_CURVE('',#6962,#6970,#6972,.T.);
#6970 = VERTEX_POINT('',#6971);
#6971 = CARTESIAN_POINT('',(29.341189427313,54.443281938326,21.7));
#6972 = B_SPLINE_CURVE_WITH_KNOTS('',2,(#6973,#6974,#6975),
  .UNSPECIFIED.,.F.,.F.,(3,3),(0.,1.),.PIECEWISE_BEZIER_KNOTS.);
#6973 = CARTESIAN_POINT('',(29.142511013216,53.748715124816,21.7));
#6974 = CARTESIAN_POINT('',(29.247907488987,54.114574155653,21.7));
#6975 = CARTESIAN_POINT('',(29.341189427313,54.443281938326,21.7));
#6976 = ORIENTED_EDGE('',*,*,#6977,.T.);
#6977 = EDGE_CURVE('',#6970,#6978,#6980,.T.);
#6978 = VERTEX_POINT('',#6979);
#6979 = CARTESIAN_POINT('',(29.483737151248,54.908480176211,21.7));
#6980 = B_SPLINE_CURVE_WITH_KNOTS('',2,(#6981,#6982,#6983),
  .UNSPECIFIED.,.F.,.F.,(3,3),(0.,1.),.PIECEWISE_BEZIER_KNOTS.);
#6981 = CARTESIAN_POINT('',(29.341189427313,54.443281938326,21.7));
#6982 = CARTESIAN_POINT('',(29.434067547724,54.771989720999,21.7));
#6983 = CARTESIAN_POINT('',(29.483737151248,54.908480176211,21.7));
#6984 = ORIENTED_EDGE('',*,*,#6985,.T.);
#6985 = EDGE_CURVE('',#6978,#6986,#6988,.T.);
#6986 = VERTEX_POINT('',#6987);
#6987 = CARTESIAN_POINT('',(30.116519823789,56.967547723935,21.7));
#6988 = LINE('',#6989,#6990);
#6989 = CARTESIAN_POINT('',(29.483737151248,54.908480176211,21.7));
#6990 = VECTOR('',#6991,1.);
#6991 = DIRECTION('',(0.293756502267,0.955880284019,0.));
#6992 = ORIENTED_EDGE('',*,*,#6993,.T.);
#6993 = EDGE_CURVE('',#6986,#6994,#6996,.T.);
#6994 = VERTEX_POINT('',#6995);
#6995 = CARTESIAN_POINT('',(27.809104258443,56.967547723935,21.7));
#6996 = LINE('',#6997,#6998);
#6997 = CARTESIAN_POINT('',(30.116519823789,56.967547723935,21.7));
#6998 = VECTOR('',#6999,1.);
#6999 = DIRECTION('',(-1.,1.224646799147E-16,0.));
#7000 = ORIENTED_EDGE('',*,*,#7001,.T.);
#7001 = EDGE_CURVE('',#6994,#6936,#7002,.T.);
#7002 = LINE('',#7003,#7004);
#7003 = CARTESIAN_POINT('',(27.809104258443,56.967547723935,21.7));
#7004 = VECTOR('',#7005,1.);
#7005 = DIRECTION('',(0.298882345434,-0.954289968295,0.));
#7006 = PLANE('',#7007);
#7007 = AXIS2_PLACEMENT_3D('',#7008,#7009,#7010);
#7008 = CARTESIAN_POINT('',(28.974561904623,56.733929309213,21.7));
#7009 = DIRECTION('',(0.,0.,1.));
#7010 = DIRECTION('',(-1.,1.224646799147E-16,0.));
#7011 = ADVANCED_FACE('',(#7012),#7035,.T.);
#7012 = FACE_BOUND('',#7013,.F.);
#7013 = EDGE_LOOP('',(#7014,#7015,#7016,#7017,#7018,#7019,#7020,#7021,
    #7022,#7023,#7024,#7025,#7026,#7027,#7028,#7029,#7030,#7031,#7032,
    #7033,#7034));
#7014 = ORIENTED_EDGE('',*,*,#4562,.T.);
#7015 = ORIENTED_EDGE('',*,*,#5065,.T.);
#7016 = ORIENTED_EDGE('',*,*,#5041,.T.);
#7017 = ORIENTED_EDGE('',*,*,#5015,.T.);
#7018 = ORIENTED_EDGE('',*,*,#4989,.T.);
#7019 = ORIENTED_EDGE('',*,*,#4963,.T.);
#7020 = ORIENTED_EDGE('',*,*,#4937,.T.);
#7021 = ORIENTED_EDGE('',*,*,#4911,.T.);
#7022 = ORIENTED_EDGE('',*,*,#4887,.T.);
#7023 = ORIENTED_EDGE('',*,*,#4863,.T.);
#7024 = ORIENTED_EDGE('',*,*,#4839,.T.);
#7025 = ORIENTED_EDGE('',*,*,#4815,.T.);
#7026 = ORIENTED_EDGE('',*,*,#4791,.T.);
#7027 = ORIENTED_EDGE('',*,*,#4767,.T.);
#7028 = ORIENTED_EDGE('',*,*,#4743,.T.);
#7029 = ORIENTED_EDGE('',*,*,#4719,.T.);
#7030 = ORIENTED_EDGE('',*,*,#4695,.T.);
#7031 = ORIENTED_EDGE('',*,*,#4671,.T.);
#7032 = ORIENTED_EDGE('',*,*,#4647,.T.);
#7033 = ORIENTED_EDGE('',*,*,#4621,.T.);
#7034 = ORIENTED_EDGE('',*,*,#4595,.T.);
#7035 = PLANE('',#7036);
#7036 = AXIS2_PLACEMENT_3D('',#7037,#7038,#7039);
#7037 = CARTESIAN_POINT('',(35.860386359176,56.620626756627,21.7));
#7038 = DIRECTION('',(0.,0.,1.));
#7039 = DIRECTION('',(-1.,1.224646799147E-16,0.));
#7040 = ADVANCED_FACE('',(#7041),#7051,.T.);
#7041 = FACE_BOUND('',#7042,.F.);
#7042 = EDGE_LOOP('',(#7043,#7044,#7045,#7046,#7047,#7048,#7049,#7050));
#7043 = ORIENTED_EDGE('',*,*,#5084,.T.);
#7044 = ORIENTED_EDGE('',*,*,#5273,.T.);
#7045 = ORIENTED_EDGE('',*,*,#5247,.T.);
#7046 = ORIENTED_EDGE('',*,*,#5221,.T.);
#7047 = ORIENTED_EDGE('',*,*,#5195,.T.);
#7048 = ORIENTED_EDGE('',*,*,#5169,.T.);
#7049 = ORIENTED_EDGE('',*,*,#5143,.T.);
#7050 = ORIENTED_EDGE('',*,*,#5117,.T.);
#7051 = PLANE('',#7052);
#7052 = AXIS2_PLACEMENT_3D('',#7053,#7054,#7055);
#7053 = CARTESIAN_POINT('',(48.651843559561,55.913846714181,21.7));
#7054 = DIRECTION('',(0.,0.,1.));
#7055 = DIRECTION('',(-1.,1.224646799147E-16,0.));
#7056 = ADVANCED_FACE('',(#7057),#7077,.T.);
#7057 = FACE_BOUND('',#7058,.F.);
#7058 = EDGE_LOOP('',(#7059,#7060,#7061,#7062,#7063,#7064,#7065,#7066,
    #7067,#7068,#7069,#7070,#7071,#7072,#7073,#7074,#7075,#7076));
#7059 = ORIENTED_EDGE('',*,*,#5292,.T.);
#7060 = ORIENTED_EDGE('',*,*,#5723,.T.);
#7061 = ORIENTED_EDGE('',*,*,#5699,.T.);
#7062 = ORIENTED_EDGE('',*,*,#5673,.T.);
#7063 = ORIENTED_EDGE('',*,*,#5647,.T.);
#7064 = ORIENTED_EDGE('',*,*,#5621,.T.);
#7065 = ORIENTED_EDGE('',*,*,#5595,.T.);
#7066 = ORIENTED_EDGE('',*,*,#5571,.T.);
#7067 = ORIENTED_EDGE('',*,*,#5547,.T.);
#7068 = ORIENTED_EDGE('',*,*,#5523,.T.);
#7069 = ORIENTED_EDGE('',*,*,#5497,.T.);
#7070 = ORIENTED_EDGE('',*,*,#5471,.T.);
#7071 = ORIENTED_EDGE('',*,*,#5445,.T.);
#7072 = ORIENTED_EDGE('',*,*,#5421,.T.);
#7073 = ORIENTED_EDGE('',*,*,#5397,.T.);
#7074 = ORIENTED_EDGE('',*,*,#5373,.T.);
#7075 = ORIENTED_EDGE('',*,*,#5349,.T.);
#7076 = ORIENTED_EDGE('',*,*,#5325,.T.);
#7077 = PLANE('',#7078);
#7078 = AXIS2_PLACEMENT_3D('',#7079,#7080,#7081);
#7079 = CARTESIAN_POINT('',(43.064809942221,56.441816478571,21.7));
#7080 = DIRECTION('',(0.,0.,1.));
#7081 = DIRECTION('',(-1.,1.224646799147E-16,0.));
#7082 = ADVANCED_FACE('',(#7083),#7089,.T.);
#7083 = FACE_BOUND('',#7084,.F.);
#7084 = EDGE_LOOP('',(#7085,#7086,#7087,#7088));
#7085 = ORIENTED_EDGE('',*,*,#5742,.T.);
#7086 = ORIENTED_EDGE('',*,*,#5821,.T.);
#7087 = ORIENTED_EDGE('',*,*,#5797,.T.);
#7088 = ORIENTED_EDGE('',*,*,#5773,.T.);
#7089 = PLANE('',#7090);
#7090 = AXIS2_PLACEMENT_3D('',#7091,#7092,#7093);
#7091 = CARTESIAN_POINT('',(48.651843559561,55.913846714181,21.7));
#7092 = DIRECTION('',(0.,0.,1.));
#7093 = DIRECTION('',(-1.,1.224646799147E-16,0.));
#7094 = ADVANCED_FACE('',(#7095),#7108,.T.);
#7095 = FACE_BOUND('',#7096,.F.);
#7096 = EDGE_LOOP('',(#7097,#7098,#7099,#7100,#7101,#7102,#7103,#7104,
    #7105,#7106,#7107));
#7097 = ORIENTED_EDGE('',*,*,#5838,.T.);
#7098 = ORIENTED_EDGE('',*,*,#6091,.T.);
#7099 = ORIENTED_EDGE('',*,*,#6067,.T.);
#7100 = ORIENTED_EDGE('',*,*,#6041,.T.);
#7101 = ORIENTED_EDGE('',*,*,#6015,.T.);
#7102 = ORIENTED_EDGE('',*,*,#5991,.T.);
#7103 = ORIENTED_EDGE('',*,*,#5965,.T.);
#7104 = ORIENTED_EDGE('',*,*,#5941,.T.);
#7105 = ORIENTED_EDGE('',*,*,#5917,.T.);
#7106 = ORIENTED_EDGE('',*,*,#5893,.T.);
#7107 = ORIENTED_EDGE('',*,*,#5869,.T.);
#7108 = PLANE('',#7109);
#7109 = AXIS2_PLACEMENT_3D('',#7110,#7111,#7112);
#7110 = CARTESIAN_POINT('',(54.071080927506,56.780740023609,21.7));
#7111 = DIRECTION('',(0.,0.,1.));
#7112 = DIRECTION('',(-1.,1.224646799147E-16,0.));
#7113 = ADVANCED_FACE('',(#7114),#7130,.T.);
#7114 = FACE_BOUND('',#7115,.F.);
#7115 = EDGE_LOOP('',(#7116,#7117,#7118,#7119,#7120,#7121,#7122,#7123,
    #7124,#7125,#7126,#7127,#7128,#7129));
#7116 = ORIENTED_EDGE('',*,*,#6108,.T.);
#7117 = ORIENTED_EDGE('',*,*,#6431,.T.);
#7118 = ORIENTED_EDGE('',*,*,#6407,.T.);
#7119 = ORIENTED_EDGE('',*,*,#6383,.T.);
#7120 = ORIENTED_EDGE('',*,*,#6359,.T.);
#7121 = ORIENTED_EDGE('',*,*,#6335,.T.);
#7122 = ORIENTED_EDGE('',*,*,#6311,.T.);
#7123 = ORIENTED_EDGE('',*,*,#6287,.T.);
#7124 = ORIENTED_EDGE('',*,*,#6261,.T.);
#7125 = ORIENTED_EDGE('',*,*,#6235,.T.);
#7126 = ORIENTED_EDGE('',*,*,#6211,.T.);
#7127 = ORIENTED_EDGE('',*,*,#6187,.T.);
#7128 = ORIENTED_EDGE('',*,*,#6163,.T.);
#7129 = ORIENTED_EDGE('',*,*,#6139,.T.);
#7130 = PLANE('',#7131);
#7131 = AXIS2_PLACEMENT_3D('',#7132,#7133,#7134);
#7132 = CARTESIAN_POINT('',(61.656911871511,56.188866554843,21.7));
#7133 = DIRECTION('',(0.,0.,1.));
#7134 = DIRECTION('',(-1.,1.224646799147E-16,0.));
#7135 = ADVANCED_FACE('',(#7136),#7155,.F.);
#7136 = FACE_BOUND('',#7137,.F.);
#7137 = EDGE_LOOP('',(#7138,#7146,#7153,#7154));
#7138 = ORIENTED_EDGE('',*,*,#7139,.T.);
#7139 = EDGE_CURVE('',#6452,#7140,#7142,.T.);
#7140 = VERTEX_POINT('',#7141);
#7141 = CARTESIAN_POINT('',(4.6,3.5,15.8));
#7142 = LINE('',#7143,#7144);
#7143 = CARTESIAN_POINT('',(4.6,3.5,1.7));
#7144 = VECTOR('',#7145,1.);
#7145 = DIRECTION('',(0.,0.,1.));
#7146 = ORIENTED_EDGE('',*,*,#7147,.F.);
#7147 = EDGE_CURVE('',#7140,#7140,#7148,.T.);
#7148 = CIRCLE('',#7149,1.1);
#7149 = AXIS2_PLACEMENT_3D('',#7150,#7151,#7152);
#7150 = CARTESIAN_POINT('',(3.5,3.5,15.8));
#7151 = DIRECTION('',(0.,0.,1.));
#7152 = DIRECTION('',(1.,0.,-0.));
#7153 = ORIENTED_EDGE('',*,*,#7139,.F.);
#7154 = ORIENTED_EDGE('',*,*,#6451,.T.);
#7155 = CYLINDRICAL_SURFACE('',#7156,1.1);
#7156 = AXIS2_PLACEMENT_3D('',#7157,#7158,#7159);
#7157 = CARTESIAN_POINT('',(3.5,3.5,1.7));
#7158 = DIRECTION('',(0.,0.,1.));
#7159 = DIRECTION('',(1.,0.,-0.));
#7160 = ADVANCED_FACE('',(#7161),#7180,.F.);
#7161 = FACE_BOUND('',#7162,.F.);
#7162 = EDGE_LOOP('',(#7163,#7171,#7178,#7179));
#7163 = ORIENTED_EDGE('',*,*,#7164,.T.);
#7164 = EDGE_CURVE('',#6492,#7165,#7167,.T.);
#7165 = VERTEX_POINT('',#7166);
#7166 = CARTESIAN_POINT('',(10.85,21.8,20.89));
#7167 = LINE('',#7168,#7169);
#7168 = CARTESIAN_POINT('',(10.85,21.8,14.79));
#7169 = VECTOR('',#7170,1.);
#7170 = DIRECTION('',(0.,0.,1.));
#7171 = ORIENTED_EDGE('',*,*,#7172,.F.);
#7172 = EDGE_CURVE('',#7165,#7165,#7173,.T.);
#7173 = CIRCLE('',#7174,0.85);
#7174 = AXIS2_PLACEMENT_3D('',#7175,#7176,#7177);
#7175 = CARTESIAN_POINT('',(10.,21.8,20.89));
#7176 = DIRECTION('',(0.,0.,1.));
#7177 = DIRECTION('',(1.,0.,-0.));
#7178 = ORIENTED_EDGE('',*,*,#7164,.F.);
#7179 = ORIENTED_EDGE('',*,*,#6491,.T.);
#7180 = CYLINDRICAL_SURFACE('',#7181,0.85);
#7181 = AXIS2_PLACEMENT_3D('',#7182,#7183,#7184);
#7182 = CARTESIAN_POINT('',(10.,21.8,14.79));
#7183 = DIRECTION('',(0.,0.,1.));
#7184 = DIRECTION('',(1.,0.,-0.));
#7185 = ADVANCED_FACE('',(#7186),#7205,.F.);
#7186 = FACE_BOUND('',#7187,.F.);
#7187 = EDGE_LOOP('',(#7188,#7196,#7203,#7204));
#7188 = ORIENTED_EDGE('',*,*,#7189,.T.);
#7189 = EDGE_CURVE('',#6512,#7190,#7192,.T.);
#7190 = VERTEX_POINT('',#7191);
#7191 = CARTESIAN_POINT('',(23.35,21.8,20.89));
#7192 = LINE('',#7193,#7194);
#7193 = CARTESIAN_POINT('',(23.35,21.8,14.79));
#7194 = VECTOR('',#7195,1.);
#7195 = DIRECTION('',(0.,0.,1.));
#7196 = ORIENTED_EDGE('',*,*,#7197,.F.);
#7197 = EDGE_CURVE('',#7190,#7190,#7198,.T.);
#7198 = CIRCLE('',#7199,0.85);
#7199 = AXIS2_PLACEMENT_3D('',#7200,#7201,#7202);
#7200 = CARTESIAN_POINT('',(22.5,21.8,20.89));
#7201 = DIRECTION('',(0.,0.,1.));
#7202 = DIRECTION('',(1.,0.,-0.));
#7203 = ORIENTED_EDGE('',*,*,#7189,.F.);
#7204 = ORIENTED_EDGE('',*,*,#6511,.T.);
#7205 = CYLINDRICAL_SURFACE('',#7206,0.85);
#7206 = AXIS2_PLACEMENT_3D('',#7207,#7208,#7209);
#7207 = CARTESIAN_POINT('',(22.5,21.8,14.79));
#7208 = DIRECTION('',(0.,0.,1.));
#7209 = DIRECTION('',(1.,0.,-0.));
#7210 = ADVANCED_FACE('',(#7211),#7230,.F.);
#7211 = FACE_BOUND('',#7212,.F.);
#7212 = EDGE_LOOP('',(#7213,#7221,#7228,#7229));
#7213 = ORIENTED_EDGE('',*,*,#7214,.T.);
#7214 = EDGE_CURVE('',#6532,#7215,#7217,.T.);
#7215 = VERTEX_POINT('',#7216);
#7216 = CARTESIAN_POINT('',(23.85,27.,21.7));
#7217 = LINE('',#7218,#7219);
#7218 = CARTESIAN_POINT('',(23.85,27.,17.2));
#7219 = VECTOR('',#7220,1.);
#7220 = DIRECTION('',(0.,0.,1.));
#7221 = ORIENTED_EDGE('',*,*,#7222,.F.);
#7222 = EDGE_CURVE('',#7215,#7215,#7223,.T.);
#7223 = CIRCLE('',#7224,0.85);
#7224 = AXIS2_PLACEMENT_3D('',#7225,#7226,#7227);
#7225 = CARTESIAN_POINT('',(23.,27.,21.7));
#7226 = DIRECTION('',(0.,0.,1.));
#7227 = DIRECTION('',(1.,0.,-0.));
#7228 = ORIENTED_EDGE('',*,*,#7214,.F.);
#7229 = ORIENTED_EDGE('',*,*,#6531,.T.);
#7230 = CYLINDRICAL_SURFACE('',#7231,0.85);
#7231 = AXIS2_PLACEMENT_3D('',#7232,#7233,#7234);
#7232 = CARTESIAN_POINT('',(23.,27.,17.2));
#7233 = DIRECTION('',(0.,0.,1.));
#7234 = DIRECTION('',(1.,0.,-0.));
#7235 = ADVANCED_FACE('',(#7236),#7255,.F.);
#7236 = FACE_BOUND('',#7237,.F.);
#7237 = EDGE_LOOP('',(#7238,#7246,#7253,#7254));
#7238 = ORIENTED_EDGE('',*,*,#7239,.T.);
#7239 = EDGE_CURVE('',#6552,#7240,#7242,.T.);
#7240 = VERTEX_POINT('',#7241);
#7241 = CARTESIAN_POINT('',(62.6,3.5,15.8));
#7242 = LINE('',#7243,#7244);
#7243 = CARTESIAN_POINT('',(62.6,3.5,1.7));
#7244 = VECTOR('',#7245,1.);
#7245 = DIRECTION('',(0.,0.,1.));
#7246 = ORIENTED_EDGE('',*,*,#7247,.F.);
#7247 = EDGE_CURVE('',#7240,#7240,#7248,.T.);
#7248 = CIRCLE('',#7249,1.1);
#7249 = AXIS2_PLACEMENT_3D('',#7250,#7251,#7252);
#7250 = CARTESIAN_POINT('',(61.5,3.5,15.8));
#7251 = DIRECTION('',(0.,0.,1.));
#7252 = DIRECTION('',(1.,0.,-0.));
#7253 = ORIENTED_EDGE('',*,*,#7239,.F.);
#7254 = ORIENTED_EDGE('',*,*,#6551,.T.);
#7255 = CYLINDRICAL_SURFACE('',#7256,1.1);
#7256 = AXIS2_PLACEMENT_3D('',#7257,#7258,#7259);
#7257 = CARTESIAN_POINT('',(61.5,3.5,1.7));
#7258 = DIRECTION('',(0.,0.,1.));
#7259 = DIRECTION('',(1.,0.,-0.));
#7260 = ADVANCED_FACE('',(#7261),#7280,.F.);
#7261 = FACE_BOUND('',#7262,.F.);
#7262 = EDGE_LOOP('',(#7263,#7271,#7278,#7279));
#7263 = ORIENTED_EDGE('',*,*,#7264,.T.);
#7264 = EDGE_CURVE('',#6572,#7265,#7267,.T.);
#7265 = VERTEX_POINT('',#7266);
#7266 = CARTESIAN_POINT('',(43.85,27.,21.7));
#7267 = LINE('',#7268,#7269);
#7268 = CARTESIAN_POINT('',(43.85,27.,17.2));
#7269 = VECTOR('',#7270,1.);
#7270 = DIRECTION('',(0.,0.,1.));
#7271 = ORIENTED_EDGE('',*,*,#7272,.F.);
#7272 = EDGE_CURVE('',#7265,#7265,#7273,.T.);
#7273 = CIRCLE('',#7274,0.85);
#7274 = AXIS2_PLACEMENT_3D('',#7275,#7276,#7277);
#7275 = CARTESIAN_POINT('',(43.,27.,21.7));
#7276 = DIRECTION('',(0.,0.,1.));
#7277 = DIRECTION('',(1.,0.,-0.));
#7278 = ORIENTED_EDGE('',*,*,#7264,.F.);
#7279 = ORIENTED_EDGE('',*,*,#6571,.T.);
#7280 = CYLINDRICAL_SURFACE('',#7281,0.85);
#7281 = AXIS2_PLACEMENT_3D('',#7282,#7283,#7284);
#7282 = CARTESIAN_POINT('',(43.,27.,17.2));
#7283 = DIRECTION('',(0.,0.,1.));
#7284 = DIRECTION('',(1.,0.,-0.));
#7285 = ADVANCED_FACE('',(#7286),#7305,.F.);
#7286 = FACE_BOUND('',#7287,.F.);
#7287 = EDGE_LOOP('',(#7288,#7296,#7303,#7304));
#7288 = ORIENTED_EDGE('',*,*,#7289,.T.);
#7289 = EDGE_CURVE('',#6592,#7290,#7292,.T.);
#7290 = VERTEX_POINT('',#7291);
#7291 = CARTESIAN_POINT('',(4.6,52.5,15.8));
#7292 = LINE('',#7293,#7294);
#7293 = CARTESIAN_POINT('',(4.6,52.5,1.7));
#7294 = VECTOR('',#7295,1.);
#7295 = DIRECTION('',(0.,0.,1.));
#7296 = ORIENTED_EDGE('',*,*,#7297,.F.);
#7297 = EDGE_CURVE('',#7290,#7290,#7298,.T.);
#7298 = CIRCLE('',#7299,1.1);
#7299 = AXIS2_PLACEMENT_3D('',#7300,#7301,#7302);
#7300 = CARTESIAN_POINT('',(3.5,52.5,15.8));
#7301 = DIRECTION('',(0.,0.,1.));
#7302 = DIRECTION('',(1.,0.,-0.));
#7303 = ORIENTED_EDGE('',*,*,#7289,.F.);
#7304 = ORIENTED_EDGE('',*,*,#6591,.T.);
#7305 = CYLINDRICAL_SURFACE('',#7306,1.1);
#7306 = AXIS2_PLACEMENT_3D('',#7307,#7308,#7309);
#7307 = CARTESIAN_POINT('',(3.5,52.5,1.7));
#7308 = DIRECTION('',(0.,0.,1.));
#7309 = DIRECTION('',(1.,0.,-0.));
#7310 = ADVANCED_FACE('',(#7311),#7330,.F.);
#7311 = FACE_BOUND('',#7312,.F.);
#7312 = EDGE_LOOP('',(#7313,#7321,#7328,#7329));
#7313 = ORIENTED_EDGE('',*,*,#7314,.T.);
#7314 = EDGE_CURVE('',#6612,#7315,#7317,.T.);
#7315 = VERTEX_POINT('',#7316);
#7316 = CARTESIAN_POINT('',(23.85,47.,21.7));
#7317 = LINE('',#7318,#7319);
#7318 = CARTESIAN_POINT('',(23.85,47.,17.2));
#7319 = VECTOR('',#7320,1.);
#7320 = DIRECTION('',(0.,0.,1.));
#7321 = ORIENTED_EDGE('',*,*,#7322,.F.);
#7322 = EDGE_CURVE('',#7315,#7315,#7323,.T.);
#7323 = CIRCLE('',#7324,0.85);
#7324 = AXIS2_PLACEMENT_3D('',#7325,#7326,#7327);
#7325 = CARTESIAN_POINT('',(23.,47.,21.7));
#7326 = DIRECTION('',(0.,0.,1.));
#7327 = DIRECTION('',(1.,0.,-0.));
#7328 = ORIENTED_EDGE('',*,*,#7314,.F.);
#7329 = ORIENTED_EDGE('',*,*,#6611,.T.);
#7330 = CYLINDRICAL_SURFACE('',#7331,0.85);
#7331 = AXIS2_PLACEMENT_3D('',#7332,#7333,#7334);
#7332 = CARTESIAN_POINT('',(23.,47.,17.2));
#7333 = DIRECTION('',(0.,0.,1.));
#7334 = DIRECTION('',(1.,0.,-0.));
#7335 = ADVANCED_FACE('',(#7336),#7355,.F.);
#7336 = FACE_BOUND('',#7337,.F.);
#7337 = EDGE_LOOP('',(#7338,#7346,#7353,#7354));
#7338 = ORIENTED_EDGE('',*,*,#7339,.T.);
#7339 = EDGE_CURVE('',#6800,#7340,#7342,.T.);
#7340 = VERTEX_POINT('',#7341);
#7341 = CARTESIAN_POINT('',(10.85,0.8,20.89));
#7342 = LINE('',#7343,#7344);
#7343 = CARTESIAN_POINT('',(10.85,0.8,14.79));
#7344 = VECTOR('',#7345,1.);
#7345 = DIRECTION('',(0.,0.,1.));
#7346 = ORIENTED_EDGE('',*,*,#7347,.F.);
#7347 = EDGE_CURVE('',#7340,#7340,#7348,.T.);
#7348 = CIRCLE('',#7349,0.85);
#7349 = AXIS2_PLACEMENT_3D('',#7350,#7351,#7352);
#7350 = CARTESIAN_POINT('',(10.,0.8,20.89));
#7351 = DIRECTION('',(0.,0.,1.));
#7352 = DIRECTION('',(1.,0.,-0.));
#7353 = ORIENTED_EDGE('',*,*,#7339,.F.);
#7354 = ORIENTED_EDGE('',*,*,#6799,.T.);
#7355 = CYLINDRICAL_SURFACE('',#7356,0.85);
#7356 = AXIS2_PLACEMENT_3D('',#7357,#7358,#7359);
#7357 = CARTESIAN_POINT('',(10.,0.8,14.79));
#7358 = DIRECTION('',(0.,0.,1.));
#7359 = DIRECTION('',(1.,0.,-0.));
#7360 = ADVANCED_FACE('',(#7361),#7380,.F.);
#7361 = FACE_BOUND('',#7362,.F.);
#7362 = EDGE_LOOP('',(#7363,#7371,#7378,#7379));
#7363 = ORIENTED_EDGE('',*,*,#7364,.T.);
#7364 = EDGE_CURVE('',#6820,#7365,#7367,.T.);
#7365 = VERTEX_POINT('',#7366);
#7366 = CARTESIAN_POINT('',(23.35,0.8,20.89));
#7367 = LINE('',#7368,#7369);
#7368 = CARTESIAN_POINT('',(23.35,0.8,14.79));
#7369 = VECTOR('',#7370,1.);
#7370 = DIRECTION('',(0.,0.,1.));
#7371 = ORIENTED_EDGE('',*,*,#7372,.F.);
#7372 = EDGE_CURVE('',#7365,#7365,#7373,.T.);
#7373 = CIRCLE('',#7374,0.85);
#7374 = AXIS2_PLACEMENT_3D('',#7375,#7376,#7377);
#7375 = CARTESIAN_POINT('',(22.5,0.8,20.89));
#7376 = DIRECTION('',(0.,0.,1.));
#7377 = DIRECTION('',(1.,0.,-0.));
#7378 = ORIENTED_EDGE('',*,*,#7364,.F.);
#7379 = ORIENTED_EDGE('',*,*,#6819,.T.);
#7380 = CYLINDRICAL_SURFACE('',#7381,0.85);
#7381 = AXIS2_PLACEMENT_3D('',#7382,#7383,#7384);
#7382 = CARTESIAN_POINT('',(22.5,0.8,14.79));
#7383 = DIRECTION('',(0.,0.,1.));
#7384 = DIRECTION('',(1.,0.,-0.));
#7385 = ADVANCED_FACE('',(#7386),#7405,.F.);
#7386 = FACE_BOUND('',#7387,.F.);
#7387 = EDGE_LOOP('',(#7388,#7396,#7403,#7404));
#7388 = ORIENTED_EDGE('',*,*,#7389,.T.);
#7389 = EDGE_CURVE('',#6840,#7390,#7392,.T.);
#7390 = VERTEX_POINT('',#7391);
#7391 = CARTESIAN_POINT('',(43.85,47.,21.7));
#7392 = LINE('',#7393,#7394);
#7393 = CARTESIAN_POINT('',(43.85,47.,17.2));
#7394 = VECTOR('',#7395,1.);
#7395 = DIRECTION('',(0.,0.,1.));
#7396 = ORIENTED_EDGE('',*,*,#7397,.F.);
#7397 = EDGE_CURVE('',#7390,#7390,#7398,.T.);
#7398 = CIRCLE('',#7399,0.85);
#7399 = AXIS2_PLACEMENT_3D('',#7400,#7401,#7402);
#7400 = CARTESIAN_POINT('',(43.,47.,21.7));
#7401 = DIRECTION('',(0.,0.,1.));
#7402 = DIRECTION('',(1.,0.,-0.));
#7403 = ORIENTED_EDGE('',*,*,#7389,.F.);
#7404 = ORIENTED_EDGE('',*,*,#6839,.T.);
#7405 = CYLINDRICAL_SURFACE('',#7406,0.85);
#7406 = AXIS2_PLACEMENT_3D('',#7407,#7408,#7409);
#7407 = CARTESIAN_POINT('',(43.,47.,17.2));
#7408 = DIRECTION('',(0.,0.,1.));
#7409 = DIRECTION('',(1.,0.,-0.));
#7410 = ADVANCED_FACE('',(#7411),#7430,.F.);
#7411 = FACE_BOUND('',#7412,.F.);
#7412 = EDGE_LOOP('',(#7413,#7421,#7428,#7429));
#7413 = ORIENTED_EDGE('',*,*,#7414,.T.);
#7414 = EDGE_CURVE('',#6860,#7415,#7417,.T.);
#7415 = VERTEX_POINT('',#7416);
#7416 = CARTESIAN_POINT('',(62.6,52.5,15.8));
#7417 = LINE('',#7418,#7419);
#7418 = CARTESIAN_POINT('',(62.6,52.5,1.7));
#7419 = VECTOR('',#7420,1.);
#7420 = DIRECTION('',(0.,0.,1.));
#7421 = ORIENTED_EDGE('',*,*,#7422,.F.);
#7422 = EDGE_CURVE('',#7415,#7415,#7423,.T.);
#7423 = CIRCLE('',#7424,1.1);
#7424 = AXIS2_PLACEMENT_3D('',#7425,#7426,#7427);
#7425 = CARTESIAN_POINT('',(61.5,52.5,15.8));
#7426 = DIRECTION('',(0.,0.,1.));
#7427 = DIRECTION('',(1.,0.,-0.));
#7428 = ORIENTED_EDGE('',*,*,#7414,.F.);
#7429 = ORIENTED_EDGE('',*,*,#6859,.T.);
#7430 = CYLINDRICAL_SURFACE('',#7431,1.1);
#7431 = AXIS2_PLACEMENT_3D('',#7432,#7433,#7434);
#7432 = CARTESIAN_POINT('',(61.5,52.5,1.7));
#7433 = DIRECTION('',(0.,0.,1.));
#7434 = DIRECTION('',(1.,0.,-0.));
#7435 = ADVANCED_FACE('',(#7436),#7464,.F.);
#7436 = FACE_BOUND('',#7437,.F.);
#7437 = EDGE_LOOP('',(#7438,#7439,#7447,#7458));
#7438 = ORIENTED_EDGE('',*,*,#6935,.F.);
#7439 = ORIENTED_EDGE('',*,*,#7440,.T.);
#7440 = EDGE_CURVE('',#6936,#7441,#7443,.T.);
#7441 = VERTEX_POINT('',#7442);
#7442 = CARTESIAN_POINT('',(28.454001468429,54.908480176211,22.3));
#7443 = LINE('',#7444,#7445);
#7444 = CARTESIAN_POINT('',(28.454001468429,54.908480176211,21.7));
#7445 = VECTOR('',#7446,1.);
#7446 = DIRECTION('',(0.,0.,1.));
#7447 = ORIENTED_EDGE('',*,*,#7448,.F.);
#7448 = EDGE_CURVE('',#7449,#7441,#7451,.T.);
#7449 = VERTEX_POINT('',#7450);
#7450 = CARTESIAN_POINT('',(28.615528634361,54.37503671072,22.3));
#7451 = B_SPLINE_CURVE_WITH_KNOTS('',5,(#7452,#7453,#7454,#7455,#7456,
    #7457),.UNSPECIFIED.,.F.,.F.,(6,6),(0.,1.),
  .PIECEWISE_BEZIER_KNOTS.);
#7452 = CARTESIAN_POINT('',(28.615528634361,54.37503671072,22.3));
#7453 = CARTESIAN_POINT('',(28.577763031105,54.497544643233,22.3));
#7454 = CARTESIAN_POINT('',(28.542380865949,54.613175985201,22.3));
#7455 = CARTESIAN_POINT('',(28.509695485782,54.721001918976,22.3));
#7456 = CARTESIAN_POINT('',(28.480099797126,54.819847540441,22.3));
#7457 = CARTESIAN_POINT('',(28.454001468429,54.908480176211,22.3));
#7458 = ORIENTED_EDGE('',*,*,#7459,.F.);
#7459 = EDGE_CURVE('',#6938,#7449,#7460,.T.);
#7460 = LINE('',#7461,#7462);
#7461 = CARTESIAN_POINT('',(28.615528634361,54.37503671072,21.7));
#7462 = VECTOR('',#7463,1.);
#7463 = DIRECTION('',(0.,0.,1.));
#7464 = SURFACE_OF_LINEAR_EXTRUSION('',#7465,#7469);
#7465 = B_SPLINE_CURVE_WITH_KNOTS('',2,(#7466,#7467,#7468),
  .UNSPECIFIED.,.F.,.F.,(3,3),(0.,1.),.PIECEWISE_BEZIER_KNOTS.);
#7466 = CARTESIAN_POINT('',(28.454001468429,54.908480176211,21.7));
#7467 = CARTESIAN_POINT('',(28.516189427313,54.697283406755,21.7));
#7468 = CARTESIAN_POINT('',(28.615528634361,54.37503671072,21.7));
#7469 = VECTOR('',#7470,1.);
#7470 = DIRECTION('',(0.,0.,-1.));
#7471 = ADVANCED_FACE('',(#7472),#7492,.F.);
#7472 = FACE_BOUND('',#7473,.F.);
#7473 = EDGE_LOOP('',(#7474,#7475,#7476,#7486));
#7474 = ORIENTED_EDGE('',*,*,#6945,.F.);
#7475 = ORIENTED_EDGE('',*,*,#7459,.T.);
#7476 = ORIENTED_EDGE('',*,*,#7477,.F.);
#7477 = EDGE_CURVE('',#7478,#7449,#7480,.T.);
#7478 = VERTEX_POINT('',#7479);
#7479 = CARTESIAN_POINT('',(28.813803230543,53.717621145374,22.3));
#7480 = B_SPLINE_CURVE_WITH_KNOTS('',4,(#7481,#7482,#7483,#7484,#7485),
  .UNSPECIFIED.,.F.,.F.,(5,5),(0.,1.),.PIECEWISE_BEZIER_KNOTS.);
#7481 = CARTESIAN_POINT('',(28.813803230543,53.717621145374,22.3));
#7482 = CARTESIAN_POINT('',(28.76440481467,53.884089790735,22.3));
#7483 = CARTESIAN_POINT('',(28.714892639488,54.049169030821,22.3));
#7484 = CARTESIAN_POINT('',(28.665267063458,54.212828527664,22.3));
#7485 = CARTESIAN_POINT('',(28.615528634361,54.37503671072,22.3));
#7486 = ORIENTED_EDGE('',*,*,#7487,.F.);
#7487 = EDGE_CURVE('',#6946,#7478,#7488,.T.);
#7488 = LINE('',#7489,#7490);
#7489 = CARTESIAN_POINT('',(28.813803230543,53.717621145374,21.7));
#7490 = VECTOR('',#7491,1.);
#7491 = DIRECTION('',(0.,0.,1.));
#7492 = SURFACE_OF_LINEAR_EXTRUSION('',#7493,#7497);
#7493 = B_SPLINE_CURVE_WITH_KNOTS('',2,(#7494,#7495,#7496),
  .UNSPECIFIED.,.F.,.F.,(3,3),(0.,1.),.PIECEWISE_BEZIER_KNOTS.);
#7494 = CARTESIAN_POINT('',(28.615528634361,54.37503671072,21.7));
#7495 = CARTESIAN_POINT('',(28.714464023495,54.052386196769,21.7));
#7496 = CARTESIAN_POINT('',(28.813803230543,53.717621145374,21.7));
#7497 = VECTOR('',#7498,1.);
#7498 = DIRECTION('',(0.,0.,-1.));
#7499 = ADVANCED_FACE('',(#7500),#7521,.F.);
#7500 = FACE_BOUND('',#7501,.F.);
#7501 = EDGE_LOOP('',(#7502,#7503,#7504,#7515));
#7502 = ORIENTED_EDGE('',*,*,#6953,.F.);
#7503 = ORIENTED_EDGE('',*,*,#7487,.T.);
#7504 = ORIENTED_EDGE('',*,*,#7505,.F.);
#7505 = EDGE_CURVE('',#7506,#7478,#7508,.T.);
#7506 = VERTEX_POINT('',#7507);
#7507 = CARTESIAN_POINT('',(28.975330396476,53.134508076358,22.3));
#7508 = B_SPLINE_CURVE_WITH_KNOTS('',5,(#7509,#7510,#7511,#7512,#7513,
    #7514),.UNSPECIFIED.,.F.,.F.,(6,6),(0.,1.),
  .PIECEWISE_BEZIER_KNOTS.);
#7509 = CARTESIAN_POINT('',(28.975330396476,53.134508076358,22.3));
#7510 = CARTESIAN_POINT('',(28.949421991981,53.23780522155,22.3));
#7511 = CARTESIAN_POINT('',(28.919996047041,53.348520493055,22.3));
#7512 = CARTESIAN_POINT('',(28.887383226031,53.465859566772,22.3));
#7513 = CARTESIAN_POINT('',(28.8518970286,53.589093290142,22.3));
#7514 = CARTESIAN_POINT('',(28.813803230543,53.717621145374,22.3));
#7515 = ORIENTED_EDGE('',*,*,#7516,.F.);
#7516 = EDGE_CURVE('',#6954,#7506,#7517,.T.);
#7517 = LINE('',#7518,#7519);
#7518 = CARTESIAN_POINT('',(28.975330396476,53.134508076358,21.7));
#7519 = VECTOR('',#7520,1.);
#7520 = DIRECTION('',(0.,0.,1.));
#7521 = SURFACE_OF_LINEAR_EXTRUSION('',#7522,#7526);
#7522 = B_SPLINE_CURVE_WITH_KNOTS('',2,(#7523,#7524,#7525),
  .UNSPECIFIED.,.F.,.F.,(3,3),(0.,1.),.PIECEWISE_BEZIER_KNOTS.);
#7523 = CARTESIAN_POINT('',(28.813803230543,53.717621145374,21.7));
#7524 = CARTESIAN_POINT('',(28.913142437592,53.382452276065,21.7));
#7525 = CARTESIAN_POINT('',(28.975330396476,53.134508076358,21.7));
#7526 = VECTOR('',#7527,1.);
#7527 = DIRECTION('',(0.,0.,-1.));
#7528 = ADVANCED_FACE('',(#7529),#7550,.F.);
#7529 = FACE_BOUND('',#7530,.F.);
#7530 = EDGE_LOOP('',(#7531,#7532,#7533,#7544));
#7531 = ORIENTED_EDGE('',*,*,#6961,.F.);
#7532 = ORIENTED_EDGE('',*,*,#7516,.T.);
#7533 = ORIENTED_EDGE('',*,*,#7534,.F.);
#7534 = EDGE_CURVE('',#7535,#7506,#7537,.T.);
#7535 = VERTEX_POINT('',#7536);
#7536 = CARTESIAN_POINT('',(29.142511013216,53.748715124816,22.3));
#7537 = B_SPLINE_CURVE_WITH_KNOTS('',5,(#7538,#7539,#7540,#7541,#7542,
    #7543),.UNSPECIFIED.,.F.,.F.,(6,6),(0.,1.),
  .PIECEWISE_BEZIER_KNOTS.);
#7538 = CARTESIAN_POINT('',(29.142511013216,53.748715124816,22.3));
#7539 = CARTESIAN_POINT('',(29.102711719153,53.610408765756,22.3));
#7540 = CARTESIAN_POINT('',(29.065662786354,53.478697689621,22.3));
#7541 = CARTESIAN_POINT('',(29.031744488617,53.354566573829,22.3));
#7542 = CARTESIAN_POINT('',(29.001452713711,53.239338813498,22.3));
#7543 = CARTESIAN_POINT('',(28.975330396476,53.134508076358,22.3));
#7544 = ORIENTED_EDGE('',*,*,#7545,.F.);
#7545 = EDGE_CURVE('',#6962,#7535,#7546,.T.);
#7546 = LINE('',#7547,#7548);
#7547 = CARTESIAN_POINT('',(29.142511013216,53.748715124816,21.7));
#7548 = VECTOR('',#7549,1.);
#7549 = DIRECTION('',(0.,0.,1.));
#7550 = SURFACE_OF_LINEAR_EXTRUSION('',#7551,#7555);
#7551 = B_SPLINE_CURVE_WITH_KNOTS('',2,(#7552,#7553,#7554),
  .UNSPECIFIED.,.F.,.F.,(3,3),(0.,1.),.PIECEWISE_BEZIER_KNOTS.);
#7552 = CARTESIAN_POINT('',(28.975330396476,53.134508076358,21.7));
#7553 = CARTESIAN_POINT('',(29.037114537445,53.382452276065,21.7));
#7554 = CARTESIAN_POINT('',(29.142511013216,53.748715124816,21.7));
#7555 = VECTOR('',#7556,1.);
#7556 = DIRECTION('',(0.,0.,-1.));
#7557 = ADVANCED_FACE('',(#7558),#7578,.F.);
#7558 = FACE_BOUND('',#7559,.F.);
#7559 = EDGE_LOOP('',(#7560,#7561,#7562,#7572));
#7560 = ORIENTED_EDGE('',*,*,#6969,.F.);
#7561 = ORIENTED_EDGE('',*,*,#7545,.T.);
#7562 = ORIENTED_EDGE('',*,*,#7563,.F.);
#7563 = EDGE_CURVE('',#7564,#7535,#7566,.T.);
#7564 = VERTEX_POINT('',#7565);
#7565 = CARTESIAN_POINT('',(29.341189427313,54.443281938326,22.3));
#7566 = B_SPLINE_CURVE_WITH_KNOTS('',4,(#7567,#7568,#7569,#7570,#7571),
  .UNSPECIFIED.,.F.,.F.,(5,5),(0.,1.),.PIECEWISE_BEZIER_KNOTS.);
#7567 = CARTESIAN_POINT('',(29.341189427313,54.443281938326,22.3));
#7568 = CARTESIAN_POINT('',(29.293678592884,54.275862807481,22.3));
#7569 = CARTESIAN_POINT('',(29.244659552551,54.104086823891,22.3));
#7570 = CARTESIAN_POINT('',(29.194239429608,53.928278133443,22.3));
#7571 = CARTESIAN_POINT('',(29.142511013216,53.748715124816,22.3));
#7572 = ORIENTED_EDGE('',*,*,#7573,.F.);
#7573 = EDGE_CURVE('',#6970,#7564,#7574,.T.);
#7574 = LINE('',#7575,#7576);
#7575 = CARTESIAN_POINT('',(29.341189427313,54.443281938326,21.7));
#7576 = VECTOR('',#7577,1.);
#7577 = DIRECTION('',(0.,0.,1.));
#7578 = SURFACE_OF_LINEAR_EXTRUSION('',#7579,#7583);
#7579 = B_SPLINE_CURVE_WITH_KNOTS('',2,(#7580,#7581,#7582),
  .UNSPECIFIED.,.F.,.F.,(3,3),(0.,1.),.PIECEWISE_BEZIER_KNOTS.);
#7580 = CARTESIAN_POINT('',(29.142511013216,53.748715124816,21.7));
#7581 = CARTESIAN_POINT('',(29.247907488987,54.114574155653,21.7));
#7582 = CARTESIAN_POINT('',(29.341189427313,54.443281938326,21.7));
#7583 = VECTOR('',#7584,1.);
#7584 = DIRECTION('',(0.,0.,-1.));
#7585 = ADVANCED_FACE('',(#7586),#7608,.F.);
#7586 = FACE_BOUND('',#7587,.F.);
#7587 = EDGE_LOOP('',(#7588,#7589,#7590,#7602));
#7588 = ORIENTED_EDGE('',*,*,#6977,.F.);
#7589 = ORIENTED_EDGE('',*,*,#7573,.T.);
#7590 = ORIENTED_EDGE('',*,*,#7591,.F.);
#7591 = EDGE_CURVE('',#7592,#7564,#7594,.T.);
#7592 = VERTEX_POINT('',#7593);
#7593 = CARTESIAN_POINT('',(29.483737151248,54.908480176211,22.3));
#7594 = B_SPLINE_CURVE_WITH_KNOTS('',6,(#7595,#7596,#7597,#7598,#7599,
    #7600,#7601),.UNSPECIFIED.,.F.,.F.,(7,7),(0.,1.),
  .PIECEWISE_BEZIER_KNOTS.);
#7595 = CARTESIAN_POINT('',(29.483737151248,54.908480176211,22.3));
#7596 = CARTESIAN_POINT('',(29.465978907399,54.859681099619,22.3));
#7597 = CARTESIAN_POINT('',(29.445310731254,54.797249702497,22.3));
#7598 = CARTESIAN_POINT('',(29.422110397487,54.722706419975,22.3));
#7599 = CARTESIAN_POINT('',(29.396800728413,54.637870040738,22.3));
#7600 = CARTESIAN_POINT('',(29.369738049494,54.54431923596,22.3));
#7601 = CARTESIAN_POINT('',(29.341189427313,54.443281938326,22.3));
#7602 = ORIENTED_EDGE('',*,*,#7603,.F.);
#7603 = EDGE_CURVE('',#6978,#7592,#7604,.T.);
#7604 = LINE('',#7605,#7606);
#7605 = CARTESIAN_POINT('',(29.483737151248,54.908480176211,21.7));
#7606 = VECTOR('',#7607,1.);
#7607 = DIRECTION('',(0.,0.,1.));
#7608 = SURFACE_OF_LINEAR_EXTRUSION('',#7609,#7613);
#7609 = B_SPLINE_CURVE_WITH_KNOTS('',2,(#7610,#7611,#7612),
  .UNSPECIFIED.,.F.,.F.,(3,3),(0.,1.),.PIECEWISE_BEZIER_KNOTS.);
#7610 = CARTESIAN_POINT('',(29.341189427313,54.443281938326,21.7));
#7611 = CARTESIAN_POINT('',(29.434067547724,54.771989720999,21.7));
#7612 = CARTESIAN_POINT('',(29.483737151248,54.908480176211,21.7));
#7613 = VECTOR('',#7614,1.);
#7614 = DIRECTION('',(0.,0.,-1.));
#7615 = ADVANCED_FACE('',(#7616),#7634,.F.);
#7616 = FACE_BOUND('',#7617,.F.);
#7617 = EDGE_LOOP('',(#7618,#7619,#7620,#7628));
#7618 = ORIENTED_EDGE('',*,*,#6985,.F.);
#7619 = ORIENTED_EDGE('',*,*,#7603,.T.);
#7620 = ORIENTED_EDGE('',*,*,#7621,.F.);
#7621 = EDGE_CURVE('',#7622,#7592,#7624,.T.);
#7622 = VERTEX_POINT('',#7623);
#7623 = CARTESIAN_POINT('',(30.116519823789,56.967547723935,22.3));
#7624 = LINE('',#7625,#7626);
#7625 = CARTESIAN_POINT('',(19.811545254951,23.435278849332,22.3));
#7626 = VECTOR('',#7627,1.);
#7627 = DIRECTION('',(-0.293756502267,-0.955880284019,0.));
#7628 = ORIENTED_EDGE('',*,*,#7629,.F.);
#7629 = EDGE_CURVE('',#6986,#7622,#7630,.T.);
#7630 = LINE('',#7631,#7632);
#7631 = CARTESIAN_POINT('',(30.116519823789,56.967547723935,21.7));
#7632 = VECTOR('',#7633,1.);
#7633 = DIRECTION('',(0.,0.,1.));
#7634 = PLANE('',#7635);
#7635 = AXIS2_PLACEMENT_3D('',#7636,#7637,#7638);
#7636 = CARTESIAN_POINT('',(29.483737151248,54.908480176211,21.7));
#7637 = DIRECTION('',(-0.955880284019,0.293756502267,0.));
#7638 = DIRECTION('',(0.293756502267,0.955880284019,0.));
#7639 = ADVANCED_FACE('',(#7640),#7658,.F.);
#7640 = FACE_BOUND('',#7641,.F.);
#7641 = EDGE_LOOP('',(#7642,#7643,#7644,#7652));
#7642 = ORIENTED_EDGE('',*,*,#6993,.F.);
#7643 = ORIENTED_EDGE('',*,*,#7629,.T.);
#7644 = ORIENTED_EDGE('',*,*,#7645,.F.);
#7645 = EDGE_CURVE('',#7646,#7622,#7648,.T.);
#7646 = VERTEX_POINT('',#7647);
#7647 = CARTESIAN_POINT('',(27.809104258443,56.967547723935,22.3));
#7648 = LINE('',#7649,#7650);
#7649 = CARTESIAN_POINT('',(13.558259911894,56.967547723935,22.3));
#7650 = VECTOR('',#7651,1.);
#7651 = DIRECTION('',(1.,-1.224646799147E-16,0.));
#7652 = ORIENTED_EDGE('',*,*,#7653,.F.);
#7653 = EDGE_CURVE('',#6994,#7646,#7654,.T.);
#7654 = LINE('',#7655,#7656);
#7655 = CARTESIAN_POINT('',(27.809104258443,56.967547723935,21.7));
#7656 = VECTOR('',#7657,1.);
#7657 = DIRECTION('',(0.,0.,1.));
#7658 = PLANE('',#7659);
#7659 = AXIS2_PLACEMENT_3D('',#7660,#7661,#7662);
#7660 = CARTESIAN_POINT('',(30.116519823789,56.967547723935,21.7));
#7661 = DIRECTION('',(-1.224646799147E-16,-1.,0.));
#7662 = DIRECTION('',(-1.,1.224646799147E-16,0.));
#7663 = ADVANCED_FACE('',(#7664),#7675,.F.);
#7664 = FACE_BOUND('',#7665,.F.);
#7665 = EDGE_LOOP('',(#7666,#7667,#7668,#7674));
#7666 = ORIENTED_EDGE('',*,*,#7001,.F.);
#7667 = ORIENTED_EDGE('',*,*,#7653,.T.);
#7668 = ORIENTED_EDGE('',*,*,#7669,.F.);
#7669 = EDGE_CURVE('',#7441,#7646,#7670,.T.);
#7670 = LINE('',#7671,#7672);
#7671 = CARTESIAN_POINT('',(35.127600409448,33.600602279995,22.3));
#7672 = VECTOR('',#7673,1.);
#7673 = DIRECTION('',(-0.298882345434,0.954289968295,0.));
#7674 = ORIENTED_EDGE('',*,*,#7440,.F.);
#7675 = PLANE('',#7676);
#7676 = AXIS2_PLACEMENT_3D('',#7677,#7678,#7679);
#7677 = CARTESIAN_POINT('',(27.809104258443,56.967547723935,21.7));
#7678 = DIRECTION('',(0.954289968295,0.298882345434,0.));
#7679 = DIRECTION('',(0.298882345434,-0.954289968295,0.));
#7680 = ADVANCED_FACE('',(#7681),#7684,.F.);
#7681 = FACE_BOUND('',#7682,.F.);
#7682 = EDGE_LOOP('',(#7683));
#7683 = ORIENTED_EDGE('',*,*,#7147,.T.);
#7684 = PLANE('',#7685);
#7685 = AXIS2_PLACEMENT_3D('',#7686,#7687,#7688);
#7686 = CARTESIAN_POINT('',(3.5,3.5,15.8));
#7687 = DIRECTION('',(0.,0.,1.));
#7688 = DIRECTION('',(1.,0.,-0.));
#7689 = ADVANCED_FACE('',(#7690),#7693,.F.);
#7690 = FACE_BOUND('',#7691,.F.);
#7691 = EDGE_LOOP('',(#7692));
#7692 = ORIENTED_EDGE('',*,*,#7172,.T.);
#7693 = PLANE('',#7694);
#7694 = AXIS2_PLACEMENT_3D('',#7695,#7696,#7697);
#7695 = CARTESIAN_POINT('',(10.,21.8,20.89));
#7696 = DIRECTION('',(0.,0.,1.));
#7697 = DIRECTION('',(1.,0.,-0.));
#7698 = ADVANCED_FACE('',(#7699),#7702,.F.);
#7699 = FACE_BOUND('',#7700,.F.);
#7700 = EDGE_LOOP('',(#7701));
#7701 = ORIENTED_EDGE('',*,*,#7197,.T.);
#7702 = PLANE('',#7703);
#7703 = AXIS2_PLACEMENT_3D('',#7704,#7705,#7706);
#7704 = CARTESIAN_POINT('',(22.5,21.8,20.89));
#7705 = DIRECTION('',(0.,0.,1.));
#7706 = DIRECTION('',(1.,0.,-0.));
#7707 = ADVANCED_FACE('',(#7708),#7711,.F.);
#7708 = FACE_BOUND('',#7709,.F.);
#7709 = EDGE_LOOP('',(#7710));
#7710 = ORIENTED_EDGE('',*,*,#7222,.T.);
#7711 = PLANE('',#7712);
#7712 = AXIS2_PLACEMENT_3D('',#7713,#7714,#7715);
#7713 = CARTESIAN_POINT('',(23.,27.,21.7));
#7714 = DIRECTION('',(0.,0.,1.));
#7715 = DIRECTION('',(1.,0.,-0.));
#7716 = ADVANCED_FACE('',(#7717),#7720,.F.);
#7717 = FACE_BOUND('',#7718,.F.);
#7718 = EDGE_LOOP('',(#7719));
#7719 = ORIENTED_EDGE('',*,*,#7247,.T.);
#7720 = PLANE('',#7721);
#7721 = AXIS2_PLACEMENT_3D('',#7722,#7723,#7724);
#7722 = CARTESIAN_POINT('',(61.5,3.5,15.8));
#7723 = DIRECTION('',(0.,0.,1.));
#7724 = DIRECTION('',(1.,0.,-0.));
#7725 = ADVANCED_FACE('',(#7726),#7729,.F.);
#7726 = FACE_BOUND('',#7727,.F.);
#7727 = EDGE_LOOP('',(#7728));
#7728 = ORIENTED_EDGE('',*,*,#7272,.T.);
#7729 = PLANE('',#7730);
#7730 = AXIS2_PLACEMENT_3D('',#7731,#7732,#7733);
#7731 = CARTESIAN_POINT('',(43.,27.,21.7));
#7732 = DIRECTION('',(0.,0.,1.));
#7733 = DIRECTION('',(1.,0.,-0.));
#7734 = ADVANCED_FACE('',(#7735),#7738,.F.);
#7735 = FACE_BOUND('',#7736,.F.);
#7736 = EDGE_LOOP('',(#7737));
#7737 = ORIENTED_EDGE('',*,*,#7297,.T.);
#7738 = PLANE('',#7739);
#7739 = AXIS2_PLACEMENT_3D('',#7740,#7741,#7742);
#7740 = CARTESIAN_POINT('',(3.5,52.5,15.8));
#7741 = DIRECTION('',(0.,0.,1.));
#7742 = DIRECTION('',(1.,0.,-0.));
#7743 = ADVANCED_FACE('',(#7744),#7747,.F.);
#7744 = FACE_BOUND('',#7745,.F.);
#7745 = EDGE_LOOP('',(#7746));
#7746 = ORIENTED_EDGE('',*,*,#7322,.T.);
#7747 = PLANE('',#7748);
#7748 = AXIS2_PLACEMENT_3D('',#7749,#7750,#7751);
#7749 = CARTESIAN_POINT('',(23.,47.,21.7));
#7750 = DIRECTION('',(0.,0.,1.));
#7751 = DIRECTION('',(1.,0.,-0.));
#7752 = ADVANCED_FACE('',(#7753),#7756,.F.);
#7753 = FACE_BOUND('',#7754,.F.);
#7754 = EDGE_LOOP('',(#7755));
#7755 = ORIENTED_EDGE('',*,*,#7347,.T.);
#7756 = PLANE('',#7757);
#7757 = AXIS2_PLACEMENT_3D('',#7758,#7759,#7760);
#7758 = CARTESIAN_POINT('',(10.,0.8,20.89));
#7759 = DIRECTION('',(0.,0.,1.));
#7760 = DIRECTION('',(1.,0.,-0.));
#7761 = ADVANCED_FACE('',(#7762),#7765,.F.);
#7762 = FACE_BOUND('',#7763,.F.);
#7763 = EDGE_LOOP('',(#7764));
#7764 = ORIENTED_EDGE('',*,*,#7372,.T.);
#7765 = PLANE('',#7766);
#7766 = AXIS2_PLACEMENT_3D('',#7767,#7768,#7769);
#7767 = CARTESIAN_POINT('',(22.5,0.8,20.89));
#7768 = DIRECTION('',(0.,0.,1.));
#7769 = DIRECTION('',(1.,0.,-0.));
#7770 = ADVANCED_FACE('',(#7771),#7774,.F.);
#7771 = FACE_BOUND('',#7772,.F.);
#7772 = EDGE_LOOP('',(#7773));
#7773 = ORIENTED_EDGE('',*,*,#7397,.T.);
#7774 = PLANE('',#7775);
#7775 = AXIS2_PLACEMENT_3D('',#7776,#7777,#7778);
#7776 = CARTESIAN_POINT('',(43.,47.,21.7));
#7777 = DIRECTION('',(0.,0.,1.));
#7778 = DIRECTION('',(1.,0.,-0.));
#7779 = ADVANCED_FACE('',(#7780),#7783,.F.);
#7780 = FACE_BOUND('',#7781,.F.);
#7781 = EDGE_LOOP('',(#7782));
#7782 = ORIENTED_EDGE('',*,*,#7422,.T.);
#7783 = PLANE('',#7784);
#7784 = AXIS2_PLACEMENT_3D('',#7785,#7786,#7787);
#7785 = CARTESIAN_POINT('',(61.5,52.5,15.8));
#7786 = DIRECTION('',(0.,0.,1.));
#7787 = DIRECTION('',(1.,0.,-0.));
#7788 = ADVANCED_FACE('',(#7789),#7800,.T.);
#7789 = FACE_BOUND('',#7790,.T.);
#7790 = EDGE_LOOP('',(#7791,#7792,#7793,#7794,#7795,#7796,#7797,#7798,
    #7799));
#7791 = ORIENTED_EDGE('',*,*,#7448,.F.);
#7792 = ORIENTED_EDGE('',*,*,#7477,.F.);
#7793 = ORIENTED_EDGE('',*,*,#7505,.F.);
#7794 = ORIENTED_EDGE('',*,*,#7534,.F.);
#7795 = ORIENTED_EDGE('',*,*,#7563,.F.);
#7796 = ORIENTED_EDGE('',*,*,#7591,.F.);
#7797 = ORIENTED_EDGE('',*,*,#7621,.F.);
#7798 = ORIENTED_EDGE('',*,*,#7645,.F.);
#7799 = ORIENTED_EDGE('',*,*,#7669,.F.);
#7800 = PLANE('',#7801);
#7801 = AXIS2_PLACEMENT_3D('',#7802,#7803,#7804);
#7802 = CARTESIAN_POINT('',(-3.,-4.,22.3));
#7803 = DIRECTION('',(0.,0.,1.));
#7804 = DIRECTION('',(1.,0.,-0.));
#7805 = ADVANCED_FACE('',(#7806),#7814,.F.);
#7806 = FACE_BOUND('',#7807,.T.);
#7807 = EDGE_LOOP('',(#7808,#7809,#7810,#7811,#7812,#7813));
#7808 = ORIENTED_EDGE('',*,*,#2786,.F.);
#7809 = ORIENTED_EDGE('',*,*,#408,.F.);
#7810 = ORIENTED_EDGE('',*,*,#363,.F.);
#7811 = ORIENTED_EDGE('',*,*,#2808,.T.);
#7812 = ORIENTED_EDGE('',*,*,#1077,.T.);
#7813 = ORIENTED_EDGE('',*,*,#1122,.T.);
#7814 = CYLINDRICAL_SURFACE('',#7815,11.);
#7815 = AXIS2_PLACEMENT_3D('',#7816,#7817,#7818);
#7816 = CARTESIAN_POINT('',(33.,37.,20.2));
#7817 = DIRECTION('',(0.,0.,1.));
#7818 = DIRECTION('',(1.,0.,-0.));
#7819 = ADVANCED_FACE('',(#7820),#7828,.F.);
#7820 = FACE_BOUND('',#7821,.F.);
#7821 = EDGE_LOOP('',(#7822,#7823,#7824,#7825,#7826,#7827));
#7822 = ORIENTED_EDGE('',*,*,#2815,.T.);
#7823 = ORIENTED_EDGE('',*,*,#1096,.F.);
#7824 = ORIENTED_EDGE('',*,*,#1105,.F.);
#7825 = ORIENTED_EDGE('',*,*,#2793,.F.);
#7826 = ORIENTED_EDGE('',*,*,#391,.T.);
#7827 = ORIENTED_EDGE('',*,*,#382,.T.);
#7828 = CYLINDRICAL_SURFACE('',#7829,11.);
#7829 = AXIS2_PLACEMENT_3D('',#7830,#7831,#7832);
#7830 = CARTESIAN_POINT('',(33.,37.,20.2));
#7831 = DIRECTION('',(0.,0.,1.));
#7832 = DIRECTION('',(1.,0.,-0.));
#7833 = ( GEOMETRIC_REPRESENTATION_CONTEXT(3) 
GLOBAL_UNCERTAINTY_ASSIGNED_CONTEXT((#7837)) 
GLOBAL_UNIT_ASSIGNED_CONTEXT((#7834,#7835,#7836)) REPRESENTATION_CONTEXT
('Context #1','3D Context with UNIT and UNCERTAINTY') );
#7834 = ( LENGTH_UNIT() NAMED_UNIT(*) SI_UNIT(.MILLI.,.METRE.) );
#7835 = ( NAMED_UNIT(*) PLANE_ANGLE_UNIT() SI_UNIT($,.RADIAN.) );
#7836 = ( NAMED_UNIT(*) SI_UNIT($,.STERADIAN.) SOLID_ANGLE_UNIT() );
#7837 = UNCERTAINTY_MEASURE_WITH_UNIT(LENGTH_MEASURE(5.E-07),#7834,
  'distance_accuracy_value','confusion accuracy');
#7838 = PRODUCT_RELATED_PRODUCT_CATEGORY('part',$,(#7));
ENDSEC;
END-ISO-10303-21;
